{"owner":{"displayName":"Data Lake Administrator","email":null,"enabled":true,"groups":["admin","user"],"systemName":"dladmin"},"allowedActions":{},"roleMemberships":[],"feedRoleMemberships":[],"properties":[{"processGroupName":"NiFi Flow","processorName":"Trigger Cleanup","processorId":"e958f2dc-6057-31eb-cd39-92e65a3b5e70","processGroupId":"d243b9ba-0167-1000-5217-47ba0f2be8b6","processorType":"com.thinkbiganalytics.nifi.v2.metadata.TriggerCleanup","key":"System feed category","value":"${metadata.category.systemName}","expressionProperties":null,"propertyDescriptor":{"name":"System feed category","displayName":"System feed category","description":"The category name of this feed. The default is to have this name automatically set when the feed is created. Normally you do not need to change the default value.","defaultValue":"${metadata.category.systemName}","required":true,"sensitive":false,"dynamic":false,"supportsEl":false,"hidden":false},"registrationChangeInfo":{"key":"System feed category","valueFromOlderNiFiTemplate":"${metadata.category.systemName}","valueFromNewerNiFiTemplate":"${metadata.category.systemName}","valueRegisteredInKyloTemplateFromOlderNiFiTemplate":"${metadata.category.systemName}"},"templateValue":"${metadata.category.systemName}","userEditable":false,"renderType":"text","renderOptions":{},"selected":true,"inputProperty":true,"containsConfigurationVariables":false,"sensitive":false,"required":true,"templateProperty":null,"hidden":false,"nameKey":"NiFi Flow-Trigger Cleanup-System feed category","remoteProcessGroupProperty":false,"idKey":"d243b9ba-0167-1000-5217-47ba0f2be8b6-e958f2dc-6057-31eb-cd39-92e65a3b5e70-System feed category","processorNameTypeKey":"Trigger Cleanup-com.thinkbiganalytics.nifi.v2.metadata.TriggerCleanup-System feed category"},{"processGroupName":"NiFi Flow","processorName":"Trigger Cleanup","processorId":"e958f2dc-6057-31eb-cd39-92e65a3b5e70","processGroupId":"d243b9ba-0167-1000-5217-47ba0f2be8b6","processorType":"com.thinkbiganalytics.nifi.v2.metadata.TriggerCleanup","key":"System feed name","value":"${metadata.systemFeedName}","expressionProperties":null,"propertyDescriptor":{"name":"System feed name","displayName":"System feed name","description":"The system name of this feed. The default is to have this name automatically set when the feed is created. Normally you do not need to change the default value.","defaultValue":"${metadata.systemFeedName}","required":true,"sensitive":false,"dynamic":false,"supportsEl":false,"hidden":false},"registrationChangeInfo":{"key":"System feed name","valueFromOlderNiFiTemplate":"${metadata.systemFeedName}","valueFromNewerNiFiTemplate":"${metadata.systemFeedName}","valueRegisteredInKyloTemplateFromOlderNiFiTemplate":"${metadata.systemFeedName}"},"templateValue":"${metadata.systemFeedName}","userEditable":false,"renderType":"text","renderOptions":{},"selected":true,"inputProperty":true,"containsConfigurationVariables":false,"sensitive":false,"required":true,"templateProperty":null,"hidden":false,"nameKey":"NiFi Flow-Trigger Cleanup-System feed name","remoteProcessGroupProperty":false,"idKey":"d243b9ba-0167-1000-5217-47ba0f2be8b6-e958f2dc-6057-31eb-cd39-92e65a3b5e70-System feed name","processorNameTypeKey":"Trigger Cleanup-com.thinkbiganalytics.nifi.v2.metadata.TriggerCleanup-System feed name"},{"processGroupName":"NiFi Flow","processorName":"Initialize Cleanup Parameters","processorId":"67122ba7-4a2a-3b29-7470-0ae5b5fde3e6","processGroupId":"d243b9ba-0167-1000-5217-47ba0f2be8b6","processorType":"false","key":"category","value":"${metadata.category.systemName}","expressionProperties":null,"propertyDescriptor":{"name":"category","displayName":"category","required":false,"sensitive":false,"dynamic":true,"supportsEl":true,"hidden":false},"registrationChangeInfo":null,"templateValue":"${metadata.category.systemName}","userEditable":false,"renderType":"text","renderOptions":{},"selected":true,"inputProperty":false,"containsConfigurationVariables":false,"sensitive":false,"required":false,"templateProperty":null,"hidden":false,"nameKey":"NiFi Flow-Initialize Cleanup Parameters-category","remoteProcessGroupProperty":false,"idKey":"d243b9ba-0167-1000-5217-47ba0f2be8b6-67122ba7-4a2a-3b29-7470-0ae5b5fde3e6-category","processorNameTypeKey":"Initialize Cleanup Parameters-false-category"},{"processGroupName":"NiFi Flow","processorName":"Initialize Cleanup Parameters","processorId":"67122ba7-4a2a-3b29-7470-0ae5b5fde3e6","processGroupId":"d243b9ba-0167-1000-5217-47ba0f2be8b6","processorType":"false","key":"feed","value":"${metadata.systemFeedName}","expressionProperties":null,"propertyDescriptor":{"name":"feed","displayName":"feed","required":false,"sensitive":false,"dynamic":true,"supportsEl":true,"hidden":false},"registrationChangeInfo":null,"templateValue":"${metadata.systemFeedName}","userEditable":false,"renderType":"text","renderOptions":{},"selected":true,"inputProperty":false,"containsConfigurationVariables":false,"sensitive":false,"required":false,"templateProperty":null,"hidden":false,"nameKey":"NiFi Flow-Initialize Cleanup Parameters-feed","remoteProcessGroupProperty":false,"idKey":"d243b9ba-0167-1000-5217-47ba0f2be8b6-67122ba7-4a2a-3b29-7470-0ae5b5fde3e6-feed","processorNameTypeKey":"Initialize Cleanup Parameters-false-feed"},{"processGroupName":"NiFi Flow","processorName":"Initialize Cleanup Parameters","processorId":"67122ba7-4a2a-3b29-7470-0ae5b5fde3e6","processGroupId":"d243b9ba-0167-1000-5217-47ba0f2be8b6","processorType":"false","key":"hdfs.ingest.root","value":"${config.hdfs.ingest.root}","expressionProperties":null,"propertyDescriptor":{"name":"hdfs.ingest.root","displayName":"hdfs.ingest.root","required":false,"sensitive":false,"dynamic":true,"supportsEl":true,"hidden":false},"registrationChangeInfo":null,"templateValue":"${config.hdfs.ingest.root}","userEditable":false,"renderType":"text","renderOptions":{},"selected":true,"inputProperty":false,"containsConfigurationVariables":false,"sensitive":false,"required":false,"templateProperty":null,"hidden":false,"nameKey":"NiFi Flow-Initialize Cleanup Parameters-hdfs.ingest.root","remoteProcessGroupProperty":false,"idKey":"d243b9ba-0167-1000-5217-47ba0f2be8b6-67122ba7-4a2a-3b29-7470-0ae5b5fde3e6-hdfs.ingest.root","processorNameTypeKey":"Initialize Cleanup Parameters-false-hdfs.ingest.root"},{"processGroupName":"NiFi Flow","processorName":"Initialize Cleanup Parameters","processorId":"67122ba7-4a2a-3b29-7470-0ae5b5fde3e6","processGroupId":"d243b9ba-0167-1000-5217-47ba0f2be8b6","processorType":"false","key":"hive.ingest.root","value":"${config.hive.ingest.root}","expressionProperties":null,"propertyDescriptor":{"name":"hive.ingest.root","displayName":"hive.ingest.root","required":false,"sensitive":false,"dynamic":true,"supportsEl":true,"hidden":false},"registrationChangeInfo":null,"templateValue":"${config.hive.ingest.root}","userEditable":false,"renderType":"text","renderOptions":{},"selected":true,"inputProperty":false,"containsConfigurationVariables":false,"sensitive":false,"required":false,"templateProperty":null,"hidden":false,"nameKey":"NiFi Flow-Initialize Cleanup Parameters-hive.ingest.root","remoteProcessGroupProperty":false,"idKey":"d243b9ba-0167-1000-5217-47ba0f2be8b6-67122ba7-4a2a-3b29-7470-0ae5b5fde3e6-hive.ingest.root","processorNameTypeKey":"Initialize Cleanup Parameters-false-hive.ingest.root"},{"processGroupName":"NiFi Flow","processorName":"Initialize Cleanup Parameters","processorId":"67122ba7-4a2a-3b29-7470-0ae5b5fde3e6","processGroupId":"d243b9ba-0167-1000-5217-47ba0f2be8b6","processorType":"false","key":"hive.master.root","value":"${config.hive.master.root}","expressionProperties":null,"propertyDescriptor":{"name":"hive.master.root","displayName":"hive.master.root","required":false,"sensitive":false,"dynamic":true,"supportsEl":true,"hidden":false},"registrationChangeInfo":null,"templateValue":"${config.hive.master.root}","userEditable":false,"renderType":"text","renderOptions":{},"selected":true,"inputProperty":false,"containsConfigurationVariables":false,"sensitive":false,"required":false,"templateProperty":null,"hidden":false,"nameKey":"NiFi Flow-Initialize Cleanup Parameters-hive.master.root","remoteProcessGroupProperty":false,"idKey":"d243b9ba-0167-1000-5217-47ba0f2be8b6-67122ba7-4a2a-3b29-7470-0ae5b5fde3e6-hive.master.root","processorNameTypeKey":"Initialize Cleanup Parameters-false-hive.master.root"},{"processGroupName":"NiFi Flow","processorName":"Initialize Cleanup Parameters","processorId":"67122ba7-4a2a-3b29-7470-0ae5b5fde3e6","processGroupId":"d243b9ba-0167-1000-5217-47ba0f2be8b6","processorType":"false","key":"hive.profile.root","value":"${config.hive.profile.root}","expressionProperties":null,"propertyDescriptor":{"name":"hive.profile.root","displayName":"hive.profile.root","required":false,"sensitive":false,"dynamic":true,"supportsEl":true,"hidden":false},"registrationChangeInfo":null,"templateValue":"${config.hive.profile.root}","userEditable":false,"renderType":"text","renderOptions":{},"selected":true,"inputProperty":false,"containsConfigurationVariables":false,"sensitive":false,"required":false,"templateProperty":null,"hidden":false,"nameKey":"NiFi Flow-Initialize Cleanup Parameters-hive.profile.root","remoteProcessGroupProperty":false,"idKey":"d243b9ba-0167-1000-5217-47ba0f2be8b6-67122ba7-4a2a-3b29-7470-0ae5b5fde3e6-hive.profile.root","processorNameTypeKey":"Initialize Cleanup Parameters-false-hive.profile.root"},{"processGroupName":"NiFi Flow","processorName":"Initialize Cleanup Parameters","processorId":"67122ba7-4a2a-3b29-7470-0ae5b5fde3e6","processGroupId":"d243b9ba-0167-1000-5217-47ba0f2be8b6","processorType":"false","key":"s3ingest.apache-commons.jar_url","value":"${config.s3ingest.apache-commons.jar_url}","expressionProperties":null,"propertyDescriptor":{"name":"s3ingest.apache-commons.jar_url","displayName":"s3ingest.apache-commons.jar_url","required":false,"sensitive":false,"dynamic":true,"supportsEl":true,"hidden":false},"registrationChangeInfo":null,"templateValue":"${config.s3ingest.apache-commons.jar_url}","userEditable":false,"renderType":"text","renderOptions":{},"selected":true,"inputProperty":false,"containsConfigurationVariables":false,"sensitive":false,"required":false,"templateProperty":null,"hidden":false,"nameKey":"NiFi Flow-Initialize Cleanup Parameters-s3ingest.apache-commons.jar_url","remoteProcessGroupProperty":false,"idKey":"d243b9ba-0167-1000-5217-47ba0f2be8b6-67122ba7-4a2a-3b29-7470-0ae5b5fde3e6-s3ingest.apache-commons.jar_url","processorNameTypeKey":"Initialize Cleanup Parameters-false-s3ingest.apache-commons.jar_url"},{"processGroupName":"NiFi Flow","processorName":"Initialize Cleanup Parameters","processorId":"67122ba7-4a2a-3b29-7470-0ae5b5fde3e6","processGroupId":"d243b9ba-0167-1000-5217-47ba0f2be8b6","processorType":"false","key":"s3ingest.es.jar_url","value":"${config.s3ingest.es.jar_url}","expressionProperties":null,"propertyDescriptor":{"name":"s3ingest.es.jar_url","displayName":"s3ingest.es.jar_url","required":false,"sensitive":false,"dynamic":true,"supportsEl":true,"hidden":false},"registrationChangeInfo":null,"templateValue":"${config.s3ingest.es.jar_url}","userEditable":false,"renderType":"text","renderOptions":{},"selected":true,"inputProperty":false,"containsConfigurationVariables":false,"sensitive":false,"required":false,"templateProperty":null,"hidden":false,"nameKey":"NiFi Flow-Initialize Cleanup Parameters-s3ingest.es.jar_url","remoteProcessGroupProperty":false,"idKey":"d243b9ba-0167-1000-5217-47ba0f2be8b6-67122ba7-4a2a-3b29-7470-0ae5b5fde3e6-s3ingest.es.jar_url","processorNameTypeKey":"Initialize Cleanup Parameters-false-s3ingest.es.jar_url"},{"processGroupName":"NiFi Flow","processorName":"Initialize Cleanup Parameters","processorId":"67122ba7-4a2a-3b29-7470-0ae5b5fde3e6","processGroupId":"d243b9ba-0167-1000-5217-47ba0f2be8b6","processorType":"false","key":"s3ingest.hiveBucket","value":"${config.s3ingest.hiveBucket}","expressionProperties":null,"propertyDescriptor":{"name":"s3ingest.hiveBucket","displayName":"s3ingest.hiveBucket","required":false,"sensitive":false,"dynamic":true,"supportsEl":true,"hidden":false},"registrationChangeInfo":null,"templateValue":"${config.s3ingest.hiveBucket}","userEditable":false,"renderType":"text","renderOptions":{},"selected":true,"inputProperty":false,"containsConfigurationVariables":false,"sensitive":false,"required":false,"templateProperty":null,"hidden":false,"nameKey":"NiFi Flow-Initialize Cleanup Parameters-s3ingest.hiveBucket","remoteProcessGroupProperty":false,"idKey":"d243b9ba-0167-1000-5217-47ba0f2be8b6-67122ba7-4a2a-3b29-7470-0ae5b5fde3e6-s3ingest.hiveBucket","processorNameTypeKey":"Initialize Cleanup Parameters-false-s3ingest.hiveBucket"},{"processGroupName":"NiFi Flow","processorName":"RouteOnAttribute","processorId":"cefed38f-abe7-390c-717d-9a6b1f3ecdc0","processGroupId":"d243b9ba-0167-1000-5217-47ba0f2be8b6","processorType":"false","key":"IndexColumns","value":"${metadata.table.fieldindexString:isEmpty():not()}","expressionProperties":null,"propertyDescriptor":{"name":"IndexColumns","displayName":"IndexColumns","required":false,"sensitive":false,"dynamic":true,"supportsEl":true,"hidden":false},"registrationChangeInfo":null,"templateValue":"${metadata.table.fieldindexString:isEmpty():not()}","userEditable":false,"renderType":"text","renderOptions":{},"selected":true,"inputProperty":false,"containsConfigurationVariables":false,"sensitive":false,"required":false,"templateProperty":null,"hidden":false,"nameKey":"NiFi Flow-RouteOnAttribute-IndexColumns","remoteProcessGroupProperty":false,"idKey":"d243b9ba-0167-1000-5217-47ba0f2be8b6-cefed38f-abe7-390c-717d-9a6b1f3ecdc0-IndexColumns","processorNameTypeKey":"RouteOnAttribute-false-IndexColumns"},{"processGroupName":"NiFi Flow","processorName":"Update flow parameters","processorId":"dfb7d319-6471-397b-eef8-a3d04fc7d972","processGroupId":"d243b9ba-0167-1000-5217-47ba0f2be8b6","processorType":"false","key":"category","value":"${metadata.category.systemName}","expressionProperties":null,"propertyDescriptor":{"name":"category","displayName":"category","required":false,"sensitive":false,"dynamic":true,"supportsEl":true,"hidden":false},"registrationChangeInfo":{"key":"category","valueFromOlderNiFiTemplate":"${metadata.category.systemName}","valueFromNewerNiFiTemplate":"${metadata.category.systemName}","valueRegisteredInKyloTemplateFromOlderNiFiTemplate":"${metadata.category.systemName}"},"templateValue":"${metadata.category.systemName}","userEditable":false,"renderType":"text","renderOptions":{},"selected":true,"inputProperty":false,"containsConfigurationVariables":false,"sensitive":false,"required":false,"templateProperty":null,"hidden":false,"nameKey":"NiFi Flow-Update flow parameters-category","remoteProcessGroupProperty":false,"idKey":"d243b9ba-0167-1000-5217-47ba0f2be8b6-dfb7d319-6471-397b-eef8-a3d04fc7d972-category","processorNameTypeKey":"Update flow parameters-false-category"},{"processGroupName":"NiFi Flow","processorName":"Update flow parameters","processorId":"dfb7d319-6471-397b-eef8-a3d04fc7d972","processGroupId":"d243b9ba-0167-1000-5217-47ba0f2be8b6","processorType":"false","key":"feed","value":"${metadata.systemFeedName}","expressionProperties":null,"propertyDescriptor":{"name":"feed","displayName":"feed","required":false,"sensitive":false,"dynamic":true,"supportsEl":true,"hidden":false},"registrationChangeInfo":{"key":"feed","valueFromOlderNiFiTemplate":"${metadata.systemFeedName}","valueFromNewerNiFiTemplate":"${metadata.systemFeedName}","valueRegisteredInKyloTemplateFromOlderNiFiTemplate":"${metadata.systemFeedName}"},"templateValue":"${metadata.systemFeedName}","userEditable":false,"renderType":"text","renderOptions":{},"selected":true,"inputProperty":false,"containsConfigurationVariables":false,"sensitive":false,"required":false,"templateProperty":null,"hidden":false,"nameKey":"NiFi Flow-Update flow parameters-feed","remoteProcessGroupProperty":false,"idKey":"d243b9ba-0167-1000-5217-47ba0f2be8b6-dfb7d319-6471-397b-eef8-a3d04fc7d972-feed","processorNameTypeKey":"Update flow parameters-false-feed"},{"processGroupName":"NiFi Flow","processorName":"Update flow parameters","processorId":"dfb7d319-6471-397b-eef8-a3d04fc7d972","processGroupId":"d243b9ba-0167-1000-5217-47ba0f2be8b6","processorType":"false","key":"hdfs.ingest.root","value":"${config.hdfs.ingest.root}","expressionProperties":null,"propertyDescriptor":{"name":"hdfs.ingest.root","displayName":"hdfs.ingest.root","required":false,"sensitive":false,"dynamic":true,"supportsEl":true,"hidden":false},"registrationChangeInfo":{"key":"hdfs.ingest.root","valueFromOlderNiFiTemplate":"${config.hdfs.ingest.root}","valueFromNewerNiFiTemplate":"${config.hdfs.ingest.root}","valueRegisteredInKyloTemplateFromOlderNiFiTemplate":"${config.hdfs.ingest.root}"},"templateValue":"${config.hdfs.ingest.root}","userEditable":false,"renderType":"text","renderOptions":{},"selected":true,"inputProperty":false,"containsConfigurationVariables":false,"sensitive":false,"required":false,"templateProperty":null,"hidden":false,"nameKey":"NiFi Flow-Update flow parameters-hdfs.ingest.root","remoteProcessGroupProperty":false,"idKey":"d243b9ba-0167-1000-5217-47ba0f2be8b6-dfb7d319-6471-397b-eef8-a3d04fc7d972-hdfs.ingest.root","processorNameTypeKey":"Update flow parameters-false-hdfs.ingest.root"},{"processGroupName":"NiFi Flow","processorName":"Update flow parameters","processorId":"dfb7d319-6471-397b-eef8-a3d04fc7d972","processGroupId":"d243b9ba-0167-1000-5217-47ba0f2be8b6","processorType":"false","key":"hive.ingest.root","value":"${config.hive.ingest.root}","expressionProperties":null,"propertyDescriptor":{"name":"hive.ingest.root","displayName":"hive.ingest.root","required":false,"sensitive":false,"dynamic":true,"supportsEl":true,"hidden":false},"registrationChangeInfo":{"key":"hive.ingest.root","valueFromOlderNiFiTemplate":"${config.hive.ingest.root}","valueFromNewerNiFiTemplate":"${config.hive.ingest.root}","valueRegisteredInKyloTemplateFromOlderNiFiTemplate":"${config.hive.ingest.root}"},"templateValue":"${config.hive.ingest.root}","userEditable":false,"renderType":"text","renderOptions":{},"selected":true,"inputProperty":false,"containsConfigurationVariables":false,"sensitive":false,"required":false,"templateProperty":null,"hidden":false,"nameKey":"NiFi Flow-Update flow parameters-hive.ingest.root","remoteProcessGroupProperty":false,"idKey":"d243b9ba-0167-1000-5217-47ba0f2be8b6-dfb7d319-6471-397b-eef8-a3d04fc7d972-hive.ingest.root","processorNameTypeKey":"Update flow parameters-false-hive.ingest.root"},{"processGroupName":"NiFi Flow","processorName":"Update flow parameters","processorId":"dfb7d319-6471-397b-eef8-a3d04fc7d972","processGroupId":"d243b9ba-0167-1000-5217-47ba0f2be8b6","processorType":"false","key":"hive.master.root","value":"${config.hive.master.root}","expressionProperties":null,"propertyDescriptor":{"name":"hive.master.root","displayName":"hive.master.root","required":false,"sensitive":false,"dynamic":true,"supportsEl":true,"hidden":false},"registrationChangeInfo":{"key":"hive.master.root","valueFromOlderNiFiTemplate":"${config.hive.master.root}","valueFromNewerNiFiTemplate":"${config.hive.master.root}","valueRegisteredInKyloTemplateFromOlderNiFiTemplate":"${config.hive.master.root}"},"templateValue":"${config.hive.master.root}","userEditable":false,"renderType":"text","renderOptions":{},"selected":true,"inputProperty":false,"containsConfigurationVariables":false,"sensitive":false,"required":false,"templateProperty":null,"hidden":false,"nameKey":"NiFi Flow-Update flow parameters-hive.master.root","remoteProcessGroupProperty":false,"idKey":"d243b9ba-0167-1000-5217-47ba0f2be8b6-dfb7d319-6471-397b-eef8-a3d04fc7d972-hive.master.root","processorNameTypeKey":"Update flow parameters-false-hive.master.root"},{"processGroupName":"NiFi Flow","processorName":"Update flow parameters","processorId":"dfb7d319-6471-397b-eef8-a3d04fc7d972","processGroupId":"d243b9ba-0167-1000-5217-47ba0f2be8b6","processorType":"false","key":"hive.profile.root","value":"${config.hive.profile.root}","expressionProperties":null,"propertyDescriptor":{"name":"hive.profile.root","displayName":"hive.profile.root","required":false,"sensitive":false,"dynamic":true,"supportsEl":true,"hidden":false},"registrationChangeInfo":{"key":"hive.profile.root","valueFromOlderNiFiTemplate":"${config.hive.profile.root}","valueFromNewerNiFiTemplate":"${config.hive.profile.root}","valueRegisteredInKyloTemplateFromOlderNiFiTemplate":"${config.hive.profile.root}"},"templateValue":"${config.hive.profile.root}","userEditable":false,"renderType":"text","renderOptions":{},"selected":true,"inputProperty":false,"containsConfigurationVariables":false,"sensitive":false,"required":false,"templateProperty":null,"hidden":false,"nameKey":"NiFi Flow-Update flow parameters-hive.profile.root","remoteProcessGroupProperty":false,"idKey":"d243b9ba-0167-1000-5217-47ba0f2be8b6-dfb7d319-6471-397b-eef8-a3d04fc7d972-hive.profile.root","processorNameTypeKey":"Update flow parameters-false-hive.profile.root"},{"processGroupName":"NiFi Flow","processorName":"Update flow parameters","processorId":"dfb7d319-6471-397b-eef8-a3d04fc7d972","processGroupId":"d243b9ba-0167-1000-5217-47ba0f2be8b6","processorType":"false","key":"metadata.dataTransformation.catalogDataSourceIdsString","value":"${metadata.dataTransformation.catalogDataSourceIdsString}","expressionProperties":null,"propertyDescriptor":{"name":"metadata.dataTransformation.catalogDataSourceIdsString","displayName":"metadata.dataTransformation.catalogDataSourceIdsString","required":false,"sensitive":false,"dynamic":true,"supportsEl":true,"hidden":false},"registrationChangeInfo":{"key":"metadata.dataTransformation.catalogDataSourceIdsString","valueFromOlderNiFiTemplate":"${metadata.dataTransformation.catalogDataSourceIdsString}","valueFromNewerNiFiTemplate":"${metadata.dataTransformation.catalogDataSourceIdsString}","valueRegisteredInKyloTemplateFromOlderNiFiTemplate":"${metadata.dataTransformation.catalogDataSourceIdsString}"},"templateValue":"${metadata.dataTransformation.catalogDataSourceIdsString}","userEditable":false,"renderType":"text","renderOptions":{},"selected":true,"inputProperty":false,"containsConfigurationVariables":false,"sensitive":false,"required":false,"templateProperty":null,"hidden":false,"nameKey":"NiFi Flow-Update flow parameters-metadata.dataTransformation.catalogDataSourceIdsString","remoteProcessGroupProperty":false,"idKey":"d243b9ba-0167-1000-5217-47ba0f2be8b6-dfb7d319-6471-397b-eef8-a3d04fc7d972-metadata.dataTransformation.catalogDataSourceIdsString","processorNameTypeKey":"Update flow parameters-false-metadata.dataTransformation.catalogDataSourceIdsString"},{"processGroupName":"NiFi Flow","processorName":"Update flow parameters","processorId":"dfb7d319-6471-397b-eef8-a3d04fc7d972","processGroupId":"d243b9ba-0167-1000-5217-47ba0f2be8b6","processorType":"false","key":"metadata.dataTransformation.dataTransformScript","value":"${metadata.dataTransformation.dataTransformScript}","expressionProperties":null,"propertyDescriptor":{"name":"metadata.dataTransformation.dataTransformScript","displayName":"metadata.dataTransformation.dataTransformScript","required":false,"sensitive":false,"dynamic":true,"supportsEl":true,"hidden":false},"registrationChangeInfo":{"key":"metadata.dataTransformation.dataTransformScript","valueFromOlderNiFiTemplate":"${metadata.dataTransformation.dataTransformScript}","valueFromNewerNiFiTemplate":"${metadata.dataTransformation.dataTransformScript}","valueRegisteredInKyloTemplateFromOlderNiFiTemplate":"${metadata.dataTransformation.dataTransformScript}"},"templateValue":"${metadata.dataTransformation.dataTransformScript}","userEditable":false,"renderType":"text","renderOptions":{},"selected":true,"inputProperty":false,"containsConfigurationVariables":false,"sensitive":false,"required":false,"templateProperty":null,"hidden":false,"nameKey":"NiFi Flow-Update flow parameters-metadata.dataTransformation.dataTransformScript","remoteProcessGroupProperty":false,"idKey":"d243b9ba-0167-1000-5217-47ba0f2be8b6-dfb7d319-6471-397b-eef8-a3d04fc7d972-metadata.dataTransformation.dataTransformScript","processorNameTypeKey":"Update flow parameters-false-metadata.dataTransformation.dataTransformScript"},{"processGroupName":"NiFi Flow","processorName":"Update flow parameters","processorId":"dfb7d319-6471-397b-eef8-a3d04fc7d972","processGroupId":"d243b9ba-0167-1000-5217-47ba0f2be8b6","processorType":"false","key":"metadata.dataTransformation.datasourceIds","value":"${metadata.dataTransformation.datasourceIds}","expressionProperties":null,"propertyDescriptor":{"name":"metadata.dataTransformation.datasourceIds","displayName":"metadata.dataTransformation.datasourceIds","required":false,"sensitive":false,"dynamic":true,"supportsEl":true,"hidden":false},"registrationChangeInfo":{"key":"metadata.dataTransformation.datasourceIds","valueFromOlderNiFiTemplate":"${metadata.dataTransformation.datasourceIds}","valueFromNewerNiFiTemplate":"${metadata.dataTransformation.datasourceIds}","valueRegisteredInKyloTemplateFromOlderNiFiTemplate":"${metadata.dataTransformation.datasourceIds}"},"templateValue":"${metadata.dataTransformation.datasourceIds}","userEditable":false,"renderType":"text","renderOptions":{},"selected":true,"inputProperty":false,"containsConfigurationVariables":false,"sensitive":false,"required":false,"templateProperty":null,"hidden":false,"nameKey":"NiFi Flow-Update flow parameters-metadata.dataTransformation.datasourceIds","remoteProcessGroupProperty":false,"idKey":"d243b9ba-0167-1000-5217-47ba0f2be8b6-dfb7d319-6471-397b-eef8-a3d04fc7d972-metadata.dataTransformation.datasourceIds","processorNameTypeKey":"Update flow parameters-false-metadata.dataTransformation.datasourceIds"},{"processGroupName":"NiFi Flow","processorName":"Update flow parameters","processorId":"dfb7d319-6471-397b-eef8-a3d04fc7d972","processGroupId":"d243b9ba-0167-1000-5217-47ba0f2be8b6","processorType":"false","key":"metadata.sourceDataSetIds","value":"${metadata.sourceDataSetIds}","expressionProperties":null,"propertyDescriptor":{"name":"metadata.sourceDataSetIds","displayName":"metadata.sourceDataSetIds","required":false,"sensitive":false,"dynamic":true,"supportsEl":true,"hidden":false},"registrationChangeInfo":{"key":"metadata.sourceDataSetIds","valueFromOlderNiFiTemplate":"${metadata.sourceDataSetIds}","valueFromNewerNiFiTemplate":"${metadata.sourceDataSetIds}","valueRegisteredInKyloTemplateFromOlderNiFiTemplate":"${metadata.sourceDataSetIds}"},"templateValue":"${metadata.sourceDataSetIds}","userEditable":false,"renderType":"text","renderOptions":{},"selected":true,"inputProperty":false,"containsConfigurationVariables":false,"sensitive":false,"required":false,"templateProperty":null,"hidden":false,"nameKey":"NiFi Flow-Update flow parameters-metadata.sourceDataSetIds","remoteProcessGroupProperty":false,"idKey":"d243b9ba-0167-1000-5217-47ba0f2be8b6-dfb7d319-6471-397b-eef8-a3d04fc7d972-metadata.sourceDataSetIds","processorNameTypeKey":"Update flow parameters-false-metadata.sourceDataSetIds"},{"processGroupName":"NiFi Flow","processorName":"Update flow parameters","processorId":"dfb7d319-6471-397b-eef8-a3d04fc7d972","processGroupId":"d243b9ba-0167-1000-5217-47ba0f2be8b6","processorType":"false","key":"metadata.table.feedFieldStructure","value":"${metadata.table.feedFieldStructure}","expressionProperties":null,"propertyDescriptor":{"name":"metadata.table.feedFieldStructure","displayName":"metadata.table.feedFieldStructure","required":false,"sensitive":false,"dynamic":true,"supportsEl":true,"hidden":false},"registrationChangeInfo":{"key":"metadata.table.feedFieldStructure","valueFromOlderNiFiTemplate":"${metadata.table.feedFieldStructure}","valueFromNewerNiFiTemplate":"${metadata.table.feedFieldStructure}","valueRegisteredInKyloTemplateFromOlderNiFiTemplate":"${metadata.table.feedFieldStructure}"},"templateValue":"${metadata.table.feedFieldStructure}","userEditable":false,"renderType":"text","renderOptions":{},"selected":true,"inputProperty":false,"containsConfigurationVariables":false,"sensitive":false,"required":false,"templateProperty":null,"hidden":false,"nameKey":"NiFi Flow-Update flow parameters-metadata.table.feedFieldStructure","remoteProcessGroupProperty":false,"idKey":"d243b9ba-0167-1000-5217-47ba0f2be8b6-dfb7d319-6471-397b-eef8-a3d04fc7d972-metadata.table.feedFieldStructure","processorNameTypeKey":"Update flow parameters-false-metadata.table.feedFieldStructure"},{"processGroupName":"NiFi Flow","processorName":"Update flow parameters","processorId":"dfb7d319-6471-397b-eef8-a3d04fc7d972","processGroupId":"d243b9ba-0167-1000-5217-47ba0f2be8b6","processorType":"false","key":"metadata.table.fieldIndexString","value":"${metadata.table.fieldIndexString}","expressionProperties":null,"propertyDescriptor":{"name":"metadata.table.fieldIndexString","displayName":"metadata.table.fieldIndexString","required":false,"sensitive":false,"dynamic":true,"supportsEl":true,"hidden":false},"registrationChangeInfo":{"key":"metadata.table.fieldIndexString","valueFromOlderNiFiTemplate":"${metadata.table.fieldIndexString}","valueFromNewerNiFiTemplate":"${metadata.table.fieldIndexString}","valueRegisteredInKyloTemplateFromOlderNiFiTemplate":"${metadata.table.fieldIndexString}"},"templateValue":"${metadata.table.fieldIndexString}","userEditable":false,"renderType":"text","renderOptions":{},"selected":true,"inputProperty":false,"containsConfigurationVariables":false,"sensitive":false,"required":false,"templateProperty":null,"hidden":false,"nameKey":"NiFi Flow-Update flow parameters-metadata.table.fieldIndexString","remoteProcessGroupProperty":false,"idKey":"d243b9ba-0167-1000-5217-47ba0f2be8b6-dfb7d319-6471-397b-eef8-a3d04fc7d972-metadata.table.fieldIndexString","processorNameTypeKey":"Update flow parameters-false-metadata.table.fieldIndexString"},{"processGroupName":"NiFi Flow","processorName":"Update flow parameters","processorId":"dfb7d319-6471-397b-eef8-a3d04fc7d972","processGroupId":"d243b9ba-0167-1000-5217-47ba0f2be8b6","processorType":"false","key":"metadata.table.fieldPoliciesJson","value":"${metadata.table.fieldPoliciesJson}","expressionProperties":null,"propertyDescriptor":{"name":"metadata.table.fieldPoliciesJson","displayName":"metadata.table.fieldPoliciesJson","required":false,"sensitive":false,"dynamic":true,"supportsEl":true,"hidden":false},"registrationChangeInfo":{"key":"metadata.table.fieldPoliciesJson","valueFromOlderNiFiTemplate":"${metadata.table.fieldPoliciesJson}","valueFromNewerNiFiTemplate":"${metadata.table.fieldPoliciesJson}","valueRegisteredInKyloTemplateFromOlderNiFiTemplate":"${metadata.table.fieldPoliciesJson}"},"templateValue":"${metadata.table.fieldPoliciesJson}","userEditable":false,"renderType":"text","renderOptions":{},"selected":true,"inputProperty":false,"containsConfigurationVariables":false,"sensitive":false,"required":false,"templateProperty":null,"hidden":false,"nameKey":"NiFi Flow-Update flow parameters-metadata.table.fieldPoliciesJson","remoteProcessGroupProperty":false,"idKey":"d243b9ba-0167-1000-5217-47ba0f2be8b6-dfb7d319-6471-397b-eef8-a3d04fc7d972-metadata.table.fieldPoliciesJson","processorNameTypeKey":"Update flow parameters-false-metadata.table.fieldPoliciesJson"},{"processGroupName":"NiFi Flow","processorName":"Update flow parameters","processorId":"dfb7d319-6471-397b-eef8-a3d04fc7d972","processGroupId":"d243b9ba-0167-1000-5217-47ba0f2be8b6","processorType":"false","key":"metadata.table.fieldStructure","value":"${metadata.table.fieldStructure}","expressionProperties":null,"propertyDescriptor":{"name":"metadata.table.fieldStructure","displayName":"metadata.table.fieldStructure","required":false,"sensitive":false,"dynamic":true,"supportsEl":true,"hidden":false},"registrationChangeInfo":{"key":"metadata.table.fieldStructure","valueFromOlderNiFiTemplate":"${metadata.table.fieldStructure}","valueFromNewerNiFiTemplate":"${metadata.table.fieldStructure}","valueRegisteredInKyloTemplateFromOlderNiFiTemplate":"${metadata.table.fieldStructure}"},"templateValue":"${metadata.table.fieldStructure}","userEditable":false,"renderType":"text","renderOptions":{},"selected":true,"inputProperty":false,"containsConfigurationVariables":false,"sensitive":false,"required":false,"templateProperty":null,"hidden":false,"nameKey":"NiFi Flow-Update flow parameters-metadata.table.fieldStructure","remoteProcessGroupProperty":false,"idKey":"d243b9ba-0167-1000-5217-47ba0f2be8b6-dfb7d319-6471-397b-eef8-a3d04fc7d972-metadata.table.fieldStructure","processorNameTypeKey":"Update flow parameters-false-metadata.table.fieldStructure"},{"processGroupName":"NiFi Flow","processorName":"Update flow parameters","processorId":"dfb7d319-6471-397b-eef8-a3d04fc7d972","processGroupId":"d243b9ba-0167-1000-5217-47ba0f2be8b6","processorType":"false","key":"metadata.table.partitionSpecs","value":"${metadata.table.partitionSpecs}","expressionProperties":null,"propertyDescriptor":{"name":"metadata.table.partitionSpecs","displayName":"metadata.table.partitionSpecs","required":false,"sensitive":false,"dynamic":true,"supportsEl":true,"hidden":false},"registrationChangeInfo":{"key":"metadata.table.partitionSpecs","valueFromOlderNiFiTemplate":"${metadata.table.partitionSpecs}","valueFromNewerNiFiTemplate":"${metadata.table.partitionSpecs}","valueRegisteredInKyloTemplateFromOlderNiFiTemplate":"${metadata.table.partitionSpecs}"},"templateValue":"${metadata.table.partitionSpecs}","userEditable":false,"renderType":"text","renderOptions":{},"selected":true,"inputProperty":false,"containsConfigurationVariables":false,"sensitive":false,"required":false,"templateProperty":null,"hidden":false,"nameKey":"NiFi Flow-Update flow parameters-metadata.table.partitionSpecs","remoteProcessGroupProperty":false,"idKey":"d243b9ba-0167-1000-5217-47ba0f2be8b6-dfb7d319-6471-397b-eef8-a3d04fc7d972-metadata.table.partitionSpecs","processorNameTypeKey":"Update flow parameters-false-metadata.table.partitionSpecs"},{"processGroupName":"NiFi Flow","processorName":"Update flow parameters","processorId":"dfb7d319-6471-397b-eef8-a3d04fc7d972","processGroupId":"d243b9ba-0167-1000-5217-47ba0f2be8b6","processorType":"false","key":"metadata.table.partitionStructure","value":"${metadata.table.partitionStructure}","expressionProperties":null,"propertyDescriptor":{"name":"metadata.table.partitionStructure","displayName":"metadata.table.partitionStructure","required":false,"sensitive":false,"dynamic":true,"supportsEl":true,"hidden":false},"registrationChangeInfo":{"key":"metadata.table.partitionStructure","valueFromOlderNiFiTemplate":"${metadata.table.partitionStructure}","valueFromNewerNiFiTemplate":"${metadata.table.partitionStructure}","valueRegisteredInKyloTemplateFromOlderNiFiTemplate":"${metadata.table.partitionStructure}"},"templateValue":"${metadata.table.partitionStructure}","userEditable":false,"renderType":"text","renderOptions":{},"selected":true,"inputProperty":false,"containsConfigurationVariables":false,"sensitive":false,"required":false,"templateProperty":null,"hidden":false,"nameKey":"NiFi Flow-Update flow parameters-metadata.table.partitionStructure","remoteProcessGroupProperty":false,"idKey":"d243b9ba-0167-1000-5217-47ba0f2be8b6-dfb7d319-6471-397b-eef8-a3d04fc7d972-metadata.table.partitionStructure","processorNameTypeKey":"Update flow parameters-false-metadata.table.partitionStructure"},{"processGroupName":"NiFi Flow","processorName":"Update flow parameters","processorId":"dfb7d319-6471-397b-eef8-a3d04fc7d972","processGroupId":"d243b9ba-0167-1000-5217-47ba0f2be8b6","processorType":"false","key":"metadata.table.targetFormat","value":"${metadata.table.targetFormat}","expressionProperties":null,"propertyDescriptor":{"name":"metadata.table.targetFormat","displayName":"metadata.table.targetFormat","required":false,"sensitive":false,"dynamic":true,"supportsEl":true,"hidden":false},"registrationChangeInfo":{"key":"metadata.table.targetFormat","valueFromOlderNiFiTemplate":"${metadata.table.targetFormat}","valueFromNewerNiFiTemplate":"${metadata.table.targetFormat}","valueRegisteredInKyloTemplateFromOlderNiFiTemplate":"${metadata.table.targetFormat}"},"templateValue":"${metadata.table.targetFormat}","userEditable":false,"renderType":"text","renderOptions":{},"selected":true,"inputProperty":false,"containsConfigurationVariables":false,"sensitive":false,"required":false,"templateProperty":null,"hidden":false,"nameKey":"NiFi Flow-Update flow parameters-metadata.table.targetFormat","remoteProcessGroupProperty":false,"idKey":"d243b9ba-0167-1000-5217-47ba0f2be8b6-dfb7d319-6471-397b-eef8-a3d04fc7d972-metadata.table.targetFormat","processorNameTypeKey":"Update flow parameters-false-metadata.table.targetFormat"},{"processGroupName":"NiFi Flow","processorName":"Update flow parameters","processorId":"dfb7d319-6471-397b-eef8-a3d04fc7d972","processGroupId":"d243b9ba-0167-1000-5217-47ba0f2be8b6","processorType":"false","key":"metadata.table.targetMergeStrategy","value":"${metadata.table.targetMergeStrategy}","expressionProperties":null,"propertyDescriptor":{"name":"metadata.table.targetMergeStrategy","displayName":"metadata.table.targetMergeStrategy","required":false,"sensitive":false,"dynamic":true,"supportsEl":true,"hidden":false},"registrationChangeInfo":{"key":"metadata.table.targetMergeStrategy","valueFromOlderNiFiTemplate":"${metadata.table.targetMergeStrategy}","valueFromNewerNiFiTemplate":"${metadata.table.targetMergeStrategy}","valueRegisteredInKyloTemplateFromOlderNiFiTemplate":"${metadata.table.targetMergeStrategy}"},"templateValue":"${metadata.table.targetMergeStrategy}","userEditable":false,"renderType":"text","renderOptions":{},"selected":true,"inputProperty":false,"containsConfigurationVariables":false,"sensitive":false,"required":false,"templateProperty":null,"hidden":false,"nameKey":"NiFi Flow-Update flow parameters-metadata.table.targetMergeStrategy","remoteProcessGroupProperty":false,"idKey":"d243b9ba-0167-1000-5217-47ba0f2be8b6-dfb7d319-6471-397b-eef8-a3d04fc7d972-metadata.table.targetMergeStrategy","processorNameTypeKey":"Update flow parameters-false-metadata.table.targetMergeStrategy"},{"processGroupName":"NiFi Flow","processorName":"Update flow parameters","processorId":"dfb7d319-6471-397b-eef8-a3d04fc7d972","processGroupId":"d243b9ba-0167-1000-5217-47ba0f2be8b6","processorType":"false","key":"metadata.table.targetTblProperties","value":"${metadata.table.targetTblProperties}","expressionProperties":null,"propertyDescriptor":{"name":"metadata.table.targetTblProperties","displayName":"metadata.table.targetTblProperties","required":false,"sensitive":false,"dynamic":true,"supportsEl":true,"hidden":false},"registrationChangeInfo":{"key":"metadata.table.targetTblProperties","valueFromOlderNiFiTemplate":"${metadata.table.targetTblProperties}","valueFromNewerNiFiTemplate":"${metadata.table.targetTblProperties}","valueRegisteredInKyloTemplateFromOlderNiFiTemplate":"${metadata.table.targetTblProperties}"},"templateValue":"${metadata.table.targetTblProperties}","userEditable":false,"renderType":"text","renderOptions":{},"selected":true,"inputProperty":false,"containsConfigurationVariables":false,"sensitive":false,"required":false,"templateProperty":null,"hidden":false,"nameKey":"NiFi Flow-Update flow parameters-metadata.table.targetTblProperties","remoteProcessGroupProperty":false,"idKey":"d243b9ba-0167-1000-5217-47ba0f2be8b6-dfb7d319-6471-397b-eef8-a3d04fc7d972-metadata.table.targetTblProperties","processorNameTypeKey":"Update flow parameters-false-metadata.table.targetTblProperties"},{"processGroupName":"NiFi Flow","processorName":"Update flow parameters","processorId":"dfb7d319-6471-397b-eef8-a3d04fc7d972","processGroupId":"d243b9ba-0167-1000-5217-47ba0f2be8b6","processorType":"false","key":"nifi.home","value":"${config.nifi.home}","expressionProperties":null,"propertyDescriptor":{"name":"nifi.home","displayName":"nifi.home","required":false,"sensitive":false,"dynamic":true,"supportsEl":true,"hidden":false},"registrationChangeInfo":{"key":"nifi.home","valueFromOlderNiFiTemplate":"${config.nifi.home}","valueFromNewerNiFiTemplate":"${config.nifi.home}","valueRegisteredInKyloTemplateFromOlderNiFiTemplate":"${config.nifi.home}"},"templateValue":"${config.nifi.home}","userEditable":false,"renderType":"text","renderOptions":{},"selected":true,"inputProperty":false,"containsConfigurationVariables":false,"sensitive":false,"required":false,"templateProperty":null,"hidden":false,"nameKey":"NiFi Flow-Update flow parameters-nifi.home","remoteProcessGroupProperty":false,"idKey":"d243b9ba-0167-1000-5217-47ba0f2be8b6-dfb7d319-6471-397b-eef8-a3d04fc7d972-nifi.home","processorNameTypeKey":"Update flow parameters-false-nifi.home"},{"processGroupName":"NiFi Flow","processorName":"Update flow parameters","processorId":"dfb7d319-6471-397b-eef8-a3d04fc7d972","processGroupId":"d243b9ba-0167-1000-5217-47ba0f2be8b6","processorType":"false","key":"nifi.kylo.applicationJarDirectory","value":"${config.nifi.kylo.applicationJarDirectory}","expressionProperties":null,"propertyDescriptor":{"name":"nifi.kylo.applicationJarDirectory","displayName":"nifi.kylo.applicationJarDirectory","required":false,"sensitive":false,"dynamic":true,"supportsEl":true,"hidden":false},"registrationChangeInfo":{"key":"nifi.kylo.applicationJarDirectory","valueFromOlderNiFiTemplate":"${config.nifi.kylo.applicationJarDirectory}","valueFromNewerNiFiTemplate":"${config.nifi.kylo.applicationJarDirectory}","valueRegisteredInKyloTemplateFromOlderNiFiTemplate":"${config.nifi.kylo.applicationJarDirectory}"},"templateValue":"${config.nifi.kylo.applicationJarDirectory}","userEditable":false,"renderType":"text","renderOptions":{},"selected":true,"inputProperty":false,"containsConfigurationVariables":false,"sensitive":false,"required":false,"templateProperty":null,"hidden":false,"nameKey":"NiFi Flow-Update flow parameters-nifi.kylo.applicationJarDirectory","remoteProcessGroupProperty":false,"idKey":"d243b9ba-0167-1000-5217-47ba0f2be8b6-dfb7d319-6471-397b-eef8-a3d04fc7d972-nifi.kylo.applicationJarDirectory","processorNameTypeKey":"Update flow parameters-false-nifi.kylo.applicationJarDirectory"},{"processGroupName":"NiFi Flow","processorName":"Update flow parameters","processorId":"dfb7d319-6471-397b-eef8-a3d04fc7d972","processGroupId":"d243b9ba-0167-1000-5217-47ba0f2be8b6","processorType":"false","key":"s3ingest.apache-commons.jar_url","value":"${config.s3ingest.apache-commons.jar_url}","expressionProperties":null,"propertyDescriptor":{"name":"s3ingest.apache-commons.jar_url","displayName":"s3ingest.apache-commons.jar_url","required":false,"sensitive":false,"dynamic":true,"supportsEl":true,"hidden":false},"registrationChangeInfo":null,"templateValue":"${config.s3ingest.apache-commons.jar_url}","userEditable":false,"renderType":"text","renderOptions":{},"selected":true,"inputProperty":false,"containsConfigurationVariables":false,"sensitive":false,"required":false,"templateProperty":null,"hidden":false,"nameKey":"NiFi Flow-Update flow parameters-s3ingest.apache-commons.jar_url","remoteProcessGroupProperty":false,"idKey":"d243b9ba-0167-1000-5217-47ba0f2be8b6-dfb7d319-6471-397b-eef8-a3d04fc7d972-s3ingest.apache-commons.jar_url","processorNameTypeKey":"Update flow parameters-false-s3ingest.apache-commons.jar_url"},{"processGroupName":"NiFi Flow","processorName":"Update flow parameters","processorId":"dfb7d319-6471-397b-eef8-a3d04fc7d972","processGroupId":"d243b9ba-0167-1000-5217-47ba0f2be8b6","processorType":"false","key":"s3ingest.es.jar_url","value":"${config.s3ingest.es.jar_url}","expressionProperties":null,"propertyDescriptor":{"name":"s3ingest.es.jar_url","displayName":"s3ingest.es.jar_url","required":false,"sensitive":false,"dynamic":true,"supportsEl":true,"hidden":false},"registrationChangeInfo":null,"templateValue":"${config.s3ingest.es.jar_url}","userEditable":false,"renderType":"text","renderOptions":{},"selected":true,"inputProperty":false,"containsConfigurationVariables":false,"sensitive":false,"required":false,"templateProperty":null,"hidden":false,"nameKey":"NiFi Flow-Update flow parameters-s3ingest.es.jar_url","remoteProcessGroupProperty":false,"idKey":"d243b9ba-0167-1000-5217-47ba0f2be8b6-dfb7d319-6471-397b-eef8-a3d04fc7d972-s3ingest.es.jar_url","processorNameTypeKey":"Update flow parameters-false-s3ingest.es.jar_url"},{"processGroupName":"NiFi Flow","processorName":"Update flow parameters","processorId":"dfb7d319-6471-397b-eef8-a3d04fc7d972","processGroupId":"d243b9ba-0167-1000-5217-47ba0f2be8b6","processorType":"false","key":"s3ingest.es.nodes","value":"${config.s3ingest.es.nodes}","expressionProperties":null,"propertyDescriptor":{"name":"s3ingest.es.nodes","displayName":"s3ingest.es.nodes","required":false,"sensitive":false,"dynamic":true,"supportsEl":true,"hidden":false},"registrationChangeInfo":null,"templateValue":"${config.s3ingest.es.nodes}","userEditable":false,"renderType":"text","renderOptions":{},"selected":true,"inputProperty":false,"containsConfigurationVariables":false,"sensitive":false,"required":false,"templateProperty":null,"hidden":false,"nameKey":"NiFi Flow-Update flow parameters-s3ingest.es.nodes","remoteProcessGroupProperty":false,"idKey":"d243b9ba-0167-1000-5217-47ba0f2be8b6-dfb7d319-6471-397b-eef8-a3d04fc7d972-s3ingest.es.nodes","processorNameTypeKey":"Update flow parameters-false-s3ingest.es.nodes"},{"processGroupName":"NiFi Flow","processorName":"Update flow parameters","processorId":"dfb7d319-6471-397b-eef8-a3d04fc7d972","processGroupId":"d243b9ba-0167-1000-5217-47ba0f2be8b6","processorType":"false","key":"s3ingest.hiveBucket","value":"${config.s3ingest.hiveBucket}","expressionProperties":null,"propertyDescriptor":{"name":"s3ingest.hiveBucket","displayName":"s3ingest.hiveBucket","required":false,"sensitive":false,"dynamic":true,"supportsEl":true,"hidden":false},"registrationChangeInfo":null,"templateValue":"${config.s3ingest.hiveBucket}","userEditable":false,"renderType":"text","renderOptions":{},"selected":true,"inputProperty":false,"containsConfigurationVariables":false,"sensitive":false,"required":false,"templateProperty":null,"hidden":false,"nameKey":"NiFi Flow-Update flow parameters-s3ingest.hiveBucket","remoteProcessGroupProperty":false,"idKey":"d243b9ba-0167-1000-5217-47ba0f2be8b6-dfb7d319-6471-397b-eef8-a3d04fc7d972-s3ingest.hiveBucket","processorNameTypeKey":"Update flow parameters-false-s3ingest.hiveBucket"},{"processGroupName":"NiFi Flow","processorName":"Update flow parameters","processorId":"dfb7d319-6471-397b-eef8-a3d04fc7d972","processGroupId":"d243b9ba-0167-1000-5217-47ba0f2be8b6","processorType":"false","key":"s3ingest.s3.protocol","value":"${config.s3ingest.s3.protocol}","expressionProperties":null,"propertyDescriptor":{"name":"s3ingest.s3.protocol","displayName":"s3ingest.s3.protocol","required":false,"sensitive":false,"dynamic":true,"supportsEl":true,"hidden":false},"registrationChangeInfo":null,"templateValue":"${config.s3ingest.s3.protocol}","userEditable":false,"renderType":"text","renderOptions":{},"selected":true,"inputProperty":false,"containsConfigurationVariables":false,"sensitive":false,"required":false,"templateProperty":null,"hidden":false,"nameKey":"NiFi Flow-Update flow parameters-s3ingest.s3.protocol","remoteProcessGroupProperty":false,"idKey":"d243b9ba-0167-1000-5217-47ba0f2be8b6-dfb7d319-6471-397b-eef8-a3d04fc7d972-s3ingest.s3.protocol","processorNameTypeKey":"Update flow parameters-false-s3ingest.s3.protocol"},{"processGroupName":"NiFi Flow","processorName":"Update flow parameters","processorId":"dfb7d319-6471-397b-eef8-a3d04fc7d972","processGroupId":"d243b9ba-0167-1000-5217-47ba0f2be8b6","processorType":"false","key":"spark.version","value":"${config.spark.version}","expressionProperties":null,"propertyDescriptor":{"name":"spark.version","displayName":"spark.version","required":false,"sensitive":false,"dynamic":true,"supportsEl":true,"hidden":false},"registrationChangeInfo":{"key":"spark.version","valueFromOlderNiFiTemplate":"${config.spark.version}","valueFromNewerNiFiTemplate":"${config.spark.version}","valueRegisteredInKyloTemplateFromOlderNiFiTemplate":"${config.spark.version}"},"templateValue":"${config.spark.version}","userEditable":false,"renderType":"text","renderOptions":{},"selected":true,"inputProperty":false,"containsConfigurationVariables":false,"sensitive":false,"required":false,"templateProperty":null,"hidden":false,"nameKey":"NiFi Flow-Update flow parameters-spark.version","remoteProcessGroupProperty":false,"idKey":"d243b9ba-0167-1000-5217-47ba0f2be8b6-dfb7d319-6471-397b-eef8-a3d04fc7d972-spark.version","processorNameTypeKey":"Update flow parameters-false-spark.version"}],"nonInputProcessors":[{"properties":[{"processGroupName":"NiFi Flow","processorName":"Initialize Cleanup Parameters","processorId":"67122ba7-4a2a-3b29-7470-0ae5b5fde3e6","processGroupId":"d243b9ba-0167-1000-5217-47ba0f2be8b6","processorType":"false","key":"category","value":"${metadata.category.systemName}","expressionProperties":null,"propertyDescriptor":{"name":"category","displayName":"category","required":false,"sensitive":false,"dynamic":true,"supportsEl":true,"hidden":false},"registrationChangeInfo":null,"templateValue":"${metadata.category.systemName}","userEditable":false,"renderType":"text","renderOptions":{},"selected":true,"inputProperty":false,"containsConfigurationVariables":false,"sensitive":false,"required":false,"templateProperty":null,"hidden":false,"nameKey":"NiFi Flow-Initialize Cleanup Parameters-category","remoteProcessGroupProperty":false,"idKey":"d243b9ba-0167-1000-5217-47ba0f2be8b6-67122ba7-4a2a-3b29-7470-0ae5b5fde3e6-category","processorNameTypeKey":"Initialize Cleanup Parameters-false-category"},{"processGroupName":"NiFi Flow","processorName":"Initialize Cleanup Parameters","processorId":"67122ba7-4a2a-3b29-7470-0ae5b5fde3e6","processGroupId":"d243b9ba-0167-1000-5217-47ba0f2be8b6","processorType":"false","key":"feed","value":"${metadata.systemFeedName}","expressionProperties":null,"propertyDescriptor":{"name":"feed","displayName":"feed","required":false,"sensitive":false,"dynamic":true,"supportsEl":true,"hidden":false},"registrationChangeInfo":null,"templateValue":"${metadata.systemFeedName}","userEditable":false,"renderType":"text","renderOptions":{},"selected":true,"inputProperty":false,"containsConfigurationVariables":false,"sensitive":false,"required":false,"templateProperty":null,"hidden":false,"nameKey":"NiFi Flow-Initialize Cleanup Parameters-feed","remoteProcessGroupProperty":false,"idKey":"d243b9ba-0167-1000-5217-47ba0f2be8b6-67122ba7-4a2a-3b29-7470-0ae5b5fde3e6-feed","processorNameTypeKey":"Initialize Cleanup Parameters-false-feed"},{"processGroupName":"NiFi Flow","processorName":"Initialize Cleanup Parameters","processorId":"67122ba7-4a2a-3b29-7470-0ae5b5fde3e6","processGroupId":"d243b9ba-0167-1000-5217-47ba0f2be8b6","processorType":"false","key":"hdfs.ingest.root","value":"${config.hdfs.ingest.root}","expressionProperties":null,"propertyDescriptor":{"name":"hdfs.ingest.root","displayName":"hdfs.ingest.root","required":false,"sensitive":false,"dynamic":true,"supportsEl":true,"hidden":false},"registrationChangeInfo":null,"templateValue":"${config.hdfs.ingest.root}","userEditable":false,"renderType":"text","renderOptions":{},"selected":true,"inputProperty":false,"containsConfigurationVariables":false,"sensitive":false,"required":false,"templateProperty":null,"hidden":false,"nameKey":"NiFi Flow-Initialize Cleanup Parameters-hdfs.ingest.root","remoteProcessGroupProperty":false,"idKey":"d243b9ba-0167-1000-5217-47ba0f2be8b6-67122ba7-4a2a-3b29-7470-0ae5b5fde3e6-hdfs.ingest.root","processorNameTypeKey":"Initialize Cleanup Parameters-false-hdfs.ingest.root"},{"processGroupName":"NiFi Flow","processorName":"Initialize Cleanup Parameters","processorId":"67122ba7-4a2a-3b29-7470-0ae5b5fde3e6","processGroupId":"d243b9ba-0167-1000-5217-47ba0f2be8b6","processorType":"false","key":"hive.ingest.root","value":"${config.hive.ingest.root}","expressionProperties":null,"propertyDescriptor":{"name":"hive.ingest.root","displayName":"hive.ingest.root","required":false,"sensitive":false,"dynamic":true,"supportsEl":true,"hidden":false},"registrationChangeInfo":null,"templateValue":"${config.hive.ingest.root}","userEditable":false,"renderType":"text","renderOptions":{},"selected":true,"inputProperty":false,"containsConfigurationVariables":false,"sensitive":false,"required":false,"templateProperty":null,"hidden":false,"nameKey":"NiFi Flow-Initialize Cleanup Parameters-hive.ingest.root","remoteProcessGroupProperty":false,"idKey":"d243b9ba-0167-1000-5217-47ba0f2be8b6-67122ba7-4a2a-3b29-7470-0ae5b5fde3e6-hive.ingest.root","processorNameTypeKey":"Initialize Cleanup Parameters-false-hive.ingest.root"},{"processGroupName":"NiFi Flow","processorName":"Initialize Cleanup Parameters","processorId":"67122ba7-4a2a-3b29-7470-0ae5b5fde3e6","processGroupId":"d243b9ba-0167-1000-5217-47ba0f2be8b6","processorType":"false","key":"hive.master.root","value":"${config.hive.master.root}","expressionProperties":null,"propertyDescriptor":{"name":"hive.master.root","displayName":"hive.master.root","required":false,"sensitive":false,"dynamic":true,"supportsEl":true,"hidden":false},"registrationChangeInfo":null,"templateValue":"${config.hive.master.root}","userEditable":false,"renderType":"text","renderOptions":{},"selected":true,"inputProperty":false,"containsConfigurationVariables":false,"sensitive":false,"required":false,"templateProperty":null,"hidden":false,"nameKey":"NiFi Flow-Initialize Cleanup Parameters-hive.master.root","remoteProcessGroupProperty":false,"idKey":"d243b9ba-0167-1000-5217-47ba0f2be8b6-67122ba7-4a2a-3b29-7470-0ae5b5fde3e6-hive.master.root","processorNameTypeKey":"Initialize Cleanup Parameters-false-hive.master.root"},{"processGroupName":"NiFi Flow","processorName":"Initialize Cleanup Parameters","processorId":"67122ba7-4a2a-3b29-7470-0ae5b5fde3e6","processGroupId":"d243b9ba-0167-1000-5217-47ba0f2be8b6","processorType":"false","key":"hive.profile.root","value":"${config.hive.profile.root}","expressionProperties":null,"propertyDescriptor":{"name":"hive.profile.root","displayName":"hive.profile.root","required":false,"sensitive":false,"dynamic":true,"supportsEl":true,"hidden":false},"registrationChangeInfo":null,"templateValue":"${config.hive.profile.root}","userEditable":false,"renderType":"text","renderOptions":{},"selected":true,"inputProperty":false,"containsConfigurationVariables":false,"sensitive":false,"required":false,"templateProperty":null,"hidden":false,"nameKey":"NiFi Flow-Initialize Cleanup Parameters-hive.profile.root","remoteProcessGroupProperty":false,"idKey":"d243b9ba-0167-1000-5217-47ba0f2be8b6-67122ba7-4a2a-3b29-7470-0ae5b5fde3e6-hive.profile.root","processorNameTypeKey":"Initialize Cleanup Parameters-false-hive.profile.root"},{"processGroupName":"NiFi Flow","processorName":"Initialize Cleanup Parameters","processorId":"67122ba7-4a2a-3b29-7470-0ae5b5fde3e6","processGroupId":"d243b9ba-0167-1000-5217-47ba0f2be8b6","processorType":"false","key":"s3ingest.apache-commons.jar_url","value":"${config.s3ingest.apache-commons.jar_url}","expressionProperties":null,"propertyDescriptor":{"name":"s3ingest.apache-commons.jar_url","displayName":"s3ingest.apache-commons.jar_url","required":false,"sensitive":false,"dynamic":true,"supportsEl":true,"hidden":false},"registrationChangeInfo":null,"templateValue":"${config.s3ingest.apache-commons.jar_url}","userEditable":false,"renderType":"text","renderOptions":{},"selected":true,"inputProperty":false,"containsConfigurationVariables":false,"sensitive":false,"required":false,"templateProperty":null,"hidden":false,"nameKey":"NiFi Flow-Initialize Cleanup Parameters-s3ingest.apache-commons.jar_url","remoteProcessGroupProperty":false,"idKey":"d243b9ba-0167-1000-5217-47ba0f2be8b6-67122ba7-4a2a-3b29-7470-0ae5b5fde3e6-s3ingest.apache-commons.jar_url","processorNameTypeKey":"Initialize Cleanup Parameters-false-s3ingest.apache-commons.jar_url"},{"processGroupName":"NiFi Flow","processorName":"Initialize Cleanup Parameters","processorId":"67122ba7-4a2a-3b29-7470-0ae5b5fde3e6","processGroupId":"d243b9ba-0167-1000-5217-47ba0f2be8b6","processorType":"false","key":"s3ingest.es.jar_url","value":"${config.s3ingest.es.jar_url}","expressionProperties":null,"propertyDescriptor":{"name":"s3ingest.es.jar_url","displayName":"s3ingest.es.jar_url","required":false,"sensitive":false,"dynamic":true,"supportsEl":true,"hidden":false},"registrationChangeInfo":null,"templateValue":"${config.s3ingest.es.jar_url}","userEditable":false,"renderType":"text","renderOptions":{},"selected":true,"inputProperty":false,"containsConfigurationVariables":false,"sensitive":false,"required":false,"templateProperty":null,"hidden":false,"nameKey":"NiFi Flow-Initialize Cleanup Parameters-s3ingest.es.jar_url","remoteProcessGroupProperty":false,"idKey":"d243b9ba-0167-1000-5217-47ba0f2be8b6-67122ba7-4a2a-3b29-7470-0ae5b5fde3e6-s3ingest.es.jar_url","processorNameTypeKey":"Initialize Cleanup Parameters-false-s3ingest.es.jar_url"},{"processGroupName":"NiFi Flow","processorName":"Initialize Cleanup Parameters","processorId":"67122ba7-4a2a-3b29-7470-0ae5b5fde3e6","processGroupId":"d243b9ba-0167-1000-5217-47ba0f2be8b6","processorType":"false","key":"s3ingest.hiveBucket","value":"${config.s3ingest.hiveBucket}","expressionProperties":null,"propertyDescriptor":{"name":"s3ingest.hiveBucket","displayName":"s3ingest.hiveBucket","required":false,"sensitive":false,"dynamic":true,"supportsEl":true,"hidden":false},"registrationChangeInfo":null,"templateValue":"${config.s3ingest.hiveBucket}","userEditable":false,"renderType":"text","renderOptions":{},"selected":true,"inputProperty":false,"containsConfigurationVariables":false,"sensitive":false,"required":false,"templateProperty":null,"hidden":false,"nameKey":"NiFi Flow-Initialize Cleanup Parameters-s3ingest.hiveBucket","remoteProcessGroupProperty":false,"idKey":"d243b9ba-0167-1000-5217-47ba0f2be8b6-67122ba7-4a2a-3b29-7470-0ae5b5fde3e6-s3ingest.hiveBucket","processorNameTypeKey":"Initialize Cleanup Parameters-false-s3ingest.hiveBucket"}],"type":"false","name":"Initialize Cleanup Parameters","id":"67122ba7-4a2a-3b29-7470-0ae5b5fde3e6","groupName":"NiFi Flow","groupId":"d243b9ba-0167-1000-5217-47ba0f2be8b6","inputProcessor":false,"userDefinedInputProcessor":false},{"properties":[{"processGroupName":"NiFi Flow","processorName":"RouteOnAttribute","processorId":"cefed38f-abe7-390c-717d-9a6b1f3ecdc0","processGroupId":"d243b9ba-0167-1000-5217-47ba0f2be8b6","processorType":"false","key":"IndexColumns","value":"${metadata.table.fieldindexString:isEmpty():not()}","expressionProperties":null,"propertyDescriptor":{"name":"IndexColumns","displayName":"IndexColumns","required":false,"sensitive":false,"dynamic":true,"supportsEl":true,"hidden":false},"registrationChangeInfo":null,"templateValue":"${metadata.table.fieldindexString:isEmpty():not()}","userEditable":false,"renderType":"text","renderOptions":{},"selected":true,"inputProperty":false,"containsConfigurationVariables":false,"sensitive":false,"required":false,"templateProperty":null,"hidden":false,"nameKey":"NiFi Flow-RouteOnAttribute-IndexColumns","remoteProcessGroupProperty":false,"idKey":"d243b9ba-0167-1000-5217-47ba0f2be8b6-cefed38f-abe7-390c-717d-9a6b1f3ecdc0-IndexColumns","processorNameTypeKey":"RouteOnAttribute-false-IndexColumns"}],"type":"false","name":"RouteOnAttribute","id":"cefed38f-abe7-390c-717d-9a6b1f3ecdc0","groupName":"NiFi Flow","groupId":"d243b9ba-0167-1000-5217-47ba0f2be8b6","inputProcessor":false,"userDefinedInputProcessor":false},{"properties":[{"processGroupName":"NiFi Flow","processorName":"Update flow parameters","processorId":"dfb7d319-6471-397b-eef8-a3d04fc7d972","processGroupId":"d243b9ba-0167-1000-5217-47ba0f2be8b6","processorType":"false","key":"category","value":"${metadata.category.systemName}","expressionProperties":null,"propertyDescriptor":{"name":"category","displayName":"category","required":false,"sensitive":false,"dynamic":true,"supportsEl":true,"hidden":false},"registrationChangeInfo":{"key":"category","valueFromOlderNiFiTemplate":"${metadata.category.systemName}","valueFromNewerNiFiTemplate":"${metadata.category.systemName}","valueRegisteredInKyloTemplateFromOlderNiFiTemplate":"${metadata.category.systemName}"},"templateValue":"${metadata.category.systemName}","userEditable":false,"renderType":"text","renderOptions":{},"selected":true,"inputProperty":false,"containsConfigurationVariables":false,"sensitive":false,"required":false,"templateProperty":null,"hidden":false,"nameKey":"NiFi Flow-Update flow parameters-category","remoteProcessGroupProperty":false,"idKey":"d243b9ba-0167-1000-5217-47ba0f2be8b6-dfb7d319-6471-397b-eef8-a3d04fc7d972-category","processorNameTypeKey":"Update flow parameters-false-category"},{"processGroupName":"NiFi Flow","processorName":"Update flow parameters","processorId":"dfb7d319-6471-397b-eef8-a3d04fc7d972","processGroupId":"d243b9ba-0167-1000-5217-47ba0f2be8b6","processorType":"false","key":"feed","value":"${metadata.systemFeedName}","expressionProperties":null,"propertyDescriptor":{"name":"feed","displayName":"feed","required":false,"sensitive":false,"dynamic":true,"supportsEl":true,"hidden":false},"registrationChangeInfo":{"key":"feed","valueFromOlderNiFiTemplate":"${metadata.systemFeedName}","valueFromNewerNiFiTemplate":"${metadata.systemFeedName}","valueRegisteredInKyloTemplateFromOlderNiFiTemplate":"${metadata.systemFeedName}"},"templateValue":"${metadata.systemFeedName}","userEditable":false,"renderType":"text","renderOptions":{},"selected":true,"inputProperty":false,"containsConfigurationVariables":false,"sensitive":false,"required":false,"templateProperty":null,"hidden":false,"nameKey":"NiFi Flow-Update flow parameters-feed","remoteProcessGroupProperty":false,"idKey":"d243b9ba-0167-1000-5217-47ba0f2be8b6-dfb7d319-6471-397b-eef8-a3d04fc7d972-feed","processorNameTypeKey":"Update flow parameters-false-feed"},{"processGroupName":"NiFi Flow","processorName":"Update flow parameters","processorId":"dfb7d319-6471-397b-eef8-a3d04fc7d972","processGroupId":"d243b9ba-0167-1000-5217-47ba0f2be8b6","processorType":"false","key":"hdfs.ingest.root","value":"${config.hdfs.ingest.root}","expressionProperties":null,"propertyDescriptor":{"name":"hdfs.ingest.root","displayName":"hdfs.ingest.root","required":false,"sensitive":false,"dynamic":true,"supportsEl":true,"hidden":false},"registrationChangeInfo":{"key":"hdfs.ingest.root","valueFromOlderNiFiTemplate":"${config.hdfs.ingest.root}","valueFromNewerNiFiTemplate":"${config.hdfs.ingest.root}","valueRegisteredInKyloTemplateFromOlderNiFiTemplate":"${config.hdfs.ingest.root}"},"templateValue":"${config.hdfs.ingest.root}","userEditable":false,"renderType":"text","renderOptions":{},"selected":true,"inputProperty":false,"containsConfigurationVariables":false,"sensitive":false,"required":false,"templateProperty":null,"hidden":false,"nameKey":"NiFi Flow-Update flow parameters-hdfs.ingest.root","remoteProcessGroupProperty":false,"idKey":"d243b9ba-0167-1000-5217-47ba0f2be8b6-dfb7d319-6471-397b-eef8-a3d04fc7d972-hdfs.ingest.root","processorNameTypeKey":"Update flow parameters-false-hdfs.ingest.root"},{"processGroupName":"NiFi Flow","processorName":"Update flow parameters","processorId":"dfb7d319-6471-397b-eef8-a3d04fc7d972","processGroupId":"d243b9ba-0167-1000-5217-47ba0f2be8b6","processorType":"false","key":"hive.ingest.root","value":"${config.hive.ingest.root}","expressionProperties":null,"propertyDescriptor":{"name":"hive.ingest.root","displayName":"hive.ingest.root","required":false,"sensitive":false,"dynamic":true,"supportsEl":true,"hidden":false},"registrationChangeInfo":{"key":"hive.ingest.root","valueFromOlderNiFiTemplate":"${config.hive.ingest.root}","valueFromNewerNiFiTemplate":"${config.hive.ingest.root}","valueRegisteredInKyloTemplateFromOlderNiFiTemplate":"${config.hive.ingest.root}"},"templateValue":"${config.hive.ingest.root}","userEditable":false,"renderType":"text","renderOptions":{},"selected":true,"inputProperty":false,"containsConfigurationVariables":false,"sensitive":false,"required":false,"templateProperty":null,"hidden":false,"nameKey":"NiFi Flow-Update flow parameters-hive.ingest.root","remoteProcessGroupProperty":false,"idKey":"d243b9ba-0167-1000-5217-47ba0f2be8b6-dfb7d319-6471-397b-eef8-a3d04fc7d972-hive.ingest.root","processorNameTypeKey":"Update flow parameters-false-hive.ingest.root"},{"processGroupName":"NiFi Flow","processorName":"Update flow parameters","processorId":"dfb7d319-6471-397b-eef8-a3d04fc7d972","processGroupId":"d243b9ba-0167-1000-5217-47ba0f2be8b6","processorType":"false","key":"hive.master.root","value":"${config.hive.master.root}","expressionProperties":null,"propertyDescriptor":{"name":"hive.master.root","displayName":"hive.master.root","required":false,"sensitive":false,"dynamic":true,"supportsEl":true,"hidden":false},"registrationChangeInfo":{"key":"hive.master.root","valueFromOlderNiFiTemplate":"${config.hive.master.root}","valueFromNewerNiFiTemplate":"${config.hive.master.root}","valueRegisteredInKyloTemplateFromOlderNiFiTemplate":"${config.hive.master.root}"},"templateValue":"${config.hive.master.root}","userEditable":false,"renderType":"text","renderOptions":{},"selected":true,"inputProperty":false,"containsConfigurationVariables":false,"sensitive":false,"required":false,"templateProperty":null,"hidden":false,"nameKey":"NiFi Flow-Update flow parameters-hive.master.root","remoteProcessGroupProperty":false,"idKey":"d243b9ba-0167-1000-5217-47ba0f2be8b6-dfb7d319-6471-397b-eef8-a3d04fc7d972-hive.master.root","processorNameTypeKey":"Update flow parameters-false-hive.master.root"},{"processGroupName":"NiFi Flow","processorName":"Update flow parameters","processorId":"dfb7d319-6471-397b-eef8-a3d04fc7d972","processGroupId":"d243b9ba-0167-1000-5217-47ba0f2be8b6","processorType":"false","key":"hive.profile.root","value":"${config.hive.profile.root}","expressionProperties":null,"propertyDescriptor":{"name":"hive.profile.root","displayName":"hive.profile.root","required":false,"sensitive":false,"dynamic":true,"supportsEl":true,"hidden":false},"registrationChangeInfo":{"key":"hive.profile.root","valueFromOlderNiFiTemplate":"${config.hive.profile.root}","valueFromNewerNiFiTemplate":"${config.hive.profile.root}","valueRegisteredInKyloTemplateFromOlderNiFiTemplate":"${config.hive.profile.root}"},"templateValue":"${config.hive.profile.root}","userEditable":false,"renderType":"text","renderOptions":{},"selected":true,"inputProperty":false,"containsConfigurationVariables":false,"sensitive":false,"required":false,"templateProperty":null,"hidden":false,"nameKey":"NiFi Flow-Update flow parameters-hive.profile.root","remoteProcessGroupProperty":false,"idKey":"d243b9ba-0167-1000-5217-47ba0f2be8b6-dfb7d319-6471-397b-eef8-a3d04fc7d972-hive.profile.root","processorNameTypeKey":"Update flow parameters-false-hive.profile.root"},{"processGroupName":"NiFi Flow","processorName":"Update flow parameters","processorId":"dfb7d319-6471-397b-eef8-a3d04fc7d972","processGroupId":"d243b9ba-0167-1000-5217-47ba0f2be8b6","processorType":"false","key":"metadata.dataTransformation.catalogDataSourceIdsString","value":"${metadata.dataTransformation.catalogDataSourceIdsString}","expressionProperties":null,"propertyDescriptor":{"name":"metadata.dataTransformation.catalogDataSourceIdsString","displayName":"metadata.dataTransformation.catalogDataSourceIdsString","required":false,"sensitive":false,"dynamic":true,"supportsEl":true,"hidden":false},"registrationChangeInfo":{"key":"metadata.dataTransformation.catalogDataSourceIdsString","valueFromOlderNiFiTemplate":"${metadata.dataTransformation.catalogDataSourceIdsString}","valueFromNewerNiFiTemplate":"${metadata.dataTransformation.catalogDataSourceIdsString}","valueRegisteredInKyloTemplateFromOlderNiFiTemplate":"${metadata.dataTransformation.catalogDataSourceIdsString}"},"templateValue":"${metadata.dataTransformation.catalogDataSourceIdsString}","userEditable":false,"renderType":"text","renderOptions":{},"selected":true,"inputProperty":false,"containsConfigurationVariables":false,"sensitive":false,"required":false,"templateProperty":null,"hidden":false,"nameKey":"NiFi Flow-Update flow parameters-metadata.dataTransformation.catalogDataSourceIdsString","remoteProcessGroupProperty":false,"idKey":"d243b9ba-0167-1000-5217-47ba0f2be8b6-dfb7d319-6471-397b-eef8-a3d04fc7d972-metadata.dataTransformation.catalogDataSourceIdsString","processorNameTypeKey":"Update flow parameters-false-metadata.dataTransformation.catalogDataSourceIdsString"},{"processGroupName":"NiFi Flow","processorName":"Update flow parameters","processorId":"dfb7d319-6471-397b-eef8-a3d04fc7d972","processGroupId":"d243b9ba-0167-1000-5217-47ba0f2be8b6","processorType":"false","key":"metadata.dataTransformation.dataTransformScript","value":"${metadata.dataTransformation.dataTransformScript}","expressionProperties":null,"propertyDescriptor":{"name":"metadata.dataTransformation.dataTransformScript","displayName":"metadata.dataTransformation.dataTransformScript","required":false,"sensitive":false,"dynamic":true,"supportsEl":true,"hidden":false},"registrationChangeInfo":{"key":"metadata.dataTransformation.dataTransformScript","valueFromOlderNiFiTemplate":"${metadata.dataTransformation.dataTransformScript}","valueFromNewerNiFiTemplate":"${metadata.dataTransformation.dataTransformScript}","valueRegisteredInKyloTemplateFromOlderNiFiTemplate":"${metadata.dataTransformation.dataTransformScript}"},"templateValue":"${metadata.dataTransformation.dataTransformScript}","userEditable":false,"renderType":"text","renderOptions":{},"selected":true,"inputProperty":false,"containsConfigurationVariables":false,"sensitive":false,"required":false,"templateProperty":null,"hidden":false,"nameKey":"NiFi Flow-Update flow parameters-metadata.dataTransformation.dataTransformScript","remoteProcessGroupProperty":false,"idKey":"d243b9ba-0167-1000-5217-47ba0f2be8b6-dfb7d319-6471-397b-eef8-a3d04fc7d972-metadata.dataTransformation.dataTransformScript","processorNameTypeKey":"Update flow parameters-false-metadata.dataTransformation.dataTransformScript"},{"processGroupName":"NiFi Flow","processorName":"Update flow parameters","processorId":"dfb7d319-6471-397b-eef8-a3d04fc7d972","processGroupId":"d243b9ba-0167-1000-5217-47ba0f2be8b6","processorType":"false","key":"metadata.dataTransformation.datasourceIds","value":"${metadata.dataTransformation.datasourceIds}","expressionProperties":null,"propertyDescriptor":{"name":"metadata.dataTransformation.datasourceIds","displayName":"metadata.dataTransformation.datasourceIds","required":false,"sensitive":false,"dynamic":true,"supportsEl":true,"hidden":false},"registrationChangeInfo":{"key":"metadata.dataTransformation.datasourceIds","valueFromOlderNiFiTemplate":"${metadata.dataTransformation.datasourceIds}","valueFromNewerNiFiTemplate":"${metadata.dataTransformation.datasourceIds}","valueRegisteredInKyloTemplateFromOlderNiFiTemplate":"${metadata.dataTransformation.datasourceIds}"},"templateValue":"${metadata.dataTransformation.datasourceIds}","userEditable":false,"renderType":"text","renderOptions":{},"selected":true,"inputProperty":false,"containsConfigurationVariables":false,"sensitive":false,"required":false,"templateProperty":null,"hidden":false,"nameKey":"NiFi Flow-Update flow parameters-metadata.dataTransformation.datasourceIds","remoteProcessGroupProperty":false,"idKey":"d243b9ba-0167-1000-5217-47ba0f2be8b6-dfb7d319-6471-397b-eef8-a3d04fc7d972-metadata.dataTransformation.datasourceIds","processorNameTypeKey":"Update flow parameters-false-metadata.dataTransformation.datasourceIds"},{"processGroupName":"NiFi Flow","processorName":"Update flow parameters","processorId":"dfb7d319-6471-397b-eef8-a3d04fc7d972","processGroupId":"d243b9ba-0167-1000-5217-47ba0f2be8b6","processorType":"false","key":"metadata.sourceDataSetIds","value":"${metadata.sourceDataSetIds}","expressionProperties":null,"propertyDescriptor":{"name":"metadata.sourceDataSetIds","displayName":"metadata.sourceDataSetIds","required":false,"sensitive":false,"dynamic":true,"supportsEl":true,"hidden":false},"registrationChangeInfo":{"key":"metadata.sourceDataSetIds","valueFromOlderNiFiTemplate":"${metadata.sourceDataSetIds}","valueFromNewerNiFiTemplate":"${metadata.sourceDataSetIds}","valueRegisteredInKyloTemplateFromOlderNiFiTemplate":"${metadata.sourceDataSetIds}"},"templateValue":"${metadata.sourceDataSetIds}","userEditable":false,"renderType":"text","renderOptions":{},"selected":true,"inputProperty":false,"containsConfigurationVariables":false,"sensitive":false,"required":false,"templateProperty":null,"hidden":false,"nameKey":"NiFi Flow-Update flow parameters-metadata.sourceDataSetIds","remoteProcessGroupProperty":false,"idKey":"d243b9ba-0167-1000-5217-47ba0f2be8b6-dfb7d319-6471-397b-eef8-a3d04fc7d972-metadata.sourceDataSetIds","processorNameTypeKey":"Update flow parameters-false-metadata.sourceDataSetIds"},{"processGroupName":"NiFi Flow","processorName":"Update flow parameters","processorId":"dfb7d319-6471-397b-eef8-a3d04fc7d972","processGroupId":"d243b9ba-0167-1000-5217-47ba0f2be8b6","processorType":"false","key":"metadata.table.feedFieldStructure","value":"${metadata.table.feedFieldStructure}","expressionProperties":null,"propertyDescriptor":{"name":"metadata.table.feedFieldStructure","displayName":"metadata.table.feedFieldStructure","required":false,"sensitive":false,"dynamic":true,"supportsEl":true,"hidden":false},"registrationChangeInfo":{"key":"metadata.table.feedFieldStructure","valueFromOlderNiFiTemplate":"${metadata.table.feedFieldStructure}","valueFromNewerNiFiTemplate":"${metadata.table.feedFieldStructure}","valueRegisteredInKyloTemplateFromOlderNiFiTemplate":"${metadata.table.feedFieldStructure}"},"templateValue":"${metadata.table.feedFieldStructure}","userEditable":false,"renderType":"text","renderOptions":{},"selected":true,"inputProperty":false,"containsConfigurationVariables":false,"sensitive":false,"required":false,"templateProperty":null,"hidden":false,"nameKey":"NiFi Flow-Update flow parameters-metadata.table.feedFieldStructure","remoteProcessGroupProperty":false,"idKey":"d243b9ba-0167-1000-5217-47ba0f2be8b6-dfb7d319-6471-397b-eef8-a3d04fc7d972-metadata.table.feedFieldStructure","processorNameTypeKey":"Update flow parameters-false-metadata.table.feedFieldStructure"},{"processGroupName":"NiFi Flow","processorName":"Update flow parameters","processorId":"dfb7d319-6471-397b-eef8-a3d04fc7d972","processGroupId":"d243b9ba-0167-1000-5217-47ba0f2be8b6","processorType":"false","key":"metadata.table.fieldIndexString","value":"${metadata.table.fieldIndexString}","expressionProperties":null,"propertyDescriptor":{"name":"metadata.table.fieldIndexString","displayName":"metadata.table.fieldIndexString","required":false,"sensitive":false,"dynamic":true,"supportsEl":true,"hidden":false},"registrationChangeInfo":{"key":"metadata.table.fieldIndexString","valueFromOlderNiFiTemplate":"${metadata.table.fieldIndexString}","valueFromNewerNiFiTemplate":"${metadata.table.fieldIndexString}","valueRegisteredInKyloTemplateFromOlderNiFiTemplate":"${metadata.table.fieldIndexString}"},"templateValue":"${metadata.table.fieldIndexString}","userEditable":false,"renderType":"text","renderOptions":{},"selected":true,"inputProperty":false,"containsConfigurationVariables":false,"sensitive":false,"required":false,"templateProperty":null,"hidden":false,"nameKey":"NiFi Flow-Update flow parameters-metadata.table.fieldIndexString","remoteProcessGroupProperty":false,"idKey":"d243b9ba-0167-1000-5217-47ba0f2be8b6-dfb7d319-6471-397b-eef8-a3d04fc7d972-metadata.table.fieldIndexString","processorNameTypeKey":"Update flow parameters-false-metadata.table.fieldIndexString"},{"processGroupName":"NiFi Flow","processorName":"Update flow parameters","processorId":"dfb7d319-6471-397b-eef8-a3d04fc7d972","processGroupId":"d243b9ba-0167-1000-5217-47ba0f2be8b6","processorType":"false","key":"metadata.table.fieldPoliciesJson","value":"${metadata.table.fieldPoliciesJson}","expressionProperties":null,"propertyDescriptor":{"name":"metadata.table.fieldPoliciesJson","displayName":"metadata.table.fieldPoliciesJson","required":false,"sensitive":false,"dynamic":true,"supportsEl":true,"hidden":false},"registrationChangeInfo":{"key":"metadata.table.fieldPoliciesJson","valueFromOlderNiFiTemplate":"${metadata.table.fieldPoliciesJson}","valueFromNewerNiFiTemplate":"${metadata.table.fieldPoliciesJson}","valueRegisteredInKyloTemplateFromOlderNiFiTemplate":"${metadata.table.fieldPoliciesJson}"},"templateValue":"${metadata.table.fieldPoliciesJson}","userEditable":false,"renderType":"text","renderOptions":{},"selected":true,"inputProperty":false,"containsConfigurationVariables":false,"sensitive":false,"required":false,"templateProperty":null,"hidden":false,"nameKey":"NiFi Flow-Update flow parameters-metadata.table.fieldPoliciesJson","remoteProcessGroupProperty":false,"idKey":"d243b9ba-0167-1000-5217-47ba0f2be8b6-dfb7d319-6471-397b-eef8-a3d04fc7d972-metadata.table.fieldPoliciesJson","processorNameTypeKey":"Update flow parameters-false-metadata.table.fieldPoliciesJson"},{"processGroupName":"NiFi Flow","processorName":"Update flow parameters","processorId":"dfb7d319-6471-397b-eef8-a3d04fc7d972","processGroupId":"d243b9ba-0167-1000-5217-47ba0f2be8b6","processorType":"false","key":"metadata.table.fieldStructure","value":"${metadata.table.fieldStructure}","expressionProperties":null,"propertyDescriptor":{"name":"metadata.table.fieldStructure","displayName":"metadata.table.fieldStructure","required":false,"sensitive":false,"dynamic":true,"supportsEl":true,"hidden":false},"registrationChangeInfo":{"key":"metadata.table.fieldStructure","valueFromOlderNiFiTemplate":"${metadata.table.fieldStructure}","valueFromNewerNiFiTemplate":"${metadata.table.fieldStructure}","valueRegisteredInKyloTemplateFromOlderNiFiTemplate":"${metadata.table.fieldStructure}"},"templateValue":"${metadata.table.fieldStructure}","userEditable":false,"renderType":"text","renderOptions":{},"selected":true,"inputProperty":false,"containsConfigurationVariables":false,"sensitive":false,"required":false,"templateProperty":null,"hidden":false,"nameKey":"NiFi Flow-Update flow parameters-metadata.table.fieldStructure","remoteProcessGroupProperty":false,"idKey":"d243b9ba-0167-1000-5217-47ba0f2be8b6-dfb7d319-6471-397b-eef8-a3d04fc7d972-metadata.table.fieldStructure","processorNameTypeKey":"Update flow parameters-false-metadata.table.fieldStructure"},{"processGroupName":"NiFi Flow","processorName":"Update flow parameters","processorId":"dfb7d319-6471-397b-eef8-a3d04fc7d972","processGroupId":"d243b9ba-0167-1000-5217-47ba0f2be8b6","processorType":"false","key":"metadata.table.partitionSpecs","value":"${metadata.table.partitionSpecs}","expressionProperties":null,"propertyDescriptor":{"name":"metadata.table.partitionSpecs","displayName":"metadata.table.partitionSpecs","required":false,"sensitive":false,"dynamic":true,"supportsEl":true,"hidden":false},"registrationChangeInfo":{"key":"metadata.table.partitionSpecs","valueFromOlderNiFiTemplate":"${metadata.table.partitionSpecs}","valueFromNewerNiFiTemplate":"${metadata.table.partitionSpecs}","valueRegisteredInKyloTemplateFromOlderNiFiTemplate":"${metadata.table.partitionSpecs}"},"templateValue":"${metadata.table.partitionSpecs}","userEditable":false,"renderType":"text","renderOptions":{},"selected":true,"inputProperty":false,"containsConfigurationVariables":false,"sensitive":false,"required":false,"templateProperty":null,"hidden":false,"nameKey":"NiFi Flow-Update flow parameters-metadata.table.partitionSpecs","remoteProcessGroupProperty":false,"idKey":"d243b9ba-0167-1000-5217-47ba0f2be8b6-dfb7d319-6471-397b-eef8-a3d04fc7d972-metadata.table.partitionSpecs","processorNameTypeKey":"Update flow parameters-false-metadata.table.partitionSpecs"},{"processGroupName":"NiFi Flow","processorName":"Update flow parameters","processorId":"dfb7d319-6471-397b-eef8-a3d04fc7d972","processGroupId":"d243b9ba-0167-1000-5217-47ba0f2be8b6","processorType":"false","key":"metadata.table.partitionStructure","value":"${metadata.table.partitionStructure}","expressionProperties":null,"propertyDescriptor":{"name":"metadata.table.partitionStructure","displayName":"metadata.table.partitionStructure","required":false,"sensitive":false,"dynamic":true,"supportsEl":true,"hidden":false},"registrationChangeInfo":{"key":"metadata.table.partitionStructure","valueFromOlderNiFiTemplate":"${metadata.table.partitionStructure}","valueFromNewerNiFiTemplate":"${metadata.table.partitionStructure}","valueRegisteredInKyloTemplateFromOlderNiFiTemplate":"${metadata.table.partitionStructure}"},"templateValue":"${metadata.table.partitionStructure}","userEditable":false,"renderType":"text","renderOptions":{},"selected":true,"inputProperty":false,"containsConfigurationVariables":false,"sensitive":false,"required":false,"templateProperty":null,"hidden":false,"nameKey":"NiFi Flow-Update flow parameters-metadata.table.partitionStructure","remoteProcessGroupProperty":false,"idKey":"d243b9ba-0167-1000-5217-47ba0f2be8b6-dfb7d319-6471-397b-eef8-a3d04fc7d972-metadata.table.partitionStructure","processorNameTypeKey":"Update flow parameters-false-metadata.table.partitionStructure"},{"processGroupName":"NiFi Flow","processorName":"Update flow parameters","processorId":"dfb7d319-6471-397b-eef8-a3d04fc7d972","processGroupId":"d243b9ba-0167-1000-5217-47ba0f2be8b6","processorType":"false","key":"metadata.table.targetFormat","value":"${metadata.table.targetFormat}","expressionProperties":null,"propertyDescriptor":{"name":"metadata.table.targetFormat","displayName":"metadata.table.targetFormat","required":false,"sensitive":false,"dynamic":true,"supportsEl":true,"hidden":false},"registrationChangeInfo":{"key":"metadata.table.targetFormat","valueFromOlderNiFiTemplate":"${metadata.table.targetFormat}","valueFromNewerNiFiTemplate":"${metadata.table.targetFormat}","valueRegisteredInKyloTemplateFromOlderNiFiTemplate":"${metadata.table.targetFormat}"},"templateValue":"${metadata.table.targetFormat}","userEditable":false,"renderType":"text","renderOptions":{},"selected":true,"inputProperty":false,"containsConfigurationVariables":false,"sensitive":false,"required":false,"templateProperty":null,"hidden":false,"nameKey":"NiFi Flow-Update flow parameters-metadata.table.targetFormat","remoteProcessGroupProperty":false,"idKey":"d243b9ba-0167-1000-5217-47ba0f2be8b6-dfb7d319-6471-397b-eef8-a3d04fc7d972-metadata.table.targetFormat","processorNameTypeKey":"Update flow parameters-false-metadata.table.targetFormat"},{"processGroupName":"NiFi Flow","processorName":"Update flow parameters","processorId":"dfb7d319-6471-397b-eef8-a3d04fc7d972","processGroupId":"d243b9ba-0167-1000-5217-47ba0f2be8b6","processorType":"false","key":"metadata.table.targetMergeStrategy","value":"${metadata.table.targetMergeStrategy}","expressionProperties":null,"propertyDescriptor":{"name":"metadata.table.targetMergeStrategy","displayName":"metadata.table.targetMergeStrategy","required":false,"sensitive":false,"dynamic":true,"supportsEl":true,"hidden":false},"registrationChangeInfo":{"key":"metadata.table.targetMergeStrategy","valueFromOlderNiFiTemplate":"${metadata.table.targetMergeStrategy}","valueFromNewerNiFiTemplate":"${metadata.table.targetMergeStrategy}","valueRegisteredInKyloTemplateFromOlderNiFiTemplate":"${metadata.table.targetMergeStrategy}"},"templateValue":"${metadata.table.targetMergeStrategy}","userEditable":false,"renderType":"text","renderOptions":{},"selected":true,"inputProperty":false,"containsConfigurationVariables":false,"sensitive":false,"required":false,"templateProperty":null,"hidden":false,"nameKey":"NiFi Flow-Update flow parameters-metadata.table.targetMergeStrategy","remoteProcessGroupProperty":false,"idKey":"d243b9ba-0167-1000-5217-47ba0f2be8b6-dfb7d319-6471-397b-eef8-a3d04fc7d972-metadata.table.targetMergeStrategy","processorNameTypeKey":"Update flow parameters-false-metadata.table.targetMergeStrategy"},{"processGroupName":"NiFi Flow","processorName":"Update flow parameters","processorId":"dfb7d319-6471-397b-eef8-a3d04fc7d972","processGroupId":"d243b9ba-0167-1000-5217-47ba0f2be8b6","processorType":"false","key":"metadata.table.targetTblProperties","value":"${metadata.table.targetTblProperties}","expressionProperties":null,"propertyDescriptor":{"name":"metadata.table.targetTblProperties","displayName":"metadata.table.targetTblProperties","required":false,"sensitive":false,"dynamic":true,"supportsEl":true,"hidden":false},"registrationChangeInfo":{"key":"metadata.table.targetTblProperties","valueFromOlderNiFiTemplate":"${metadata.table.targetTblProperties}","valueFromNewerNiFiTemplate":"${metadata.table.targetTblProperties}","valueRegisteredInKyloTemplateFromOlderNiFiTemplate":"${metadata.table.targetTblProperties}"},"templateValue":"${metadata.table.targetTblProperties}","userEditable":false,"renderType":"text","renderOptions":{},"selected":true,"inputProperty":false,"containsConfigurationVariables":false,"sensitive":false,"required":false,"templateProperty":null,"hidden":false,"nameKey":"NiFi Flow-Update flow parameters-metadata.table.targetTblProperties","remoteProcessGroupProperty":false,"idKey":"d243b9ba-0167-1000-5217-47ba0f2be8b6-dfb7d319-6471-397b-eef8-a3d04fc7d972-metadata.table.targetTblProperties","processorNameTypeKey":"Update flow parameters-false-metadata.table.targetTblProperties"},{"processGroupName":"NiFi Flow","processorName":"Update flow parameters","processorId":"dfb7d319-6471-397b-eef8-a3d04fc7d972","processGroupId":"d243b9ba-0167-1000-5217-47ba0f2be8b6","processorType":"false","key":"nifi.home","value":"${config.nifi.home}","expressionProperties":null,"propertyDescriptor":{"name":"nifi.home","displayName":"nifi.home","required":false,"sensitive":false,"dynamic":true,"supportsEl":true,"hidden":false},"registrationChangeInfo":{"key":"nifi.home","valueFromOlderNiFiTemplate":"${config.nifi.home}","valueFromNewerNiFiTemplate":"${config.nifi.home}","valueRegisteredInKyloTemplateFromOlderNiFiTemplate":"${config.nifi.home}"},"templateValue":"${config.nifi.home}","userEditable":false,"renderType":"text","renderOptions":{},"selected":true,"inputProperty":false,"containsConfigurationVariables":false,"sensitive":false,"required":false,"templateProperty":null,"hidden":false,"nameKey":"NiFi Flow-Update flow parameters-nifi.home","remoteProcessGroupProperty":false,"idKey":"d243b9ba-0167-1000-5217-47ba0f2be8b6-dfb7d319-6471-397b-eef8-a3d04fc7d972-nifi.home","processorNameTypeKey":"Update flow parameters-false-nifi.home"},{"processGroupName":"NiFi Flow","processorName":"Update flow parameters","processorId":"dfb7d319-6471-397b-eef8-a3d04fc7d972","processGroupId":"d243b9ba-0167-1000-5217-47ba0f2be8b6","processorType":"false","key":"nifi.kylo.applicationJarDirectory","value":"${config.nifi.kylo.applicationJarDirectory}","expressionProperties":null,"propertyDescriptor":{"name":"nifi.kylo.applicationJarDirectory","displayName":"nifi.kylo.applicationJarDirectory","required":false,"sensitive":false,"dynamic":true,"supportsEl":true,"hidden":false},"registrationChangeInfo":{"key":"nifi.kylo.applicationJarDirectory","valueFromOlderNiFiTemplate":"${config.nifi.kylo.applicationJarDirectory}","valueFromNewerNiFiTemplate":"${config.nifi.kylo.applicationJarDirectory}","valueRegisteredInKyloTemplateFromOlderNiFiTemplate":"${config.nifi.kylo.applicationJarDirectory}"},"templateValue":"${config.nifi.kylo.applicationJarDirectory}","userEditable":false,"renderType":"text","renderOptions":{},"selected":true,"inputProperty":false,"containsConfigurationVariables":false,"sensitive":false,"required":false,"templateProperty":null,"hidden":false,"nameKey":"NiFi Flow-Update flow parameters-nifi.kylo.applicationJarDirectory","remoteProcessGroupProperty":false,"idKey":"d243b9ba-0167-1000-5217-47ba0f2be8b6-dfb7d319-6471-397b-eef8-a3d04fc7d972-nifi.kylo.applicationJarDirectory","processorNameTypeKey":"Update flow parameters-false-nifi.kylo.applicationJarDirectory"},{"processGroupName":"NiFi Flow","processorName":"Update flow parameters","processorId":"dfb7d319-6471-397b-eef8-a3d04fc7d972","processGroupId":"d243b9ba-0167-1000-5217-47ba0f2be8b6","processorType":"false","key":"s3ingest.apache-commons.jar_url","value":"${config.s3ingest.apache-commons.jar_url}","expressionProperties":null,"propertyDescriptor":{"name":"s3ingest.apache-commons.jar_url","displayName":"s3ingest.apache-commons.jar_url","required":false,"sensitive":false,"dynamic":true,"supportsEl":true,"hidden":false},"registrationChangeInfo":null,"templateValue":"${config.s3ingest.apache-commons.jar_url}","userEditable":false,"renderType":"text","renderOptions":{},"selected":true,"inputProperty":false,"containsConfigurationVariables":false,"sensitive":false,"required":false,"templateProperty":null,"hidden":false,"nameKey":"NiFi Flow-Update flow parameters-s3ingest.apache-commons.jar_url","remoteProcessGroupProperty":false,"idKey":"d243b9ba-0167-1000-5217-47ba0f2be8b6-dfb7d319-6471-397b-eef8-a3d04fc7d972-s3ingest.apache-commons.jar_url","processorNameTypeKey":"Update flow parameters-false-s3ingest.apache-commons.jar_url"},{"processGroupName":"NiFi Flow","processorName":"Update flow parameters","processorId":"dfb7d319-6471-397b-eef8-a3d04fc7d972","processGroupId":"d243b9ba-0167-1000-5217-47ba0f2be8b6","processorType":"false","key":"s3ingest.es.jar_url","value":"${config.s3ingest.es.jar_url}","expressionProperties":null,"propertyDescriptor":{"name":"s3ingest.es.jar_url","displayName":"s3ingest.es.jar_url","required":false,"sensitive":false,"dynamic":true,"supportsEl":true,"hidden":false},"registrationChangeInfo":null,"templateValue":"${config.s3ingest.es.jar_url}","userEditable":false,"renderType":"text","renderOptions":{},"selected":true,"inputProperty":false,"containsConfigurationVariables":false,"sensitive":false,"required":false,"templateProperty":null,"hidden":false,"nameKey":"NiFi Flow-Update flow parameters-s3ingest.es.jar_url","remoteProcessGroupProperty":false,"idKey":"d243b9ba-0167-1000-5217-47ba0f2be8b6-dfb7d319-6471-397b-eef8-a3d04fc7d972-s3ingest.es.jar_url","processorNameTypeKey":"Update flow parameters-false-s3ingest.es.jar_url"},{"processGroupName":"NiFi Flow","processorName":"Update flow parameters","processorId":"dfb7d319-6471-397b-eef8-a3d04fc7d972","processGroupId":"d243b9ba-0167-1000-5217-47ba0f2be8b6","processorType":"false","key":"s3ingest.es.nodes","value":"${config.s3ingest.es.nodes}","expressionProperties":null,"propertyDescriptor":{"name":"s3ingest.es.nodes","displayName":"s3ingest.es.nodes","required":false,"sensitive":false,"dynamic":true,"supportsEl":true,"hidden":false},"registrationChangeInfo":null,"templateValue":"${config.s3ingest.es.nodes}","userEditable":false,"renderType":"text","renderOptions":{},"selected":true,"inputProperty":false,"containsConfigurationVariables":false,"sensitive":false,"required":false,"templateProperty":null,"hidden":false,"nameKey":"NiFi Flow-Update flow parameters-s3ingest.es.nodes","remoteProcessGroupProperty":false,"idKey":"d243b9ba-0167-1000-5217-47ba0f2be8b6-dfb7d319-6471-397b-eef8-a3d04fc7d972-s3ingest.es.nodes","processorNameTypeKey":"Update flow parameters-false-s3ingest.es.nodes"},{"processGroupName":"NiFi Flow","processorName":"Update flow parameters","processorId":"dfb7d319-6471-397b-eef8-a3d04fc7d972","processGroupId":"d243b9ba-0167-1000-5217-47ba0f2be8b6","processorType":"false","key":"s3ingest.hiveBucket","value":"${config.s3ingest.hiveBucket}","expressionProperties":null,"propertyDescriptor":{"name":"s3ingest.hiveBucket","displayName":"s3ingest.hiveBucket","required":false,"sensitive":false,"dynamic":true,"supportsEl":true,"hidden":false},"registrationChangeInfo":null,"templateValue":"${config.s3ingest.hiveBucket}","userEditable":false,"renderType":"text","renderOptions":{},"selected":true,"inputProperty":false,"containsConfigurationVariables":false,"sensitive":false,"required":false,"templateProperty":null,"hidden":false,"nameKey":"NiFi Flow-Update flow parameters-s3ingest.hiveBucket","remoteProcessGroupProperty":false,"idKey":"d243b9ba-0167-1000-5217-47ba0f2be8b6-dfb7d319-6471-397b-eef8-a3d04fc7d972-s3ingest.hiveBucket","processorNameTypeKey":"Update flow parameters-false-s3ingest.hiveBucket"},{"processGroupName":"NiFi Flow","processorName":"Update flow parameters","processorId":"dfb7d319-6471-397b-eef8-a3d04fc7d972","processGroupId":"d243b9ba-0167-1000-5217-47ba0f2be8b6","processorType":"false","key":"s3ingest.s3.protocol","value":"${config.s3ingest.s3.protocol}","expressionProperties":null,"propertyDescriptor":{"name":"s3ingest.s3.protocol","displayName":"s3ingest.s3.protocol","required":false,"sensitive":false,"dynamic":true,"supportsEl":true,"hidden":false},"registrationChangeInfo":null,"templateValue":"${config.s3ingest.s3.protocol}","userEditable":false,"renderType":"text","renderOptions":{},"selected":true,"inputProperty":false,"containsConfigurationVariables":false,"sensitive":false,"required":false,"templateProperty":null,"hidden":false,"nameKey":"NiFi Flow-Update flow parameters-s3ingest.s3.protocol","remoteProcessGroupProperty":false,"idKey":"d243b9ba-0167-1000-5217-47ba0f2be8b6-dfb7d319-6471-397b-eef8-a3d04fc7d972-s3ingest.s3.protocol","processorNameTypeKey":"Update flow parameters-false-s3ingest.s3.protocol"},{"processGroupName":"NiFi Flow","processorName":"Update flow parameters","processorId":"dfb7d319-6471-397b-eef8-a3d04fc7d972","processGroupId":"d243b9ba-0167-1000-5217-47ba0f2be8b6","processorType":"false","key":"spark.version","value":"${config.spark.version}","expressionProperties":null,"propertyDescriptor":{"name":"spark.version","displayName":"spark.version","required":false,"sensitive":false,"dynamic":true,"supportsEl":true,"hidden":false},"registrationChangeInfo":{"key":"spark.version","valueFromOlderNiFiTemplate":"${config.spark.version}","valueFromNewerNiFiTemplate":"${config.spark.version}","valueRegisteredInKyloTemplateFromOlderNiFiTemplate":"${config.spark.version}"},"templateValue":"${config.spark.version}","userEditable":false,"renderType":"text","renderOptions":{},"selected":true,"inputProperty":false,"containsConfigurationVariables":false,"sensitive":false,"required":false,"templateProperty":null,"hidden":false,"nameKey":"NiFi Flow-Update flow parameters-spark.version","remoteProcessGroupProperty":false,"idKey":"d243b9ba-0167-1000-5217-47ba0f2be8b6-dfb7d319-6471-397b-eef8-a3d04fc7d972-spark.version","processorNameTypeKey":"Update flow parameters-false-spark.version"}],"type":"false","name":"Update flow parameters","id":"dfb7d319-6471-397b-eef8-a3d04fc7d972","groupName":"NiFi Flow","groupId":"d243b9ba-0167-1000-5217-47ba0f2be8b6","inputProcessor":false,"userDefinedInputProcessor":false}],"inputProcessors":[],"remoteProcessGroups":null,"id":"fd4f95c6-a800-48da-b46e-90ae0d6652cf","nifiTemplateId":"22a7e08e-770a-400d-8577-d573169aa609","templateName":"Data Transformation","updateDate":1545422551339,"createDate":1545354479820,"icon":"all_inclusive","iconColor":"#AB47BC","description":"Data Transformation","state":"ENABLED","defineTable":false,"reusableTemplate":false,"reusableTemplateConnections":[{"feedOutputPortName":"to-wrangler-port","reusableTemplateInputPortName":"wrangler-input-port","inputPortDisplayName":"wrangler-input-port","reusableTemplateProcessGroupName":"data-transformation"},{"feedOutputPortName":"to-wrangler-cleanup-port","reusableTemplateInputPortName":"wrangler-cleanup-port","inputPortDisplayName":"wrangler-cleanup-port","reusableTemplateProcessGroupName":"data-transformation"}],"registeredDatasourceDefinitions":[{"processorType":"com.thinkbiganalytics.nifi.v2.ingest.MergeTable","processorName":"Merge Table","processorId":"22f66419-3665-3582-27bf-6f0b257b7398","datasourceDefinition":{"processorType":"com.thinkbiganalytics.nifi.v2.ingest.MergeTable","connectionType":"DESTINATION","datasourcePropertyKeys":["Target schema","Target table"],"datasourceType":"HiveDatasource","identityString":"${Target schema}.${Target table}","description":null,"title":"${Target schema}.${Target table}"}}],"order":-1,"templateOrder":null,"changeComment":null,"changeComments":[],"inputProcessorRelationships":{},"feedsCount":1,"templateTableOption":"DATA_TRANSFORMATION","timeBetweenStartingBatchJobs":1000,"updateAvailable":false,"stream":false,"allowPreconditions":false,"dataTransformation":true,"isStream":false}