<?xml version="1.0" ?>
<template encoding-version="1.1">
  <description></description>
  <groupId>b054958f-015b-1000-acd2-7f208363c6a7</groupId>
  <name>Twitter Sentiment</name>
  <snippet>
    <connections>
      <id>8dcbc19f-1ad3-3a7f-0000-000000000000</id>
      <parentGroupId>82356e74-b73c-3570-0000-000000000000</parentGroupId>
      <backPressureDataSizeThreshold>1 GB</backPressureDataSizeThreshold>
      <backPressureObjectThreshold>10000</backPressureObjectThreshold>
      <destination>
        <groupId>82356e74-b73c-3570-0000-000000000000</groupId>
        <id>078cb477-805a-3260-0000-000000000000</id>
        <type>PROCESSOR</type>
      </destination>
      <flowFileExpiration>0 sec</flowFileExpiration>
      <labelIndex>1</labelIndex>
      <name></name>
      <selectedRelationships>success</selectedRelationships>
      <source>
        <groupId>82356e74-b73c-3570-0000-000000000000</groupId>
        <id>ffcb0913-4a8b-37db-0000-000000000000</id>
        <type>PROCESSOR</type>
      </source>
      <zIndex>0</zIndex>
    </connections>
    <connections>
      <id>ba066c96-bced-345e-0000-000000000000</id>
      <parentGroupId>82356e74-b73c-3570-0000-000000000000</parentGroupId>
      <backPressureDataSizeThreshold>1 GB</backPressureDataSizeThreshold>
      <backPressureObjectThreshold>10000</backPressureObjectThreshold>
      <destination>
        <groupId>82356e74-b73c-3570-0000-000000000000</groupId>
        <id>9c3a32fc-7b93-3413-0000-000000000000</id>
        <type>PROCESSOR</type>
      </destination>
      <flowFileExpiration>0 sec</flowFileExpiration>
      <labelIndex>1</labelIndex>
      <name></name>
      <selectedRelationships>matched</selectedRelationships>
      <source>
        <groupId>82356e74-b73c-3570-0000-000000000000</groupId>
        <id>505a5cc9-98f2-3732-0000-000000000000</id>
        <type>PROCESSOR</type>
      </source>
      <zIndex>0</zIndex>
    </connections>
    <connections>
      <id>d83015b4-b1e1-34f8-0000-000000000000</id>
      <parentGroupId>82356e74-b73c-3570-0000-000000000000</parentGroupId>
      <backPressureDataSizeThreshold>1 GB</backPressureDataSizeThreshold>
      <backPressureObjectThreshold>10000</backPressureObjectThreshold>
      <destination>
        <groupId>82356e74-b73c-3570-0000-000000000000</groupId>
        <id>ffe40e04-5d2d-3694-0000-000000000000</id>
        <type>PROCESSOR</type>
      </destination>
      <flowFileExpiration>0 sec</flowFileExpiration>
      <labelIndex>1</labelIndex>
      <name></name>
      <selectedRelationships>success</selectedRelationships>
      <source>
        <groupId>82356e74-b73c-3570-0000-000000000000</groupId>
        <id>e6140f14-7195-3df7-0000-000000000000</id>
        <type>PROCESSOR</type>
      </source>
      <zIndex>0</zIndex>
    </connections>
    <connections>
      <id>dfbad000-f348-3975-0000-000000000000</id>
      <parentGroupId>82356e74-b73c-3570-0000-000000000000</parentGroupId>
      <backPressureDataSizeThreshold>1 GB</backPressureDataSizeThreshold>
      <backPressureObjectThreshold>10000</backPressureObjectThreshold>
      <destination>
        <groupId>82356e74-b73c-3570-0000-000000000000</groupId>
        <id>18717383-d343-3339-0000-000000000000</id>
        <type>PROCESSOR</type>
      </destination>
      <flowFileExpiration>0 sec</flowFileExpiration>
      <labelIndex>1</labelIndex>
      <name>failure</name>
      <selectedRelationships>expired</selectedRelationships>
      <source>
        <groupId>82356e74-b73c-3570-0000-000000000000</groupId>
        <id>078cb477-805a-3260-0000-000000000000</id>
        <type>PROCESSOR</type>
      </source>
      <zIndex>0</zIndex>
    </connections>
    <connections>
      <id>e43c9528-5a49-375f-0000-000000000000</id>
      <parentGroupId>82356e74-b73c-3570-0000-000000000000</parentGroupId>
      <backPressureDataSizeThreshold>1 GB</backPressureDataSizeThreshold>
      <backPressureObjectThreshold>10000</backPressureObjectThreshold>
      <destination>
        <groupId>82356e74-b73c-3570-0000-000000000000</groupId>
        <id>505a5cc9-98f2-3732-0000-000000000000</id>
        <type>PROCESSOR</type>
      </destination>
      <flowFileExpiration>0 sec</flowFileExpiration>
      <labelIndex>1</labelIndex>
      <name></name>
      <selectedRelationships>failure</selectedRelationships>
      <selectedRelationships>success</selectedRelationships>
      <source>
        <groupId>82356e74-b73c-3570-0000-000000000000</groupId>
        <id>dc558ee3-ed2f-3021-0000-000000000000</id>
        <type>PROCESSOR</type>
      </source>
      <zIndex>0</zIndex>
    </connections>
    <connections>
      <id>e54ff356-cc0a-35a3-0000-000000000000</id>
      <parentGroupId>82356e74-b73c-3570-0000-000000000000</parentGroupId>
      <backPressureDataSizeThreshold>1 GB</backPressureDataSizeThreshold>
      <backPressureObjectThreshold>10000</backPressureObjectThreshold>
      <destination>
        <groupId>82356e74-b73c-3570-0000-000000000000</groupId>
        <id>f06a3a03-8c74-3698-0000-000000000000</id>
        <type>PROCESSOR</type>
      </destination>
      <flowFileExpiration>0 sec</flowFileExpiration>
      <labelIndex>1</labelIndex>
      <name></name>
      <selectedRelationships>success</selectedRelationships>
      <source>
        <groupId>82356e74-b73c-3570-0000-000000000000</groupId>
        <id>078cb477-805a-3260-0000-000000000000</id>
        <type>PROCESSOR</type>
      </source>
      <zIndex>0</zIndex>
    </connections>
    <connections>
      <id>ff3fffef-4ca4-3a16-0000-000000000000</id>
      <parentGroupId>82356e74-b73c-3570-0000-000000000000</parentGroupId>
      <backPressureDataSizeThreshold>1 GB</backPressureDataSizeThreshold>
      <backPressureObjectThreshold>10000</backPressureObjectThreshold>
      <destination>
        <groupId>82356e74-b73c-3570-0000-000000000000</groupId>
        <id>505a5cc9-98f2-3732-0000-000000000000</id>
        <type>PROCESSOR</type>
      </destination>
      <flowFileExpiration>0 sec</flowFileExpiration>
      <labelIndex>1</labelIndex>
      <name></name>
      <selectedRelationships>unmatched</selectedRelationships>
      <source>
        <groupId>82356e74-b73c-3570-0000-000000000000</groupId>
        <id>0b8f92aa-62db-3deb-0000-000000000000</id>
        <type>PROCESSOR</type>
      </source>
      <zIndex>0</zIndex>
    </connections>
    <connections>
      <id>0b128537-24dd-3d92-0000-000000000000</id>
      <parentGroupId>82356e74-b73c-3570-0000-000000000000</parentGroupId>
      <backPressureDataSizeThreshold>1 GB</backPressureDataSizeThreshold>
      <backPressureObjectThreshold>10000</backPressureObjectThreshold>
      <destination>
        <groupId>82356e74-b73c-3570-0000-000000000000</groupId>
        <id>999facf9-0f36-34e5-0000-000000000000</id>
        <type>PROCESSOR</type>
      </destination>
      <flowFileExpiration>0 sec</flowFileExpiration>
      <labelIndex>1</labelIndex>
      <name></name>
      <selectedRelationships>start spark</selectedRelationships>
      <source>
        <groupId>82356e74-b73c-3570-0000-000000000000</groupId>
        <id>1f4e0a9b-aeba-3ac1-0000-000000000000</id>
        <type>PROCESSOR</type>
      </source>
      <zIndex>0</zIndex>
    </connections>
    <connections>
      <id>1e74e7e9-31da-3dbb-0000-000000000000</id>
      <parentGroupId>82356e74-b73c-3570-0000-000000000000</parentGroupId>
      <backPressureDataSizeThreshold>1 GB</backPressureDataSizeThreshold>
      <backPressureObjectThreshold>10000</backPressureObjectThreshold>
      <destination>
        <groupId>82356e74-b73c-3570-0000-000000000000</groupId>
        <id>0b8f92aa-62db-3deb-0000-000000000000</id>
        <type>PROCESSOR</type>
      </destination>
      <flowFileExpiration>0 sec</flowFileExpiration>
      <labelIndex>1</labelIndex>
      <name></name>
      <selectedRelationships>original</selectedRelationships>
      <source>
        <groupId>82356e74-b73c-3570-0000-000000000000</groupId>
        <id>999facf9-0f36-34e5-0000-000000000000</id>
        <type>PROCESSOR</type>
      </source>
      <zIndex>0</zIndex>
    </connections>
    <connections>
      <id>3830b58b-341e-3bde-0000-000000000000</id>
      <parentGroupId>82356e74-b73c-3570-0000-000000000000</parentGroupId>
      <backPressureDataSizeThreshold>1 GB</backPressureDataSizeThreshold>
      <backPressureObjectThreshold>10000</backPressureObjectThreshold>
      <bends>
        <x>1292.1047796675061</x>
        <y>1503.8603174217924</y>
      </bends>
      <bends>
        <x>1292.1047796675061</x>
        <y>1553.8603174217924</y>
      </bends>
      <destination>
        <groupId>82356e74-b73c-3570-0000-000000000000</groupId>
        <id>078cb477-805a-3260-0000-000000000000</id>
        <type>PROCESSOR</type>
      </destination>
      <flowFileExpiration>0 sec</flowFileExpiration>
      <labelIndex>1</labelIndex>
      <name></name>
      <selectedRelationships>wait</selectedRelationships>
      <source>
        <groupId>82356e74-b73c-3570-0000-000000000000</groupId>
        <id>078cb477-805a-3260-0000-000000000000</id>
        <type>PROCESSOR</type>
      </source>
      <zIndex>0</zIndex>
    </connections>
    <connections>
      <id>40fa74f3-75a6-3ef8-0000-000000000000</id>
      <parentGroupId>82356e74-b73c-3570-0000-000000000000</parentGroupId>
      <backPressureDataSizeThreshold>1 GB</backPressureDataSizeThreshold>
      <backPressureObjectThreshold>10000</backPressureObjectThreshold>
      <destination>
        <groupId>82356e74-b73c-3570-0000-000000000000</groupId>
        <id>1f4e0a9b-aeba-3ac1-0000-000000000000</id>
        <type>PROCESSOR</type>
      </destination>
      <flowFileExpiration>0 sec</flowFileExpiration>
      <labelIndex>1</labelIndex>
      <name></name>
      <selectedRelationships>success</selectedRelationships>
      <source>
        <groupId>82356e74-b73c-3570-0000-000000000000</groupId>
        <id>ffe40e04-5d2d-3694-0000-000000000000</id>
        <type>PROCESSOR</type>
      </source>
      <zIndex>0</zIndex>
    </connections>
    <connections>
      <id>4664b7e6-a406-3a9a-0000-000000000000</id>
      <parentGroupId>82356e74-b73c-3570-0000-000000000000</parentGroupId>
      <backPressureDataSizeThreshold>1 GB</backPressureDataSizeThreshold>
      <backPressureObjectThreshold>10000</backPressureObjectThreshold>
      <destination>
        <groupId>82356e74-b73c-3570-0000-000000000000</groupId>
        <id>e6140f14-7195-3df7-0000-000000000000</id>
        <type>PROCESSOR</type>
      </destination>
      <flowFileExpiration>0 sec</flowFileExpiration>
      <labelIndex>1</labelIndex>
      <name></name>
      <selectedRelationships>success</selectedRelationships>
      <source>
        <groupId>82356e74-b73c-3570-0000-000000000000</groupId>
        <id>6d7e1f5a-87fc-3040-0000-000000000000</id>
        <type>PROCESSOR</type>
      </source>
      <zIndex>0</zIndex>
    </connections>
    <connections>
      <id>4df585eb-b243-324f-0000-000000000000</id>
      <parentGroupId>82356e74-b73c-3570-0000-000000000000</parentGroupId>
      <backPressureDataSizeThreshold>1 GB</backPressureDataSizeThreshold>
      <backPressureObjectThreshold>10000</backPressureObjectThreshold>
      <destination>
        <groupId>82356e74-b73c-3570-0000-000000000000</groupId>
        <id>dc558ee3-ed2f-3021-0000-000000000000</id>
        <type>PROCESSOR</type>
      </destination>
      <flowFileExpiration>0 sec</flowFileExpiration>
      <labelIndex>1</labelIndex>
      <name></name>
      <selectedRelationships>compact</selectedRelationships>
      <source>
        <groupId>82356e74-b73c-3570-0000-000000000000</groupId>
        <id>0b8f92aa-62db-3deb-0000-000000000000</id>
        <type>PROCESSOR</type>
      </source>
      <zIndex>0</zIndex>
    </connections>
    <connections>
      <id>59e23ddc-5c3d-3e0b-0000-000000000000</id>
      <parentGroupId>82356e74-b73c-3570-0000-000000000000</parentGroupId>
      <backPressureDataSizeThreshold>1 GB</backPressureDataSizeThreshold>
      <backPressureObjectThreshold>10000</backPressureObjectThreshold>
      <destination>
        <groupId>82356e74-b73c-3570-0000-000000000000</groupId>
        <id>ffcb0913-4a8b-37db-0000-000000000000</id>
        <type>PROCESSOR</type>
      </destination>
      <flowFileExpiration>0 sec</flowFileExpiration>
      <labelIndex>1</labelIndex>
      <name></name>
      <selectedRelationships>success</selectedRelationships>
      <source>
        <groupId>82356e74-b73c-3570-0000-000000000000</groupId>
        <id>9c3a32fc-7b93-3413-0000-000000000000</id>
        <type>PROCESSOR</type>
      </source>
      <zIndex>0</zIndex>
    </connections>
    <connections>
      <id>61231fe8-d7c7-349c-0000-000000000000</id>
      <parentGroupId>82356e74-b73c-3570-0000-000000000000</parentGroupId>
      <backPressureDataSizeThreshold>1 GB</backPressureDataSizeThreshold>
      <backPressureObjectThreshold>10000</backPressureObjectThreshold>
      <destination>
        <groupId>82356e74-b73c-3570-0000-000000000000</groupId>
        <id>0b8f92aa-62db-3deb-0000-000000000000</id>
        <type>PROCESSOR</type>
      </destination>
      <flowFileExpiration>0 sec</flowFileExpiration>
      <labelIndex>1</labelIndex>
      <name></name>
      <selectedRelationships>unmatched</selectedRelationships>
      <source>
        <groupId>82356e74-b73c-3570-0000-000000000000</groupId>
        <id>1f4e0a9b-aeba-3ac1-0000-000000000000</id>
        <type>PROCESSOR</type>
      </source>
      <zIndex>0</zIndex>
    </connections>
    <controllerServices>
      <id>8b23834f-fe80-3275-0000-000000000000</id>
      <parentGroupId>82356e74-b73c-3570-0000-000000000000</parentGroupId>
      <bundle>
        <artifact>nifi-distributed-cache-services-nar</artifact>
        <group>org.apache.nifi</group>
        <version>1.3.0</version>
      </bundle>
      <comments></comments>
      <descriptors>
        <entry>
          <key>SSL Context Service</key>
          <value>
            <identifiesControllerService>org.apache.nifi.ssl.SSLContextService</identifiesControllerService>
            <name>SSL Context Service</name>
          </value>
        </entry>
        <entry>
          <key>Server Port</key>
          <value>
            <name>Server Port</name>
          </value>
        </entry>
        <entry>
          <key>Server Hostname</key>
          <value>
            <name>Server Hostname</name>
          </value>
        </entry>
        <entry>
          <key>Communications Timeout</key>
          <value>
            <name>Communications Timeout</name>
          </value>
        </entry>
      </descriptors>
      <name>DistributedMapCacheClientService</name>
      <persistsState>false</persistsState>
      <properties>
        <entry>
          <key>SSL Context Service</key>
        </entry>
        <entry>
          <key>Server Port</key>
          <value>4557</value>
        </entry>
        <entry>
          <key>Server Hostname</key>
          <value>localhost</value>
        </entry>
        <entry>
          <key>Communications Timeout</key>
          <value>30 secs</value>
        </entry>
      </properties>
      <state>ENABLED</state>
      <type>org.apache.nifi.distributed.cache.client.DistributedMapCacheClientService</type>
    </controllerServices>
    <controllerServices>
      <id>14dc2b07-058a-31fb-0000-000000000000</id>
      <parentGroupId>82356e74-b73c-3570-0000-000000000000</parentGroupId>
      <bundle>
        <artifact>kylo-nifi-hadoop-service-v1-nar</artifact>
        <group>default</group>
        <version>unversioned</version>
      </bundle>
      <comments></comments>
      <descriptors>
        <entry>
          <key>Hadoop Configuration Resources</key>
          <value>
            <name>Hadoop Configuration Resources</name>
          </value>
        </entry>
        <entry>
          <key>Validation Query Timeout</key>
          <value>
            <name>Validation Query Timeout</name>
          </value>
        </entry>
        <entry>
          <key>Kerberos Keytab</key>
          <value>
            <name>Kerberos Keytab</name>
          </value>
        </entry>
        <entry>
          <key>Database Connection URL</key>
          <value>
            <name>Database Connection URL</name>
          </value>
        </entry>
        <entry>
          <key>Max Wait Time</key>
          <value>
            <name>Max Wait Time</name>
          </value>
        </entry>
        <entry>
          <key>Database Driver Class Name</key>
          <value>
            <name>Database Driver Class Name</name>
          </value>
        </entry>
        <entry>
          <key>Database User</key>
          <value>
            <name>Database User</name>
          </value>
        </entry>
        <entry>
          <key>Database Driver Jar Url</key>
          <value>
            <name>Database Driver Jar Url</name>
          </value>
        </entry>
        <entry>
          <key>Kerberos Principal</key>
          <value>
            <name>Kerberos Principal</name>
          </value>
        </entry>
        <entry>
          <key>Max Total Connections</key>
          <value>
            <name>Max Total Connections</name>
          </value>
        </entry>
        <entry>
          <key>Password</key>
          <value>
            <name>Password</name>
          </value>
        </entry>
        <entry>
          <key>Validation Query</key>
          <value>
            <name>Validation Query</name>
          </value>
        </entry>
      </descriptors>
      <name>Hive Thrift Service</name>
      <persistsState>false</persistsState>
      <properties>
        <entry>
          <key>Hadoop Configuration Resources</key>
        </entry>
        <entry>
          <key>Validation Query Timeout</key>
          <value>10 s</value>
        </entry>
        <entry>
          <key>Kerberos Keytab</key>
        </entry>
        <entry>
          <key>Database Connection URL</key>
          <value>jdbc:hive2://localhost:10000/default</value>
        </entry>
        <entry>
          <key>Max Wait Time</key>
          <value>500 millis</value>
        </entry>
        <entry>
          <key>Database Driver Class Name</key>
          <value>org.apache.hive.jdbc.HiveDriver</value>
        </entry>
        <entry>
          <key>Database User</key>
          <value>nifi</value>
        </entry>
        <entry>
          <key>Database Driver Jar Url</key>
        </entry>
        <entry>
          <key>Kerberos Principal</key>
        </entry>
        <entry>
          <key>Max Total Connections</key>
          <value>8</value>
        </entry>
        <entry>
          <key>Password</key>
        </entry>
        <entry>
          <key>Validation Query</key>
          <value>show tables 'test'</value>
        </entry>
      </properties>
      <state>ENABLED</state>
      <type>com.thinkbiganalytics.nifi.v2.thrift.ThriftConnectionPool</type>
    </controllerServices>
    <processors>
      <id>999facf9-0f36-34e5-0000-000000000000</id>
      <parentGroupId>82356e74-b73c-3570-0000-000000000000</parentGroupId>
      <position>
        <x>813.4177013796639</x>
        <y>645.4658337429423</y>
      </position>
      <bundle>
        <artifact>nifi-standard-nar</artifact>
        <group>org.apache.nifi</group>
        <version>1.3.0</version>
      </bundle>
      <config>
        <bulletinLevel>WARN</bulletinLevel>
        <comments></comments>
        <concurrentlySchedulableTaskCount>1</concurrentlySchedulableTaskCount>
        <descriptors>
          <entry>
            <key>Max Attribute Length</key>
            <value>
              <name>Max Attribute Length</name>
            </value>
          </entry>
          <entry>
            <key>Command Path</key>
            <value>
              <name>Command Path</name>
            </value>
          </entry>
          <entry>
            <key>Working Directory</key>
            <value>
              <name>Working Directory</name>
            </value>
          </entry>
          <entry>
            <key>Output Destination Attribute</key>
            <value>
              <name>Output Destination Attribute</name>
            </value>
          </entry>
          <entry>
            <key>Argument Delimiter</key>
            <value>
              <name>Argument Delimiter</name>
            </value>
          </entry>
          <entry>
            <key>Ignore STDIN</key>
            <value>
              <name>Ignore STDIN</name>
            </value>
          </entry>
          <entry>
            <key>Command Arguments</key>
            <value>
              <name>Command Arguments</name>
            </value>
          </entry>
        </descriptors>
        <executionNode>ALL</executionNode>
        <lossTolerant>false</lossTolerant>
        <penaltyDuration>30 sec</penaltyDuration>
        <properties>
          <entry>
            <key>Max Attribute Length</key>
            <value>256</value>
          </entry>
          <entry>
            <key>Command Path</key>
            <value>/opt/spark-receiver/stream-submit-kafka.sh</value>
          </entry>
          <entry>
            <key>Working Directory</key>
            <value>/opt/spark-receiver</value>
          </entry>
          <entry>
            <key>Output Destination Attribute</key>
            <value>result</value>
          </entry>
          <entry>
            <key>Argument Delimiter</key>
            <value> </value>
          </entry>
          <entry>
            <key>Ignore STDIN</key>
            <value>true</value>
          </entry>
          <entry>
            <key>Command Arguments</key>
            <value>start ${category}.${feed}-app /opt/spark-receiver/sentiment-job-kafka.scala 15 ${category}.${feed} ${twitter.terms} ${category}.${feed} topicB sandbox.kylo.io:6667 sandbox.kylo.io:2181 ${category}.${feed}</value>
          </entry>
        </properties>
        <runDurationMillis>0</runDurationMillis>
        <schedulingPeriod>10 sec</schedulingPeriod>
        <schedulingStrategy>TIMER_DRIVEN</schedulingStrategy>
        <yieldDuration>1 sec</yieldDuration>
      </config>
      <name>Start Spark Streaming</name>
      <relationships>
        <autoTerminate>false</autoTerminate>
        <name>original</name>
      </relationships>
      <style></style>
      <type>org.apache.nifi.processors.standard.ExecuteStreamCommand</type>
    </processors>
    <processors>
      <id>9c3a32fc-7b93-3413-0000-000000000000</id>
      <parentGroupId>82356e74-b73c-3570-0000-000000000000</parentGroupId>
      <position>
        <x>2.2457581553071577</x>
        <y>1234.8802196758888</y>
      </position>
      <bundle>
        <artifact>nifi-update-attribute-nar</artifact>
        <group>org.apache.nifi</group>
        <version>1.3.0</version>
      </bundle>
      <config>
        <bulletinLevel>WARN</bulletinLevel>
        <comments></comments>
        <concurrentlySchedulableTaskCount>1</concurrentlySchedulableTaskCount>
        <descriptors>
          <entry>
            <key>release.signal</key>
            <value>
              <name>release.signal</name>
            </value>
          </entry>
          <entry>
            <key>Delete Attributes Expression</key>
            <value>
              <name>Delete Attributes Expression</name>
            </value>
          </entry>
          <entry>
            <key>Store State</key>
            <value>
              <name>Store State</name>
            </value>
          </entry>
          <entry>
            <key>Stateful Variables Initial Value</key>
            <value>
              <name>Stateful Variables Initial Value</name>
            </value>
          </entry>
        </descriptors>
        <executionNode>ALL</executionNode>
        <lossTolerant>false</lossTolerant>
        <penaltyDuration>30 sec</penaltyDuration>
        <properties>
          <entry>
            <key>release.signal</key>
            <value>${UUID()}</value>
          </entry>
          <entry>
            <key>Delete Attributes Expression</key>
          </entry>
          <entry>
            <key>Store State</key>
            <value>Do not store state</value>
          </entry>
          <entry>
            <key>Stateful Variables Initial Value</key>
          </entry>
        </properties>
        <runDurationMillis>0</runDurationMillis>
        <schedulingPeriod>0 sec</schedulingPeriod>
        <schedulingStrategy>TIMER_DRIVEN</schedulingStrategy>
        <yieldDuration>1 sec</yieldDuration>
      </config>
      <name>UpdateAttribute</name>
      <relationships>
        <autoTerminate>false</autoTerminate>
        <name>success</name>
      </relationships>
      <style></style>
      <type>org.apache.nifi.processors.attributes.UpdateAttribute</type>
    </processors>
    <processors>
      <id>dc558ee3-ed2f-3021-0000-000000000000</id>
      <parentGroupId>82356e74-b73c-3570-0000-000000000000</parentGroupId>
      <position>
        <x>818.7651719636474</x>
        <y>839.2474474254113</y>
      </position>
      <bundle>
        <artifact>kylo-nifi-core-v1-nar</artifact>
        <group>default</group>
        <version>unversioned</version>
      </bundle>
      <config>
        <bulletinLevel>WARN</bulletinLevel>
        <comments></comments>
        <concurrentlySchedulableTaskCount>1</concurrentlySchedulableTaskCount>
        <descriptors>
          <entry>
            <key>Statement</key>
            <value>
              <name>Statement</name>
            </value>
          </entry>
          <entry>
            <key>Database Connection Pooling Service</key>
            <value>
              <identifiesControllerService>com.thinkbiganalytics.nifi.v2.thrift.ThriftService</identifiesControllerService>
              <name>Database Connection Pooling Service</name>
            </value>
          </entry>
        </descriptors>
        <executionNode>ALL</executionNode>
        <lossTolerant>false</lossTolerant>
        <penaltyDuration>30 sec</penaltyDuration>
        <properties>
          <entry>
            <key>Statement</key>
            <value>insert overwrite table ${category}.${feed} select * from ${category}.${feed} where sentiment is not null</value>
          </entry>
          <entry>
            <key>Database Connection Pooling Service</key>
            <value>14dc2b07-058a-31fb-0000-000000000000</value>
          </entry>
        </properties>
        <runDurationMillis>0</runDurationMillis>
        <schedulingPeriod>30 sec</schedulingPeriod>
        <schedulingStrategy>TIMER_DRIVEN</schedulingStrategy>
        <yieldDuration>1 sec</yieldDuration>
      </config>
      <name>Compact Hive table</name>
      <relationships>
        <autoTerminate>false</autoTerminate>
        <name>failure</name>
      </relationships>
      <relationships>
        <autoTerminate>false</autoTerminate>
        <name>success</name>
      </relationships>
      <style></style>
      <type>com.thinkbiganalytics.nifi.v2.thrift.ExecuteHQLStatement</type>
    </processors>
    <processors>
      <id>e6140f14-7195-3df7-0000-000000000000</id>
      <parentGroupId>82356e74-b73c-3570-0000-000000000000</parentGroupId>
      <position>
        <x>13.788708566048172</x>
        <y>215.60488095778283</y>
      </position>
      <bundle>
        <artifact>nifi-update-attribute-nar</artifact>
        <group>org.apache.nifi</group>
        <version>1.3.0</version>
      </bundle>
      <config>
        <bulletinLevel>WARN</bulletinLevel>
        <comments></comments>
        <concurrentlySchedulableTaskCount>1</concurrentlySchedulableTaskCount>
        <descriptors>
          <entry>
            <key>feed</key>
            <value>
              <name>feed</name>
            </value>
          </entry>
          <entry>
            <key>Delete Attributes Expression</key>
            <value>
              <name>Delete Attributes Expression</name>
            </value>
          </entry>
          <entry>
            <key>Store State</key>
            <value>
              <name>Store State</name>
            </value>
          </entry>
          <entry>
            <key>twitter.terms</key>
            <value>
              <name>twitter.terms</name>
            </value>
          </entry>
          <entry>
            <key>Stateful Variables Initial Value</key>
            <value>
              <name>Stateful Variables Initial Value</name>
            </value>
          </entry>
          <entry>
            <key>category</key>
            <value>
              <name>category</name>
            </value>
          </entry>
        </descriptors>
        <executionNode>ALL</executionNode>
        <lossTolerant>false</lossTolerant>
        <penaltyDuration>30 sec</penaltyDuration>
        <properties>
          <entry>
            <key>feed</key>
            <value>${metadata.systemFeedName}</value>
          </entry>
          <entry>
            <key>Delete Attributes Expression</key>
          </entry>
          <entry>
            <key>Store State</key>
            <value>Store state locally</value>
          </entry>
          <entry>
            <key>twitter.terms</key>
            <value>@ArianaGrande,@justinbieber,@MileyCyrus,@realDonaldTrump</value>
          </entry>
          <entry>
            <key>Stateful Variables Initial Value</key>
            <value></value>
          </entry>
          <entry>
            <key>category</key>
            <value>${metadata.category.systemName}</value>
          </entry>
        </properties>
        <runDurationMillis>0</runDurationMillis>
        <schedulingPeriod>0 sec</schedulingPeriod>
        <schedulingStrategy>TIMER_DRIVEN</schedulingStrategy>
        <yieldDuration>1 sec</yieldDuration>
      </config>
      <name>Initialize Feed Parameters</name>
      <relationships>
        <autoTerminate>true</autoTerminate>
        <name>set state fail</name>
      </relationships>
      <relationships>
        <autoTerminate>false</autoTerminate>
        <name>success</name>
      </relationships>
      <style>
        <entry>
          <key>background-color</key>
          <value>#11f237</value>
        </entry>
      </style>
      <type>org.apache.nifi.processors.attributes.UpdateAttribute</type>
    </processors>
    <processors>
      <id>f06a3a03-8c74-3698-0000-000000000000</id>
      <parentGroupId>82356e74-b73c-3570-0000-000000000000</parentGroupId>
      <position>
        <x>509.6005072296375</x>
        <y>1704.5845808232725</y>
      </position>
      <bundle>
        <artifact>nifi-standard-nar</artifact>
        <group>org.apache.nifi</group>
        <version>1.3.0</version>
      </bundle>
      <config>
        <bulletinLevel>WARN</bulletinLevel>
        <comments></comments>
        <concurrentlySchedulableTaskCount>1</concurrentlySchedulableTaskCount>
        <descriptors>
          <entry>
            <key>Log prefix</key>
            <value>
              <name>Log prefix</name>
            </value>
          </entry>
          <entry>
            <key>Log Level</key>
            <value>
              <name>Log Level</name>
            </value>
          </entry>
          <entry>
            <key>Attributes to Ignore</key>
            <value>
              <name>Attributes to Ignore</name>
            </value>
          </entry>
          <entry>
            <key>Attributes to Log</key>
            <value>
              <name>Attributes to Log</name>
            </value>
          </entry>
          <entry>
            <key>Log Payload</key>
            <value>
              <name>Log Payload</name>
            </value>
          </entry>
        </descriptors>
        <executionNode>ALL</executionNode>
        <lossTolerant>false</lossTolerant>
        <penaltyDuration>30 sec</penaltyDuration>
        <properties>
          <entry>
            <key>Log prefix</key>
          </entry>
          <entry>
            <key>Log Level</key>
            <value>info</value>
          </entry>
          <entry>
            <key>Attributes to Ignore</key>
          </entry>
          <entry>
            <key>Attributes to Log</key>
          </entry>
          <entry>
            <key>Log Payload</key>
            <value>false</value>
          </entry>
        </properties>
        <runDurationMillis>0</runDurationMillis>
        <schedulingPeriod>0 sec</schedulingPeriod>
        <schedulingStrategy>TIMER_DRIVEN</schedulingStrategy>
        <yieldDuration>1 sec</yieldDuration>
      </config>
      <name>Successful Flow</name>
      <relationships>
        <autoTerminate>true</autoTerminate>
        <name>success</name>
      </relationships>
      <style></style>
      <type>org.apache.nifi.processors.standard.LogAttribute</type>
    </processors>
    <processors>
      <id>ffcb0913-4a8b-37db-0000-000000000000</id>
      <parentGroupId>82356e74-b73c-3570-0000-000000000000</parentGroupId>
      <position>
        <x>1.7406890848201328</x>
        <y>1475.1170362556868</y>
      </position>
      <bundle>
        <artifact>nifi-kafka-0-8-nar</artifact>
        <group>org.apache.nifi</group>
        <version>1.3.0</version>
      </bundle>
      <config>
        <bulletinLevel>WARN</bulletinLevel>
        <comments></comments>
        <concurrentlySchedulableTaskCount>10</concurrentlySchedulableTaskCount>
        <descriptors>
          <entry>
            <key>Partition</key>
            <value>
              <name>Partition</name>
            </value>
          </entry>
          <entry>
            <key>Max Record Size</key>
            <value>
              <name>Max Record Size</name>
            </value>
          </entry>
          <entry>
            <key>Client Name</key>
            <value>
              <name>Client Name</name>
            </value>
          </entry>
          <entry>
            <key>Compression Codec</key>
            <value>
              <name>Compression Codec</name>
            </value>
          </entry>
          <entry>
            <key>Message Delimiter</key>
            <value>
              <name>Message Delimiter</name>
            </value>
          </entry>
          <entry>
            <key>Partition Strategy</key>
            <value>
              <name>Partition Strategy</name>
            </value>
          </entry>
          <entry>
            <key>Topic Name</key>
            <value>
              <name>Topic Name</name>
            </value>
          </entry>
          <entry>
            <key>Kafka Key</key>
            <value>
              <name>Kafka Key</name>
            </value>
          </entry>
          <entry>
            <key>Delivery Guarantee</key>
            <value>
              <name>Delivery Guarantee</name>
            </value>
          </entry>
          <entry>
            <key>Max Buffer Size</key>
            <value>
              <name>Max Buffer Size</name>
            </value>
          </entry>
          <entry>
            <key>Queue Buffering Max Time</key>
            <value>
              <name>Queue Buffering Max Time</name>
            </value>
          </entry>
          <entry>
            <key>Communications Timeout</key>
            <value>
              <name>Communications Timeout</name>
            </value>
          </entry>
          <entry>
            <key>Known Brokers</key>
            <value>
              <name>Known Brokers</name>
            </value>
          </entry>
          <entry>
            <key>Async Batch Size</key>
            <value>
              <name>Async Batch Size</name>
            </value>
          </entry>
        </descriptors>
        <executionNode>ALL</executionNode>
        <lossTolerant>false</lossTolerant>
        <penaltyDuration>30 sec</penaltyDuration>
        <properties>
          <entry>
            <key>Partition</key>
          </entry>
          <entry>
            <key>Max Record Size</key>
            <value>1 MB</value>
          </entry>
          <entry>
            <key>Client Name</key>
            <value>nifi</value>
          </entry>
          <entry>
            <key>Compression Codec</key>
            <value>none</value>
          </entry>
          <entry>
            <key>Message Delimiter</key>
          </entry>
          <entry>
            <key>Partition Strategy</key>
            <value>Round Robin</value>
          </entry>
          <entry>
            <key>Topic Name</key>
            <value>${category}.${feed}</value>
          </entry>
          <entry>
            <key>Kafka Key</key>
            <value>${release.signal}</value>
          </entry>
          <entry>
            <key>Delivery Guarantee</key>
            <value>1</value>
          </entry>
          <entry>
            <key>Max Buffer Size</key>
            <value>5 MB</value>
          </entry>
          <entry>
            <key>Queue Buffering Max Time</key>
          </entry>
          <entry>
            <key>Communications Timeout</key>
            <value>30 secs</value>
          </entry>
          <entry>
            <key>Known Brokers</key>
            <value>sandbox.kylo.io:6667</value>
          </entry>
          <entry>
            <key>Async Batch Size</key>
            <value>16384</value>
          </entry>
        </properties>
        <runDurationMillis>0</runDurationMillis>
        <schedulingPeriod>0 sec</schedulingPeriod>
        <schedulingStrategy>TIMER_DRIVEN</schedulingStrategy>
        <yieldDuration>1 sec</yieldDuration>
      </config>
      <name>Put Kafka to Spark</name>
      <relationships>
        <autoTerminate>true</autoTerminate>
        <name>failure</name>
      </relationships>
      <relationships>
        <autoTerminate>false</autoTerminate>
        <name>success</name>
      </relationships>
      <style></style>
      <type>org.apache.nifi.processors.kafka.PutKafka</type>
    </processors>
    <processors>
      <id>ffe40e04-5d2d-3694-0000-000000000000</id>
      <parentGroupId>82356e74-b73c-3570-0000-000000000000</parentGroupId>
      <position>
        <x>4.4539578118397</x>
        <y>437.60533860718897</y>
      </position>
      <bundle>
        <artifact>nifi-update-attribute-nar</artifact>
        <group>org.apache.nifi</group>
        <version>1.3.0</version>
      </bundle>
      <config>
        <bulletinLevel>WARN</bulletinLevel>
        <comments></comments>
        <concurrentlySchedulableTaskCount>1</concurrentlySchedulableTaskCount>
        <descriptors>
          <entry>
            <key>Delete Attributes Expression</key>
            <value>
              <name>Delete Attributes Expression</name>
            </value>
          </entry>
          <entry>
            <key>flow.counter</key>
            <value>
              <name>flow.counter</name>
            </value>
          </entry>
          <entry>
            <key>Store State</key>
            <value>
              <name>Store State</name>
            </value>
          </entry>
          <entry>
            <key>Stateful Variables Initial Value</key>
            <value>
              <name>Stateful Variables Initial Value</name>
            </value>
          </entry>
        </descriptors>
        <executionNode>ALL</executionNode>
        <lossTolerant>false</lossTolerant>
        <penaltyDuration>30 sec</penaltyDuration>
        <properties>
          <entry>
            <key>Delete Attributes Expression</key>
          </entry>
          <entry>
            <key>flow.counter</key>
            <value>${getStateValue("flow.counter"):plus(1)}</value>
          </entry>
          <entry>
            <key>Store State</key>
            <value>Store state locally</value>
          </entry>
          <entry>
            <key>Stateful Variables Initial Value</key>
            <value>-1</value>
          </entry>
        </properties>
        <runDurationMillis>0</runDurationMillis>
        <schedulingPeriod>0 sec</schedulingPeriod>
        <schedulingStrategy>TIMER_DRIVEN</schedulingStrategy>
        <yieldDuration>1 sec</yieldDuration>
      </config>
      <name>Increment Flow Counter</name>
      <relationships>
        <autoTerminate>true</autoTerminate>
        <name>set state fail</name>
      </relationships>
      <relationships>
        <autoTerminate>false</autoTerminate>
        <name>success</name>
      </relationships>
      <style></style>
      <type>org.apache.nifi.processors.attributes.UpdateAttribute</type>
    </processors>
    <processors>
      <id>078cb477-805a-3260-0000-000000000000</id>
      <parentGroupId>82356e74-b73c-3570-0000-000000000000</parentGroupId>
      <position>
        <x>837.1047796675061</x>
        <y>1463.8603174217924</y>
      </position>
      <bundle>
        <artifact>nifi-standard-nar</artifact>
        <group>org.apache.nifi</group>
        <version>1.3.0</version>
      </bundle>
      <config>
        <bulletinLevel>WARN</bulletinLevel>
        <comments></comments>
        <concurrentlySchedulableTaskCount>5</concurrentlySchedulableTaskCount>
        <descriptors>
          <entry>
            <key>wait-buffer-count</key>
            <value>
              <name>wait-buffer-count</name>
            </value>
          </entry>
          <entry>
            <key>wait-mode</key>
            <value>
              <name>wait-mode</name>
            </value>
          </entry>
          <entry>
            <key>attribute-copy-mode</key>
            <value>
              <name>attribute-copy-mode</name>
            </value>
          </entry>
          <entry>
            <key>distributed-cache-service</key>
            <value>
              <identifiesControllerService>org.apache.nifi.distributed.cache.client.AtomicDistributedMapCacheClient</identifiesControllerService>
              <name>distributed-cache-service</name>
            </value>
          </entry>
          <entry>
            <key>releasable-flowfile-count</key>
            <value>
              <name>releasable-flowfile-count</name>
            </value>
          </entry>
          <entry>
            <key>release-signal-id</key>
            <value>
              <name>release-signal-id</name>
            </value>
          </entry>
          <entry>
            <key>signal-counter-name</key>
            <value>
              <name>signal-counter-name</name>
            </value>
          </entry>
          <entry>
            <key>expiration-duration</key>
            <value>
              <name>expiration-duration</name>
            </value>
          </entry>
          <entry>
            <key>target-signal-count</key>
            <value>
              <name>target-signal-count</name>
            </value>
          </entry>
        </descriptors>
        <executionNode>ALL</executionNode>
        <lossTolerant>false</lossTolerant>
        <penaltyDuration>30 sec</penaltyDuration>
        <properties>
          <entry>
            <key>wait-buffer-count</key>
            <value>1</value>
          </entry>
          <entry>
            <key>wait-mode</key>
            <value>wait</value>
          </entry>
          <entry>
            <key>attribute-copy-mode</key>
            <value>keeporiginal</value>
          </entry>
          <entry>
            <key>distributed-cache-service</key>
            <value>8b23834f-fe80-3275-0000-000000000000</value>
          </entry>
          <entry>
            <key>releasable-flowfile-count</key>
            <value>0</value>
          </entry>
          <entry>
            <key>release-signal-id</key>
            <value>${'release.signal'}</value>
          </entry>
          <entry>
            <key>signal-counter-name</key>
          </entry>
          <entry>
            <key>expiration-duration</key>
            <value>10 min</value>
          </entry>
          <entry>
            <key>target-signal-count</key>
            <value>1</value>
          </entry>
        </properties>
        <runDurationMillis>2000</runDurationMillis>
        <schedulingPeriod>0 sec</schedulingPeriod>
        <schedulingStrategy>TIMER_DRIVEN</schedulingStrategy>
        <yieldDuration>1 sec</yieldDuration>
      </config>
      <name>Wait for Spark</name>
      <relationships>
        <autoTerminate>false</autoTerminate>
        <name>expired</name>
      </relationships>
      <relationships>
        <autoTerminate>true</autoTerminate>
        <name>failure</name>
      </relationships>
      <relationships>
        <autoTerminate>false</autoTerminate>
        <name>success</name>
      </relationships>
      <relationships>
        <autoTerminate>false</autoTerminate>
        <name>wait</name>
      </relationships>
      <style></style>
      <type>org.apache.nifi.processors.standard.Wait</type>
    </processors>
    <processors>
      <id>0b8f92aa-62db-3deb-0000-000000000000</id>
      <parentGroupId>82356e74-b73c-3570-0000-000000000000</parentGroupId>
      <position>
        <x>2.733402627587111</x>
        <y>839.8389816941208</y>
      </position>
      <bundle>
        <artifact>nifi-standard-nar</artifact>
        <group>org.apache.nifi</group>
        <version>1.3.0</version>
      </bundle>
      <config>
        <bulletinLevel>WARN</bulletinLevel>
        <comments></comments>
        <concurrentlySchedulableTaskCount>1</concurrentlySchedulableTaskCount>
        <descriptors>
          <entry>
            <key>Routing Strategy</key>
            <value>
              <name>Routing Strategy</name>
            </value>
          </entry>
          <entry>
            <key>compact</key>
            <value>
              <name>compact</name>
            </value>
          </entry>
        </descriptors>
        <executionNode>ALL</executionNode>
        <lossTolerant>false</lossTolerant>
        <penaltyDuration>30 sec</penaltyDuration>
        <properties>
          <entry>
            <key>Routing Strategy</key>
            <value>Route to Property name</value>
          </entry>
          <entry>
            <key>compact</key>
            <value>${flow.counter:gt(0):and(${flow.counter:mod(5000):equals(0)})}</value>
          </entry>
        </properties>
        <runDurationMillis>0</runDurationMillis>
        <schedulingPeriod>0 sec</schedulingPeriod>
        <schedulingStrategy>TIMER_DRIVEN</schedulingStrategy>
        <yieldDuration>1 sec</yieldDuration>
      </config>
      <name>Run Hive compaction?</name>
      <relationships>
        <autoTerminate>false</autoTerminate>
        <name>compact</name>
      </relationships>
      <relationships>
        <autoTerminate>false</autoTerminate>
        <name>unmatched</name>
      </relationships>
      <style></style>
      <type>org.apache.nifi.processors.standard.RouteOnAttribute</type>
    </processors>
    <processors>
      <id>18717383-d343-3339-0000-000000000000</id>
      <parentGroupId>82356e74-b73c-3570-0000-000000000000</parentGroupId>
      <position>
        <x>1147.6024165244557</x>
        <y>1681.154922456225</y>
      </position>
      <bundle>
        <artifact>nifi-standard-nar</artifact>
        <group>org.apache.nifi</group>
        <version>1.3.0</version>
      </bundle>
      <config>
        <bulletinLevel>WARN</bulletinLevel>
        <comments></comments>
        <concurrentlySchedulableTaskCount>1</concurrentlySchedulableTaskCount>
        <descriptors>
          <entry>
            <key>Log prefix</key>
            <value>
              <name>Log prefix</name>
            </value>
          </entry>
          <entry>
            <key>Log Level</key>
            <value>
              <name>Log Level</name>
            </value>
          </entry>
          <entry>
            <key>Attributes to Ignore</key>
            <value>
              <name>Attributes to Ignore</name>
            </value>
          </entry>
          <entry>
            <key>Attributes to Log</key>
            <value>
              <name>Attributes to Log</name>
            </value>
          </entry>
          <entry>
            <key>Log Payload</key>
            <value>
              <name>Log Payload</name>
            </value>
          </entry>
        </descriptors>
        <executionNode>ALL</executionNode>
        <lossTolerant>false</lossTolerant>
        <penaltyDuration>30 sec</penaltyDuration>
        <properties>
          <entry>
            <key>Log prefix</key>
          </entry>
          <entry>
            <key>Log Level</key>
            <value>info</value>
          </entry>
          <entry>
            <key>Attributes to Ignore</key>
          </entry>
          <entry>
            <key>Attributes to Log</key>
          </entry>
          <entry>
            <key>Log Payload</key>
            <value>false</value>
          </entry>
        </properties>
        <runDurationMillis>0</runDurationMillis>
        <schedulingPeriod>0 sec</schedulingPeriod>
        <schedulingStrategy>TIMER_DRIVEN</schedulingStrategy>
        <yieldDuration>1 sec</yieldDuration>
      </config>
      <name>Failed Flow</name>
      <relationships>
        <autoTerminate>true</autoTerminate>
        <name>success</name>
      </relationships>
      <style></style>
      <type>org.apache.nifi.processors.standard.LogAttribute</type>
    </processors>
    <processors>
      <id>1f4e0a9b-aeba-3ac1-0000-000000000000</id>
      <parentGroupId>82356e74-b73c-3570-0000-000000000000</parentGroupId>
      <position>
        <x>6.750712706165359</x>
        <y>643.0741084865231</y>
      </position>
      <bundle>
        <artifact>nifi-standard-nar</artifact>
        <group>org.apache.nifi</group>
        <version>1.3.0</version>
      </bundle>
      <config>
        <bulletinLevel>WARN</bulletinLevel>
        <comments></comments>
        <concurrentlySchedulableTaskCount>1</concurrentlySchedulableTaskCount>
        <descriptors>
          <entry>
            <key>start spark</key>
            <value>
              <name>start spark</name>
            </value>
          </entry>
          <entry>
            <key>Routing Strategy</key>
            <value>
              <name>Routing Strategy</name>
            </value>
          </entry>
        </descriptors>
        <executionNode>ALL</executionNode>
        <lossTolerant>false</lossTolerant>
        <penaltyDuration>30 sec</penaltyDuration>
        <properties>
          <entry>
            <key>start spark</key>
            <value>${flow.counter:mod(1000):equals(0)}</value>
          </entry>
          <entry>
            <key>Routing Strategy</key>
            <value>Route to Property name</value>
          </entry>
        </properties>
        <runDurationMillis>0</runDurationMillis>
        <schedulingPeriod>0 sec</schedulingPeriod>
        <schedulingStrategy>TIMER_DRIVEN</schedulingStrategy>
        <yieldDuration>1 sec</yieldDuration>
      </config>
      <name>Start Spark?</name>
      <relationships>
        <autoTerminate>false</autoTerminate>
        <name>start spark</name>
      </relationships>
      <relationships>
        <autoTerminate>false</autoTerminate>
        <name>unmatched</name>
      </relationships>
      <style></style>
      <type>org.apache.nifi.processors.standard.RouteOnAttribute</type>
    </processors>
    <processors>
      <id>505a5cc9-98f2-3732-0000-000000000000</id>
      <parentGroupId>82356e74-b73c-3570-0000-000000000000</parentGroupId>
      <position>
        <x>0.0</x>
        <y>1039.1571535616486</y>
      </position>
      <bundle>
        <artifact>nifi-standard-nar</artifact>
        <group>org.apache.nifi</group>
        <version>1.3.0</version>
      </bundle>
      <config>
        <bulletinLevel>WARN</bulletinLevel>
        <comments></comments>
        <concurrentlySchedulableTaskCount>1</concurrentlySchedulableTaskCount>
        <descriptors>
          <entry>
            <key>Destination</key>
            <value>
              <name>Destination</name>
            </value>
          </entry>
          <entry>
            <key>Return Type</key>
            <value>
              <name>Return Type</name>
            </value>
          </entry>
          <entry>
            <key>Null Value Representation</key>
            <value>
              <name>Null Value Representation</name>
            </value>
          </entry>
          <entry>
            <key>tweet</key>
            <value>
              <name>tweet</name>
            </value>
          </entry>
          <entry>
            <key>Path Not Found Behavior</key>
            <value>
              <name>Path Not Found Behavior</name>
            </value>
          </entry>
        </descriptors>
        <executionNode>ALL</executionNode>
        <lossTolerant>false</lossTolerant>
        <penaltyDuration>30 sec</penaltyDuration>
        <properties>
          <entry>
            <key>Destination</key>
            <value>flowfile-content</value>
          </entry>
          <entry>
            <key>Return Type</key>
            <value>auto-detect</value>
          </entry>
          <entry>
            <key>Null Value Representation</key>
            <value>empty string</value>
          </entry>
          <entry>
            <key>tweet</key>
            <value>$.text</value>
          </entry>
          <entry>
            <key>Path Not Found Behavior</key>
            <value>ignore</value>
          </entry>
        </properties>
        <runDurationMillis>0</runDurationMillis>
        <schedulingPeriod>0 sec</schedulingPeriod>
        <schedulingStrategy>TIMER_DRIVEN</schedulingStrategy>
        <yieldDuration>1 sec</yieldDuration>
      </config>
      <name>Extract Tweet</name>
      <relationships>
        <autoTerminate>true</autoTerminate>
        <name>failure</name>
      </relationships>
      <relationships>
        <autoTerminate>false</autoTerminate>
        <name>matched</name>
      </relationships>
      <relationships>
        <autoTerminate>true</autoTerminate>
        <name>unmatched</name>
      </relationships>
      <style></style>
      <type>org.apache.nifi.processors.standard.EvaluateJsonPath</type>
    </processors>
    <processors>
      <id>6d7e1f5a-87fc-3040-0000-000000000000</id>
      <parentGroupId>82356e74-b73c-3570-0000-000000000000</parentGroupId>
      <position>
        <x>8.676999656978296</x>
        <y>0.0</y>
      </position>
      <bundle>
        <artifact>nifi-social-media-nar</artifact>
        <group>org.apache.nifi</group>
        <version>1.3.0</version>
      </bundle>
      <config>
        <bulletinLevel>WARN</bulletinLevel>
        <comments></comments>
        <concurrentlySchedulableTaskCount>1</concurrentlySchedulableTaskCount>
        <descriptors>
          <entry>
            <key>Consumer Key</key>
            <value>
              <name>Consumer Key</name>
            </value>
          </entry>
          <entry>
            <key>Consumer Secret</key>
            <value>
              <name>Consumer Secret</name>
            </value>
          </entry>
          <entry>
            <key>Access Token</key>
            <value>
              <name>Access Token</name>
            </value>
          </entry>
          <entry>
            <key>Languages</key>
            <value>
              <name>Languages</name>
            </value>
          </entry>
          <entry>
            <key>IDs to Follow</key>
            <value>
              <name>IDs to Follow</name>
            </value>
          </entry>
          <entry>
            <key>Twitter Endpoint</key>
            <value>
              <name>Twitter Endpoint</name>
            </value>
          </entry>
          <entry>
            <key>Locations to Filter On</key>
            <value>
              <name>Locations to Filter On</name>
            </value>
          </entry>
          <entry>
            <key>Terms to Filter On</key>
            <value>
              <name>Terms to Filter On</name>
            </value>
          </entry>
          <entry>
            <key>Access Token Secret</key>
            <value>
              <name>Access Token Secret</name>
            </value>
          </entry>
        </descriptors>
        <executionNode>ALL</executionNode>
        <lossTolerant>false</lossTolerant>
        <penaltyDuration>30 sec</penaltyDuration>
        <properties>
          <entry>
            <key>Consumer Key</key>
            <value>kmmCkt5Rcq6MiARMDhZCyfPBw</value>
          </entry>
          <entry>
            <key>Consumer Secret</key>
          </entry>
          <entry>
            <key>Access Token</key>
            <value>774092023267819520-H9TAXgHp7PoWnuFcIsyRVpL6zZ2b4Vv</value>
          </entry>
          <entry>
            <key>Languages</key>
            <value>en</value>
          </entry>
          <entry>
            <key>IDs to Follow</key>
          </entry>
          <entry>
            <key>Twitter Endpoint</key>
            <value>Filter Endpoint</value>
          </entry>
          <entry>
            <key>Locations to Filter On</key>
          </entry>
          <entry>
            <key>Terms to Filter On</key>
            <value>@katyperry,@justinbieber,@taylorswift13,@rihanna,@realdonaldtrump</value>
          </entry>
          <entry>
            <key>Access Token Secret</key>
          </entry>
        </properties>
        <runDurationMillis>0</runDurationMillis>
        <schedulingPeriod>0 sec</schedulingPeriod>
        <schedulingStrategy>TIMER_DRIVEN</schedulingStrategy>
        <yieldDuration>1 sec</yieldDuration>
      </config>
      <name>Read Twitter Stream</name>
      <relationships>
        <autoTerminate>false</autoTerminate>
        <name>success</name>
      </relationships>
      <style></style>
      <type>org.apache.nifi.processors.twitter.GetTwitter</type>
    </processors>
  </snippet>
  <timestamp>07/24/2017 16:07:40 UTC</timestamp>
</template>