{"owner":{"displayName":"Data Lake Administrator","email":null,"enabled":true,"groups":["admin","user"],"systemName":"dladmin"},"allowedActions":{"actions":[{"systemName":"accessTemplate","actions":[{"systemName":"editTemplate"},{"systemName":"deleteTemplate"},{"systemName":"exportTemplate"},{"systemName":"createFeedFromTemplate"},{"systemName":"changeTemplatePermissions"}]}]},"roleMemberships":[],"feedRoleMemberships":[],"properties":[{"processGroupName":"NiFi Flow","processorName":"Read Twitter Stream","processorId":"6d7e1f5a-87fc-3040-71cf-fd57606f8b12","processGroupId":"307679d2-015e-1000-47a5-49d1270cd220","processorType":"org.apache.nifi.processors.twitter.GetTwitter","key":"Access Token Secret","value":"{cipher}1df11786c4ef193f23271ef8b40b23d4e36de9a93338ac354bfa24604f9f3d4c7bc9fabeca1ccc40650784b19be0a806848207208acfe8cf37c290e5b938e302","expressionProperties":null,"propertyDescriptor":{"name":"Access Token Secret","displayName":"Access Token Secret","description":"The Access Token Secret provided by Twitter","defaultValue":null,"allowableValues":null,"required":true,"sensitive":true,"dynamic":false,"supportsEl":false,"identifiesControllerService":null},"templateValue":"******","userEditable":false,"renderType":"text","renderOptions":{},"selected":true,"inputProperty":true,"containsConfigurationVariables":false,"sensitive":true,"required":true,"templateProperty":null,"nameKey":"NiFi Flow-Read Twitter Stream-Access Token Secret","idKey":"307679d2-015e-1000-47a5-49d1270cd220-6d7e1f5a-87fc-3040-71cf-fd57606f8b12-Access Token Secret","processorNameTypeKey":"Read Twitter Stream-org.apache.nifi.processors.twitter.GetTwitter-Access Token Secret"},{"processGroupName":"NiFi Flow","processorName":"Read Twitter Stream","processorId":"6d7e1f5a-87fc-3040-71cf-fd57606f8b12","processGroupId":"307679d2-015e-1000-47a5-49d1270cd220","processorType":"org.apache.nifi.processors.twitter.GetTwitter","key":"Consumer Secret","value":"{cipher}e7e90983c19b5121426831b0ea5b52e8e99a32b04e1d8e5ad5344d527b9bec7e70d3fe6828a9693e7df7c218b751b11e52eeacf6ef1b15eec36cc9c10747b43f6c8f3115c7c7c5ef0cc41f5d5dbb34a5","expressionProperties":null,"propertyDescriptor":{"name":"Consumer Secret","displayName":"Consumer Secret","description":"The Consumer Secret provided by Twitter","defaultValue":null,"allowableValues":null,"required":true,"sensitive":true,"dynamic":false,"supportsEl":false,"identifiesControllerService":null},"templateValue":"******","userEditable":false,"renderType":"text","renderOptions":{},"selected":true,"inputProperty":true,"containsConfigurationVariables":false,"sensitive":true,"required":true,"templateProperty":null,"nameKey":"NiFi Flow-Read Twitter Stream-Consumer Secret","idKey":"307679d2-015e-1000-47a5-49d1270cd220-6d7e1f5a-87fc-3040-71cf-fd57606f8b12-Consumer Secret","processorNameTypeKey":"Read Twitter Stream-org.apache.nifi.processors.twitter.GetTwitter-Consumer Secret"},{"processGroupName":"NiFi Flow","processorName":"Read Twitter Stream","processorId":"6d7e1f5a-87fc-3040-71cf-fd57606f8b12","processGroupId":"307679d2-015e-1000-47a5-49d1270cd220","processorType":"org.apache.nifi.processors.twitter.GetTwitter","key":"Languages","value":"en","expressionProperties":null,"propertyDescriptor":{"name":"Languages","displayName":"Languages","description":"A comma-separated list of languages for which tweets should be fetched","defaultValue":null,"allowableValues":null,"required":false,"sensitive":false,"dynamic":false,"supportsEl":false,"identifiesControllerService":null},"templateValue":"en","userEditable":false,"renderType":"text","renderOptions":{},"selected":true,"inputProperty":true,"containsConfigurationVariables":false,"sensitive":false,"required":true,"templateProperty":null,"nameKey":"NiFi Flow-Read Twitter Stream-Languages","idKey":"307679d2-015e-1000-47a5-49d1270cd220-6d7e1f5a-87fc-3040-71cf-fd57606f8b12-Languages","processorNameTypeKey":"Read Twitter Stream-org.apache.nifi.processors.twitter.GetTwitter-Languages"},{"processGroupName":"NiFi Flow","processorName":"Read Twitter Stream","processorId":"6d7e1f5a-87fc-3040-71cf-fd57606f8b12","processGroupId":"307679d2-015e-1000-47a5-49d1270cd220","processorType":"org.apache.nifi.processors.twitter.GetTwitter","key":"Terms to Filter On","value":"@katyperry,@justinbieber,@taylorswift13,@rihanna,@realDonaldTrump","expressionProperties":null,"propertyDescriptor":{"name":"Terms to Filter On","displayName":"Terms to Filter On","description":"A comma-separated list of terms to filter on. Ignored unless Endpoint is set to 'Filter Endpoint'. The filter works such that if any term matches, the status update will be retrieved; multiple terms separated by a space function as an 'AND'. I.e., 'it was, hello' will retrieve status updates that have either 'hello' or both 'it' AND 'was'","defaultValue":null,"allowableValues":null,"required":false,"sensitive":false,"dynamic":false,"supportsEl":false,"identifiesControllerService":null},"templateValue":"@katyperry,@justinbieber,@taylorswift13,@rihanna,@realDonaldTrump","userEditable":false,"renderType":"text","renderOptions":{},"selected":true,"inputProperty":true,"containsConfigurationVariables":false,"sensitive":false,"required":true,"templateProperty":null,"nameKey":"NiFi Flow-Read Twitter Stream-Terms to Filter On","idKey":"307679d2-015e-1000-47a5-49d1270cd220-6d7e1f5a-87fc-3040-71cf-fd57606f8b12-Terms to Filter On","processorNameTypeKey":"Read Twitter Stream-org.apache.nifi.processors.twitter.GetTwitter-Terms to Filter On"},{"processGroupName":"NiFi Flow","processorName":"Initialize Feed Parameters","processorId":"e6140f14-7195-3df7-e5a2-92ffbb7d0f59","processGroupId":"307679d2-015e-1000-47a5-49d1270cd220","processorType":"org.apache.nifi.processors.attributes.UpdateAttribute","key":"category","value":"${metadata.category.systemName}","expressionProperties":null,"propertyDescriptor":{"name":"category","displayName":"category","description":"","defaultValue":null,"allowableValues":null,"required":false,"sensitive":false,"dynamic":true,"supportsEl":true,"identifiesControllerService":null},"templateValue":"${metadata.category.systemName}","userEditable":false,"renderType":"text","renderOptions":{},"selected":true,"inputProperty":false,"containsConfigurationVariables":false,"sensitive":false,"required":false,"templateProperty":null,"nameKey":"NiFi Flow-Initialize Feed Parameters-category","idKey":"307679d2-015e-1000-47a5-49d1270cd220-e6140f14-7195-3df7-e5a2-92ffbb7d0f59-category","processorNameTypeKey":"Initialize Feed Parameters-org.apache.nifi.processors.attributes.UpdateAttribute-category"},{"processGroupName":"NiFi Flow","processorName":"Initialize Feed Parameters","processorId":"e6140f14-7195-3df7-e5a2-92ffbb7d0f59","processGroupId":"307679d2-015e-1000-47a5-49d1270cd220","processorType":"org.apache.nifi.processors.attributes.UpdateAttribute","key":"feed","value":"${metadata.systemFeedName}","expressionProperties":null,"propertyDescriptor":{"name":"feed","displayName":"feed","description":"","defaultValue":null,"allowableValues":null,"required":false,"sensitive":false,"dynamic":true,"supportsEl":true,"identifiesControllerService":null},"templateValue":"${metadata.systemFeedName}","userEditable":false,"renderType":"text","renderOptions":{},"selected":true,"inputProperty":false,"containsConfigurationVariables":false,"sensitive":false,"required":false,"templateProperty":null,"nameKey":"NiFi Flow-Initialize Feed Parameters-feed","idKey":"307679d2-015e-1000-47a5-49d1270cd220-e6140f14-7195-3df7-e5a2-92ffbb7d0f59-feed","processorNameTypeKey":"Initialize Feed Parameters-org.apache.nifi.processors.attributes.UpdateAttribute-feed"},{"processGroupName":"NiFi Flow","processorName":"Initialize Feed Parameters","processorId":"e6140f14-7195-3df7-e5a2-92ffbb7d0f59","processGroupId":"307679d2-015e-1000-47a5-49d1270cd220","processorType":"org.apache.nifi.processors.attributes.UpdateAttribute","key":"twitter.terms","value":"@katyperry,@justinbieber,@taylorswift13,@rihanna","expressionProperties":null,"propertyDescriptor":{"name":"twitter.terms","displayName":"twitter.terms","description":"","defaultValue":null,"allowableValues":null,"required":false,"sensitive":false,"dynamic":true,"supportsEl":true,"identifiesControllerService":null},"templateValue":"@katyperry,@justinbieber,@taylorswift13,@rihanna","userEditable":true,"renderType":"text","renderOptions":{},"selected":true,"inputProperty":false,"containsConfigurationVariables":false,"sensitive":false,"required":true,"templateProperty":null,"nameKey":"NiFi Flow-Initialize Feed Parameters-twitter.terms","idKey":"307679d2-015e-1000-47a5-49d1270cd220-e6140f14-7195-3df7-e5a2-92ffbb7d0f59-twitter.terms","processorNameTypeKey":"Initialize Feed Parameters-org.apache.nifi.processors.attributes.UpdateAttribute-twitter.terms"}],"nonInputProcessors":[{"properties":[{"processGroupName":"NiFi Flow","processorName":"Initialize Feed Parameters","processorId":"e6140f14-7195-3df7-e5a2-92ffbb7d0f59","processGroupId":"307679d2-015e-1000-47a5-49d1270cd220","processorType":"org.apache.nifi.processors.attributes.UpdateAttribute","key":"category","value":"${metadata.category.systemName}","expressionProperties":null,"propertyDescriptor":{"name":"category","displayName":"category","description":"","defaultValue":null,"allowableValues":null,"required":false,"sensitive":false,"dynamic":true,"supportsEl":true,"identifiesControllerService":null},"templateValue":"${metadata.category.systemName}","userEditable":false,"renderType":"text","renderOptions":{},"selected":true,"inputProperty":false,"containsConfigurationVariables":false,"sensitive":false,"required":false,"templateProperty":null,"nameKey":"NiFi Flow-Initialize Feed Parameters-category","idKey":"307679d2-015e-1000-47a5-49d1270cd220-e6140f14-7195-3df7-e5a2-92ffbb7d0f59-category","processorNameTypeKey":"Initialize Feed Parameters-org.apache.nifi.processors.attributes.UpdateAttribute-category"},{"processGroupName":"NiFi Flow","processorName":"Initialize Feed Parameters","processorId":"e6140f14-7195-3df7-e5a2-92ffbb7d0f59","processGroupId":"307679d2-015e-1000-47a5-49d1270cd220","processorType":"org.apache.nifi.processors.attributes.UpdateAttribute","key":"feed","value":"${metadata.systemFeedName}","expressionProperties":null,"propertyDescriptor":{"name":"feed","displayName":"feed","description":"","defaultValue":null,"allowableValues":null,"required":false,"sensitive":false,"dynamic":true,"supportsEl":true,"identifiesControllerService":null},"templateValue":"${metadata.systemFeedName}","userEditable":false,"renderType":"text","renderOptions":{},"selected":true,"inputProperty":false,"containsConfigurationVariables":false,"sensitive":false,"required":false,"templateProperty":null,"nameKey":"NiFi Flow-Initialize Feed Parameters-feed","idKey":"307679d2-015e-1000-47a5-49d1270cd220-e6140f14-7195-3df7-e5a2-92ffbb7d0f59-feed","processorNameTypeKey":"Initialize Feed Parameters-org.apache.nifi.processors.attributes.UpdateAttribute-feed"},{"processGroupName":"NiFi Flow","processorName":"Initialize Feed Parameters","processorId":"e6140f14-7195-3df7-e5a2-92ffbb7d0f59","processGroupId":"307679d2-015e-1000-47a5-49d1270cd220","processorType":"org.apache.nifi.processors.attributes.UpdateAttribute","key":"twitter.terms","value":"@katyperry,@justinbieber,@taylorswift13,@rihanna","expressionProperties":null,"propertyDescriptor":{"name":"twitter.terms","displayName":"twitter.terms","description":"","defaultValue":null,"allowableValues":null,"required":false,"sensitive":false,"dynamic":true,"supportsEl":true,"identifiesControllerService":null},"templateValue":"@katyperry,@justinbieber,@taylorswift13,@rihanna","userEditable":true,"renderType":"text","renderOptions":{},"selected":true,"inputProperty":false,"containsConfigurationVariables":false,"sensitive":false,"required":true,"templateProperty":null,"nameKey":"NiFi Flow-Initialize Feed Parameters-twitter.terms","idKey":"307679d2-015e-1000-47a5-49d1270cd220-e6140f14-7195-3df7-e5a2-92ffbb7d0f59-twitter.terms","processorNameTypeKey":"Initialize Feed Parameters-org.apache.nifi.processors.attributes.UpdateAttribute-twitter.terms"}],"type":"org.apache.nifi.processors.attributes.UpdateAttribute","name":"Initialize Feed Parameters","id":"e6140f14-7195-3df7-e5a2-92ffbb7d0f59","groupName":"NiFi Flow","groupId":"307679d2-015e-1000-47a5-49d1270cd220","inputProcessor":false,"userDefinedInputProcessor":false}],"inputProcessors":[{"properties":[{"processGroupName":"NiFi Flow","processorName":"Read Twitter Stream","processorId":"6d7e1f5a-87fc-3040-71cf-fd57606f8b12","processGroupId":"307679d2-015e-1000-47a5-49d1270cd220","processorType":"org.apache.nifi.processors.twitter.GetTwitter","key":"Access Token Secret","value":"{cipher}1df11786c4ef193f23271ef8b40b23d4e36de9a93338ac354bfa24604f9f3d4c7bc9fabeca1ccc40650784b19be0a806848207208acfe8cf37c290e5b938e302","expressionProperties":null,"propertyDescriptor":{"name":"Access Token Secret","displayName":"Access Token Secret","description":"The Access Token Secret provided by Twitter","defaultValue":null,"allowableValues":null,"required":true,"sensitive":true,"dynamic":false,"supportsEl":false,"identifiesControllerService":null},"templateValue":"******","userEditable":false,"renderType":"text","renderOptions":{},"selected":true,"inputProperty":true,"containsConfigurationVariables":false,"sensitive":true,"required":true,"templateProperty":null,"nameKey":"NiFi Flow-Read Twitter Stream-Access Token Secret","idKey":"307679d2-015e-1000-47a5-49d1270cd220-6d7e1f5a-87fc-3040-71cf-fd57606f8b12-Access Token Secret","processorNameTypeKey":"Read Twitter Stream-org.apache.nifi.processors.twitter.GetTwitter-Access Token Secret"},{"processGroupName":"NiFi Flow","processorName":"Read Twitter Stream","processorId":"6d7e1f5a-87fc-3040-71cf-fd57606f8b12","processGroupId":"307679d2-015e-1000-47a5-49d1270cd220","processorType":"org.apache.nifi.processors.twitter.GetTwitter","key":"Consumer Secret","value":"{cipher}e7e90983c19b5121426831b0ea5b52e8e99a32b04e1d8e5ad5344d527b9bec7e70d3fe6828a9693e7df7c218b751b11e52eeacf6ef1b15eec36cc9c10747b43f6c8f3115c7c7c5ef0cc41f5d5dbb34a5","expressionProperties":null,"propertyDescriptor":{"name":"Consumer Secret","displayName":"Consumer Secret","description":"The Consumer Secret provided by Twitter","defaultValue":null,"allowableValues":null,"required":true,"sensitive":true,"dynamic":false,"supportsEl":false,"identifiesControllerService":null},"templateValue":"******","userEditable":false,"renderType":"text","renderOptions":{},"selected":true,"inputProperty":true,"containsConfigurationVariables":false,"sensitive":true,"required":true,"templateProperty":null,"nameKey":"NiFi Flow-Read Twitter Stream-Consumer Secret","idKey":"307679d2-015e-1000-47a5-49d1270cd220-6d7e1f5a-87fc-3040-71cf-fd57606f8b12-Consumer Secret","processorNameTypeKey":"Read Twitter Stream-org.apache.nifi.processors.twitter.GetTwitter-Consumer Secret"},{"processGroupName":"NiFi Flow","processorName":"Read Twitter Stream","processorId":"6d7e1f5a-87fc-3040-71cf-fd57606f8b12","processGroupId":"307679d2-015e-1000-47a5-49d1270cd220","processorType":"org.apache.nifi.processors.twitter.GetTwitter","key":"Languages","value":"en","expressionProperties":null,"propertyDescriptor":{"name":"Languages","displayName":"Languages","description":"A comma-separated list of languages for which tweets should be fetched","defaultValue":null,"allowableValues":null,"required":false,"sensitive":false,"dynamic":false,"supportsEl":false,"identifiesControllerService":null},"templateValue":"en","userEditable":false,"renderType":"text","renderOptions":{},"selected":true,"inputProperty":true,"containsConfigurationVariables":false,"sensitive":false,"required":true,"templateProperty":null,"nameKey":"NiFi Flow-Read Twitter Stream-Languages","idKey":"307679d2-015e-1000-47a5-49d1270cd220-6d7e1f5a-87fc-3040-71cf-fd57606f8b12-Languages","processorNameTypeKey":"Read Twitter Stream-org.apache.nifi.processors.twitter.GetTwitter-Languages"},{"processGroupName":"NiFi Flow","processorName":"Read Twitter Stream","processorId":"6d7e1f5a-87fc-3040-71cf-fd57606f8b12","processGroupId":"307679d2-015e-1000-47a5-49d1270cd220","processorType":"org.apache.nifi.processors.twitter.GetTwitter","key":"Terms to Filter On","value":"@katyperry,@justinbieber,@taylorswift13,@rihanna,@realDonaldTrump","expressionProperties":null,"propertyDescriptor":{"name":"Terms to Filter On","displayName":"Terms to Filter On","description":"A comma-separated list of terms to filter on. Ignored unless Endpoint is set to 'Filter Endpoint'. The filter works such that if any term matches, the status update will be retrieved; multiple terms separated by a space function as an 'AND'. I.e., 'it was, hello' will retrieve status updates that have either 'hello' or both 'it' AND 'was'","defaultValue":null,"allowableValues":null,"required":false,"sensitive":false,"dynamic":false,"supportsEl":false,"identifiesControllerService":null},"templateValue":"@katyperry,@justinbieber,@taylorswift13,@rihanna,@realDonaldTrump","userEditable":false,"renderType":"text","renderOptions":{},"selected":true,"inputProperty":true,"containsConfigurationVariables":false,"sensitive":false,"required":true,"templateProperty":null,"nameKey":"NiFi Flow-Read Twitter Stream-Terms to Filter On","idKey":"307679d2-015e-1000-47a5-49d1270cd220-6d7e1f5a-87fc-3040-71cf-fd57606f8b12-Terms to Filter On","processorNameTypeKey":"Read Twitter Stream-org.apache.nifi.processors.twitter.GetTwitter-Terms to Filter On"}],"type":"org.apache.nifi.processors.twitter.GetTwitter","name":"Read Twitter Stream","id":"6d7e1f5a-87fc-3040-71cf-fd57606f8b12","groupName":"NiFi Flow","groupId":"307679d2-015e-1000-47a5-49d1270cd220","inputProcessor":true,"userDefinedInputProcessor":false}],"id":"6d27aed9-1742-4ea2-b322-2df23c3ecb0f","nifiTemplateId":"b403aca3-44c4-4986-a46f-9a76ce47ad90","templateName":"Twitter Sentiment","updateDate":1504051852278,"createDate":1496333742870,"icon":"twitter","iconColor":"#FFCA28","description":null,"state":"ENABLED","defineTable":false,"reusableTemplate":false,"reusableTemplateConnections":[],"registeredDatasourceDefinitions":[{"processorType":"org.apache.nifi.processors.twitter.GetTwitter","processorName":"Read Twitter Stream","processorId":"6d7e1f5a-87fc-3040-0000-000000000000","datasourceDefinition":{"processorType":"org.apache.nifi.processors.twitter.GetTwitter","connectionType":"SOURCE","datasourcePropertyKeys":["IDs to Follow","Locations to Filter On","Terms to Filter On"],"datasourceType":"TwitterSource","identityString":"${IDs to Follow},${Locations to Filter On},${Terms to Filter On}","description":null,"title":"${IDs to Follow},${Locations to Filter On},${Terms to Filter On}"}}],"order":2,"templateOrder":null,"feedsCount":1,"templateTableOption":"NO_TABLE","timeBetweenStartingBatchJobs":1000,"stream":true,"allowPreconditions":false,"dataTransformation":false,"isStream":true}