<?xml version="1.0" ?>
<template encoding-version="1.1">
  <description></description>
  <groupId>23b2ed7b-0160-1000-8f97-6c6a9448fe4a</groupId>
  <name>Data Transformation</name>
  <snippet>
    <connections>
      <id>a0e56851-afb9-3f06-0000-000000000000</id>
      <parentGroupId>c3099721-7a47-39e8-0000-000000000000</parentGroupId>
      <backPressureDataSizeThreshold>0 MB</backPressureDataSizeThreshold>
      <backPressureObjectThreshold>0</backPressureObjectThreshold>
      <destination>
        <groupId>c3099721-7a47-39e8-0000-000000000000</groupId>
        <id>9ad6cd57-d5c6-3066-0000-000000000000</id>
        <type>PROCESSOR</type>
      </destination>
      <flowFileExpiration>0 sec</flowFileExpiration>
      <labelIndex>1</labelIndex>
      <name></name>
      <selectedRelationships>success</selectedRelationships>
      <source>
        <groupId>c3099721-7a47-39e8-0000-000000000000</groupId>
        <id>86ccc449-88c7-3c19-0000-000000000000</id>
        <type>PROCESSOR</type>
      </source>
      <zIndex>0</zIndex>
    </connections>
    <connections>
      <id>a5fe88fe-aaa5-3372-0000-000000000000</id>
      <parentGroupId>c3099721-7a47-39e8-0000-000000000000</parentGroupId>
      <backPressureDataSizeThreshold>0 MB</backPressureDataSizeThreshold>
      <backPressureObjectThreshold>0</backPressureObjectThreshold>
      <destination>
        <groupId>c3099721-7a47-39e8-0000-000000000000</groupId>
        <id>b712cc61-529a-395e-0000-000000000000</id>
        <type>OUTPUT_PORT</type>
      </destination>
      <flowFileExpiration>0 sec</flowFileExpiration>
      <labelIndex>1</labelIndex>
      <name></name>
      <selectedRelationships>success</selectedRelationships>
      <source>
        <groupId>c3099721-7a47-39e8-0000-000000000000</groupId>
        <id>9ad6cd57-d5c6-3066-0000-000000000000</id>
        <type>PROCESSOR</type>
      </source>
      <zIndex>0</zIndex>
    </connections>
    <connections>
      <id>cb917b6b-8941-3220-0000-000000000000</id>
      <parentGroupId>c3099721-7a47-39e8-0000-000000000000</parentGroupId>
      <backPressureDataSizeThreshold>0 MB</backPressureDataSizeThreshold>
      <backPressureObjectThreshold>0</backPressureObjectThreshold>
      <destination>
        <groupId>c3099721-7a47-39e8-0000-000000000000</groupId>
        <id>de4cb5aa-ce30-3792-0000-000000000000</id>
        <type>OUTPUT_PORT</type>
      </destination>
      <flowFileExpiration>0 sec</flowFileExpiration>
      <labelIndex>1</labelIndex>
      <name></name>
      <selectedRelationships>Success</selectedRelationships>
      <source>
        <groupId>c3099721-7a47-39e8-0000-000000000000</groupId>
        <id>1ff703e2-dd44-3287-0000-000000000000</id>
        <type>PROCESSOR</type>
      </source>
      <zIndex>0</zIndex>
    </connections>
    <controllerServices>
      <id>db389126-2d9c-344d-0000-000000000000</id>
      <parentGroupId>c3099721-7a47-39e8-0000-000000000000</parentGroupId>
      <bundle>
        <artifact>kylo-nifi-core-service-v1.2-nar</artifact>
        <group>default</group>
        <version>unversioned</version>
      </bundle>
      <comments></comments>
      <descriptors>
        <entry>
          <key>Spring Context Service</key>
          <value>
            <identifiesControllerService>com.thinkbiganalytics.nifi.core.api.spring.SpringContextService</identifiesControllerService>
            <name>Spring Context Service</name>
          </value>
        </entry>
      </descriptors>
      <name>Kylo Cleanup Service</name>
      <persistsState>false</persistsState>
      <properties>
        <entry>
          <key>Spring Context Service</key>
          <value>0f40f5b9-e643-3f0d-0000-000000000000</value>
        </entry>
      </properties>
      <state>ENABLED</state>
      <type>com.thinkbiganalytics.nifi.v2.core.cleanup.JmsCleanupEventService</type>
    </controllerServices>
    <controllerServices>
      <id>0f40f5b9-e643-3f0d-0000-000000000000</id>
      <parentGroupId>c3099721-7a47-39e8-0000-000000000000</parentGroupId>
      <bundle>
        <artifact>kylo-nifi-core-service-v1.2-nar</artifact>
        <group>default</group>
        <version>unversioned</version>
      </bundle>
      <comments></comments>
      <descriptors>
        <entry>
          <key>Configuraton Classes</key>
          <value>
            <name>Configuraton Classes</name>
          </value>
        </entry>
      </descriptors>
      <name>SpringContextLoaderService</name>
      <persistsState>false</persistsState>
      <properties>
        <entry>
          <key>Configuraton Classes</key>
        </entry>
      </properties>
      <state>ENABLED</state>
      <type>com.thinkbiganalytics.nifi.v2.core.spring.SpringContextLoaderService</type>
    </controllerServices>
    <controllerServices>
      <id>54e53759-9e54-3180-0000-000000000000</id>
      <parentGroupId>c3099721-7a47-39e8-0000-000000000000</parentGroupId>
      <bundle>
        <artifact>kylo-nifi-core-service-v1.2-nar</artifact>
        <group>default</group>
        <version>unversioned</version>
      </bundle>
      <comments></comments>
      <descriptors>
        <entry>
          <key>Implementation</key>
          <value>
            <name>Implementation</name>
          </value>
        </entry>
        <entry>
          <key>rest-client-url</key>
          <value>
            <name>rest-client-url</name>
          </value>
        </entry>
        <entry>
          <key>client-username</key>
          <value>
            <name>client-username</name>
          </value>
        </entry>
        <entry>
          <key>client-password</key>
          <value>
            <name>client-password</name>
          </value>
        </entry>
        <entry>
          <key>SSL Context Service</key>
          <value>
            <identifiesControllerService>org.apache.nifi.ssl.SSLContextService</identifiesControllerService>
            <name>SSL Context Service</name>
          </value>
        </entry>
      </descriptors>
      <name>Kylo Metadata Service</name>
      <persistsState>false</persistsState>
      <properties>
        <entry>
          <key>Implementation</key>
          <value>REMOTE</value>
        </entry>
        <entry>
          <key>rest-client-url</key>
          <value>http://localhost:8400/proxy/v1/metadata</value>
        </entry>
        <entry>
          <key>client-username</key>
          <value>dladmin</value>
        </entry>
        <entry>
          <key>client-password</key>
        </entry>
        <entry>
          <key>SSL Context Service</key>
        </entry>
      </properties>
      <state>ENABLED</state>
      <type>com.thinkbiganalytics.nifi.v2.core.metadata.MetadataProviderSelectorService</type>
    </controllerServices>
    <labels>
      <id>a27b0ae1-c555-3af9-0000-000000000000</id>
      <parentGroupId>c3099721-7a47-39e8-0000-000000000000</parentGroupId>
      <position>
        <x>0.0</x>
        <y>234.75190570039285</y>
      </position>
      <height>197.2283477783203</height>
      <label>Cleanup</label>
      <style>
        <entry>
          <key>background-color</key>
          <value>#dbdbdb</value>
        </entry>
        <entry>
          <key>font-size</key>
          <value>18px</value>
        </entry>
      </style>
      <width>1058.77734375</width>
    </labels>
    <outputPorts>
      <id>b712cc61-529a-395e-0000-000000000000</id>
      <parentGroupId>c3099721-7a47-39e8-0000-000000000000</parentGroupId>
      <position>
        <x>1327.90885286115</x>
        <y>32.2829072646673</y>
      </position>
      <comments></comments>
      <concurrentlySchedulableTaskCount>1</concurrentlySchedulableTaskCount>
      <name>to-wrangler-port</name>
      <state>STOPPED</state>
      <transmitting>false</transmitting>
      <type>OUTPUT_PORT</type>
    </outputPorts>
    <outputPorts>
      <id>de4cb5aa-ce30-3792-0000-000000000000</id>
      <parentGroupId>c3099721-7a47-39e8-0000-000000000000</parentGroupId>
      <position>
        <x>735.6540158250173</x>
        <y>298.45156937404136</y>
      </position>
      <comments></comments>
      <concurrentlySchedulableTaskCount>1</concurrentlySchedulableTaskCount>
      <name>to-wrangler-cleanup-port</name>
      <state>STOPPED</state>
      <transmitting>false</transmitting>
      <type>OUTPUT_PORT</type>
    </outputPorts>
    <processors>
      <id>86ccc449-88c7-3c19-0000-000000000000</id>
      <parentGroupId>c3099721-7a47-39e8-0000-000000000000</parentGroupId>
      <position>
        <x>37.498717315225804</x>
        <y>0.0</y>
      </position>
      <bundle>
        <artifact>nifi-standard-nar</artifact>
        <group>org.apache.nifi</group>
        <version>1.3.0</version>
      </bundle>
      <config>
        <bulletinLevel>WARN</bulletinLevel>
        <comments></comments>
        <concurrentlySchedulableTaskCount>1</concurrentlySchedulableTaskCount>
        <descriptors>
          <entry>
            <key>File Size</key>
            <value>
              <name>File Size</name>
            </value>
          </entry>
          <entry>
            <key>Batch Size</key>
            <value>
              <name>Batch Size</name>
            </value>
          </entry>
          <entry>
            <key>Data Format</key>
            <value>
              <name>Data Format</name>
            </value>
          </entry>
          <entry>
            <key>Unique FlowFiles</key>
            <value>
              <name>Unique FlowFiles</name>
            </value>
          </entry>
          <entry>
            <key>generate-ff-custom-text</key>
            <value>
              <name>generate-ff-custom-text</name>
            </value>
          </entry>
        </descriptors>
        <executionNode>ALL</executionNode>
        <lossTolerant>false</lossTolerant>
        <penaltyDuration>30 sec</penaltyDuration>
        <properties>
          <entry>
            <key>File Size</key>
            <value>0 B</value>
          </entry>
          <entry>
            <key>Batch Size</key>
            <value>1</value>
          </entry>
          <entry>
            <key>Data Format</key>
            <value>Binary</value>
          </entry>
          <entry>
            <key>Unique FlowFiles</key>
            <value>false</value>
          </entry>
          <entry>
            <key>generate-ff-custom-text</key>
          </entry>
        </properties>
        <runDurationMillis>0</runDurationMillis>
        <schedulingPeriod>1 hr</schedulingPeriod>
        <schedulingStrategy>TIMER_DRIVEN</schedulingStrategy>
        <yieldDuration>1 sec</yieldDuration>
      </config>
      <name>Run Feed</name>
      <relationships>
        <autoTerminate>false</autoTerminate>
        <name>success</name>
      </relationships>
      <style>
        <entry>
          <key>background-color</key>
          <value>#11f237</value>
        </entry>
      </style>
      <type>org.apache.nifi.processors.standard.GenerateFlowFile</type>
    </processors>
    <processors>
      <id>9ad6cd57-d5c6-3066-0000-000000000000</id>
      <parentGroupId>c3099721-7a47-39e8-0000-000000000000</parentGroupId>
      <position>
        <x>694.8652486872961</x>
        <y>2.229151611328234</y>
      </position>
      <bundle>
        <artifact>nifi-update-attribute-nar</artifact>
        <group>org.apache.nifi</group>
        <version>1.3.0</version>
      </bundle>
      <config>
        <bulletinLevel>WARN</bulletinLevel>
        <comments></comments>
        <concurrentlySchedulableTaskCount>1</concurrentlySchedulableTaskCount>
        <descriptors>
          <entry>
            <key>Delete Attributes Expression</key>
            <value>
              <name>Delete Attributes Expression</name>
            </value>
          </entry>
          <entry>
            <key>Store State</key>
            <value>
              <name>Store State</name>
            </value>
          </entry>
          <entry>
            <key>Stateful Variables Initial Value</key>
            <value>
              <name>Stateful Variables Initial Value</name>
            </value>
          </entry>
          <entry>
            <key>category</key>
            <value>
              <name>category</name>
            </value>
          </entry>
          <entry>
            <key>feed</key>
            <value>
              <name>feed</name>
            </value>
          </entry>
          <entry>
            <key>hdfs.ingest.root</key>
            <value>
              <name>hdfs.ingest.root</name>
            </value>
          </entry>
          <entry>
            <key>hive.ingest.root</key>
            <value>
              <name>hive.ingest.root</name>
            </value>
          </entry>
          <entry>
            <key>hive.master.root</key>
            <value>
              <name>hive.master.root</name>
            </value>
          </entry>
          <entry>
            <key>metadata.dataTransformation.datasourceIds</key>
            <value>
              <name>metadata.dataTransformation.datasourceIds</name>
            </value>
          </entry>
          <entry>
            <key>metadata.dataTransformation.dataTransformScript</key>
            <value>
              <name>metadata.dataTransformation.dataTransformScript</name>
            </value>
          </entry>
          <entry>
            <key>metadata.table.feedFieldStructure</key>
            <value>
              <name>metadata.table.feedFieldStructure</name>
            </value>
          </entry>
          <entry>
            <key>metadata.table.feedFormat</key>
            <value>
              <name>metadata.table.feedFormat</name>
            </value>
          </entry>
          <entry>
            <key>metadata.table.fieldIndexString</key>
            <value>
              <name>metadata.table.fieldIndexString</name>
            </value>
          </entry>
          <entry>
            <key>metadata.table.fieldPoliciesJson</key>
            <value>
              <name>metadata.table.fieldPoliciesJson</name>
            </value>
          </entry>
          <entry>
            <key>metadata.table.fieldStructure</key>
            <value>
              <name>metadata.table.fieldStructure</name>
            </value>
          </entry>
          <entry>
            <key>metadata.table.partitionSpecs</key>
            <value>
              <name>metadata.table.partitionSpecs</name>
            </value>
          </entry>
          <entry>
            <key>metadata.table.partitionStructure</key>
            <value>
              <name>metadata.table.partitionStructure</name>
            </value>
          </entry>
          <entry>
            <key>metadata.table.targetFormat</key>
            <value>
              <name>metadata.table.targetFormat</name>
            </value>
          </entry>
          <entry>
            <key>metadata.table.targetMergeStrategy</key>
            <value>
              <name>metadata.table.targetMergeStrategy</name>
            </value>
          </entry>
          <entry>
            <key>metadata.table.targetTblProperties</key>
            <value>
              <name>metadata.table.targetTblProperties</name>
            </value>
          </entry>
          <entry>
            <key>nifi.home</key>
            <value>
              <name>nifi.home</name>
            </value>
          </entry>
          <entry>
            <key>spark.input_folder</key>
            <value>
              <name>spark.input_folder</name>
            </value>
          </entry>
          <entry>
            <key>spark.version</key>
            <value>
              <name>spark.version</name>
            </value>
          </entry>
        </descriptors>
        <executionNode>ALL</executionNode>
        <lossTolerant>false</lossTolerant>
        <penaltyDuration>30 sec</penaltyDuration>
        <properties>
          <entry>
            <key>Delete Attributes Expression</key>
          </entry>
          <entry>
            <key>Store State</key>
            <value>Store state locally</value>
          </entry>
          <entry>
            <key>Stateful Variables Initial Value</key>
            <value></value>
          </entry>
          <entry>
            <key>category</key>
            <value>${metadata.category.systemName}</value>
          </entry>
          <entry>
            <key>feed</key>
            <value>${metadata.systemFeedName}</value>
          </entry>
          <entry>
            <key>hdfs.ingest.root</key>
            <value>${config.hdfs.ingest.root}</value>
          </entry>
          <entry>
            <key>hive.ingest.root</key>
            <value>${config.hive.ingest.root}</value>
          </entry>
          <entry>
            <key>hive.master.root</key>
            <value>${config.hive.master.root}</value>
          </entry>
          <entry>
            <key>metadata.dataTransformation.datasourceIds</key>
            <value>${metadata.dataTransformation.datasourceIds}</value>
          </entry>
          <entry>
            <key>metadata.dataTransformation.dataTransformScript</key>
            <value>${metadata.dataTransformation.dataTransformScript}</value>
          </entry>
          <entry>
            <key>metadata.table.feedFieldStructure</key>
            <value>${metadata.table.feedFieldStructure}</value>
          </entry>
          <entry>
            <key>metadata.table.feedFormat</key>
            <value>${metadata.table.feedFormat}</value>
          </entry>
          <entry>
            <key>metadata.table.fieldIndexString</key>
            <value>${metadata.table.fieldIndexString}</value>
          </entry>
          <entry>
            <key>metadata.table.fieldPoliciesJson</key>
            <value>${metadata.table.fieldPoliciesJson}</value>
          </entry>
          <entry>
            <key>metadata.table.fieldStructure</key>
            <value>${metadata.table.fieldStructure}</value>
          </entry>
          <entry>
            <key>metadata.table.partitionSpecs</key>
            <value>${metadata.table.partitionSpecs}</value>
          </entry>
          <entry>
            <key>metadata.table.partitionStructure</key>
            <value>${metadata.table.partitionStructure}</value>
          </entry>
          <entry>
            <key>metadata.table.targetFormat</key>
            <value>${metadata.table.targetFormat}</value>
          </entry>
          <entry>
            <key>metadata.table.targetMergeStrategy</key>
            <value>${metadata.table.targetMergeStrategy}</value>
          </entry>
          <entry>
            <key>metadata.table.targetTblProperties</key>
            <value>${metadata.table.targetTblProperties}</value>
          </entry>
          <entry>
            <key>nifi.home</key>
            <value>${config.nifi.home}</value>
          </entry>
          <entry>
            <key>spark.input_folder</key>
            <value>/tmp</value>
          </entry>
          <entry>
            <key>spark.version</key>
            <value>${config.spark.version}</value>
          </entry>
        </properties>
        <runDurationMillis>0</runDurationMillis>
        <schedulingPeriod>0 sec</schedulingPeriod>
        <schedulingStrategy>TIMER_DRIVEN</schedulingStrategy>
        <yieldDuration>1 sec</yieldDuration>
      </config>
      <name>Update flow parameters</name>
      <relationships>
        <autoTerminate>true</autoTerminate>
        <name>set state fail</name>
      </relationships>
      <relationships>
        <autoTerminate>false</autoTerminate>
        <name>success</name>
      </relationships>
      <style>
        <entry>
          <key>background-color</key>
          <value>#11f237</value>
        </entry>
      </style>
      <type>org.apache.nifi.processors.attributes.UpdateAttribute</type>
    </processors>
    <processors>
      <id>1ff703e2-dd44-3287-0000-000000000000</id>
      <parentGroupId>c3099721-7a47-39e8-0000-000000000000</parentGroupId>
      <position>
        <x>54.24555727509869</x>
        <y>270.47972416851644</y>
      </position>
      <bundle>
        <artifact>kylo-nifi-core-v1.2-nar</artifact>
        <group>default</group>
        <version>unversioned</version>
      </bundle>
      <config>
        <bulletinLevel>WARN</bulletinLevel>
        <comments></comments>
        <concurrentlySchedulableTaskCount>1</concurrentlySchedulableTaskCount>
        <descriptors>
          <entry>
            <key>Feed Cleanup Event Service</key>
            <value>
              <identifiesControllerService>com.thinkbiganalytics.nifi.core.api.cleanup.CleanupEventService</identifiesControllerService>
              <name>Feed Cleanup Event Service</name>
            </value>
          </entry>
          <entry>
            <key>Metadata Provider Service</key>
            <value>
              <identifiesControllerService>com.thinkbiganalytics.nifi.core.api.metadata.MetadataProviderService</identifiesControllerService>
              <name>Metadata Provider Service</name>
            </value>
          </entry>
          <entry>
            <key>System feed category</key>
            <value>
              <name>System feed category</name>
            </value>
          </entry>
          <entry>
            <key>System feed name</key>
            <value>
              <name>System feed name</name>
            </value>
          </entry>
        </descriptors>
        <executionNode>ALL</executionNode>
        <lossTolerant>false</lossTolerant>
        <penaltyDuration>30 sec</penaltyDuration>
        <properties>
          <entry>
            <key>Feed Cleanup Event Service</key>
            <value>db389126-2d9c-344d-0000-000000000000</value>
          </entry>
          <entry>
            <key>Metadata Provider Service</key>
            <value>54e53759-9e54-3180-0000-000000000000</value>
          </entry>
          <entry>
            <key>System feed category</key>
            <value>${metadata.category.systemName}</value>
          </entry>
          <entry>
            <key>System feed name</key>
            <value>${metadata.systemFeedName}</value>
          </entry>
        </properties>
        <runDurationMillis>0</runDurationMillis>
        <schedulingPeriod>0 sec</schedulingPeriod>
        <schedulingStrategy>TIMER_DRIVEN</schedulingStrategy>
        <yieldDuration>1 sec</yieldDuration>
      </config>
      <name>Trigger Cleanup</name>
      <relationships>
        <autoTerminate>false</autoTerminate>
        <name>Success</name>
      </relationships>
      <style>
        <entry>
          <key>background-color</key>
          <value>#ff9900</value>
        </entry>
      </style>
      <type>com.thinkbiganalytics.nifi.v2.metadata.TriggerCleanup</type>
    </processors>
  </snippet>
  <timestamp>12/19/2017 22:14:31 UTC</timestamp>
</template>