<?xml version="1.0" ?>
<template encoding-version="1.0">
  <description></description>
  <groupId>7c664aaf-3d33-447e-89d1-457b0feb68e9</groupId>
  <name>data-transformation</name>
  <snippet>
    <connections>
      <id>807aafe2-8bfe-4637-0000-000000000000</id>
      <parentGroupId>7c664aaf-3d33-447e-0000-000000000000</parentGroupId>
      <backPressureDataSizeThreshold>0 MB</backPressureDataSizeThreshold>
      <backPressureObjectThreshold>0</backPressureObjectThreshold>
      <destination>
        <groupId>7c664aaf-3d33-447e-0000-000000000000</groupId>
        <id>395ebb68-e796-4153-0000-000000000000</id>
        <type>PROCESSOR</type>
      </destination>
      <flowFileExpiration>0 sec</flowFileExpiration>
      <labelIndex>1</labelIndex>
      <name></name>
      <selectedRelationships>success</selectedRelationships>
      <source>
        <groupId>7c664aaf-3d33-447e-0000-000000000000</groupId>
        <id>9d48e982-8c3e-4b85-0000-000000000000</id>
        <type>PROCESSOR</type>
      </source>
      <zIndex>0</zIndex>
    </connections>
    <connections>
      <id>8e3c3411-72a0-4010-0000-000000000000</id>
      <parentGroupId>7c664aaf-3d33-447e-0000-000000000000</parentGroupId>
      <backPressureDataSizeThreshold>0 MB</backPressureDataSizeThreshold>
      <backPressureObjectThreshold>0</backPressureObjectThreshold>
      <destination>
        <groupId>7c664aaf-3d33-447e-0000-000000000000</groupId>
        <id>9cd52683-e96e-4df6-0000-000000000000</id>
        <type>PROCESSOR</type>
      </destination>
      <flowFileExpiration>0 sec</flowFileExpiration>
      <labelIndex>1</labelIndex>
      <name></name>
      <selectedRelationships>success</selectedRelationships>
      <source>
        <groupId>7c664aaf-3d33-447e-0000-000000000000</groupId>
        <id>a9ff3a63-4050-4a2e-0000-000000000000</id>
        <type>PROCESSOR</type>
      </source>
      <zIndex>0</zIndex>
    </connections>
    <connections>
      <id>a3cb8c3d-24e8-43a0-0000-000000000000</id>
      <parentGroupId>7c664aaf-3d33-447e-0000-000000000000</parentGroupId>
      <backPressureDataSizeThreshold>0 MB</backPressureDataSizeThreshold>
      <backPressureObjectThreshold>0</backPressureObjectThreshold>
      <destination>
        <groupId>7c664aaf-3d33-447e-0000-000000000000</groupId>
        <id>9d48e982-8c3e-4b85-0000-000000000000</id>
        <type>PROCESSOR</type>
      </destination>
      <flowFileExpiration>0 sec</flowFileExpiration>
      <labelIndex>1</labelIndex>
      <name></name>
      <selectedRelationships>success</selectedRelationships>
      <source>
        <groupId>7c664aaf-3d33-447e-0000-000000000000</groupId>
        <id>5d9ca1f8-7902-4b5e-0000-000000000000</id>
        <type>PROCESSOR</type>
      </source>
      <zIndex>0</zIndex>
    </connections>
    <connections>
      <id>aa3fced2-fab3-4c84-0000-000000000000</id>
      <parentGroupId>7c664aaf-3d33-447e-0000-000000000000</parentGroupId>
      <backPressureDataSizeThreshold>0 MB</backPressureDataSizeThreshold>
      <backPressureObjectThreshold>0</backPressureObjectThreshold>
      <destination>
        <groupId>7c664aaf-3d33-447e-0000-000000000000</groupId>
        <id>2b54e035-d301-463f-0000-000000000000</id>
        <type>PROCESSOR</type>
      </destination>
      <flowFileExpiration>0 sec</flowFileExpiration>
      <labelIndex>1</labelIndex>
      <name></name>
      <selectedRelationships>success</selectedRelationships>
      <source>
        <groupId>7c664aaf-3d33-447e-0000-000000000000</groupId>
        <id>9cd52683-e96e-4df6-0000-000000000000</id>
        <type>PROCESSOR</type>
      </source>
      <zIndex>0</zIndex>
    </connections>
    <connections>
      <id>b5e192ed-e72e-451e-0000-000000000000</id>
      <parentGroupId>7c664aaf-3d33-447e-0000-000000000000</parentGroupId>
      <backPressureDataSizeThreshold>0 MB</backPressureDataSizeThreshold>
      <backPressureObjectThreshold>0</backPressureObjectThreshold>
      <destination>
        <groupId>7c664aaf-3d33-447e-0000-000000000000</groupId>
        <id>56eb2c4d-2450-4a1d-0000-000000000000</id>
        <type>PROCESSOR</type>
      </destination>
      <flowFileExpiration>0 sec</flowFileExpiration>
      <labelIndex>1</labelIndex>
      <name></name>
      <selectedRelationships>failure</selectedRelationships>
      <source>
        <groupId>7c664aaf-3d33-447e-0000-000000000000</groupId>
        <id>5d9ca1f8-7902-4b5e-0000-000000000000</id>
        <type>PROCESSOR</type>
      </source>
      <zIndex>0</zIndex>
    </connections>
    <connections>
      <id>eb2cba5d-c435-40f2-0000-000000000000</id>
      <parentGroupId>7c664aaf-3d33-447e-0000-000000000000</parentGroupId>
      <backPressureDataSizeThreshold>0 MB</backPressureDataSizeThreshold>
      <backPressureObjectThreshold>0</backPressureObjectThreshold>
      <destination>
        <groupId>7c664aaf-3d33-447e-0000-000000000000</groupId>
        <id>15dd42fc-ed6a-4b1a-0000-000000000000</id>
        <type>PROCESSOR</type>
      </destination>
      <flowFileExpiration>0 sec</flowFileExpiration>
      <labelIndex>1</labelIndex>
      <name></name>
      <selectedRelationships>Initialize</selectedRelationships>
      <source>
        <groupId>7c664aaf-3d33-447e-0000-000000000000</groupId>
        <id>72e11063-8712-49c4-0000-000000000000</id>
        <type>PROCESSOR</type>
      </source>
      <zIndex>0</zIndex>
    </connections>
    <connections>
      <id>01581003-8afa-1a78-0000-000000000000</id>
      <parentGroupId>7c664aaf-3d33-447e-0000-000000000000</parentGroupId>
      <backPressureDataSizeThreshold>1 GB</backPressureDataSizeThreshold>
      <backPressureObjectThreshold>10000</backPressureObjectThreshold>
      <destination>
        <groupId>7c664aaf-3d33-447e-0000-000000000000</groupId>
        <id>09b745e4-197c-1ec3-0000-000000000000</id>
        <type>PROCESSOR</type>
      </destination>
      <flowFileExpiration>0 sec</flowFileExpiration>
      <labelIndex>1</labelIndex>
      <name></name>
      <selectedRelationships>success</selectedRelationships>
      <source>
        <groupId>7c664aaf-3d33-447e-0000-000000000000</groupId>
        <id>7e394274-8d85-1760-0000-000000000000</id>
        <type>PROCESSOR</type>
      </source>
      <zIndex>0</zIndex>
    </connections>
    <connections>
      <id>01581004-8afa-1a78-0000-000000000000</id>
      <parentGroupId>7c664aaf-3d33-447e-0000-000000000000</parentGroupId>
      <backPressureDataSizeThreshold>1 GB</backPressureDataSizeThreshold>
      <backPressureObjectThreshold>10000</backPressureObjectThreshold>
      <destination>
        <groupId>7c664aaf-3d33-447e-0000-000000000000</groupId>
        <id>7e394274-8d85-1760-0000-000000000000</id>
        <type>PROCESSOR</type>
      </destination>
      <flowFileExpiration>0 sec</flowFileExpiration>
      <labelIndex>1</labelIndex>
      <name></name>
      <selectedRelationships>success</selectedRelationships>
      <source>
        <groupId>7c664aaf-3d33-447e-0000-000000000000</groupId>
        <id>72e11063-8712-49c4-0000-000000000000</id>
        <type>PROCESSOR</type>
      </source>
      <zIndex>0</zIndex>
    </connections>
    <connections>
      <id>1260a2a4-384f-4a0d-0000-000000000000</id>
      <parentGroupId>7c664aaf-3d33-447e-0000-000000000000</parentGroupId>
      <backPressureDataSizeThreshold>0 MB</backPressureDataSizeThreshold>
      <backPressureObjectThreshold>0</backPressureObjectThreshold>
      <destination>
        <groupId>7c664aaf-3d33-447e-0000-000000000000</groupId>
        <id>56eb2c4d-2450-4a1d-0000-000000000000</id>
        <type>PROCESSOR</type>
      </destination>
      <flowFileExpiration>0 sec</flowFileExpiration>
      <labelIndex>1</labelIndex>
      <name></name>
      <selectedRelationships>failure</selectedRelationships>
      <source>
        <groupId>7c664aaf-3d33-447e-0000-000000000000</groupId>
        <id>395ebb68-e796-4153-0000-000000000000</id>
        <type>PROCESSOR</type>
      </source>
      <zIndex>0</zIndex>
    </connections>
    <connections>
      <id>4503a4ad-1b60-4d7f-0000-000000000000</id>
      <parentGroupId>7c664aaf-3d33-447e-0000-000000000000</parentGroupId>
      <backPressureDataSizeThreshold>0 MB</backPressureDataSizeThreshold>
      <backPressureObjectThreshold>0</backPressureObjectThreshold>
      <destination>
        <groupId>7c664aaf-3d33-447e-0000-000000000000</groupId>
        <id>5d9ca1f8-7902-4b5e-0000-000000000000</id>
        <type>PROCESSOR</type>
      </destination>
      <flowFileExpiration>0 sec</flowFileExpiration>
      <labelIndex>1</labelIndex>
      <name></name>
      <selectedRelationships>success</selectedRelationships>
      <source>
        <groupId>7c664aaf-3d33-447e-0000-000000000000</groupId>
        <id>15dd42fc-ed6a-4b1a-0000-000000000000</id>
        <type>PROCESSOR</type>
      </source>
      <zIndex>0</zIndex>
    </connections>
    <connections>
      <id>4bff7a11-22b9-4900-0000-000000000000</id>
      <parentGroupId>7c664aaf-3d33-447e-0000-000000000000</parentGroupId>
      <backPressureDataSizeThreshold>0 MB</backPressureDataSizeThreshold>
      <backPressureObjectThreshold>0</backPressureObjectThreshold>
      <destination>
        <groupId>7c664aaf-3d33-447e-0000-000000000000</groupId>
        <id>a9ff3a63-4050-4a2e-0000-000000000000</id>
        <type>PROCESSOR</type>
      </destination>
      <flowFileExpiration>0 sec</flowFileExpiration>
      <labelIndex>1</labelIndex>
      <name></name>
      <source>
        <groupId>7c664aaf-3d33-447e-0000-000000000000</groupId>
        <id>62b22510-7162-4343-0000-000000000000</id>
        <type>INPUT_PORT</type>
      </source>
      <zIndex>0</zIndex>
    </connections>
    <connections>
      <id>4e9a73ce-b465-4d62-0000-000000000000</id>
      <parentGroupId>7c664aaf-3d33-447e-0000-000000000000</parentGroupId>
      <backPressureDataSizeThreshold>0 MB</backPressureDataSizeThreshold>
      <backPressureObjectThreshold>0</backPressureObjectThreshold>
      <destination>
        <groupId>7c664aaf-3d33-447e-0000-000000000000</groupId>
        <id>56eb2c4d-2450-4a1d-0000-000000000000</id>
        <type>PROCESSOR</type>
      </destination>
      <flowFileExpiration>0 sec</flowFileExpiration>
      <labelIndex>1</labelIndex>
      <name></name>
      <selectedRelationships>failure</selectedRelationships>
      <source>
        <groupId>7c664aaf-3d33-447e-0000-000000000000</groupId>
        <id>9d48e982-8c3e-4b85-0000-000000000000</id>
        <type>PROCESSOR</type>
      </source>
      <zIndex>0</zIndex>
    </connections>
    <connections>
      <id>6d288553-c618-4333-0000-000000000000</id>
      <parentGroupId>7c664aaf-3d33-447e-0000-000000000000</parentGroupId>
      <backPressureDataSizeThreshold>0 MB</backPressureDataSizeThreshold>
      <backPressureObjectThreshold>0</backPressureObjectThreshold>
      <destination>
        <groupId>7c664aaf-3d33-447e-0000-000000000000</groupId>
        <id>72e11063-8712-49c4-0000-000000000000</id>
        <type>PROCESSOR</type>
      </destination>
      <flowFileExpiration>0 sec</flowFileExpiration>
      <labelIndex>1</labelIndex>
      <name></name>
      <selectedRelationships>success</selectedRelationships>
      <source>
        <groupId>7c664aaf-3d33-447e-0000-000000000000</groupId>
        <id>6ef10d11-3794-4f9e-0000-000000000000</id>
        <type>PROCESSOR</type>
      </source>
      <zIndex>0</zIndex>
    </connections>
    <connections>
      <id>72447d53-e790-4a13-0000-000000000000</id>
      <parentGroupId>7c664aaf-3d33-447e-0000-000000000000</parentGroupId>
      <backPressureDataSizeThreshold>0 MB</backPressureDataSizeThreshold>
      <backPressureObjectThreshold>0</backPressureObjectThreshold>
      <destination>
        <groupId>7c664aaf-3d33-447e-0000-000000000000</groupId>
        <id>56eb2c4d-2450-4a1d-0000-000000000000</id>
        <type>PROCESSOR</type>
      </destination>
      <flowFileExpiration>0 sec</flowFileExpiration>
      <labelIndex>1</labelIndex>
      <name></name>
      <selectedRelationships>failure</selectedRelationships>
      <source>
        <groupId>7c664aaf-3d33-447e-0000-000000000000</groupId>
        <id>15dd42fc-ed6a-4b1a-0000-000000000000</id>
        <type>PROCESSOR</type>
      </source>
      <zIndex>0</zIndex>
    </connections>
    <connections>
      <id>7e3324da-0faf-43c1-0000-000000000000</id>
      <parentGroupId>7c664aaf-3d33-447e-0000-000000000000</parentGroupId>
      <backPressureDataSizeThreshold>0 MB</backPressureDataSizeThreshold>
      <backPressureObjectThreshold>0</backPressureObjectThreshold>
      <destination>
        <groupId>7c664aaf-3d33-447e-0000-000000000000</groupId>
        <id>6ef10d11-3794-4f9e-0000-000000000000</id>
        <type>PROCESSOR</type>
      </destination>
      <flowFileExpiration>0 sec</flowFileExpiration>
      <labelIndex>1</labelIndex>
      <name></name>
      <source>
        <groupId>7c664aaf-3d33-447e-0000-000000000000</groupId>
        <id>268b7441-007e-4f88-0000-000000000000</id>
        <type>INPUT_PORT</type>
      </source>
      <zIndex>0</zIndex>
    </connections>
    <controllerServices>
      <id>81b8d7a8-8039-41ac-0000-000000000000</id>
      <parentGroupId>7c664aaf-3d33-447e-0000-000000000000</parentGroupId>
      <comments></comments>
      <descriptors>
        <entry>
          <key>Hadoop Configuration Resources</key>
          <value>
            <name>Hadoop Configuration Resources</name>
          </value>
        </entry>
        <entry>
          <key>Kerberos Keytab</key>
          <value>
            <name>Kerberos Keytab</name>
          </value>
        </entry>
        <entry>
          <key>Database Connection URL</key>
          <value>
            <name>Database Connection URL</name>
          </value>
        </entry>
        <entry>
          <key>Max Wait Time</key>
          <value>
            <name>Max Wait Time</name>
          </value>
        </entry>
        <entry>
          <key>Database Driver Class Name</key>
          <value>
            <name>Database Driver Class Name</name>
          </value>
        </entry>
        <entry>
          <key>Database User</key>
          <value>
            <name>Database User</name>
          </value>
        </entry>
        <entry>
          <key>Database Driver Jar Url</key>
          <value>
            <name>Database Driver Jar Url</name>
          </value>
        </entry>
        <entry>
          <key>Kerberos Principal</key>
          <value>
            <name>Kerberos Principal</name>
          </value>
        </entry>
        <entry>
          <key>Max Total Connections</key>
          <value>
            <name>Max Total Connections</name>
          </value>
        </entry>
        <entry>
          <key>Password</key>
          <value>
            <name>Password</name>
          </value>
        </entry>
        <entry>
          <key>Validation Query</key>
          <value>
            <name>Validation Query</name>
          </value>
        </entry>
      </descriptors>
      <name>Hive Thrift Service</name>
      <properties>
        <entry>
          <key>Hadoop Configuration Resources</key>
        </entry>
        <entry>
          <key>Kerberos Keytab</key>
        </entry>
        <entry>
          <key>Database Connection URL</key>
          <value>jdbc:hive2://localhost:10000/default</value>
        </entry>
        <entry>
          <key>Max Wait Time</key>
          <value>500 millis</value>
        </entry>
        <entry>
          <key>Database Driver Class Name</key>
          <value>org.apache.hive.jdbc.HiveDriver</value>
        </entry>
        <entry>
          <key>Database User</key>
          <value>nifi</value>
        </entry>
        <entry>
          <key>Database Driver Jar Url</key>
        </entry>
        <entry>
          <key>Kerberos Principal</key>
        </entry>
        <entry>
          <key>Max Total Connections</key>
          <value>8</value>
        </entry>
        <entry>
          <key>Password</key>
        </entry>
        <entry>
          <key>Validation Query</key>
          <value>show tables 'test'</value>
        </entry>
      </properties>
      <state>ENABLED</state>
      <type>com.thinkbiganalytics.nifi.v2.thrift.ThriftConnectionPool</type>
    </controllerServices>
    <controllerServices>
      <id>30c2c746-ad7d-457f-0000-000000000000</id>
      <parentGroupId>7c664aaf-3d33-447e-0000-000000000000</parentGroupId>
      <comments></comments>
      <descriptors>
        <entry>
          <key>client-password</key>
          <value>
            <name>client-password</name>
          </value>
        </entry>
        <entry>
          <key>SSL Context Service</key>
          <value>
            <identifiesControllerService>org.apache.nifi.ssl.SSLContextService</identifiesControllerService>
            <name>SSL Context Service</name>
          </value>
        </entry>
        <entry>
          <key>client-username</key>
          <value>
            <name>client-username</name>
          </value>
        </entry>
        <entry>
          <key>Implementation</key>
          <value>
            <name>Implementation</name>
          </value>
        </entry>
        <entry>
          <key>rest-client-url</key>
          <value>
            <name>rest-client-url</name>
          </value>
        </entry>
      </descriptors>
      <name>Think Big Metadata Service</name>
      <properties>
        <entry>
          <key>client-password</key>
          <value></value>
        </entry>
        <entry>
          <key>SSL Context Service</key>
        </entry>
        <entry>
          <key>client-username</key>
          <value>dladmin</value>
        </entry>
        <entry>
          <key>Implementation</key>
          <value>REMOTE</value>
        </entry>
        <entry>
          <key>rest-client-url</key>
          <value>http://localhost:8400/proxy/metadata</value>
        </entry>
      </properties>
      <state>ENABLED</state>
      <type>com.thinkbiganalytics.nifi.v2.core.metadata.MetadataProviderSelectorService</type>
    </controllerServices>
    <inputPorts>
      <id>268b7441-007e-4f88-0000-000000000000</id>
      <parentGroupId>7c664aaf-3d33-447e-0000-000000000000</parentGroupId>
      <position>
        <x>293.3106438089934</x>
        <y>25.119454832920383</y>
      </position>
      <comments></comments>
      <concurrentlySchedulableTaskCount>1</concurrentlySchedulableTaskCount>
      <name>wrangler-input-port</name>
      <state>STOPPED</state>
      <transmitting>false</transmitting>
      <type>INPUT_PORT</type>
    </inputPorts>
    <inputPorts>
      <id>62b22510-7162-4343-0000-000000000000</id>
      <parentGroupId>7c664aaf-3d33-447e-0000-000000000000</parentGroupId>
      <position>
        <x>0.0</x>
        <y>1226.7098466129783</y>
      </position>
      <comments></comments>
      <concurrentlySchedulableTaskCount>1</concurrentlySchedulableTaskCount>
      <name>wrangler-cleanup-port</name>
      <state>STOPPED</state>
      <transmitting>false</transmitting>
      <type>INPUT_PORT</type>
    </inputPorts>
    <labels>
      <id>957a4037-0339-49a6-0000-000000000000</id>
      <parentGroupId>7c664aaf-3d33-447e-0000-000000000000</parentGroupId>
      <position>
        <x>1415.6188088643153</x>
        <y>199.55034621423238</y>
      </position>
      <height>832.6600341796875</height>
      <label>One-time registration</label>
      <style>
        <entry>
          <key>background-color</key>
          <value>#dbdbdb</value>
        </entry>
        <entry>
          <key>font-size</key>
          <value>18px</value>
        </entry>
      </style>
      <width>1257.556396484375</width>
    </labels>
    <labels>
      <id>fa853c4f-ea44-491c-0000-000000000000</id>
      <parentGroupId>7c664aaf-3d33-447e-0000-000000000000</parentGroupId>
      <position>
        <x>546.9784444084203</x>
        <y>1149.7792953128774</y>
      </position>
      <height>217.3804473876953</height>
      <label>Cleanup</label>
      <style>
        <entry>
          <key>background-color</key>
          <value>#dbdbdb</value>
        </entry>
        <entry>
          <key>font-size</key>
          <value>18px</value>
        </entry>
      </style>
      <width>1693.072509765625</width>
    </labels>
    <processors>
      <id>9cd52683-e96e-4df6-0000-000000000000</id>
      <parentGroupId>7c664aaf-3d33-447e-0000-000000000000</parentGroupId>
      <position>
        <x>1206.1555067553818</x>
        <y>1199.077063035088</y>
      </position>
      <config>
        <bulletinLevel>WARN</bulletinLevel>
        <comments></comments>
        <concurrentlySchedulableTaskCount>1</concurrentlySchedulableTaskCount>
        <descriptors>
          <entry>
            <key>Table Type</key>
            <value>
              <name>Table Type</name>
            </value>
          </entry>
          <entry>
            <key>Additional Tables</key>
            <value>
              <name>Additional Tables</name>
            </value>
          </entry>
          <entry>
            <key>System feed category</key>
            <value>
              <name>System feed category</name>
            </value>
          </entry>
          <entry>
            <key>Database Connection Pooling Service</key>
            <value>
              <identifiesControllerService>com.thinkbiganalytics.nifi.v2.thrift.ThriftService</identifiesControllerService>
              <name>Database Connection Pooling Service</name>
            </value>
          </entry>
          <entry>
            <key>System feed name</key>
            <value>
              <name>System feed name</name>
            </value>
          </entry>
        </descriptors>
        <lossTolerant>false</lossTolerant>
        <penaltyDuration>30 sec</penaltyDuration>
        <properties>
          <entry>
            <key>Table Type</key>
            <value>MASTER</value>
          </entry>
          <entry>
            <key>Additional Tables</key>
          </entry>
          <entry>
            <key>System feed category</key>
            <value>${category}</value>
          </entry>
          <entry>
            <key>Database Connection Pooling Service</key>
            <value>81b8d7a8-8039-41ac-0000-000000000000</value>
          </entry>
          <entry>
            <key>System feed name</key>
            <value>${feed}</value>
          </entry>
        </properties>
        <runDurationMillis>0</runDurationMillis>
        <schedulingPeriod>0 sec</schedulingPeriod>
        <schedulingStrategy>TIMER_DRIVEN</schedulingStrategy>
        <yieldDuration>1 sec</yieldDuration>
      </config>
      <name>Drop Feed Tables</name>
      <relationships>
        <autoTerminate>true</autoTerminate>
        <name>failure</name>
      </relationships>
      <relationships>
        <autoTerminate>false</autoTerminate>
        <name>success</name>
      </relationships>
      <style>
        <entry>
          <key>background-color</key>
          <value>#ff9900</value>
        </entry>
      </style>
      <type>com.thinkbiganalytics.nifi.v2.ingest.DropFeedTables</type>
    </processors>
    <processors>
      <id>9d48e982-8c3e-4b85-0000-000000000000</id>
      <parentGroupId>7c664aaf-3d33-447e-0000-000000000000</parentGroupId>
      <position>
        <x>1496.0134866885437</x>
        <y>660.9522039895992</y>
      </position>
      <config>
        <bulletinLevel>WARN</bulletinLevel>
        <comments></comments>
        <concurrentlySchedulableTaskCount>1</concurrentlySchedulableTaskCount>
        <descriptors>
          <entry>
            <key>Metadata Provider Service</key>
            <value>
              <identifiesControllerService>com.thinkbiganalytics.nifi.core.api.metadata.MetadataProviderService</identifiesControllerService>
              <name>Metadata Provider Service</name>
            </value>
          </entry>
          <entry>
            <key>Feed Name</key>
            <value>
              <name>Feed Name</name>
            </value>
          </entry>
          <entry>
            <key>hiveTableNames</key>
            <value>
              <name>hiveTableNames</name>
            </value>
          </entry>
          <entry>
            <key>hiveSchema</key>
            <value>
              <name>hiveSchema</name>
            </value>
          </entry>
          <entry>
            <key>Namespace</key>
            <value>
              <name>Namespace</name>
            </value>
          </entry>
          <entry>
            <key>Feed Category</key>
            <value>
              <name>Feed Category</name>
            </value>
          </entry>
          <entry>
            <key>hdfsFolders</key>
            <value>
              <name>hdfsFolders</name>
            </value>
          </entry>
        </descriptors>
        <lossTolerant>false</lossTolerant>
        <penaltyDuration>30 sec</penaltyDuration>
        <properties>
          <entry>
            <key>Metadata Provider Service</key>
            <value>30c2c746-ad7d-457f-0000-000000000000</value>
          </entry>
          <entry>
            <key>Feed Name</key>
            <value>${feed}</value>
          </entry>
          <entry>
            <key>hiveTableNames</key>
            <value>${feed}_feed
${feed}_valid
${feed}_invalid
${feed}_profile
${feed}</value>
          </entry>
          <entry>
            <key>hiveSchema</key>
            <value>${category}</value>
          </entry>
          <entry>
            <key>Namespace</key>
            <value>metadata</value>
          </entry>
          <entry>
            <key>Feed Category</key>
            <value>${category}</value>
          </entry>
          <entry>
            <key>hdfsFolders</key>
            <value>${hive.master.root}/${category}/
${hive.master.root}/${category}/${feed}</value>
          </entry>
        </properties>
        <runDurationMillis>0</runDurationMillis>
        <schedulingPeriod>0 sec</schedulingPeriod>
        <schedulingStrategy>TIMER_DRIVEN</schedulingStrategy>
        <yieldDuration>1 sec</yieldDuration>
      </config>
      <name>Record Metadata</name>
      <relationships>
        <autoTerminate>false</autoTerminate>
        <name>failure</name>
      </relationships>
      <relationships>
        <autoTerminate>false</autoTerminate>
        <name>success</name>
      </relationships>
      <style>
        <entry>
          <key>background-color</key>
          <value>#da05ff</value>
        </entry>
      </style>
      <type>com.thinkbiganalytics.nifi.v2.metadata.PutFeedMetadata</type>
    </processors>
    <processors>
      <id>a9ff3a63-4050-4a2e-0000-000000000000</id>
      <parentGroupId>7c664aaf-3d33-447e-0000-000000000000</parentGroupId>
      <position>
        <x>577.536007781009</x>
        <y>1196.0354527184518</y>
      </position>
      <config>
        <bulletinLevel>WARN</bulletinLevel>
        <comments></comments>
        <concurrentlySchedulableTaskCount>1</concurrentlySchedulableTaskCount>
        <descriptors>
          <entry>
            <key>hive.profile.root</key>
            <value>
              <name>hive.profile.root</name>
            </value>
          </entry>
          <entry>
            <key>hdfs.ingest.root</key>
            <value>
              <name>hdfs.ingest.root</name>
            </value>
          </entry>
          <entry>
            <key>Delete Attributes Expression</key>
            <value>
              <name>Delete Attributes Expression</name>
            </value>
          </entry>
          <entry>
            <key>hive.ingest.root</key>
            <value>
              <name>hive.ingest.root</name>
            </value>
          </entry>
          <entry>
            <key>hive.master.root</key>
            <value>
              <name>hive.master.root</name>
            </value>
          </entry>
        </descriptors>
        <lossTolerant>false</lossTolerant>
        <penaltyDuration>30 sec</penaltyDuration>
        <properties>
          <entry>
            <key>hive.profile.root</key>
            <value>${hive.profile.root:replaceEmpty('/model.db')}</value>
          </entry>
          <entry>
            <key>hdfs.ingest.root</key>
            <value>${hdfs.ingest.root:replaceEmpty('/etl')}</value>
          </entry>
          <entry>
            <key>Delete Attributes Expression</key>
          </entry>
          <entry>
            <key>hive.ingest.root</key>
            <value>${hive.ingest.root:replaceEmpty('/model.db')}</value>
          </entry>
          <entry>
            <key>hive.master.root</key>
            <value>${hive.master.root:replaceEmpty('/app/warehouse')}</value>
          </entry>
        </properties>
        <runDurationMillis>0</runDurationMillis>
        <schedulingPeriod>0 sec</schedulingPeriod>
        <schedulingStrategy>TIMER_DRIVEN</schedulingStrategy>
        <yieldDuration>1 sec</yieldDuration>
      </config>
      <name>Set Cleanup Defaults</name>
      <relationships>
        <autoTerminate>false</autoTerminate>
        <name>success</name>
      </relationships>
      <style>
        <entry>
          <key>background-color</key>
          <value>#ff9900</value>
        </entry>
      </style>
      <type>org.apache.nifi.processors.attributes.UpdateAttribute</type>
    </processors>
    <processors>
      <id>09b745e4-197c-1ec3-0000-000000000000</id>
      <parentGroupId>7c664aaf-3d33-447e-0000-000000000000</parentGroupId>
      <position>
        <x>756.7838034396199</x>
        <y>727.8607925255565</y>
      </position>
      <config>
        <bulletinLevel>WARN</bulletinLevel>
        <comments></comments>
        <concurrentlySchedulableTaskCount>1</concurrentlySchedulableTaskCount>
        <descriptors>
          <entry>
            <key>Hadoop Configuration Resources</key>
            <value>
              <name>Hadoop Configuration Resources</name>
            </value>
          </entry>
          <entry>
            <key>SparkHome</key>
            <value>
              <name>SparkHome</name>
            </value>
          </entry>
          <entry>
            <key>Executor Memory</key>
            <value>
              <name>Executor Memory</name>
            </value>
          </entry>
          <entry>
            <key>Yarn Queue</key>
            <value>
              <name>Yarn Queue</name>
            </value>
          </entry>
          <entry>
            <key>ApplicationJAR</key>
            <value>
              <name>ApplicationJAR</name>
            </value>
          </entry>
          <entry>
            <key>Max Wait Time</key>
            <value>
              <name>Max Wait Time</name>
            </value>
          </entry>
          <entry>
            <key>MainArgs</key>
            <value>
              <name>MainArgs</name>
            </value>
          </entry>
          <entry>
            <key>Spark Application Name</key>
            <value>
              <name>Spark Application Name</name>
            </value>
          </entry>
          <entry>
            <key>Extra JARs</key>
            <value>
              <name>Extra JARs</name>
            </value>
          </entry>
          <entry>
            <key>MainClass</key>
            <value>
              <name>MainClass</name>
            </value>
          </entry>
          <entry>
            <key>Executor Cores</key>
            <value>
              <name>Executor Cores</name>
            </value>
          </entry>
          <entry>
            <key>Kerberos Keytab</key>
            <value>
              <name>Kerberos Keytab</name>
            </value>
          </entry>
          <entry>
            <key>SparkMaster</key>
            <value>
              <name>SparkMaster</name>
            </value>
          </entry>
          <entry>
            <key>Kerberos Principal</key>
            <value>
              <name>Kerberos Principal</name>
            </value>
          </entry>
          <entry>
            <key>Number of Executors</key>
            <value>
              <name>Number of Executors</name>
            </value>
          </entry>
          <entry>
            <key>Driver Memory</key>
            <value>
              <name>Driver Memory</name>
            </value>
          </entry>
          <entry>
            <key>Network Timeout</key>
            <value>
              <name>Network Timeout</name>
            </value>
          </entry>
        </descriptors>
        <lossTolerant>false</lossTolerant>
        <penaltyDuration>30 sec</penaltyDuration>
        <properties>
          <entry>
            <key>Hadoop Configuration Resources</key>
          </entry>
          <entry>
            <key>SparkHome</key>
            <value>/usr/hdp/current/spark-client</value>
          </entry>
          <entry>
            <key>Executor Memory</key>
            <value>1024m</value>
          </entry>
          <entry>
            <key>Yarn Queue</key>
          </entry>
          <entry>
            <key>ApplicationJAR</key>
            <value>/opt/nifi/current/lib/app/thinkbig-spark-interpreter-jar-with-dependencies.jar</value>
          </entry>
          <entry>
            <key>Max Wait Time</key>
            <value>0 seconds</value>
          </entry>
          <entry>
            <key>MainArgs</key>
            <value>${transform_script_file}</value>
          </entry>
          <entry>
            <key>Spark Application Name</key>
            <value>TransformApp</value>
          </entry>
          <entry>
            <key>Extra JARs</key>
          </entry>
          <entry>
            <key>MainClass</key>
            <value>com.thinkbiganalytics.spark.interpreter.App</value>
          </entry>
          <entry>
            <key>Executor Cores</key>
            <value>1</value>
          </entry>
          <entry>
            <key>Kerberos Keytab</key>
          </entry>
          <entry>
            <key>Spark Configurations</key>
          </entry>
          <entry>
            <key>SparkMaster</key>
            <value>local</value>
          </entry>
          <entry>
            <key>Kerberos Principal</key>
          </entry>
          <entry>
            <key>Number of Executors</key>
            <value>1</value>
          </entry>
          <entry>
            <key>Extra Files</key>
          </entry>
          <entry>
            <key>Driver Memory</key>
            <value>1024m</value>
          </entry>
          <entry>
            <key>Network Timeout</key>
            <value>120s</value>
          </entry>
        </properties>
        <runDurationMillis>0</runDurationMillis>
        <schedulingPeriod>0 sec</schedulingPeriod>
        <schedulingStrategy>TIMER_DRIVEN</schedulingStrategy>
        <yieldDuration>1 sec</yieldDuration>
      </config>
      <name>Execute Script</name>
      <relationships>
        <autoTerminate>true</autoTerminate>
        <name>failure</name>
      </relationships>
      <relationships>
        <autoTerminate>true</autoTerminate>
        <name>success</name>
      </relationships>
      <style>
        <entry>
          <key>background-color</key>
          <value>#2bff05</value>
        </entry>
      </style>
      <type>com.thinkbiganalytics.nifi.v2.spark.ExecuteSparkJob</type>
    </processors>
    <processors>
      <id>15dd42fc-ed6a-4b1a-0000-000000000000</id>
      <parentGroupId>7c664aaf-3d33-447e-0000-000000000000</parentGroupId>
      <position>
        <x>1492.5255839650672</x>
        <y>236.4718896457698</y>
      </position>
      <config>
        <bulletinLevel>WARN</bulletinLevel>
        <comments></comments>
        <concurrentlySchedulableTaskCount>10</concurrentlySchedulableTaskCount>
        <descriptors>
          <entry>
            <key>Permissions umask</key>
            <value>
              <name>Permissions umask</name>
            </value>
          </entry>
          <entry>
            <key>Hadoop Configuration Resources</key>
            <value>
              <name>Hadoop Configuration Resources</name>
            </value>
          </entry>
          <entry>
            <key>Kerberos Keytab</key>
            <value>
              <name>Kerberos Keytab</name>
            </value>
          </entry>
          <entry>
            <key>Remote Owner</key>
            <value>
              <name>Remote Owner</name>
            </value>
          </entry>
          <entry>
            <key>Kerberos Principal</key>
            <value>
              <name>Kerberos Principal</name>
            </value>
          </entry>
          <entry>
            <key>Kerberos Relogin Period</key>
            <value>
              <name>Kerberos Relogin Period</name>
            </value>
          </entry>
          <entry>
            <key>Remote Group</key>
            <value>
              <name>Remote Group</name>
            </value>
          </entry>
          <entry>
            <key>Directory</key>
            <value>
              <name>Directory</name>
            </value>
          </entry>
        </descriptors>
        <lossTolerant>false</lossTolerant>
        <penaltyDuration>30 sec</penaltyDuration>
        <properties>
          <entry>
            <key>Permissions umask</key>
            <value>777</value>
          </entry>
          <entry>
            <key>Hadoop Configuration Resources</key>
            <value>/etc/hadoop/conf/core-site.xml,/etc/hadoop/conf/hdfs-site.xml</value>
          </entry>
          <entry>
            <key>Kerberos Keytab</key>
          </entry>
          <entry>
            <key>Remote Owner</key>
            <value>nifi</value>
          </entry>
          <entry>
            <key>Kerberos Principal</key>
          </entry>
          <entry>
            <key>Kerberos Relogin Period</key>
            <value>4 hours</value>
          </entry>
          <entry>
            <key>Remote Group</key>
          </entry>
          <entry>
            <key>Directory</key>
            <value>${hive.master.root}
${hive.master.root}/${category}/
${hive.master.root}/${category}/${feed}/</value>
          </entry>
        </properties>
        <runDurationMillis>0</runDurationMillis>
        <schedulingPeriod>30 sec</schedulingPeriod>
        <schedulingStrategy>TIMER_DRIVEN</schedulingStrategy>
        <yieldDuration>1 sec</yieldDuration>
      </config>
      <name>Register HDFS Folders</name>
      <relationships>
        <autoTerminate>false</autoTerminate>
        <name>failure</name>
      </relationships>
      <relationships>
        <autoTerminate>false</autoTerminate>
        <name>success</name>
      </relationships>
      <style>
        <entry>
          <key>background-color</key>
          <value>#da05ff</value>
        </entry>
      </style>
      <type>com.thinkbiganalytics.nifi.v2.hdfs.CreateHDFSFolder</type>
    </processors>
    <processors>
      <id>2b54e035-d301-463f-0000-000000000000</id>
      <parentGroupId>7c664aaf-3d33-447e-0000-000000000000</parentGroupId>
      <position>
        <x>1818.2044670611344</x>
        <y>1195.1666365357714</y>
      </position>
      <config>
        <bulletinLevel>WARN</bulletinLevel>
        <comments></comments>
        <concurrentlySchedulableTaskCount>1</concurrentlySchedulableTaskCount>
        <descriptors>
          <entry>
            <key>Hadoop Configuration Resources</key>
            <value>
              <name>Hadoop Configuration Resources</name>
            </value>
          </entry>
          <entry>
            <key>Kerberos Keytab</key>
            <value>
              <name>Kerberos Keytab</name>
            </value>
          </entry>
          <entry>
            <key>Kerberos Principal</key>
            <value>
              <name>Kerberos Principal</name>
            </value>
          </entry>
          <entry>
            <key>Kerberos Relogin Period</key>
            <value>
              <name>Kerberos Relogin Period</name>
            </value>
          </entry>
          <entry>
            <key>Directory</key>
            <value>
              <name>Directory</name>
            </value>
          </entry>
        </descriptors>
        <lossTolerant>false</lossTolerant>
        <penaltyDuration>30 sec</penaltyDuration>
        <properties>
          <entry>
            <key>Hadoop Configuration Resources</key>
            <value>/etc/hadoop/conf/core-site.xml,/etc/hadoop/conf/hdfs-site.xml</value>
          </entry>
          <entry>
            <key>Kerberos Keytab</key>
          </entry>
          <entry>
            <key>Kerberos Principal</key>
          </entry>
          <entry>
            <key>Kerberos Relogin Period</key>
            <value>4 hours</value>
          </entry>
          <entry>
            <key>Directory</key>
            <value>${hive.ingest.root}/${category}/${feed}/
${hive.master.root}/${category}/${feed}/</value>
          </entry>
        </properties>
        <runDurationMillis>0</runDurationMillis>
        <schedulingPeriod>0 sec</schedulingPeriod>
        <schedulingStrategy>TIMER_DRIVEN</schedulingStrategy>
        <yieldDuration>1 sec</yieldDuration>
      </config>
      <name>Remove HDFS Folders</name>
      <relationships>
        <autoTerminate>true</autoTerminate>
        <name>failure</name>
      </relationships>
      <relationships>
        <autoTerminate>true</autoTerminate>
        <name>success</name>
      </relationships>
      <style>
        <entry>
          <key>background-color</key>
          <value>#ff9900</value>
        </entry>
      </style>
      <type>com.thinkbiganalytics.nifi.v2.hdfs.RemoveHDFSFolder</type>
    </processors>
    <processors>
      <id>395ebb68-e796-4153-0000-000000000000</id>
      <parentGroupId>7c664aaf-3d33-447e-0000-000000000000</parentGroupId>
      <position>
        <x>1496.6853950536783</x>
        <y>877.1075781561367</y>
      </position>
      <config>
        <bulletinLevel>WARN</bulletinLevel>
        <comments></comments>
        <concurrentlySchedulableTaskCount>1</concurrentlySchedulableTaskCount>
        <descriptors>
          <entry>
            <key>System feed category</key>
            <value>
              <name>System feed category</name>
            </value>
          </entry>
          <entry>
            <key>Initialization Result</key>
            <value>
              <name>Initialization Result</name>
            </value>
          </entry>
          <entry>
            <key>System feed name</key>
            <value>
              <name>System feed name</name>
            </value>
          </entry>
          <entry>
            <key>Metadata Service</key>
            <value>
              <identifiesControllerService>com.thinkbiganalytics.nifi.core.api.metadata.MetadataProviderService</identifiesControllerService>
              <name>Metadata Service</name>
            </value>
          </entry>
        </descriptors>
        <lossTolerant>false</lossTolerant>
        <penaltyDuration>30 sec</penaltyDuration>
        <properties>
          <entry>
            <key>System feed category</key>
            <value>${category}</value>
          </entry>
          <entry>
            <key>Initialization Result</key>
            <value>SUCCESSFUL</value>
          </entry>
          <entry>
            <key>System feed name</key>
            <value>${feed}</value>
          </entry>
          <entry>
            <key>Metadata Service</key>
            <value>30c2c746-ad7d-457f-0000-000000000000</value>
          </entry>
        </properties>
        <runDurationMillis>0</runDurationMillis>
        <schedulingPeriod>0 sec</schedulingPeriod>
        <schedulingStrategy>TIMER_DRIVEN</schedulingStrategy>
        <yieldDuration>1 sec</yieldDuration>
      </config>
      <name>Record Initialization</name>
      <relationships>
        <autoTerminate>false</autoTerminate>
        <name>failure</name>
      </relationships>
      <relationships>
        <autoTerminate>true</autoTerminate>
        <name>success</name>
      </relationships>
      <style>
        <entry>
          <key>background-color</key>
          <value>#da05ff</value>
        </entry>
      </style>
      <type>com.thinkbiganalytics.nifi.v2.init.CompleteInitializeFeed</type>
    </processors>
    <processors>
      <id>56eb2c4d-2450-4a1d-0000-000000000000</id>
      <parentGroupId>7c664aaf-3d33-447e-0000-000000000000</parentGroupId>
      <position>
        <x>2290.495510197271</x>
        <y>567.2994133120701</y>
      </position>
      <config>
        <bulletinLevel>WARN</bulletinLevel>
        <comments></comments>
        <concurrentlySchedulableTaskCount>1</concurrentlySchedulableTaskCount>
        <descriptors>
          <entry>
            <key>System feed category</key>
            <value>
              <name>System feed category</name>
            </value>
          </entry>
          <entry>
            <key>Initialization Result</key>
            <value>
              <name>Initialization Result</name>
            </value>
          </entry>
          <entry>
            <key>System feed name</key>
            <value>
              <name>System feed name</name>
            </value>
          </entry>
          <entry>
            <key>Metadata Service</key>
            <value>
              <identifiesControllerService>com.thinkbiganalytics.nifi.core.api.metadata.MetadataProviderService</identifiesControllerService>
              <name>Metadata Service</name>
            </value>
          </entry>
        </descriptors>
        <lossTolerant>false</lossTolerant>
        <penaltyDuration>30 sec</penaltyDuration>
        <properties>
          <entry>
            <key>System feed category</key>
            <value>${category}</value>
          </entry>
          <entry>
            <key>Initialization Result</key>
            <value>FAILURE</value>
          </entry>
          <entry>
            <key>System feed name</key>
            <value>${feed}</value>
          </entry>
          <entry>
            <key>Metadata Service</key>
            <value>30c2c746-ad7d-457f-0000-000000000000</value>
          </entry>
        </properties>
        <runDurationMillis>0</runDurationMillis>
        <schedulingPeriod>0 sec</schedulingPeriod>
        <schedulingStrategy>TIMER_DRIVEN</schedulingStrategy>
        <yieldDuration>1 sec</yieldDuration>
      </config>
      <name>Initialization Failure</name>
      <relationships>
        <autoTerminate>true</autoTerminate>
        <name>failure</name>
      </relationships>
      <relationships>
        <autoTerminate>true</autoTerminate>
        <name>success</name>
      </relationships>
      <style>
        <entry>
          <key>background-color</key>
          <value>#f20909</value>
        </entry>
      </style>
      <type>com.thinkbiganalytics.nifi.v2.init.CompleteInitializeFeed</type>
    </processors>
    <processors>
      <id>5d9ca1f8-7902-4b5e-0000-000000000000</id>
      <parentGroupId>7c664aaf-3d33-447e-0000-000000000000</parentGroupId>
      <position>
        <x>1496.5296471185025</x>
        <y>448.20125599879066</y>
      </position>
      <config>
        <bulletinLevel>WARN</bulletinLevel>
        <comments></comments>
        <concurrentlySchedulableTaskCount>10</concurrentlySchedulableTaskCount>
        <descriptors>
          <entry>
            <key>Target Table Properties</key>
            <value>
              <name>Target Table Properties</name>
            </value>
          </entry>
          <entry>
            <key>Table Type</key>
            <value>
              <name>Table Type</name>
            </value>
          </entry>
          <entry>
            <key>System feed category</key>
            <value>
              <name>System feed category</name>
            </value>
          </entry>
          <entry>
            <key>Database Connection Pooling Service</key>
            <value>
              <identifiesControllerService>com.thinkbiganalytics.nifi.v2.thrift.ThriftService</identifiesControllerService>
              <name>Database Connection Pooling Service</name>
            </value>
          </entry>
          <entry>
            <key>Master Root Path</key>
            <value>
              <name>Master Root Path</name>
            </value>
          </entry>
          <entry>
            <key>Feed Table Storage Format</key>
            <value>
              <name>Feed Table Storage Format</name>
            </value>
          </entry>
          <entry>
            <key>System feed name</key>
            <value>
              <name>System feed name</name>
            </value>
          </entry>
          <entry>
            <key>Feed Root Path</key>
            <value>
              <name>Feed Root Path</name>
            </value>
          </entry>
          <entry>
            <key>Profile Root Path</key>
            <value>
              <name>Profile Root Path</name>
            </value>
          </entry>
          <entry>
            <key>Partition specification</key>
            <value>
              <name>Partition specification</name>
            </value>
          </entry>
          <entry>
            <key>Field specification</key>
            <value>
              <name>Field specification</name>
            </value>
          </entry>
          <entry>
            <key>Target Table Format</key>
            <value>
              <name>Target Table Format</name>
            </value>
          </entry>
        </descriptors>
        <lossTolerant>false</lossTolerant>
        <penaltyDuration>30 sec</penaltyDuration>
        <properties>
          <entry>
            <key>Target Table Properties</key>
            <value>${metadata.table.targetTblProperties}</value>
          </entry>
          <entry>
            <key>Database Connection Pooling Service</key>
            <value>81b8d7a8-8039-41ac-0000-000000000000</value>
          </entry>
          <entry>
            <key>System feed name</key>
            <value>${feed}</value>
          </entry>
          <entry>
            <key>Feed Root Path</key>
            <value>${hive.ingest.root}</value>
          </entry>
          <entry>
            <key>Profile Root Path</key>
            <value>${hive.profile.root}</value>
          </entry>
          <entry>
            <key>Field specification</key>
            <value>${metadata.table.fieldStructure}</value>
          </entry>
          <entry>
            <key>Table Type</key>
            <value>MASTER</value>
          </entry>
          <entry>
            <key>Feed Field specification</key>
            <value>${metadata.table.feedFieldStructure}</value>
          </entry>
          <entry>
            <key>System feed category</key>
            <value>${category}</value>
          </entry>
          <entry>
            <key>Master Root Path</key>
            <value>${hive.master.root}</value>
          </entry>
          <entry>
            <key>Feed Table Storage Format</key>
            <value>${metadata.table.feedFormat}</value>
          </entry>
          <entry>
            <key>Partition specification</key>
            <value>${metadata.table.partitionStructure}</value>
          </entry>
          <entry>
            <key>Target Table Format</key>
            <value>${metadata.table.targetFormat}</value>
          </entry>
        </properties>
        <runDurationMillis>0</runDurationMillis>
        <schedulingPeriod>0 sec</schedulingPeriod>
        <schedulingStrategy>TIMER_DRIVEN</schedulingStrategy>
        <yieldDuration>1 sec</yieldDuration>
      </config>
      <name>Register Tables</name>
      <relationships>
        <autoTerminate>false</autoTerminate>
        <name>failure</name>
      </relationships>
      <relationships>
        <autoTerminate>false</autoTerminate>
        <name>success</name>
      </relationships>
      <style>
        <entry>
          <key>background-color</key>
          <value>#da05ff</value>
        </entry>
      </style>
      <type>com.thinkbiganalytics.nifi.v2.ingest.RegisterFeedTables</type>
    </processors>
    <processors>
      <id>6ef10d11-3794-4f9e-0000-000000000000</id>
      <parentGroupId>7c664aaf-3d33-447e-0000-000000000000</parentGroupId>
      <position>
        <x>753.3322085774104</x>
        <y>0.0</y>
      </position>
      <config>
        <bulletinLevel>WARN</bulletinLevel>
        <comments></comments>
        <concurrentlySchedulableTaskCount>1</concurrentlySchedulableTaskCount>
        <descriptors>
          <entry>
            <key>feedts</key>
            <value>
              <name>feedts</name>
            </value>
          </entry>
          <entry>
            <key>hive.profile.root</key>
            <value>
              <name>hive.profile.root</name>
            </value>
          </entry>
          <entry>
            <key>hdfs.ingest.root</key>
            <value>
              <name>hdfs.ingest.root</name>
            </value>
          </entry>
          <entry>
            <key>Delete Attributes Expression</key>
            <value>
              <name>Delete Attributes Expression</name>
            </value>
          </entry>
          <entry>
            <key>hive.ingest.root</key>
            <value>
              <name>hive.ingest.root</name>
            </value>
          </entry>
          <entry>
            <key>hive.master.root</key>
            <value>
              <name>hive.master.root</name>
            </value>
          </entry>
        </descriptors>
        <lossTolerant>false</lossTolerant>
        <penaltyDuration>30 sec</penaltyDuration>
        <properties>
          <entry>
            <key>feedts</key>
            <value>${now():toNumber()}</value>
          </entry>
          <entry>
            <key>hive.profile.root</key>
            <value>${hive.profile.root:replaceEmpty('/model.db')}</value>
          </entry>
          <entry>
            <key>hdfs.ingest.root</key>
            <value>${hdfs.ingest.root:replaceEmpty('/etl')}</value>
          </entry>
          <entry>
            <key>Delete Attributes Expression</key>
          </entry>
          <entry>
            <key>hive.ingest.root</key>
            <value>${hive.ingest.root:replaceEmpty('/model.db')}</value>
          </entry>
          <entry>
            <key>hive.master.root</key>
            <value>${hive.master.root:replaceEmpty('/app/warehouse')}</value>
          </entry>
        </properties>
        <runDurationMillis>0</runDurationMillis>
        <schedulingPeriod>0 sec</schedulingPeriod>
        <schedulingStrategy>TIMER_DRIVEN</schedulingStrategy>
        <yieldDuration>1 sec</yieldDuration>
      </config>
      <name>Set Feed Defaults</name>
      <relationships>
        <autoTerminate>false</autoTerminate>
        <name>success</name>
      </relationships>
      <style>
        <entry>
          <key>background-color</key>
          <value>#2bff05</value>
        </entry>
      </style>
      <type>org.apache.nifi.processors.attributes.UpdateAttribute</type>
    </processors>
    <processors>
      <id>72e11063-8712-49c4-0000-000000000000</id>
      <parentGroupId>7c664aaf-3d33-447e-0000-000000000000</parentGroupId>
      <position>
        <x>751.457734432358</x>
        <y>242.3220224216302</y>
      </position>
      <config>
        <bulletinLevel>WARN</bulletinLevel>
        <comments></comments>
        <concurrentlySchedulableTaskCount>1</concurrentlySchedulableTaskCount>
        <descriptors>
          <entry>
            <key>System feed category</key>
            <value>
              <name>System feed category</name>
            </value>
          </entry>
          <entry>
            <key>Initialization Retry Delay (seconds)</key>
            <value>
              <name>Initialization Retry Delay (seconds)</name>
            </value>
          </entry>
          <entry>
            <key>Max Initialization Attempts</key>
            <value>
              <name>Max Initialization Attempts</name>
            </value>
          </entry>
          <entry>
            <key>Initialization Failure Strategy</key>
            <value>
              <name>Initialization Failure Strategy</name>
            </value>
          </entry>
          <entry>
            <key>System feed name</key>
            <value>
              <name>System feed name</name>
            </value>
          </entry>
          <entry>
            <key>Metadata Service</key>
            <value>
              <identifiesControllerService>com.thinkbiganalytics.nifi.core.api.metadata.MetadataProviderService</identifiesControllerService>
              <name>Metadata Service</name>
            </value>
          </entry>
        </descriptors>
        <lossTolerant>false</lossTolerant>
        <penaltyDuration>30 sec</penaltyDuration>
        <properties>
          <entry>
            <key>System feed category</key>
            <value>${category}</value>
          </entry>
          <entry>
            <key>Initialization Retry Delay (seconds)</key>
            <value>15</value>
          </entry>
          <entry>
            <key>Max Initialization Attempts</key>
            <value>40</value>
          </entry>
          <entry>
            <key>Initialization Failure Strategy</key>
            <value>RETRY</value>
          </entry>
          <entry>
            <key>System feed name</key>
            <value>${feed}</value>
          </entry>
          <entry>
            <key>Metadata Service</key>
            <value>30c2c746-ad7d-457f-0000-000000000000</value>
          </entry>
        </properties>
        <runDurationMillis>0</runDurationMillis>
        <schedulingPeriod>0 sec</schedulingPeriod>
        <schedulingStrategy>TIMER_DRIVEN</schedulingStrategy>
        <yieldDuration>1 sec</yieldDuration>
      </config>
      <name>Initialize Feed?</name>
      <relationships>
        <autoTerminate>true</autoTerminate>
        <name>failure</name>
      </relationships>
      <relationships>
        <autoTerminate>false</autoTerminate>
        <name>Initialize</name>
      </relationships>
      <relationships>
        <autoTerminate>false</autoTerminate>
        <name>success</name>
      </relationships>
      <style>
        <entry>
          <key>background-color</key>
          <value>#2bff05</value>
        </entry>
      </style>
      <type>com.thinkbiganalytics.nifi.v2.init.InitializeFeed</type>
    </processors>
    <processors>
      <id>7e394274-8d85-1760-0000-000000000000</id>
      <parentGroupId>7c664aaf-3d33-447e-0000-000000000000</parentGroupId>
      <position>
        <x>752.0018820529011</x>
        <y>479.9066470177431</y>
      </position>
      <config>
        <bulletinLevel>WARN</bulletinLevel>
        <comments></comments>
        <concurrentlySchedulableTaskCount>1</concurrentlySchedulableTaskCount>
        <descriptors>
          <entry>
            <key>Script File</key>
            <value>
              <name>Script File</name>
            </value>
          </entry>
          <entry>
            <key>Script Engine</key>
            <value>
              <name>Script Engine</name>
            </value>
          </entry>
          <entry>
            <key>Script Body</key>
            <value>
              <name>Script Body</name>
            </value>
          </entry>
          <entry>
            <key>Module Directory</key>
            <value>
              <name>Module Directory</name>
            </value>
          </entry>
        </descriptors>
        <lossTolerant>false</lossTolerant>
        <penaltyDuration>30 sec</penaltyDuration>
        <properties>
          <entry>
            <key>Script File</key>
          </entry>
          <entry>
            <key>Script Engine</key>
            <value>Groovy</value>
          </entry>
          <entry>
            <key>Script Body</key>
            <value>// Get flow file
def flowFile = session.get()
if (!flowFile) return
// Create output directory
def inputFolder = flowFile.getAttribute("spark.input_folder")
def feedts = flowFile.getAttribute("feedts");
def folder = new File(inputFolder)
if (!folder.exists()) folder.mkdirs()
// Write script
def script = flowFile.getAttribute("transform_script")
def category = flowFile.getAttribute("category")
def feed = flowFile.getAttribute("feed")
def fileName = "transform_"+category+"."+feed+".scala"
def tableName = category+"."+feed;

// Append column with processing timestamp
script = script + ".withColumn(\"processing_dttm\", org.apache.spark.sql.functions.lit(\""+feedts+"\"))"

def scalaFile = new File(folder, fileName)
scalaFile.write(script + ".write.mode(SaveMode.Overwrite).insertInto(\"" + tableName + "\")")
// Output file path
flowFile = session.putAttribute(flowFile, "transform_script_file", scalaFile.getCanonicalPath())
session.transfer(flowFile, REL_SUCCESS)</value>
          </entry>
          <entry>
            <key>Module Directory</key>
          </entry>
        </properties>
        <runDurationMillis>0</runDurationMillis>
        <schedulingPeriod>0 sec</schedulingPeriod>
        <schedulingStrategy>TIMER_DRIVEN</schedulingStrategy>
        <yieldDuration>1 sec</yieldDuration>
      </config>
      <name>Prepare Script</name>
      <relationships>
        <autoTerminate>true</autoTerminate>
        <name>failure</name>
      </relationships>
      <relationships>
        <autoTerminate>false</autoTerminate>
        <name>success</name>
      </relationships>
      <style>
        <entry>
          <key>background-color</key>
          <value>#2bff05</value>
        </entry>
      </style>
      <type>org.apache.nifi.processors.script.ExecuteScript</type>
    </processors>
  </snippet>
  <timestamp>01/18/2017 01:23:36 UTC</timestamp>
</template>