<?xml version="1.0" ?>
<template encoding-version="1.0">
  <description></description>
  <groupId>3ea5ab62-015a-1000-d10e-a455b02521d2</groupId>
  <name>Data Transformation</name>
  <snippet>
    <connections>
      <id>967b26a8-2e9d-43a6-0000-000000000000</id>
      <parentGroupId>3ea5ab62-015a-1000-0000-000000000000</parentGroupId>
      <backPressureDataSizeThreshold>0 MB</backPressureDataSizeThreshold>
      <backPressureObjectThreshold>0</backPressureObjectThreshold>
      <destination>
        <groupId>3ea5ab62-015a-1000-0000-000000000000</groupId>
        <id>22f9c099-5424-47a4-0000-000000000000</id>
        <type>OUTPUT_PORT</type>
      </destination>
      <flowFileExpiration>0 sec</flowFileExpiration>
      <labelIndex>1</labelIndex>
      <name></name>
      <selectedRelationships>Success</selectedRelationships>
      <source>
        <groupId>3ea5ab62-015a-1000-0000-000000000000</groupId>
        <id>a0b57336-03c9-4c82-0000-000000000000</id>
        <type>PROCESSOR</type>
      </source>
      <zIndex>0</zIndex>
    </connections>
    <connections>
      <id>14e7ca1c-2ef8-4a58-0000-000000000000</id>
      <parentGroupId>3ea5ab62-015a-1000-0000-000000000000</parentGroupId>
      <backPressureDataSizeThreshold>0 MB</backPressureDataSizeThreshold>
      <backPressureObjectThreshold>0</backPressureObjectThreshold>
      <destination>
        <groupId>3ea5ab62-015a-1000-0000-000000000000</groupId>
        <id>4d9697e4-c878-4bfc-0000-000000000000</id>
        <type>PROCESSOR</type>
      </destination>
      <flowFileExpiration>0 sec</flowFileExpiration>
      <labelIndex>1</labelIndex>
      <name></name>
      <selectedRelationships>success</selectedRelationships>
      <source>
        <groupId>3ea5ab62-015a-1000-0000-000000000000</groupId>
        <id>3447a22f-2345-4d20-0000-000000000000</id>
        <type>PROCESSOR</type>
      </source>
      <zIndex>0</zIndex>
    </connections>
    <connections>
      <id>6c8a25c7-17f7-467f-0000-000000000000</id>
      <parentGroupId>3ea5ab62-015a-1000-0000-000000000000</parentGroupId>
      <backPressureDataSizeThreshold>0 MB</backPressureDataSizeThreshold>
      <backPressureObjectThreshold>0</backPressureObjectThreshold>
      <destination>
        <groupId>3ea5ab62-015a-1000-0000-000000000000</groupId>
        <id>d1983c98-d0b1-4291-0000-000000000000</id>
        <type>OUTPUT_PORT</type>
      </destination>
      <flowFileExpiration>0 sec</flowFileExpiration>
      <labelIndex>1</labelIndex>
      <name></name>
      <selectedRelationships>success</selectedRelationships>
      <source>
        <groupId>3ea5ab62-015a-1000-0000-000000000000</groupId>
        <id>4d9697e4-c878-4bfc-0000-000000000000</id>
        <type>PROCESSOR</type>
      </source>
      <zIndex>0</zIndex>
    </connections>
    <controllerServices>
      <id>3ea79d52-015a-1000-0000-000000000000</id>
      <parentGroupId>3ea5ab62-015a-1000-0000-000000000000</parentGroupId>
      <comments></comments>
      <descriptors>
        <entry>
          <key>Implementation</key>
          <value>
            <name>Implementation</name>
          </value>
        </entry>
        <entry>
          <key>rest-client-url</key>
          <value>
            <name>rest-client-url</name>
          </value>
        </entry>
        <entry>
          <key>client-username</key>
          <value>
            <name>client-username</name>
          </value>
        </entry>
        <entry>
          <key>client-password</key>
          <value>
            <name>client-password</name>
          </value>
        </entry>
        <entry>
          <key>SSL Context Service</key>
          <value>
            <identifiesControllerService>org.apache.nifi.ssl.SSLContextService</identifiesControllerService>
            <name>SSL Context Service</name>
          </value>
        </entry>
      </descriptors>
      <name>Kylo Metadata Service</name>
      <properties>
        <entry>
          <key>Implementation</key>
          <value>REMOTE</value>
        </entry>
        <entry>
          <key>rest-client-url</key>
          <value>http://localhost:8400/proxy/v1/metadata</value>
        </entry>
        <entry>
          <key>client-username</key>
          <value>dladmin</value>
        </entry>
        <entry>
          <key>client-password</key>
        </entry>
        <entry>
          <key>SSL Context Service</key>
        </entry>
      </properties>
      <state>ENABLED</state>
      <type>com.thinkbiganalytics.nifi.v2.core.metadata.MetadataProviderSelectorService</type>
    </controllerServices>
    <controllerServices>
      <id>3ea7ee0c-015a-1000-0000-000000000000</id>
      <parentGroupId>3ea5ab62-015a-1000-0000-000000000000</parentGroupId>
      <comments></comments>
      <descriptors>
        <entry>
          <key>Configuraton Classes</key>
          <value>
            <name>Configuraton Classes</name>
          </value>
        </entry>
      </descriptors>
      <name>SpringContextLoaderService</name>
      <properties>
        <entry>
          <key>Configuraton Classes</key>
        </entry>
      </properties>
      <state>ENABLED</state>
      <type>com.thinkbiganalytics.nifi.v2.core.spring.SpringContextLoaderService</type>
    </controllerServices>
    <controllerServices>
      <id>3ea7ee68-015a-1000-0000-000000000000</id>
      <parentGroupId>3ea5ab62-015a-1000-0000-000000000000</parentGroupId>
      <comments></comments>
      <descriptors>
        <entry>
          <key>Spring Context Service</key>
          <value>
            <identifiesControllerService>com.thinkbiganalytics.nifi.core.api.spring.SpringContextService</identifiesControllerService>
            <name>Spring Context Service</name>
          </value>
        </entry>
      </descriptors>
      <name>Kylo Cleanup Service</name>
      <properties>
        <entry>
          <key>Spring Context Service</key>
          <value>3ea7ee0c-015a-1000-0000-000000000000</value>
        </entry>
      </properties>
      <state>ENABLED</state>
      <type>com.thinkbiganalytics.nifi.v2.core.cleanup.JmsCleanupEventService</type>
    </controllerServices>
    <outputPorts>
      <id>d1983c98-d0b1-4291-0000-000000000000</id>
      <parentGroupId>3ea5ab62-015a-1000-0000-000000000000</parentGroupId>
      <position>
        <x>1689.2404440235505</x>
        <y>323.56160594771274</y>
      </position>
      <comments></comments>
      <concurrentlySchedulableTaskCount>1</concurrentlySchedulableTaskCount>
      <name>to-wrangler-port</name>
      <state>STOPPED</state>
      <transmitting>false</transmitting>
      <type>OUTPUT_PORT</type>
    </outputPorts>
    <outputPorts>
      <id>22f9c099-5424-47a4-0000-000000000000</id>
      <parentGroupId>3ea5ab62-015a-1000-0000-000000000000</parentGroupId>
      <position>
        <x>886.5000112842927</x>
        <y>27.9718452055252</y>
      </position>
      <comments></comments>
      <concurrentlySchedulableTaskCount>1</concurrentlySchedulableTaskCount>
      <name>to-wrangler-cleanup-port</name>
      <state>STOPPED</state>
      <transmitting>false</transmitting>
      <type>OUTPUT_PORT</type>
    </outputPorts>
    <processors>
      <id>a0b57336-03c9-4c82-0000-000000000000</id>
      <parentGroupId>3ea5ab62-015a-1000-0000-000000000000</parentGroupId>
      <position>
        <x>0.0</x>
        <y>0.0</y>
      </position>
      <config>
        <bulletinLevel>WARN</bulletinLevel>
        <comments></comments>
        <concurrentlySchedulableTaskCount>1</concurrentlySchedulableTaskCount>
        <descriptors>
          <entry>
            <key>Feed Cleanup Event Service</key>
            <value>
              <identifiesControllerService>com.thinkbiganalytics.nifi.core.api.cleanup.CleanupEventService</identifiesControllerService>
              <name>Feed Cleanup Event Service</name>
            </value>
          </entry>
          <entry>
            <key>Metadata Provider Service</key>
            <value>
              <identifiesControllerService>com.thinkbiganalytics.nifi.core.api.metadata.MetadataProviderService</identifiesControllerService>
              <name>Metadata Provider Service</name>
            </value>
          </entry>
          <entry>
            <key>System feed category</key>
            <value>
              <name>System feed category</name>
            </value>
          </entry>
          <entry>
            <key>System feed name</key>
            <value>
              <name>System feed name</name>
            </value>
          </entry>
        </descriptors>
        <lossTolerant>false</lossTolerant>
        <penaltyDuration>30 sec</penaltyDuration>
        <properties>
          <entry>
            <key>Feed Cleanup Event Service</key>
            <value>3ea7ee68-015a-1000-0000-000000000000</value>
          </entry>
          <entry>
            <key>Metadata Provider Service</key>
            <value>3ea79d52-015a-1000-0000-000000000000</value>
          </entry>
          <entry>
            <key>System feed category</key>
            <value>${metadata.category.systemName}</value>
          </entry>
          <entry>
            <key>System feed name</key>
            <value>${metadata.systemFeedName}</value>
          </entry>
        </properties>
        <runDurationMillis>0</runDurationMillis>
        <schedulingPeriod>0 sec</schedulingPeriod>
        <schedulingStrategy>TIMER_DRIVEN</schedulingStrategy>
        <yieldDuration>1 sec</yieldDuration>
      </config>
      <name>Trigger Cleanup</name>
      <relationships>
        <autoTerminate>false</autoTerminate>
        <name>Success</name>
      </relationships>
      <style>
        <entry>
          <key>background-color</key>
          <value>#ff9900</value>
        </entry>
      </style>
      <type>com.thinkbiganalytics.nifi.v2.metadata.TriggerCleanup</type>
    </processors>
    <processors>
      <id>3447a22f-2345-4d20-0000-000000000000</id>
      <parentGroupId>3ea5ab62-015a-1000-0000-000000000000</parentGroupId>
      <position>
        <x>3.532456915125522</x>
        <y>292.2675902846089</y>
      </position>
      <config>
        <bulletinLevel>WARN</bulletinLevel>
        <comments></comments>
        <concurrentlySchedulableTaskCount>1</concurrentlySchedulableTaskCount>
        <descriptors>
          <entry>
            <key>File Size</key>
            <value>
              <name>File Size</name>
            </value>
          </entry>
          <entry>
            <key>Batch Size</key>
            <value>
              <name>Batch Size</name>
            </value>
          </entry>
          <entry>
            <key>Data Format</key>
            <value>
              <name>Data Format</name>
            </value>
          </entry>
          <entry>
            <key>Unique FlowFiles</key>
            <value>
              <name>Unique FlowFiles</name>
            </value>
          </entry>
        </descriptors>
        <lossTolerant>false</lossTolerant>
        <penaltyDuration>30 sec</penaltyDuration>
        <properties>
          <entry>
            <key>File Size</key>
            <value>0 B</value>
          </entry>
          <entry>
            <key>Batch Size</key>
            <value>1</value>
          </entry>
          <entry>
            <key>Data Format</key>
            <value>Binary</value>
          </entry>
          <entry>
            <key>Unique FlowFiles</key>
            <value>false</value>
          </entry>
        </properties>
        <runDurationMillis>0</runDurationMillis>
        <schedulingPeriod>1 hr</schedulingPeriod>
        <schedulingStrategy>TIMER_DRIVEN</schedulingStrategy>
        <yieldDuration>1 sec</yieldDuration>
      </config>
      <name>Run Feed</name>
      <relationships>
        <autoTerminate>false</autoTerminate>
        <name>success</name>
      </relationships>
      <style></style>
      <type>org.apache.nifi.processors.standard.GenerateFlowFile</type>
    </processors>
    <processors>
      <id>4d9697e4-c878-4bfc-0000-000000000000</id>
      <parentGroupId>3ea5ab62-015a-1000-0000-000000000000</parentGroupId>
      <position>
        <x>869.2986464903215</x>
        <y>292.8428112318745</y>
      </position>
      <config>
        <bulletinLevel>WARN</bulletinLevel>
        <comments></comments>
        <concurrentlySchedulableTaskCount>1</concurrentlySchedulableTaskCount>
        <descriptors>
          <entry>
            <key>Delete Attributes Expression</key>
            <value>
              <name>Delete Attributes Expression</name>
            </value>
          </entry>
          <entry>
            <key>category</key>
            <value>
              <name>category</name>
            </value>
          </entry>
          <entry>
            <key>feed</key>
            <value>
              <name>feed</name>
            </value>
          </entry>
          <entry>
            <key>feedts</key>
            <value>
              <name>feedts</name>
            </value>
          </entry>
          <entry>
            <key>hdfs.ingest.root</key>
            <value>
              <name>hdfs.ingest.root</name>
            </value>
          </entry>
          <entry>
            <key>hive.ingest.root</key>
            <value>
              <name>hive.ingest.root</name>
            </value>
          </entry>
          <entry>
            <key>hive.master.root</key>
            <value>
              <name>hive.master.root</name>
            </value>
          </entry>
          <entry>
            <key>metadata.dataTransformation.datasourceIds</key>
            <value>
              <name>metadata.dataTransformation.datasourceIds</name>
            </value>
          </entry>
          <entry>
            <key>metadata.dataTransformation.dataTransformScript</key>
            <value>
              <name>metadata.dataTransformation.dataTransformScript</name>
            </value>
          </entry>
          <entry>
            <key>metadata.table.feedFieldStructure</key>
            <value>
              <name>metadata.table.feedFieldStructure</name>
            </value>
          </entry>
          <entry>
            <key>metadata.table.fieldIndexString</key>
            <value>
              <name>metadata.table.fieldIndexString</name>
            </value>
          </entry>
          <entry>
            <key>metadata.table.fieldPoliciesJson</key>
            <value>
              <name>metadata.table.fieldPoliciesJson</name>
            </value>
          </entry>
          <entry>
            <key>metadata.table.fieldStructure</key>
            <value>
              <name>metadata.table.fieldStructure</name>
            </value>
          </entry>
          <entry>
            <key>metadata.table.partitionSpecs</key>
            <value>
              <name>metadata.table.partitionSpecs</name>
            </value>
          </entry>
          <entry>
            <key>metadata.table.partitionStructure</key>
            <value>
              <name>metadata.table.partitionStructure</name>
            </value>
          </entry>
          <entry>
            <key>metadata.table.targetFormat</key>
            <value>
              <name>metadata.table.targetFormat</name>
            </value>
          </entry>
          <entry>
            <key>metadata.table.targetMergeStrategy</key>
            <value>
              <name>metadata.table.targetMergeStrategy</name>
            </value>
          </entry>
          <entry>
            <key>metadata.table.targetTblProperties</key>
            <value>
              <name>metadata.table.targetTblProperties</name>
            </value>
          </entry>
          <entry>
            <key>spark.input_folder</key>
            <value>
              <name>spark.input_folder</name>
            </value>
          </entry>
        </descriptors>
        <lossTolerant>false</lossTolerant>
        <penaltyDuration>30 sec</penaltyDuration>
        <properties>
          <entry>
            <key>Delete Attributes Expression</key>
          </entry>
          <entry>
            <key>category</key>
            <value>${metadata.category.systemName}</value>
          </entry>
          <entry>
            <key>feed</key>
            <value>${metadata.systemFeedName}</value>
          </entry>
          <entry>
            <key>feedts</key>
            <value>${now():format('yyyyMMddHHmmss')}</value>
          </entry>
          <entry>
            <key>hdfs.ingest.root</key>
            <value>${config.hdfs.ingest.root}</value>
          </entry>
          <entry>
            <key>hive.ingest.root</key>
            <value>${config.hive.ingest.root}</value>
          </entry>
          <entry>
            <key>hive.master.root</key>
            <value>${config.hive.master.root}</value>
          </entry>
          <entry>
            <key>metadata.dataTransformation.datasourceIds</key>
            <value>${metadata.dataTransformation.datasourceIds}</value>
          </entry>
          <entry>
            <key>metadata.dataTransformation.dataTransformScript</key>
            <value>${metadata.dataTransformation.dataTransformScript}</value>
          </entry>
          <entry>
            <key>metadata.table.feedFieldStructure</key>
            <value>${metadata.table.feedFieldStructure}</value>
          </entry>
          <entry>
            <key>metadata.table.fieldIndexString</key>
            <value>${metadata.table.fieldIndexString}</value>
          </entry>
          <entry>
            <key>metadata.table.fieldPoliciesJson</key>
            <value>${metadata.table.fieldPoliciesJson}</value>
          </entry>
          <entry>
            <key>metadata.table.fieldStructure</key>
            <value>${metadata.table.fieldStructure}</value>
          </entry>
          <entry>
            <key>metadata.table.partitionSpecs</key>
            <value>${metadata.table.partitionSpecs}</value>
          </entry>
          <entry>
            <key>metadata.table.partitionStructure</key>
            <value>${metadata.table.partitionStructure}</value>
          </entry>
          <entry>
            <key>metadata.table.targetFormat</key>
            <value>${metadata.table.targetFormat}</value>
          </entry>
          <entry>
            <key>metadata.table.targetMergeStrategy</key>
            <value>${metadata.table.targetMergeStrategy}</value>
          </entry>
          <entry>
            <key>metadata.table.targetTblProperties</key>
            <value>${metadata.table.targetTblProperties}</value>
          </entry>
          <entry>
            <key>spark.input_folder</key>
            <value>/tmp</value>
          </entry>
        </properties>
        <runDurationMillis>0</runDurationMillis>
        <schedulingPeriod>0 sec</schedulingPeriod>
        <schedulingStrategy>TIMER_DRIVEN</schedulingStrategy>
        <yieldDuration>1 sec</yieldDuration>
      </config>
      <name>Update flow parameters</name>
      <relationships>
        <autoTerminate>false</autoTerminate>
        <name>success</name>
      </relationships>
      <style>
        <entry>
          <key>background-color</key>
          <value>#11f237</value>
        </entry>
      </style>
      <type>org.apache.nifi.processors.attributes.UpdateAttribute</type>
    </processors>
  </snippet>
  <timestamp>04/04/2017 22:51:11 UTC</timestamp>
</template>