{"properties":[{"processGroupName":"NiFi Flow","processorName":"Trigger Cleanup","processorId":"a0b57336-03c9-4c82-8ab2-e60d112dd786","processGroupId":"ef8b9fec-0ff0-4829-99e5-3f40f8e1749a","processorType":"com.thinkbiganalytics.nifi.v2.metadata.TriggerCleanup","key":"System feed category","value":"${metadata.category.systemName}","templateValue":"${metadata.category.systemName}","userEditable":false,"expressionProperties":null,"propertyDescriptor":{"name":"System feed category","displayName":null,"description":null,"defaultValue":null,"allowableValues":null,"required":null,"sensitive":null,"dynamic":null,"supportsEl":null,"identifiesControllerService":null},"renderType":"text","renderOptions":{},"selected":true,"inputProperty":true,"templateProperty":null,"idKey":"ef8b9fec-0ff0-4829-99e5-3f40f8e1749a-a0b57336-03c9-4c82-8ab2-e60d112dd786-System feed category","nameKey":"NiFi Flow-Trigger Cleanup-System feed category"},{"processGroupName":"NiFi Flow","processorName":"Trigger Cleanup","processorId":"a0b57336-03c9-4c82-8ab2-e60d112dd786","processGroupId":"ef8b9fec-0ff0-4829-99e5-3f40f8e1749a","processorType":"com.thinkbiganalytics.nifi.v2.metadata.TriggerCleanup","key":"System feed name","value":"${metadata.systemFeedName}","templateValue":"${metadata.systemFeedName}","userEditable":false,"expressionProperties":null,"propertyDescriptor":{"name":"System feed name","displayName":null,"description":null,"defaultValue":null,"allowableValues":null,"required":null,"sensitive":null,"dynamic":null,"supportsEl":null,"identifiesControllerService":null},"renderType":"text","renderOptions":{},"selected":true,"inputProperty":true,"templateProperty":null,"idKey":"ef8b9fec-0ff0-4829-99e5-3f40f8e1749a-a0b57336-03c9-4c82-8ab2-e60d112dd786-System feed name","nameKey":"NiFi Flow-Trigger Cleanup-System feed name"},{"processGroupName":"NiFi Flow","processorName":"Update flow parameters","processorId":"4d9697e4-c878-4bfc-a2df-c3cda00b6349","processGroupId":"ef8b9fec-0ff0-4829-99e5-3f40f8e1749a","processorType":"org.apache.nifi.processors.attributes.UpdateAttribute","key":"category","value":"${metadata.category.systemName}","templateValue":"${metadata.category.systemName}","userEditable":false,"expressionProperties":null,"propertyDescriptor":{"name":"category","displayName":null,"description":null,"defaultValue":null,"allowableValues":null,"required":null,"sensitive":null,"dynamic":null,"supportsEl":null,"identifiesControllerService":null},"renderType":"text","renderOptions":{},"selected":true,"inputProperty":false,"templateProperty":null,"idKey":"ef8b9fec-0ff0-4829-99e5-3f40f8e1749a-4d9697e4-c878-4bfc-a2df-c3cda00b6349-category","nameKey":"NiFi Flow-Update flow parameters-category"},{"processGroupName":"NiFi Flow","processorName":"Update flow parameters","processorId":"4d9697e4-c878-4bfc-a2df-c3cda00b6349","processGroupId":"ef8b9fec-0ff0-4829-99e5-3f40f8e1749a","processorType":"org.apache.nifi.processors.attributes.UpdateAttribute","key":"feed","value":"${metadata.systemFeedName}","templateValue":"${metadata.systemFeedName}","userEditable":false,"expressionProperties":null,"propertyDescriptor":{"name":"feed","displayName":null,"description":null,"defaultValue":null,"allowableValues":null,"required":null,"sensitive":null,"dynamic":null,"supportsEl":null,"identifiesControllerService":null},"renderType":"text","renderOptions":{},"selected":true,"inputProperty":false,"templateProperty":null,"idKey":"ef8b9fec-0ff0-4829-99e5-3f40f8e1749a-4d9697e4-c878-4bfc-a2df-c3cda00b6349-feed","nameKey":"NiFi Flow-Update flow parameters-feed"},{"processGroupName":"NiFi Flow","processorName":"Update flow parameters","processorId":"4d9697e4-c878-4bfc-a2df-c3cda00b6349","processGroupId":"ef8b9fec-0ff0-4829-99e5-3f40f8e1749a","processorType":"org.apache.nifi.processors.attributes.UpdateAttribute","key":"hdfs.ingest.root","value":"${config.hdfs.ingest.root}","templateValue":"${config.hdfs.ingest.root}","userEditable":false,"expressionProperties":null,"propertyDescriptor":{"name":"hdfs.ingest.root","displayName":null,"description":null,"defaultValue":null,"allowableValues":null,"required":null,"sensitive":null,"dynamic":null,"supportsEl":null,"identifiesControllerService":null},"renderType":"text","renderOptions":{},"selected":true,"inputProperty":false,"templateProperty":null,"idKey":"ef8b9fec-0ff0-4829-99e5-3f40f8e1749a-4d9697e4-c878-4bfc-a2df-c3cda00b6349-hdfs.ingest.root","nameKey":"NiFi Flow-Update flow parameters-hdfs.ingest.root"},{"processGroupName":"NiFi Flow","processorName":"Update flow parameters","processorId":"4d9697e4-c878-4bfc-a2df-c3cda00b6349","processGroupId":"ef8b9fec-0ff0-4829-99e5-3f40f8e1749a","processorType":"org.apache.nifi.processors.attributes.UpdateAttribute","key":"hive.ingest.root","value":"${config.hive.ingest.root}","templateValue":"${config.hive.ingest.root}","userEditable":false,"expressionProperties":null,"propertyDescriptor":{"name":"hive.ingest.root","displayName":null,"description":null,"defaultValue":null,"allowableValues":null,"required":null,"sensitive":null,"dynamic":null,"supportsEl":null,"identifiesControllerService":null},"renderType":"text","renderOptions":{},"selected":true,"inputProperty":false,"templateProperty":null,"idKey":"ef8b9fec-0ff0-4829-99e5-3f40f8e1749a-4d9697e4-c878-4bfc-a2df-c3cda00b6349-hive.ingest.root","nameKey":"NiFi Flow-Update flow parameters-hive.ingest.root"},{"processGroupName":"NiFi Flow","processorName":"Update flow parameters","processorId":"4d9697e4-c878-4bfc-a2df-c3cda00b6349","processGroupId":"ef8b9fec-0ff0-4829-99e5-3f40f8e1749a","processorType":"org.apache.nifi.processors.attributes.UpdateAttribute","key":"hive.master.root","value":"${config.hive.master.root}","templateValue":"${config.hive.master.root}","userEditable":false,"expressionProperties":null,"propertyDescriptor":{"name":"hive.master.root","displayName":null,"description":null,"defaultValue":null,"allowableValues":null,"required":null,"sensitive":null,"dynamic":null,"supportsEl":null,"identifiesControllerService":null},"renderType":"text","renderOptions":{},"selected":true,"inputProperty":false,"templateProperty":null,"idKey":"ef8b9fec-0ff0-4829-99e5-3f40f8e1749a-4d9697e4-c878-4bfc-a2df-c3cda00b6349-hive.master.root","nameKey":"NiFi Flow-Update flow parameters-hive.master.root"},{"processGroupName":"NiFi Flow","processorName":"Update flow parameters","processorId":"4d9697e4-c878-4bfc-a2df-c3cda00b6349","processGroupId":"ef8b9fec-0ff0-4829-99e5-3f40f8e1749a","processorType":"org.apache.nifi.processors.attributes.UpdateAttribute","key":"metadata.table.fieldStructure","value":"${metadata.table.fieldStructure}","templateValue":"${metadata.table.fieldStructure}","userEditable":false,"expressionProperties":null,"propertyDescriptor":{"name":"metadata.table.fieldStructure","displayName":null,"description":null,"defaultValue":null,"allowableValues":null,"required":null,"sensitive":null,"dynamic":null,"supportsEl":null,"identifiesControllerService":null},"renderType":"text","renderOptions":{},"selected":true,"inputProperty":false,"templateProperty":null,"idKey":"ef8b9fec-0ff0-4829-99e5-3f40f8e1749a-4d9697e4-c878-4bfc-a2df-c3cda00b6349-metadata.table.fieldStructure","nameKey":"NiFi Flow-Update flow parameters-metadata.table.fieldStructure"},{"processGroupName":"NiFi Flow","processorName":"Update flow parameters","processorId":"4d9697e4-c878-4bfc-a2df-c3cda00b6349","processGroupId":"ef8b9fec-0ff0-4829-99e5-3f40f8e1749a","processorType":"org.apache.nifi.processors.attributes.UpdateAttribute","key":"metadata.table.partitionStructure","value":"${metadata.table.partitionStructure}","templateValue":"${metadata.table.partitionStructure}","userEditable":false,"expressionProperties":null,"propertyDescriptor":{"name":"metadata.table.partitionStructure","displayName":null,"description":null,"defaultValue":null,"allowableValues":null,"required":null,"sensitive":null,"dynamic":null,"supportsEl":null,"identifiesControllerService":null},"renderType":"text","renderOptions":{},"selected":true,"inputProperty":false,"templateProperty":null,"idKey":"ef8b9fec-0ff0-4829-99e5-3f40f8e1749a-4d9697e4-c878-4bfc-a2df-c3cda00b6349-metadata.table.partitionStructure","nameKey":"NiFi Flow-Update flow parameters-metadata.table.partitionStructure"},{"processGroupName":"NiFi Flow","processorName":"Update flow parameters","processorId":"4d9697e4-c878-4bfc-a2df-c3cda00b6349","processGroupId":"ef8b9fec-0ff0-4829-99e5-3f40f8e1749a","processorType":"org.apache.nifi.processors.attributes.UpdateAttribute","key":"metadata.table.targetFormat","value":"${metadata.table.targetFormat}","templateValue":"${metadata.table.targetFormat}","userEditable":false,"expressionProperties":null,"propertyDescriptor":{"name":"metadata.table.targetFormat","displayName":null,"description":null,"defaultValue":null,"allowableValues":null,"required":null,"sensitive":null,"dynamic":null,"supportsEl":null,"identifiesControllerService":null},"renderType":"text","renderOptions":{},"selected":true,"inputProperty":false,"templateProperty":null,"idKey":"ef8b9fec-0ff0-4829-99e5-3f40f8e1749a-4d9697e4-c878-4bfc-a2df-c3cda00b6349-metadata.table.targetFormat","nameKey":"NiFi Flow-Update flow parameters-metadata.table.targetFormat"},{"processGroupName":"NiFi Flow","processorName":"Update flow parameters","processorId":"4d9697e4-c878-4bfc-a2df-c3cda00b6349","processGroupId":"ef8b9fec-0ff0-4829-99e5-3f40f8e1749a","processorType":"org.apache.nifi.processors.attributes.UpdateAttribute","key":"metadata.table.targetTblProperties","value":"${metadata.table.targetTblProperties}","templateValue":"${metadata.table.targetTblProperties}","userEditable":false,"expressionProperties":null,"propertyDescriptor":{"name":"metadata.table.targetTblProperties","displayName":null,"description":null,"defaultValue":null,"allowableValues":null,"required":null,"sensitive":null,"dynamic":null,"supportsEl":null,"identifiesControllerService":null},"renderType":"text","renderOptions":{},"selected":true,"inputProperty":false,"templateProperty":null,"idKey":"ef8b9fec-0ff0-4829-99e5-3f40f8e1749a-4d9697e4-c878-4bfc-a2df-c3cda00b6349-metadata.table.targetTblProperties","nameKey":"NiFi Flow-Update flow parameters-metadata.table.targetTblProperties"},{"processGroupName":"NiFi Flow","processorName":"Update flow parameters","processorId":"4d9697e4-c878-4bfc-a2df-c3cda00b6349","processGroupId":"ef8b9fec-0ff0-4829-99e5-3f40f8e1749a","processorType":"org.apache.nifi.processors.attributes.UpdateAttribute","key":"transform_script","value":"${metadata.dataTransformation.dataTransformScript}","templateValue":"${metadata.dataTransformation.dataTransformScript}","userEditable":false,"expressionProperties":null,"propertyDescriptor":{"name":"transform_script","displayName":null,"description":null,"defaultValue":null,"allowableValues":null,"required":null,"sensitive":null,"dynamic":null,"supportsEl":null,"identifiesControllerService":null},"renderType":"text","renderOptions":{},"selected":true,"inputProperty":false,"templateProperty":null,"idKey":"ef8b9fec-0ff0-4829-99e5-3f40f8e1749a-4d9697e4-c878-4bfc-a2df-c3cda00b6349-transform_script","nameKey":"NiFi Flow-Update flow parameters-transform_script"}],"nonInputProcessors":null,"inputProcessors":[{"type":"org.apache.nifi.processors.standard.GenerateFlowFile","name":"Run Feed","id":"3447a22f-2345-4d20-8ed7-05c58f733ecf","groupName":null,"groupId":"ef8b9fec-0ff0-4829-99e5-3f40f8e1749a","inputProcessor":true,"userDefinedInputProcessor":false,"properties":[]}],"id":"3ed1be05-cc27-4474-b95a-c83a1aa9bf89","nifiTemplateId":"7543342b-6d59-48d6-a095-8b9b5d7c5934","templateName":"Data Transformation","updateDate":1479259535328,"createDate":1466629796656,"icon":"all_inclusive","iconColor":"#AB47BC","description":"Data Transformation","state":"ENABLED","defineTable":false,"reusableTemplate":false,"reusableTemplateConnections":[{"feedOutputPortName":"to-wrangler-cleanup-port","reusableTemplateInputPortName":"wrangler-cleanup-port","inputPortDisplayName":"wrangler-cleanup-port"},{"feedOutputPortName":"to-wrangler-port","reusableTemplateInputPortName":"wrangler-input-port","inputPortDisplayName":"wrangler-input-port"}],"feedsCount":5,"allowPreconditions":false,"dataTransformation":true}