{"owner":{"displayName":"Data Lake Administrator","email":null,"enabled":true,"groups":["admin","user"],"systemName":"dladmin"},"allowedActions":{"actions":[{"systemName":"accessTemplate","actions":[{"systemName":"editTemplate"},{"systemName":"deleteTemplate"},{"systemName":"exportTemplate"},{"systemName":"createFeedFromTemplate"},{"systemName":"changeTemplatePermissions"}]}]},"roleMemberships":[],"feedRoleMemberships":[],"properties":[{"processGroupName":"NiFi Flow","processorName":"Trigger Cleanup","processorId":"1ff703e2-dd44-3287-f647-302a0b4ae50e","processGroupId":"223a4053-a8a8-1f85-cf0c-1f4f00abc893","processorType":"com.thinkbiganalytics.nifi.v2.metadata.TriggerCleanup","key":"System feed category","value":"${metadata.category.systemName}","expressionProperties":null,"propertyDescriptor":{"name":"System feed category","displayName":null,"description":null,"defaultValue":null,"allowableValues":null,"required":null,"sensitive":null,"dynamic":null,"supportsEl":null,"identifiesControllerService":null},"templateValue":"${metadata.category.systemName}","userEditable":false,"renderType":"text","renderOptions":{},"selected":true,"inputProperty":true,"containsConfigurationVariables":false,"sensitive":false,"required":false,"templateProperty":null,"nameKey":"NiFi Flow-Trigger Cleanup-System feed category","idKey":"223a4053-a8a8-1f85-cf0c-1f4f00abc893-1ff703e2-dd44-3287-f647-302a0b4ae50e-System feed category","processorNameTypeKey":"Trigger Cleanup-com.thinkbiganalytics.nifi.v2.metadata.TriggerCleanup-System feed category"},{"processGroupName":"NiFi Flow","processorName":"Trigger Cleanup","processorId":"1ff703e2-dd44-3287-f647-302a0b4ae50e","processGroupId":"223a4053-a8a8-1f85-cf0c-1f4f00abc893","processorType":"com.thinkbiganalytics.nifi.v2.metadata.TriggerCleanup","key":"System feed name","value":"${metadata.systemFeedName}","expressionProperties":null,"propertyDescriptor":{"name":"System feed name","displayName":null,"description":null,"defaultValue":null,"allowableValues":null,"required":null,"sensitive":null,"dynamic":null,"supportsEl":null,"identifiesControllerService":null},"templateValue":"${metadata.systemFeedName}","userEditable":false,"renderType":"text","renderOptions":{},"selected":true,"inputProperty":true,"containsConfigurationVariables":false,"sensitive":false,"required":false,"templateProperty":null,"nameKey":"NiFi Flow-Trigger Cleanup-System feed name","idKey":"223a4053-a8a8-1f85-cf0c-1f4f00abc893-1ff703e2-dd44-3287-f647-302a0b4ae50e-System feed name","processorNameTypeKey":"Trigger Cleanup-com.thinkbiganalytics.nifi.v2.metadata.TriggerCleanup-System feed name"},{"processGroupName":"NiFi Flow","processorName":"Update flow parameters","processorId":"9ad6cd57-d5c6-3066-eee5-13fe00b44c1e","processGroupId":"223a4053-a8a8-1f85-cf0c-1f4f00abc893","processorType":"org.apache.nifi.processors.attributes.UpdateAttribute","key":"category","value":"${metadata.category.systemName}","expressionProperties":null,"propertyDescriptor":{"name":"category","displayName":null,"description":null,"defaultValue":null,"allowableValues":null,"required":null,"sensitive":null,"dynamic":null,"supportsEl":null,"identifiesControllerService":null},"templateValue":"${metadata.category.systemName}","userEditable":false,"renderType":"text","renderOptions":{},"selected":true,"inputProperty":false,"containsConfigurationVariables":false,"sensitive":false,"required":false,"templateProperty":null,"nameKey":"NiFi Flow-Update flow parameters-category","idKey":"223a4053-a8a8-1f85-cf0c-1f4f00abc893-9ad6cd57-d5c6-3066-eee5-13fe00b44c1e-category","processorNameTypeKey":"Update flow parameters-org.apache.nifi.processors.attributes.UpdateAttribute-category"},{"processGroupName":"NiFi Flow","processorName":"Update flow parameters","processorId":"9ad6cd57-d5c6-3066-eee5-13fe00b44c1e","processGroupId":"223a4053-a8a8-1f85-cf0c-1f4f00abc893","processorType":"org.apache.nifi.processors.attributes.UpdateAttribute","key":"feed","value":"${metadata.systemFeedName}","expressionProperties":null,"propertyDescriptor":{"name":"feed","displayName":null,"description":null,"defaultValue":null,"allowableValues":null,"required":null,"sensitive":null,"dynamic":null,"supportsEl":null,"identifiesControllerService":null},"templateValue":"${metadata.systemFeedName}","userEditable":false,"renderType":"text","renderOptions":{},"selected":true,"inputProperty":false,"containsConfigurationVariables":false,"sensitive":false,"required":false,"templateProperty":null,"nameKey":"NiFi Flow-Update flow parameters-feed","idKey":"223a4053-a8a8-1f85-cf0c-1f4f00abc893-9ad6cd57-d5c6-3066-eee5-13fe00b44c1e-feed","processorNameTypeKey":"Update flow parameters-org.apache.nifi.processors.attributes.UpdateAttribute-feed"},{"processGroupName":"NiFi Flow","processorName":"Update flow parameters","processorId":"9ad6cd57-d5c6-3066-eee5-13fe00b44c1e","processGroupId":"223a4053-a8a8-1f85-cf0c-1f4f00abc893","processorType":"org.apache.nifi.processors.attributes.UpdateAttribute","key":"hdfs.ingest.root","value":"${config.hdfs.ingest.root}","expressionProperties":null,"propertyDescriptor":{"name":"hdfs.ingest.root","displayName":null,"description":null,"defaultValue":null,"allowableValues":null,"required":null,"sensitive":null,"dynamic":null,"supportsEl":null,"identifiesControllerService":null},"templateValue":"${config.hdfs.ingest.root}","userEditable":false,"renderType":"text","renderOptions":{},"selected":true,"inputProperty":false,"containsConfigurationVariables":false,"sensitive":false,"required":false,"templateProperty":null,"nameKey":"NiFi Flow-Update flow parameters-hdfs.ingest.root","idKey":"223a4053-a8a8-1f85-cf0c-1f4f00abc893-9ad6cd57-d5c6-3066-eee5-13fe00b44c1e-hdfs.ingest.root","processorNameTypeKey":"Update flow parameters-org.apache.nifi.processors.attributes.UpdateAttribute-hdfs.ingest.root"},{"processGroupName":"NiFi Flow","processorName":"Update flow parameters","processorId":"9ad6cd57-d5c6-3066-eee5-13fe00b44c1e","processGroupId":"223a4053-a8a8-1f85-cf0c-1f4f00abc893","processorType":"org.apache.nifi.processors.attributes.UpdateAttribute","key":"hive.ingest.root","value":"${config.hive.ingest.root}","expressionProperties":null,"propertyDescriptor":{"name":"hive.ingest.root","displayName":null,"description":null,"defaultValue":null,"allowableValues":null,"required":null,"sensitive":null,"dynamic":null,"supportsEl":null,"identifiesControllerService":null},"templateValue":"${config.hive.ingest.root}","userEditable":false,"renderType":"text","renderOptions":{},"selected":true,"inputProperty":false,"containsConfigurationVariables":false,"sensitive":false,"required":false,"templateProperty":null,"nameKey":"NiFi Flow-Update flow parameters-hive.ingest.root","idKey":"223a4053-a8a8-1f85-cf0c-1f4f00abc893-9ad6cd57-d5c6-3066-eee5-13fe00b44c1e-hive.ingest.root","processorNameTypeKey":"Update flow parameters-org.apache.nifi.processors.attributes.UpdateAttribute-hive.ingest.root"},{"processGroupName":"NiFi Flow","processorName":"Update flow parameters","processorId":"9ad6cd57-d5c6-3066-eee5-13fe00b44c1e","processGroupId":"223a4053-a8a8-1f85-cf0c-1f4f00abc893","processorType":"org.apache.nifi.processors.attributes.UpdateAttribute","key":"hive.master.root","value":"${config.hive.master.root}","expressionProperties":null,"propertyDescriptor":{"name":"hive.master.root","displayName":null,"description":null,"defaultValue":null,"allowableValues":null,"required":null,"sensitive":null,"dynamic":null,"supportsEl":null,"identifiesControllerService":null},"templateValue":"${config.hive.master.root}","userEditable":false,"renderType":"text","renderOptions":{},"selected":true,"inputProperty":false,"containsConfigurationVariables":false,"sensitive":false,"required":false,"templateProperty":null,"nameKey":"NiFi Flow-Update flow parameters-hive.master.root","idKey":"223a4053-a8a8-1f85-cf0c-1f4f00abc893-9ad6cd57-d5c6-3066-eee5-13fe00b44c1e-hive.master.root","processorNameTypeKey":"Update flow parameters-org.apache.nifi.processors.attributes.UpdateAttribute-hive.master.root"},{"processGroupName":"NiFi Flow","processorName":"Update flow parameters","processorId":"9ad6cd57-d5c6-3066-eee5-13fe00b44c1e","processGroupId":"223a4053-a8a8-1f85-cf0c-1f4f00abc893","processorType":"org.apache.nifi.processors.attributes.UpdateAttribute","key":"metadata.dataTransformation.dataTransformScript","value":"${metadata.dataTransformation.dataTransformScript}","expressionProperties":null,"propertyDescriptor":{"name":"metadata.dataTransformation.dataTransformScript","displayName":"metadata.dataTransformation.dataTransformScript","description":"","defaultValue":null,"allowableValues":null,"required":false,"sensitive":false,"dynamic":true,"supportsEl":true,"identifiesControllerService":null},"templateValue":"${metadata.dataTransformation.dataTransformScript}","userEditable":false,"renderType":"text","renderOptions":{},"selected":true,"inputProperty":false,"containsConfigurationVariables":false,"sensitive":false,"required":false,"templateProperty":null,"nameKey":"NiFi Flow-Update flow parameters-metadata.dataTransformation.dataTransformScript","idKey":"223a4053-a8a8-1f85-cf0c-1f4f00abc893-9ad6cd57-d5c6-3066-eee5-13fe00b44c1e-metadata.dataTransformation.dataTransformScript","processorNameTypeKey":"Update flow parameters-org.apache.nifi.processors.attributes.UpdateAttribute-metadata.dataTransformation.dataTransformScript"},{"processGroupName":"NiFi Flow","processorName":"Update flow parameters","processorId":"9ad6cd57-d5c6-3066-eee5-13fe00b44c1e","processGroupId":"223a4053-a8a8-1f85-cf0c-1f4f00abc893","processorType":"org.apache.nifi.processors.attributes.UpdateAttribute","key":"metadata.dataTransformation.datasourceIds","value":"${metadata.dataTransformation.datasourceIds}","expressionProperties":null,"propertyDescriptor":{"name":"metadata.dataTransformation.datasourceIds","displayName":"metadata.dataTransformation.datasourceIds","description":"","defaultValue":null,"allowableValues":null,"required":false,"sensitive":false,"dynamic":true,"supportsEl":true,"identifiesControllerService":null},"templateValue":"${metadata.dataTransformation.datasourceIds}","userEditable":false,"renderType":"text","renderOptions":{},"selected":true,"inputProperty":false,"containsConfigurationVariables":false,"sensitive":false,"required":false,"templateProperty":null,"nameKey":"NiFi Flow-Update flow parameters-metadata.dataTransformation.datasourceIds","idKey":"223a4053-a8a8-1f85-cf0c-1f4f00abc893-9ad6cd57-d5c6-3066-eee5-13fe00b44c1e-metadata.dataTransformation.datasourceIds","processorNameTypeKey":"Update flow parameters-org.apache.nifi.processors.attributes.UpdateAttribute-metadata.dataTransformation.datasourceIds"},{"processGroupName":"NiFi Flow","processorName":"Update flow parameters","processorId":"9ad6cd57-d5c6-3066-eee5-13fe00b44c1e","processGroupId":"223a4053-a8a8-1f85-cf0c-1f4f00abc893","processorType":"org.apache.nifi.processors.attributes.UpdateAttribute","key":"metadata.table.feedFieldStructure","value":"${metadata.table.feedFieldStructure}","expressionProperties":null,"propertyDescriptor":{"name":"metadata.table.feedFieldStructure","displayName":"metadata.table.feedFieldStructure","description":"","defaultValue":null,"allowableValues":null,"required":false,"sensitive":false,"dynamic":true,"supportsEl":true,"identifiesControllerService":null},"templateValue":"${metadata.table.feedFieldStructure}","userEditable":false,"renderType":"text","renderOptions":{},"selected":true,"inputProperty":false,"containsConfigurationVariables":false,"sensitive":false,"required":false,"templateProperty":null,"nameKey":"NiFi Flow-Update flow parameters-metadata.table.feedFieldStructure","idKey":"223a4053-a8a8-1f85-cf0c-1f4f00abc893-9ad6cd57-d5c6-3066-eee5-13fe00b44c1e-metadata.table.feedFieldStructure","processorNameTypeKey":"Update flow parameters-org.apache.nifi.processors.attributes.UpdateAttribute-metadata.table.feedFieldStructure"},{"processGroupName":"NiFi Flow","processorName":"Update flow parameters","processorId":"9ad6cd57-d5c6-3066-eee5-13fe00b44c1e","processGroupId":"223a4053-a8a8-1f85-cf0c-1f4f00abc893","processorType":"org.apache.nifi.processors.attributes.UpdateAttribute","key":"metadata.table.feedFormat","value":"${metadata.table.feedFormat}","expressionProperties":null,"propertyDescriptor":{"name":"metadata.table.feedFormat","displayName":"metadata.table.feedFormat","description":"","defaultValue":null,"allowableValues":null,"required":false,"sensitive":false,"dynamic":true,"supportsEl":true,"identifiesControllerService":null},"templateValue":"${metadata.table.feedFormat}","userEditable":false,"renderType":"text","renderOptions":{},"selected":true,"inputProperty":false,"containsConfigurationVariables":false,"sensitive":false,"required":false,"templateProperty":null,"nameKey":"NiFi Flow-Update flow parameters-metadata.table.feedFormat","idKey":"223a4053-a8a8-1f85-cf0c-1f4f00abc893-9ad6cd57-d5c6-3066-eee5-13fe00b44c1e-metadata.table.feedFormat","processorNameTypeKey":"Update flow parameters-org.apache.nifi.processors.attributes.UpdateAttribute-metadata.table.feedFormat"},{"processGroupName":"NiFi Flow","processorName":"Update flow parameters","processorId":"9ad6cd57-d5c6-3066-eee5-13fe00b44c1e","processGroupId":"223a4053-a8a8-1f85-cf0c-1f4f00abc893","processorType":"org.apache.nifi.processors.attributes.UpdateAttribute","key":"metadata.table.fieldIndexString","value":"${metadata.table.fieldIndexString}","expressionProperties":null,"propertyDescriptor":{"name":"metadata.table.fieldIndexString","displayName":"metadata.table.fieldIndexString","description":"","defaultValue":null,"allowableValues":null,"required":false,"sensitive":false,"dynamic":true,"supportsEl":true,"identifiesControllerService":null},"templateValue":"${metadata.table.fieldIndexString}","userEditable":false,"renderType":"text","renderOptions":{},"selected":true,"inputProperty":false,"containsConfigurationVariables":false,"sensitive":false,"required":false,"templateProperty":null,"nameKey":"NiFi Flow-Update flow parameters-metadata.table.fieldIndexString","idKey":"223a4053-a8a8-1f85-cf0c-1f4f00abc893-9ad6cd57-d5c6-3066-eee5-13fe00b44c1e-metadata.table.fieldIndexString","processorNameTypeKey":"Update flow parameters-org.apache.nifi.processors.attributes.UpdateAttribute-metadata.table.fieldIndexString"},{"processGroupName":"NiFi Flow","processorName":"Update flow parameters","processorId":"9ad6cd57-d5c6-3066-eee5-13fe00b44c1e","processGroupId":"223a4053-a8a8-1f85-cf0c-1f4f00abc893","processorType":"org.apache.nifi.processors.attributes.UpdateAttribute","key":"metadata.table.fieldPoliciesJson","value":"${metadata.table.fieldPoliciesJson}","expressionProperties":null,"propertyDescriptor":{"name":"metadata.table.fieldPoliciesJson","displayName":"metadata.table.fieldPoliciesJson","description":"","defaultValue":null,"allowableValues":null,"required":false,"sensitive":false,"dynamic":true,"supportsEl":true,"identifiesControllerService":null},"templateValue":"${metadata.table.fieldPoliciesJson}","userEditable":false,"renderType":"text","renderOptions":{},"selected":true,"inputProperty":false,"containsConfigurationVariables":false,"sensitive":false,"required":false,"templateProperty":null,"nameKey":"NiFi Flow-Update flow parameters-metadata.table.fieldPoliciesJson","idKey":"223a4053-a8a8-1f85-cf0c-1f4f00abc893-9ad6cd57-d5c6-3066-eee5-13fe00b44c1e-metadata.table.fieldPoliciesJson","processorNameTypeKey":"Update flow parameters-org.apache.nifi.processors.attributes.UpdateAttribute-metadata.table.fieldPoliciesJson"},{"processGroupName":"NiFi Flow","processorName":"Update flow parameters","processorId":"9ad6cd57-d5c6-3066-eee5-13fe00b44c1e","processGroupId":"223a4053-a8a8-1f85-cf0c-1f4f00abc893","processorType":"org.apache.nifi.processors.attributes.UpdateAttribute","key":"metadata.table.fieldStructure","value":"${metadata.table.fieldStructure}","expressionProperties":null,"propertyDescriptor":{"name":"metadata.table.fieldStructure","displayName":null,"description":null,"defaultValue":null,"allowableValues":null,"required":null,"sensitive":null,"dynamic":null,"supportsEl":null,"identifiesControllerService":null},"templateValue":"${metadata.table.fieldStructure}","userEditable":false,"renderType":"text","renderOptions":{},"selected":true,"inputProperty":false,"containsConfigurationVariables":false,"sensitive":false,"required":false,"templateProperty":null,"nameKey":"NiFi Flow-Update flow parameters-metadata.table.fieldStructure","idKey":"223a4053-a8a8-1f85-cf0c-1f4f00abc893-9ad6cd57-d5c6-3066-eee5-13fe00b44c1e-metadata.table.fieldStructure","processorNameTypeKey":"Update flow parameters-org.apache.nifi.processors.attributes.UpdateAttribute-metadata.table.fieldStructure"},{"processGroupName":"NiFi Flow","processorName":"Update flow parameters","processorId":"9ad6cd57-d5c6-3066-eee5-13fe00b44c1e","processGroupId":"223a4053-a8a8-1f85-cf0c-1f4f00abc893","processorType":"org.apache.nifi.processors.attributes.UpdateAttribute","key":"metadata.table.partitionSpecs","value":"${metadata.table.partitionSpecs}","expressionProperties":null,"propertyDescriptor":{"name":"metadata.table.partitionSpecs","displayName":"metadata.table.partitionSpecs","description":"","defaultValue":null,"allowableValues":null,"required":false,"sensitive":false,"dynamic":true,"supportsEl":true,"identifiesControllerService":null},"templateValue":"${metadata.table.partitionSpecs}","userEditable":false,"renderType":"text","renderOptions":{},"selected":true,"inputProperty":false,"containsConfigurationVariables":false,"sensitive":false,"required":false,"templateProperty":null,"nameKey":"NiFi Flow-Update flow parameters-metadata.table.partitionSpecs","idKey":"223a4053-a8a8-1f85-cf0c-1f4f00abc893-9ad6cd57-d5c6-3066-eee5-13fe00b44c1e-metadata.table.partitionSpecs","processorNameTypeKey":"Update flow parameters-org.apache.nifi.processors.attributes.UpdateAttribute-metadata.table.partitionSpecs"},{"processGroupName":"NiFi Flow","processorName":"Update flow parameters","processorId":"9ad6cd57-d5c6-3066-eee5-13fe00b44c1e","processGroupId":"223a4053-a8a8-1f85-cf0c-1f4f00abc893","processorType":"org.apache.nifi.processors.attributes.UpdateAttribute","key":"metadata.table.partitionStructure","value":"${metadata.table.partitionStructure}","expressionProperties":null,"propertyDescriptor":{"name":"metadata.table.partitionStructure","displayName":null,"description":null,"defaultValue":null,"allowableValues":null,"required":null,"sensitive":null,"dynamic":null,"supportsEl":null,"identifiesControllerService":null},"templateValue":"${metadata.table.partitionStructure}","userEditable":false,"renderType":"text","renderOptions":{},"selected":true,"inputProperty":false,"containsConfigurationVariables":false,"sensitive":false,"required":false,"templateProperty":null,"nameKey":"NiFi Flow-Update flow parameters-metadata.table.partitionStructure","idKey":"223a4053-a8a8-1f85-cf0c-1f4f00abc893-9ad6cd57-d5c6-3066-eee5-13fe00b44c1e-metadata.table.partitionStructure","processorNameTypeKey":"Update flow parameters-org.apache.nifi.processors.attributes.UpdateAttribute-metadata.table.partitionStructure"},{"processGroupName":"NiFi Flow","processorName":"Update flow parameters","processorId":"9ad6cd57-d5c6-3066-eee5-13fe00b44c1e","processGroupId":"223a4053-a8a8-1f85-cf0c-1f4f00abc893","processorType":"org.apache.nifi.processors.attributes.UpdateAttribute","key":"metadata.table.targetFormat","value":"${metadata.table.targetFormat}","expressionProperties":null,"propertyDescriptor":{"name":"metadata.table.targetFormat","displayName":null,"description":null,"defaultValue":null,"allowableValues":null,"required":null,"sensitive":null,"dynamic":null,"supportsEl":null,"identifiesControllerService":null},"templateValue":"${metadata.table.targetFormat}","userEditable":false,"renderType":"text","renderOptions":{},"selected":true,"inputProperty":false,"containsConfigurationVariables":false,"sensitive":false,"required":false,"templateProperty":null,"nameKey":"NiFi Flow-Update flow parameters-metadata.table.targetFormat","idKey":"223a4053-a8a8-1f85-cf0c-1f4f00abc893-9ad6cd57-d5c6-3066-eee5-13fe00b44c1e-metadata.table.targetFormat","processorNameTypeKey":"Update flow parameters-org.apache.nifi.processors.attributes.UpdateAttribute-metadata.table.targetFormat"},{"processGroupName":"NiFi Flow","processorName":"Update flow parameters","processorId":"9ad6cd57-d5c6-3066-eee5-13fe00b44c1e","processGroupId":"223a4053-a8a8-1f85-cf0c-1f4f00abc893","processorType":"org.apache.nifi.processors.attributes.UpdateAttribute","key":"metadata.table.targetMergeStrategy","value":"${metadata.table.targetMergeStrategy}","expressionProperties":null,"propertyDescriptor":{"name":"metadata.table.targetMergeStrategy","displayName":"metadata.table.targetMergeStrategy","description":"","defaultValue":null,"allowableValues":null,"required":false,"sensitive":false,"dynamic":true,"supportsEl":true,"identifiesControllerService":null},"templateValue":"${metadata.table.targetMergeStrategy}","userEditable":false,"renderType":"text","renderOptions":{},"selected":true,"inputProperty":false,"containsConfigurationVariables":false,"sensitive":false,"required":false,"templateProperty":null,"nameKey":"NiFi Flow-Update flow parameters-metadata.table.targetMergeStrategy","idKey":"223a4053-a8a8-1f85-cf0c-1f4f00abc893-9ad6cd57-d5c6-3066-eee5-13fe00b44c1e-metadata.table.targetMergeStrategy","processorNameTypeKey":"Update flow parameters-org.apache.nifi.processors.attributes.UpdateAttribute-metadata.table.targetMergeStrategy"},{"processGroupName":"NiFi Flow","processorName":"Update flow parameters","processorId":"9ad6cd57-d5c6-3066-eee5-13fe00b44c1e","processGroupId":"223a4053-a8a8-1f85-cf0c-1f4f00abc893","processorType":"org.apache.nifi.processors.attributes.UpdateAttribute","key":"metadata.table.targetTblProperties","value":"${metadata.table.targetTblProperties}","expressionProperties":null,"propertyDescriptor":{"name":"metadata.table.targetTblProperties","displayName":"metadata.table.targetTblProperties","description":"","defaultValue":null,"allowableValues":null,"required":false,"sensitive":false,"dynamic":true,"supportsEl":true,"identifiesControllerService":null},"templateValue":"${metadata.table.targetTblProperties}","userEditable":false,"renderType":"text","renderOptions":{},"selected":true,"inputProperty":false,"containsConfigurationVariables":false,"sensitive":false,"required":false,"templateProperty":null,"nameKey":"NiFi Flow-Update flow parameters-metadata.table.targetTblProperties","idKey":"223a4053-a8a8-1f85-cf0c-1f4f00abc893-9ad6cd57-d5c6-3066-eee5-13fe00b44c1e-metadata.table.targetTblProperties","processorNameTypeKey":"Update flow parameters-org.apache.nifi.processors.attributes.UpdateAttribute-metadata.table.targetTblProperties"},{"processGroupName":"NiFi Flow","processorName":"Update flow parameters","processorId":"9ad6cd57-d5c6-3066-eee5-13fe00b44c1e","processGroupId":"223a4053-a8a8-1f85-cf0c-1f4f00abc893","processorType":"org.apache.nifi.processors.attributes.UpdateAttribute","key":"nifi.home","value":"${config.nifi.home}","expressionProperties":null,"propertyDescriptor":{"name":"nifi.home","displayName":"nifi.home","description":"","defaultValue":null,"allowableValues":null,"required":false,"sensitive":false,"dynamic":true,"supportsEl":true,"identifiesControllerService":null},"templateValue":"${config.nifi.home}","userEditable":false,"renderType":"text","renderOptions":{},"selected":true,"inputProperty":false,"containsConfigurationVariables":false,"sensitive":false,"required":false,"templateProperty":null,"nameKey":"NiFi Flow-Update flow parameters-nifi.home","idKey":"223a4053-a8a8-1f85-cf0c-1f4f00abc893-9ad6cd57-d5c6-3066-eee5-13fe00b44c1e-nifi.home","processorNameTypeKey":"Update flow parameters-org.apache.nifi.processors.attributes.UpdateAttribute-nifi.home"},{"processGroupName":"NiFi Flow","processorName":"Update flow parameters","processorId":"9ad6cd57-d5c6-3066-eee5-13fe00b44c1e","processGroupId":"223a4053-a8a8-1f85-cf0c-1f4f00abc893","processorType":"org.apache.nifi.processors.attributes.UpdateAttribute","key":"spark.version","value":"${config.spark.version}","expressionProperties":null,"propertyDescriptor":{"name":"spark.version","displayName":"spark.version","description":"","defaultValue":null,"allowableValues":null,"required":false,"sensitive":false,"dynamic":true,"supportsEl":true,"identifiesControllerService":null},"templateValue":"${config.spark.version}","userEditable":false,"renderType":"text","renderOptions":{},"selected":true,"inputProperty":false,"containsConfigurationVariables":false,"sensitive":false,"required":false,"templateProperty":null,"nameKey":"NiFi Flow-Update flow parameters-spark.version","idKey":"223a4053-a8a8-1f85-cf0c-1f4f00abc893-9ad6cd57-d5c6-3066-eee5-13fe00b44c1e-spark.version","processorNameTypeKey":"Update flow parameters-org.apache.nifi.processors.attributes.UpdateAttribute-spark.version"}],"nonInputProcessors":[{"properties":[{"processGroupName":"NiFi Flow","processorName":"Update flow parameters","processorId":"9ad6cd57-d5c6-3066-eee5-13fe00b44c1e","processGroupId":"223a4053-a8a8-1f85-cf0c-1f4f00abc893","processorType":"org.apache.nifi.processors.attributes.UpdateAttribute","key":"category","value":"${metadata.category.systemName}","expressionProperties":null,"propertyDescriptor":{"name":"category","displayName":null,"description":null,"defaultValue":null,"allowableValues":null,"required":null,"sensitive":null,"dynamic":null,"supportsEl":null,"identifiesControllerService":null},"templateValue":"${metadata.category.systemName}","userEditable":false,"renderType":"text","renderOptions":{},"selected":true,"inputProperty":false,"containsConfigurationVariables":false,"sensitive":false,"required":false,"templateProperty":null,"nameKey":"NiFi Flow-Update flow parameters-category","idKey":"223a4053-a8a8-1f85-cf0c-1f4f00abc893-9ad6cd57-d5c6-3066-eee5-13fe00b44c1e-category","processorNameTypeKey":"Update flow parameters-org.apache.nifi.processors.attributes.UpdateAttribute-category"},{"processGroupName":"NiFi Flow","processorName":"Update flow parameters","processorId":"9ad6cd57-d5c6-3066-eee5-13fe00b44c1e","processGroupId":"223a4053-a8a8-1f85-cf0c-1f4f00abc893","processorType":"org.apache.nifi.processors.attributes.UpdateAttribute","key":"feed","value":"${metadata.systemFeedName}","expressionProperties":null,"propertyDescriptor":{"name":"feed","displayName":null,"description":null,"defaultValue":null,"allowableValues":null,"required":null,"sensitive":null,"dynamic":null,"supportsEl":null,"identifiesControllerService":null},"templateValue":"${metadata.systemFeedName}","userEditable":false,"renderType":"text","renderOptions":{},"selected":true,"inputProperty":false,"containsConfigurationVariables":false,"sensitive":false,"required":false,"templateProperty":null,"nameKey":"NiFi Flow-Update flow parameters-feed","idKey":"223a4053-a8a8-1f85-cf0c-1f4f00abc893-9ad6cd57-d5c6-3066-eee5-13fe00b44c1e-feed","processorNameTypeKey":"Update flow parameters-org.apache.nifi.processors.attributes.UpdateAttribute-feed"},{"processGroupName":"NiFi Flow","processorName":"Update flow parameters","processorId":"9ad6cd57-d5c6-3066-eee5-13fe00b44c1e","processGroupId":"223a4053-a8a8-1f85-cf0c-1f4f00abc893","processorType":"org.apache.nifi.processors.attributes.UpdateAttribute","key":"hdfs.ingest.root","value":"${config.hdfs.ingest.root}","expressionProperties":null,"propertyDescriptor":{"name":"hdfs.ingest.root","displayName":null,"description":null,"defaultValue":null,"allowableValues":null,"required":null,"sensitive":null,"dynamic":null,"supportsEl":null,"identifiesControllerService":null},"templateValue":"${config.hdfs.ingest.root}","userEditable":false,"renderType":"text","renderOptions":{},"selected":true,"inputProperty":false,"containsConfigurationVariables":false,"sensitive":false,"required":false,"templateProperty":null,"nameKey":"NiFi Flow-Update flow parameters-hdfs.ingest.root","idKey":"223a4053-a8a8-1f85-cf0c-1f4f00abc893-9ad6cd57-d5c6-3066-eee5-13fe00b44c1e-hdfs.ingest.root","processorNameTypeKey":"Update flow parameters-org.apache.nifi.processors.attributes.UpdateAttribute-hdfs.ingest.root"},{"processGroupName":"NiFi Flow","processorName":"Update flow parameters","processorId":"9ad6cd57-d5c6-3066-eee5-13fe00b44c1e","processGroupId":"223a4053-a8a8-1f85-cf0c-1f4f00abc893","processorType":"org.apache.nifi.processors.attributes.UpdateAttribute","key":"hive.ingest.root","value":"${config.hive.ingest.root}","expressionProperties":null,"propertyDescriptor":{"name":"hive.ingest.root","displayName":null,"description":null,"defaultValue":null,"allowableValues":null,"required":null,"sensitive":null,"dynamic":null,"supportsEl":null,"identifiesControllerService":null},"templateValue":"${config.hive.ingest.root}","userEditable":false,"renderType":"text","renderOptions":{},"selected":true,"inputProperty":false,"containsConfigurationVariables":false,"sensitive":false,"required":false,"templateProperty":null,"nameKey":"NiFi Flow-Update flow parameters-hive.ingest.root","idKey":"223a4053-a8a8-1f85-cf0c-1f4f00abc893-9ad6cd57-d5c6-3066-eee5-13fe00b44c1e-hive.ingest.root","processorNameTypeKey":"Update flow parameters-org.apache.nifi.processors.attributes.UpdateAttribute-hive.ingest.root"},{"processGroupName":"NiFi Flow","processorName":"Update flow parameters","processorId":"9ad6cd57-d5c6-3066-eee5-13fe00b44c1e","processGroupId":"223a4053-a8a8-1f85-cf0c-1f4f00abc893","processorType":"org.apache.nifi.processors.attributes.UpdateAttribute","key":"hive.master.root","value":"${config.hive.master.root}","expressionProperties":null,"propertyDescriptor":{"name":"hive.master.root","displayName":null,"description":null,"defaultValue":null,"allowableValues":null,"required":null,"sensitive":null,"dynamic":null,"supportsEl":null,"identifiesControllerService":null},"templateValue":"${config.hive.master.root}","userEditable":false,"renderType":"text","renderOptions":{},"selected":true,"inputProperty":false,"containsConfigurationVariables":false,"sensitive":false,"required":false,"templateProperty":null,"nameKey":"NiFi Flow-Update flow parameters-hive.master.root","idKey":"223a4053-a8a8-1f85-cf0c-1f4f00abc893-9ad6cd57-d5c6-3066-eee5-13fe00b44c1e-hive.master.root","processorNameTypeKey":"Update flow parameters-org.apache.nifi.processors.attributes.UpdateAttribute-hive.master.root"},{"processGroupName":"NiFi Flow","processorName":"Update flow parameters","processorId":"9ad6cd57-d5c6-3066-eee5-13fe00b44c1e","processGroupId":"223a4053-a8a8-1f85-cf0c-1f4f00abc893","processorType":"org.apache.nifi.processors.attributes.UpdateAttribute","key":"metadata.dataTransformation.dataTransformScript","value":"${metadata.dataTransformation.dataTransformScript}","expressionProperties":null,"propertyDescriptor":{"name":"metadata.dataTransformation.dataTransformScript","displayName":"metadata.dataTransformation.dataTransformScript","description":"","defaultValue":null,"allowableValues":null,"required":false,"sensitive":false,"dynamic":true,"supportsEl":true,"identifiesControllerService":null},"templateValue":"${metadata.dataTransformation.dataTransformScript}","userEditable":false,"renderType":"text","renderOptions":{},"selected":true,"inputProperty":false,"containsConfigurationVariables":false,"sensitive":false,"required":false,"templateProperty":null,"nameKey":"NiFi Flow-Update flow parameters-metadata.dataTransformation.dataTransformScript","idKey":"223a4053-a8a8-1f85-cf0c-1f4f00abc893-9ad6cd57-d5c6-3066-eee5-13fe00b44c1e-metadata.dataTransformation.dataTransformScript","processorNameTypeKey":"Update flow parameters-org.apache.nifi.processors.attributes.UpdateAttribute-metadata.dataTransformation.dataTransformScript"},{"processGroupName":"NiFi Flow","processorName":"Update flow parameters","processorId":"9ad6cd57-d5c6-3066-eee5-13fe00b44c1e","processGroupId":"223a4053-a8a8-1f85-cf0c-1f4f00abc893","processorType":"org.apache.nifi.processors.attributes.UpdateAttribute","key":"metadata.dataTransformation.datasourceIds","value":"${metadata.dataTransformation.datasourceIds}","expressionProperties":null,"propertyDescriptor":{"name":"metadata.dataTransformation.datasourceIds","displayName":"metadata.dataTransformation.datasourceIds","description":"","defaultValue":null,"allowableValues":null,"required":false,"sensitive":false,"dynamic":true,"supportsEl":true,"identifiesControllerService":null},"templateValue":"${metadata.dataTransformation.datasourceIds}","userEditable":false,"renderType":"text","renderOptions":{},"selected":true,"inputProperty":false,"containsConfigurationVariables":false,"sensitive":false,"required":false,"templateProperty":null,"nameKey":"NiFi Flow-Update flow parameters-metadata.dataTransformation.datasourceIds","idKey":"223a4053-a8a8-1f85-cf0c-1f4f00abc893-9ad6cd57-d5c6-3066-eee5-13fe00b44c1e-metadata.dataTransformation.datasourceIds","processorNameTypeKey":"Update flow parameters-org.apache.nifi.processors.attributes.UpdateAttribute-metadata.dataTransformation.datasourceIds"},{"processGroupName":"NiFi Flow","processorName":"Update flow parameters","processorId":"9ad6cd57-d5c6-3066-eee5-13fe00b44c1e","processGroupId":"223a4053-a8a8-1f85-cf0c-1f4f00abc893","processorType":"org.apache.nifi.processors.attributes.UpdateAttribute","key":"metadata.table.feedFieldStructure","value":"${metadata.table.feedFieldStructure}","expressionProperties":null,"propertyDescriptor":{"name":"metadata.table.feedFieldStructure","displayName":"metadata.table.feedFieldStructure","description":"","defaultValue":null,"allowableValues":null,"required":false,"sensitive":false,"dynamic":true,"supportsEl":true,"identifiesControllerService":null},"templateValue":"${metadata.table.feedFieldStructure}","userEditable":false,"renderType":"text","renderOptions":{},"selected":true,"inputProperty":false,"containsConfigurationVariables":false,"sensitive":false,"required":false,"templateProperty":null,"nameKey":"NiFi Flow-Update flow parameters-metadata.table.feedFieldStructure","idKey":"223a4053-a8a8-1f85-cf0c-1f4f00abc893-9ad6cd57-d5c6-3066-eee5-13fe00b44c1e-metadata.table.feedFieldStructure","processorNameTypeKey":"Update flow parameters-org.apache.nifi.processors.attributes.UpdateAttribute-metadata.table.feedFieldStructure"},{"processGroupName":"NiFi Flow","processorName":"Update flow parameters","processorId":"9ad6cd57-d5c6-3066-eee5-13fe00b44c1e","processGroupId":"223a4053-a8a8-1f85-cf0c-1f4f00abc893","processorType":"org.apache.nifi.processors.attributes.UpdateAttribute","key":"metadata.table.feedFormat","value":"${metadata.table.feedFormat}","expressionProperties":null,"propertyDescriptor":{"name":"metadata.table.feedFormat","displayName":"metadata.table.feedFormat","description":"","defaultValue":null,"allowableValues":null,"required":false,"sensitive":false,"dynamic":true,"supportsEl":true,"identifiesControllerService":null},"templateValue":"${metadata.table.feedFormat}","userEditable":false,"renderType":"text","renderOptions":{},"selected":true,"inputProperty":false,"containsConfigurationVariables":false,"sensitive":false,"required":false,"templateProperty":null,"nameKey":"NiFi Flow-Update flow parameters-metadata.table.feedFormat","idKey":"223a4053-a8a8-1f85-cf0c-1f4f00abc893-9ad6cd57-d5c6-3066-eee5-13fe00b44c1e-metadata.table.feedFormat","processorNameTypeKey":"Update flow parameters-org.apache.nifi.processors.attributes.UpdateAttribute-metadata.table.feedFormat"},{"processGroupName":"NiFi Flow","processorName":"Update flow parameters","processorId":"9ad6cd57-d5c6-3066-eee5-13fe00b44c1e","processGroupId":"223a4053-a8a8-1f85-cf0c-1f4f00abc893","processorType":"org.apache.nifi.processors.attributes.UpdateAttribute","key":"metadata.table.fieldIndexString","value":"${metadata.table.fieldIndexString}","expressionProperties":null,"propertyDescriptor":{"name":"metadata.table.fieldIndexString","displayName":"metadata.table.fieldIndexString","description":"","defaultValue":null,"allowableValues":null,"required":false,"sensitive":false,"dynamic":true,"supportsEl":true,"identifiesControllerService":null},"templateValue":"${metadata.table.fieldIndexString}","userEditable":false,"renderType":"text","renderOptions":{},"selected":true,"inputProperty":false,"containsConfigurationVariables":false,"sensitive":false,"required":false,"templateProperty":null,"nameKey":"NiFi Flow-Update flow parameters-metadata.table.fieldIndexString","idKey":"223a4053-a8a8-1f85-cf0c-1f4f00abc893-9ad6cd57-d5c6-3066-eee5-13fe00b44c1e-metadata.table.fieldIndexString","processorNameTypeKey":"Update flow parameters-org.apache.nifi.processors.attributes.UpdateAttribute-metadata.table.fieldIndexString"},{"processGroupName":"NiFi Flow","processorName":"Update flow parameters","processorId":"9ad6cd57-d5c6-3066-eee5-13fe00b44c1e","processGroupId":"223a4053-a8a8-1f85-cf0c-1f4f00abc893","processorType":"org.apache.nifi.processors.attributes.UpdateAttribute","key":"metadata.table.fieldPoliciesJson","value":"${metadata.table.fieldPoliciesJson}","expressionProperties":null,"propertyDescriptor":{"name":"metadata.table.fieldPoliciesJson","displayName":"metadata.table.fieldPoliciesJson","description":"","defaultValue":null,"allowableValues":null,"required":false,"sensitive":false,"dynamic":true,"supportsEl":true,"identifiesControllerService":null},"templateValue":"${metadata.table.fieldPoliciesJson}","userEditable":false,"renderType":"text","renderOptions":{},"selected":true,"inputProperty":false,"containsConfigurationVariables":false,"sensitive":false,"required":false,"templateProperty":null,"nameKey":"NiFi Flow-Update flow parameters-metadata.table.fieldPoliciesJson","idKey":"223a4053-a8a8-1f85-cf0c-1f4f00abc893-9ad6cd57-d5c6-3066-eee5-13fe00b44c1e-metadata.table.fieldPoliciesJson","processorNameTypeKey":"Update flow parameters-org.apache.nifi.processors.attributes.UpdateAttribute-metadata.table.fieldPoliciesJson"},{"processGroupName":"NiFi Flow","processorName":"Update flow parameters","processorId":"9ad6cd57-d5c6-3066-eee5-13fe00b44c1e","processGroupId":"223a4053-a8a8-1f85-cf0c-1f4f00abc893","processorType":"org.apache.nifi.processors.attributes.UpdateAttribute","key":"metadata.table.fieldStructure","value":"${metadata.table.fieldStructure}","expressionProperties":null,"propertyDescriptor":{"name":"metadata.table.fieldStructure","displayName":null,"description":null,"defaultValue":null,"allowableValues":null,"required":null,"sensitive":null,"dynamic":null,"supportsEl":null,"identifiesControllerService":null},"templateValue":"${metadata.table.fieldStructure}","userEditable":false,"renderType":"text","renderOptions":{},"selected":true,"inputProperty":false,"containsConfigurationVariables":false,"sensitive":false,"required":false,"templateProperty":null,"nameKey":"NiFi Flow-Update flow parameters-metadata.table.fieldStructure","idKey":"223a4053-a8a8-1f85-cf0c-1f4f00abc893-9ad6cd57-d5c6-3066-eee5-13fe00b44c1e-metadata.table.fieldStructure","processorNameTypeKey":"Update flow parameters-org.apache.nifi.processors.attributes.UpdateAttribute-metadata.table.fieldStructure"},{"processGroupName":"NiFi Flow","processorName":"Update flow parameters","processorId":"9ad6cd57-d5c6-3066-eee5-13fe00b44c1e","processGroupId":"223a4053-a8a8-1f85-cf0c-1f4f00abc893","processorType":"org.apache.nifi.processors.attributes.UpdateAttribute","key":"metadata.table.partitionSpecs","value":"${metadata.table.partitionSpecs}","expressionProperties":null,"propertyDescriptor":{"name":"metadata.table.partitionSpecs","displayName":"metadata.table.partitionSpecs","description":"","defaultValue":null,"allowableValues":null,"required":false,"sensitive":false,"dynamic":true,"supportsEl":true,"identifiesControllerService":null},"templateValue":"${metadata.table.partitionSpecs}","userEditable":false,"renderType":"text","renderOptions":{},"selected":true,"inputProperty":false,"containsConfigurationVariables":false,"sensitive":false,"required":false,"templateProperty":null,"nameKey":"NiFi Flow-Update flow parameters-metadata.table.partitionSpecs","idKey":"223a4053-a8a8-1f85-cf0c-1f4f00abc893-9ad6cd57-d5c6-3066-eee5-13fe00b44c1e-metadata.table.partitionSpecs","processorNameTypeKey":"Update flow parameters-org.apache.nifi.processors.attributes.UpdateAttribute-metadata.table.partitionSpecs"},{"processGroupName":"NiFi Flow","processorName":"Update flow parameters","processorId":"9ad6cd57-d5c6-3066-eee5-13fe00b44c1e","processGroupId":"223a4053-a8a8-1f85-cf0c-1f4f00abc893","processorType":"org.apache.nifi.processors.attributes.UpdateAttribute","key":"metadata.table.partitionStructure","value":"${metadata.table.partitionStructure}","expressionProperties":null,"propertyDescriptor":{"name":"metadata.table.partitionStructure","displayName":null,"description":null,"defaultValue":null,"allowableValues":null,"required":null,"sensitive":null,"dynamic":null,"supportsEl":null,"identifiesControllerService":null},"templateValue":"${metadata.table.partitionStructure}","userEditable":false,"renderType":"text","renderOptions":{},"selected":true,"inputProperty":false,"containsConfigurationVariables":false,"sensitive":false,"required":false,"templateProperty":null,"nameKey":"NiFi Flow-Update flow parameters-metadata.table.partitionStructure","idKey":"223a4053-a8a8-1f85-cf0c-1f4f00abc893-9ad6cd57-d5c6-3066-eee5-13fe00b44c1e-metadata.table.partitionStructure","processorNameTypeKey":"Update flow parameters-org.apache.nifi.processors.attributes.UpdateAttribute-metadata.table.partitionStructure"},{"processGroupName":"NiFi Flow","processorName":"Update flow parameters","processorId":"9ad6cd57-d5c6-3066-eee5-13fe00b44c1e","processGroupId":"223a4053-a8a8-1f85-cf0c-1f4f00abc893","processorType":"org.apache.nifi.processors.attributes.UpdateAttribute","key":"metadata.table.targetFormat","value":"${metadata.table.targetFormat}","expressionProperties":null,"propertyDescriptor":{"name":"metadata.table.targetFormat","displayName":null,"description":null,"defaultValue":null,"allowableValues":null,"required":null,"sensitive":null,"dynamic":null,"supportsEl":null,"identifiesControllerService":null},"templateValue":"${metadata.table.targetFormat}","userEditable":false,"renderType":"text","renderOptions":{},"selected":true,"inputProperty":false,"containsConfigurationVariables":false,"sensitive":false,"required":false,"templateProperty":null,"nameKey":"NiFi Flow-Update flow parameters-metadata.table.targetFormat","idKey":"223a4053-a8a8-1f85-cf0c-1f4f00abc893-9ad6cd57-d5c6-3066-eee5-13fe00b44c1e-metadata.table.targetFormat","processorNameTypeKey":"Update flow parameters-org.apache.nifi.processors.attributes.UpdateAttribute-metadata.table.targetFormat"},{"processGroupName":"NiFi Flow","processorName":"Update flow parameters","processorId":"9ad6cd57-d5c6-3066-eee5-13fe00b44c1e","processGroupId":"223a4053-a8a8-1f85-cf0c-1f4f00abc893","processorType":"org.apache.nifi.processors.attributes.UpdateAttribute","key":"metadata.table.targetMergeStrategy","value":"${metadata.table.targetMergeStrategy}","expressionProperties":null,"propertyDescriptor":{"name":"metadata.table.targetMergeStrategy","displayName":"metadata.table.targetMergeStrategy","description":"","defaultValue":null,"allowableValues":null,"required":false,"sensitive":false,"dynamic":true,"supportsEl":true,"identifiesControllerService":null},"templateValue":"${metadata.table.targetMergeStrategy}","userEditable":false,"renderType":"text","renderOptions":{},"selected":true,"inputProperty":false,"containsConfigurationVariables":false,"sensitive":false,"required":false,"templateProperty":null,"nameKey":"NiFi Flow-Update flow parameters-metadata.table.targetMergeStrategy","idKey":"223a4053-a8a8-1f85-cf0c-1f4f00abc893-9ad6cd57-d5c6-3066-eee5-13fe00b44c1e-metadata.table.targetMergeStrategy","processorNameTypeKey":"Update flow parameters-org.apache.nifi.processors.attributes.UpdateAttribute-metadata.table.targetMergeStrategy"},{"processGroupName":"NiFi Flow","processorName":"Update flow parameters","processorId":"9ad6cd57-d5c6-3066-eee5-13fe00b44c1e","processGroupId":"223a4053-a8a8-1f85-cf0c-1f4f00abc893","processorType":"org.apache.nifi.processors.attributes.UpdateAttribute","key":"metadata.table.targetTblProperties","value":"${metadata.table.targetTblProperties}","expressionProperties":null,"propertyDescriptor":{"name":"metadata.table.targetTblProperties","displayName":"metadata.table.targetTblProperties","description":"","defaultValue":null,"allowableValues":null,"required":false,"sensitive":false,"dynamic":true,"supportsEl":true,"identifiesControllerService":null},"templateValue":"${metadata.table.targetTblProperties}","userEditable":false,"renderType":"text","renderOptions":{},"selected":true,"inputProperty":false,"containsConfigurationVariables":false,"sensitive":false,"required":false,"templateProperty":null,"nameKey":"NiFi Flow-Update flow parameters-metadata.table.targetTblProperties","idKey":"223a4053-a8a8-1f85-cf0c-1f4f00abc893-9ad6cd57-d5c6-3066-eee5-13fe00b44c1e-metadata.table.targetTblProperties","processorNameTypeKey":"Update flow parameters-org.apache.nifi.processors.attributes.UpdateAttribute-metadata.table.targetTblProperties"},{"processGroupName":"NiFi Flow","processorName":"Update flow parameters","processorId":"9ad6cd57-d5c6-3066-eee5-13fe00b44c1e","processGroupId":"223a4053-a8a8-1f85-cf0c-1f4f00abc893","processorType":"org.apache.nifi.processors.attributes.UpdateAttribute","key":"nifi.home","value":"${config.nifi.home}","expressionProperties":null,"propertyDescriptor":{"name":"nifi.home","displayName":"nifi.home","description":"","defaultValue":null,"allowableValues":null,"required":false,"sensitive":false,"dynamic":true,"supportsEl":true,"identifiesControllerService":null},"templateValue":"${config.nifi.home}","userEditable":false,"renderType":"text","renderOptions":{},"selected":true,"inputProperty":false,"containsConfigurationVariables":false,"sensitive":false,"required":false,"templateProperty":null,"nameKey":"NiFi Flow-Update flow parameters-nifi.home","idKey":"223a4053-a8a8-1f85-cf0c-1f4f00abc893-9ad6cd57-d5c6-3066-eee5-13fe00b44c1e-nifi.home","processorNameTypeKey":"Update flow parameters-org.apache.nifi.processors.attributes.UpdateAttribute-nifi.home"},{"processGroupName":"NiFi Flow","processorName":"Update flow parameters","processorId":"9ad6cd57-d5c6-3066-eee5-13fe00b44c1e","processGroupId":"223a4053-a8a8-1f85-cf0c-1f4f00abc893","processorType":"org.apache.nifi.processors.attributes.UpdateAttribute","key":"spark.version","value":"${config.spark.version}","expressionProperties":null,"propertyDescriptor":{"name":"spark.version","displayName":"spark.version","description":"","defaultValue":null,"allowableValues":null,"required":false,"sensitive":false,"dynamic":true,"supportsEl":true,"identifiesControllerService":null},"templateValue":"${config.spark.version}","userEditable":false,"renderType":"text","renderOptions":{},"selected":true,"inputProperty":false,"containsConfigurationVariables":false,"sensitive":false,"required":false,"templateProperty":null,"nameKey":"NiFi Flow-Update flow parameters-spark.version","idKey":"223a4053-a8a8-1f85-cf0c-1f4f00abc893-9ad6cd57-d5c6-3066-eee5-13fe00b44c1e-spark.version","processorNameTypeKey":"Update flow parameters-org.apache.nifi.processors.attributes.UpdateAttribute-spark.version"}],"type":"org.apache.nifi.processors.attributes.UpdateAttribute","name":"Update flow parameters","id":"9ad6cd57-d5c6-3066-eee5-13fe00b44c1e","groupName":"NiFi Flow","groupId":"223a4053-a8a8-1f85-cf0c-1f4f00abc893","inputProcessor":false,"userDefinedInputProcessor":false}],"inputProcessors":[],"id":"6d6cbc45-221a-4131-a0ac-d09dacc2cf6e","nifiTemplateId":"5169e6de-4da0-4554-9d64-8eddf20cec17","templateName":"Data Transformation","updateDate":1513721949196,"createDate":1512427998737,"icon":"all_inclusive","iconColor":"#AB47BC","description":"Data Transformation","state":"ENABLED","defineTable":false,"reusableTemplate":false,"reusableTemplateConnections":[{"feedOutputPortName":"to-wrangler-port","reusableTemplateInputPortName":"wrangler-input-port","inputPortDisplayName":"wrangler-input-port"},{"feedOutputPortName":"to-wrangler-cleanup-port","reusableTemplateInputPortName":"wrangler-cleanup-port","inputPortDisplayName":"wrangler-cleanup-port"}],"registeredDatasourceDefinitions":[{"processorType":"com.thinkbiganalytics.nifi.v2.ingest.MergeTable","processorName":"Merge Table","processorId":"6f09f8bf-696e-333d-60c5-a99e341b10a5","datasourceDefinition":{"processorType":"com.thinkbiganalytics.nifi.v2.ingest.MergeTable","connectionType":"DESTINATION","datasourcePropertyKeys":["Target schema","Target table"],"datasourceType":"HiveDatasource","identityString":"${Target schema}.${Target table}","description":null,"title":"${Target schema}.${Target table}"}}],"order":3,"templateOrder":null,"feedsCount":3,"templateTableOption":"DATA_TRANSFORMATION","timeBetweenStartingBatchJobs":1000,"stream":false,"allowPreconditions":false,"dataTransformation":true,"isStream":false}