{"properties":[{"processGroupName":"NiFi Flow","processorName":"Trigger Cleanup","processorId":"a0b57336-03c9-4c82-81db-8b14d6f13324","processGroupId":"3b2a74a1-015b-1000-04f2-8d27edfcc649","processorType":"com.thinkbiganalytics.nifi.v2.metadata.TriggerCleanup","key":"System feed category","value":"${metadata.category.systemName}","expressionProperties":null,"propertyDescriptor":{"name":"System feed category","displayName":null,"description":null,"defaultValue":null,"allowableValues":null,"required":null,"sensitive":null,"dynamic":null,"supportsEl":null,"identifiesControllerService":null},"templateValue":"${metadata.category.systemName}","userEditable":false,"renderType":"text","renderOptions":{},"selected":true,"inputProperty":true,"containsConfigurationVariables":false,"sensitive":false,"required":false,"templateProperty":null,"nameKey":"NiFi Flow-Trigger Cleanup-System feed category","processorNameTypeKey":"Trigger Cleanup-com.thinkbiganalytics.nifi.v2.metadata.TriggerCleanup-System feed category","idKey":"3b2a74a1-015b-1000-04f2-8d27edfcc649-a0b57336-03c9-4c82-81db-8b14d6f13324-System feed category"},{"processGroupName":"NiFi Flow","processorName":"Trigger Cleanup","processorId":"a0b57336-03c9-4c82-81db-8b14d6f13324","processGroupId":"3b2a74a1-015b-1000-04f2-8d27edfcc649","processorType":"com.thinkbiganalytics.nifi.v2.metadata.TriggerCleanup","key":"System feed name","value":"${metadata.systemFeedName}","expressionProperties":null,"propertyDescriptor":{"name":"System feed name","displayName":null,"description":null,"defaultValue":null,"allowableValues":null,"required":null,"sensitive":null,"dynamic":null,"supportsEl":null,"identifiesControllerService":null},"templateValue":"${metadata.systemFeedName}","userEditable":false,"renderType":"text","renderOptions":{},"selected":true,"inputProperty":true,"containsConfigurationVariables":false,"sensitive":false,"required":false,"templateProperty":null,"nameKey":"NiFi Flow-Trigger Cleanup-System feed name","processorNameTypeKey":"Trigger Cleanup-com.thinkbiganalytics.nifi.v2.metadata.TriggerCleanup-System feed name","idKey":"3b2a74a1-015b-1000-04f2-8d27edfcc649-a0b57336-03c9-4c82-81db-8b14d6f13324-System feed name"},{"processGroupName":"NiFi Flow","processorName":"Update flow parameters","processorId":"4d9697e4-c878-4bfc-76be-05f2bad1faaa","processGroupId":"3b2a74a1-015b-1000-04f2-8d27edfcc649","processorType":"org.apache.nifi.processors.attributes.UpdateAttribute","key":"category","value":"${metadata.category.systemName}","expressionProperties":null,"propertyDescriptor":{"name":"category","displayName":null,"description":null,"defaultValue":null,"allowableValues":null,"required":null,"sensitive":null,"dynamic":null,"supportsEl":null,"identifiesControllerService":null},"templateValue":"${metadata.category.systemName}","userEditable":false,"renderType":"text","renderOptions":{},"selected":true,"inputProperty":false,"containsConfigurationVariables":false,"sensitive":false,"required":false,"templateProperty":null,"nameKey":"NiFi Flow-Update flow parameters-category","processorNameTypeKey":"Update flow parameters-org.apache.nifi.processors.attributes.UpdateAttribute-category","idKey":"3b2a74a1-015b-1000-04f2-8d27edfcc649-4d9697e4-c878-4bfc-76be-05f2bad1faaa-category"},{"processGroupName":"NiFi Flow","processorName":"Update flow parameters","processorId":"4d9697e4-c878-4bfc-76be-05f2bad1faaa","processGroupId":"3b2a74a1-015b-1000-04f2-8d27edfcc649","processorType":"org.apache.nifi.processors.attributes.UpdateAttribute","key":"feed","value":"${metadata.systemFeedName}","expressionProperties":null,"propertyDescriptor":{"name":"feed","displayName":null,"description":null,"defaultValue":null,"allowableValues":null,"required":null,"sensitive":null,"dynamic":null,"supportsEl":null,"identifiesControllerService":null},"templateValue":"${metadata.systemFeedName}","userEditable":false,"renderType":"text","renderOptions":{},"selected":true,"inputProperty":false,"containsConfigurationVariables":false,"sensitive":false,"required":false,"templateProperty":null,"nameKey":"NiFi Flow-Update flow parameters-feed","processorNameTypeKey":"Update flow parameters-org.apache.nifi.processors.attributes.UpdateAttribute-feed","idKey":"3b2a74a1-015b-1000-04f2-8d27edfcc649-4d9697e4-c878-4bfc-76be-05f2bad1faaa-feed"},{"processGroupName":"NiFi Flow","processorName":"Update flow parameters","processorId":"4d9697e4-c878-4bfc-76be-05f2bad1faaa","processGroupId":"3b2a74a1-015b-1000-04f2-8d27edfcc649","processorType":"org.apache.nifi.processors.attributes.UpdateAttribute","key":"hdfs.ingest.root","value":"${config.hdfs.ingest.root}","expressionProperties":null,"propertyDescriptor":{"name":"hdfs.ingest.root","displayName":null,"description":null,"defaultValue":null,"allowableValues":null,"required":null,"sensitive":null,"dynamic":null,"supportsEl":null,"identifiesControllerService":null},"templateValue":"${config.hdfs.ingest.root}","userEditable":false,"renderType":"text","renderOptions":{},"selected":true,"inputProperty":false,"containsConfigurationVariables":false,"sensitive":false,"required":false,"templateProperty":null,"nameKey":"NiFi Flow-Update flow parameters-hdfs.ingest.root","processorNameTypeKey":"Update flow parameters-org.apache.nifi.processors.attributes.UpdateAttribute-hdfs.ingest.root","idKey":"3b2a74a1-015b-1000-04f2-8d27edfcc649-4d9697e4-c878-4bfc-76be-05f2bad1faaa-hdfs.ingest.root"},{"processGroupName":"NiFi Flow","processorName":"Update flow parameters","processorId":"4d9697e4-c878-4bfc-76be-05f2bad1faaa","processGroupId":"3b2a74a1-015b-1000-04f2-8d27edfcc649","processorType":"org.apache.nifi.processors.attributes.UpdateAttribute","key":"hive.ingest.root","value":"${config.hive.ingest.root}","expressionProperties":null,"propertyDescriptor":{"name":"hive.ingest.root","displayName":null,"description":null,"defaultValue":null,"allowableValues":null,"required":null,"sensitive":null,"dynamic":null,"supportsEl":null,"identifiesControllerService":null},"templateValue":"${config.hive.ingest.root}","userEditable":false,"renderType":"text","renderOptions":{},"selected":true,"inputProperty":false,"containsConfigurationVariables":false,"sensitive":false,"required":false,"templateProperty":null,"nameKey":"NiFi Flow-Update flow parameters-hive.ingest.root","processorNameTypeKey":"Update flow parameters-org.apache.nifi.processors.attributes.UpdateAttribute-hive.ingest.root","idKey":"3b2a74a1-015b-1000-04f2-8d27edfcc649-4d9697e4-c878-4bfc-76be-05f2bad1faaa-hive.ingest.root"},{"processGroupName":"NiFi Flow","processorName":"Update flow parameters","processorId":"4d9697e4-c878-4bfc-76be-05f2bad1faaa","processGroupId":"3b2a74a1-015b-1000-04f2-8d27edfcc649","processorType":"org.apache.nifi.processors.attributes.UpdateAttribute","key":"hive.master.root","value":"${config.hive.master.root}","expressionProperties":null,"propertyDescriptor":{"name":"hive.master.root","displayName":null,"description":null,"defaultValue":null,"allowableValues":null,"required":null,"sensitive":null,"dynamic":null,"supportsEl":null,"identifiesControllerService":null},"templateValue":"${config.hive.master.root}","userEditable":false,"renderType":"text","renderOptions":{},"selected":true,"inputProperty":false,"containsConfigurationVariables":false,"sensitive":false,"required":false,"templateProperty":null,"nameKey":"NiFi Flow-Update flow parameters-hive.master.root","processorNameTypeKey":"Update flow parameters-org.apache.nifi.processors.attributes.UpdateAttribute-hive.master.root","idKey":"3b2a74a1-015b-1000-04f2-8d27edfcc649-4d9697e4-c878-4bfc-76be-05f2bad1faaa-hive.master.root"},{"processGroupName":"NiFi Flow","processorName":"Update flow parameters","processorId":"4d9697e4-c878-4bfc-76be-05f2bad1faaa","processGroupId":"3b2a74a1-015b-1000-04f2-8d27edfcc649","processorType":"org.apache.nifi.processors.attributes.UpdateAttribute","key":"metadata.dataTransformation.dataTransformScript","value":"${metadata.dataTransformation.dataTransformScript}","expressionProperties":null,"propertyDescriptor":{"name":"metadata.dataTransformation.dataTransformScript","displayName":"metadata.dataTransformation.dataTransformScript","description":"","defaultValue":null,"allowableValues":null,"required":false,"sensitive":false,"dynamic":true,"supportsEl":true,"identifiesControllerService":null},"templateValue":"${metadata.dataTransformation.dataTransformScript}","userEditable":false,"renderType":"text","renderOptions":{},"selected":true,"inputProperty":false,"containsConfigurationVariables":false,"sensitive":false,"required":false,"templateProperty":null,"nameKey":"NiFi Flow-Update flow parameters-metadata.dataTransformation.dataTransformScript","processorNameTypeKey":"Update flow parameters-org.apache.nifi.processors.attributes.UpdateAttribute-metadata.dataTransformation.dataTransformScript","idKey":"3b2a74a1-015b-1000-04f2-8d27edfcc649-4d9697e4-c878-4bfc-76be-05f2bad1faaa-metadata.dataTransformation.dataTransformScript"},{"processGroupName":"NiFi Flow","processorName":"Update flow parameters","processorId":"4d9697e4-c878-4bfc-76be-05f2bad1faaa","processGroupId":"3b2a74a1-015b-1000-04f2-8d27edfcc649","processorType":"org.apache.nifi.processors.attributes.UpdateAttribute","key":"metadata.dataTransformation.datasourceIds","value":"${metadata.dataTransformation.datasourceIds}","expressionProperties":null,"propertyDescriptor":{"name":"metadata.dataTransformation.datasourceIds","displayName":"metadata.dataTransformation.datasourceIds","description":"","defaultValue":null,"allowableValues":null,"required":false,"sensitive":false,"dynamic":true,"supportsEl":true,"identifiesControllerService":null},"templateValue":"${metadata.dataTransformation.datasourceIds}","userEditable":false,"renderType":"text","renderOptions":{},"selected":true,"inputProperty":false,"containsConfigurationVariables":false,"sensitive":false,"required":false,"templateProperty":null,"nameKey":"NiFi Flow-Update flow parameters-metadata.dataTransformation.datasourceIds","processorNameTypeKey":"Update flow parameters-org.apache.nifi.processors.attributes.UpdateAttribute-metadata.dataTransformation.datasourceIds","idKey":"3b2a74a1-015b-1000-04f2-8d27edfcc649-4d9697e4-c878-4bfc-76be-05f2bad1faaa-metadata.dataTransformation.datasourceIds"},{"processGroupName":"NiFi Flow","processorName":"Update flow parameters","processorId":"4d9697e4-c878-4bfc-76be-05f2bad1faaa","processGroupId":"3b2a74a1-015b-1000-04f2-8d27edfcc649","processorType":"org.apache.nifi.processors.attributes.UpdateAttribute","key":"metadata.table.feedFieldStructure","value":"${metadata.table.feedFieldStructure}","expressionProperties":null,"propertyDescriptor":{"name":"metadata.table.feedFieldStructure","displayName":"metadata.table.feedFieldStructure","description":"","defaultValue":null,"allowableValues":null,"required":false,"sensitive":false,"dynamic":true,"supportsEl":true,"identifiesControllerService":null},"templateValue":"${metadata.table.feedFieldStructure}","userEditable":false,"renderType":"text","renderOptions":{},"selected":true,"inputProperty":false,"containsConfigurationVariables":false,"sensitive":false,"required":false,"templateProperty":null,"nameKey":"NiFi Flow-Update flow parameters-metadata.table.feedFieldStructure","processorNameTypeKey":"Update flow parameters-org.apache.nifi.processors.attributes.UpdateAttribute-metadata.table.feedFieldStructure","idKey":"3b2a74a1-015b-1000-04f2-8d27edfcc649-4d9697e4-c878-4bfc-76be-05f2bad1faaa-metadata.table.feedFieldStructure"},{"processGroupName":"NiFi Flow","processorName":"Update flow parameters","processorId":"4d9697e4-c878-4bfc-76be-05f2bad1faaa","processGroupId":"3b2a74a1-015b-1000-04f2-8d27edfcc649","processorType":"org.apache.nifi.processors.attributes.UpdateAttribute","key":"metadata.table.fieldIndexString","value":"${metadata.table.fieldIndexString}","expressionProperties":null,"propertyDescriptor":{"name":"metadata.table.fieldIndexString","displayName":"metadata.table.fieldIndexString","description":"","defaultValue":null,"allowableValues":null,"required":false,"sensitive":false,"dynamic":true,"supportsEl":true,"identifiesControllerService":null},"templateValue":"${metadata.table.fieldIndexString}","userEditable":false,"renderType":"text","renderOptions":{},"selected":true,"inputProperty":false,"containsConfigurationVariables":false,"sensitive":false,"required":false,"templateProperty":null,"nameKey":"NiFi Flow-Update flow parameters-metadata.table.fieldIndexString","processorNameTypeKey":"Update flow parameters-org.apache.nifi.processors.attributes.UpdateAttribute-metadata.table.fieldIndexString","idKey":"3b2a74a1-015b-1000-04f2-8d27edfcc649-4d9697e4-c878-4bfc-76be-05f2bad1faaa-metadata.table.fieldIndexString"},{"processGroupName":"NiFi Flow","processorName":"Update flow parameters","processorId":"4d9697e4-c878-4bfc-76be-05f2bad1faaa","processGroupId":"3b2a74a1-015b-1000-04f2-8d27edfcc649","processorType":"org.apache.nifi.processors.attributes.UpdateAttribute","key":"metadata.table.fieldPoliciesJson","value":"${metadata.table.fieldPoliciesJson}","expressionProperties":null,"propertyDescriptor":{"name":"metadata.table.fieldPoliciesJson","displayName":"metadata.table.fieldPoliciesJson","description":"","defaultValue":null,"allowableValues":null,"required":false,"sensitive":false,"dynamic":true,"supportsEl":true,"identifiesControllerService":null},"templateValue":"${metadata.table.fieldPoliciesJson}","userEditable":false,"renderType":"text","renderOptions":{},"selected":true,"inputProperty":false,"containsConfigurationVariables":false,"sensitive":false,"required":false,"templateProperty":null,"nameKey":"NiFi Flow-Update flow parameters-metadata.table.fieldPoliciesJson","processorNameTypeKey":"Update flow parameters-org.apache.nifi.processors.attributes.UpdateAttribute-metadata.table.fieldPoliciesJson","idKey":"3b2a74a1-015b-1000-04f2-8d27edfcc649-4d9697e4-c878-4bfc-76be-05f2bad1faaa-metadata.table.fieldPoliciesJson"},{"processGroupName":"NiFi Flow","processorName":"Update flow parameters","processorId":"4d9697e4-c878-4bfc-76be-05f2bad1faaa","processGroupId":"3b2a74a1-015b-1000-04f2-8d27edfcc649","processorType":"org.apache.nifi.processors.attributes.UpdateAttribute","key":"metadata.table.fieldStructure","value":"${metadata.table.fieldStructure}","expressionProperties":null,"propertyDescriptor":{"name":"metadata.table.fieldStructure","displayName":null,"description":null,"defaultValue":null,"allowableValues":null,"required":null,"sensitive":null,"dynamic":null,"supportsEl":null,"identifiesControllerService":null},"templateValue":"${metadata.table.fieldStructure}","userEditable":false,"renderType":"text","renderOptions":{},"selected":true,"inputProperty":false,"containsConfigurationVariables":false,"sensitive":false,"required":false,"templateProperty":null,"nameKey":"NiFi Flow-Update flow parameters-metadata.table.fieldStructure","processorNameTypeKey":"Update flow parameters-org.apache.nifi.processors.attributes.UpdateAttribute-metadata.table.fieldStructure","idKey":"3b2a74a1-015b-1000-04f2-8d27edfcc649-4d9697e4-c878-4bfc-76be-05f2bad1faaa-metadata.table.fieldStructure"},{"processGroupName":"NiFi Flow","processorName":"Update flow parameters","processorId":"4d9697e4-c878-4bfc-76be-05f2bad1faaa","processGroupId":"3b2a74a1-015b-1000-04f2-8d27edfcc649","processorType":"org.apache.nifi.processors.attributes.UpdateAttribute","key":"metadata.table.partitionSpecs","value":"${metadata.table.partitionSpecs}","expressionProperties":null,"propertyDescriptor":{"name":"metadata.table.partitionSpecs","displayName":"metadata.table.partitionSpecs","description":"","defaultValue":null,"allowableValues":null,"required":false,"sensitive":false,"dynamic":true,"supportsEl":true,"identifiesControllerService":null},"templateValue":"${metadata.table.partitionSpecs}","userEditable":false,"renderType":"text","renderOptions":{},"selected":true,"inputProperty":false,"containsConfigurationVariables":false,"sensitive":false,"required":false,"templateProperty":null,"nameKey":"NiFi Flow-Update flow parameters-metadata.table.partitionSpecs","processorNameTypeKey":"Update flow parameters-org.apache.nifi.processors.attributes.UpdateAttribute-metadata.table.partitionSpecs","idKey":"3b2a74a1-015b-1000-04f2-8d27edfcc649-4d9697e4-c878-4bfc-76be-05f2bad1faaa-metadata.table.partitionSpecs"},{"processGroupName":"NiFi Flow","processorName":"Update flow parameters","processorId":"4d9697e4-c878-4bfc-76be-05f2bad1faaa","processGroupId":"3b2a74a1-015b-1000-04f2-8d27edfcc649","processorType":"org.apache.nifi.processors.attributes.UpdateAttribute","key":"metadata.table.partitionStructure","value":"${metadata.table.partitionStructure}","expressionProperties":null,"propertyDescriptor":{"name":"metadata.table.partitionStructure","displayName":null,"description":null,"defaultValue":null,"allowableValues":null,"required":null,"sensitive":null,"dynamic":null,"supportsEl":null,"identifiesControllerService":null},"templateValue":"${metadata.table.partitionStructure}","userEditable":false,"renderType":"text","renderOptions":{},"selected":true,"inputProperty":false,"containsConfigurationVariables":false,"sensitive":false,"required":false,"templateProperty":null,"nameKey":"NiFi Flow-Update flow parameters-metadata.table.partitionStructure","processorNameTypeKey":"Update flow parameters-org.apache.nifi.processors.attributes.UpdateAttribute-metadata.table.partitionStructure","idKey":"3b2a74a1-015b-1000-04f2-8d27edfcc649-4d9697e4-c878-4bfc-76be-05f2bad1faaa-metadata.table.partitionStructure"},{"processGroupName":"NiFi Flow","processorName":"Update flow parameters","processorId":"4d9697e4-c878-4bfc-76be-05f2bad1faaa","processGroupId":"3b2a74a1-015b-1000-04f2-8d27edfcc649","processorType":"org.apache.nifi.processors.attributes.UpdateAttribute","key":"metadata.table.targetFormat","value":"${metadata.table.targetFormat}","expressionProperties":null,"propertyDescriptor":{"name":"metadata.table.targetFormat","displayName":null,"description":null,"defaultValue":null,"allowableValues":null,"required":null,"sensitive":null,"dynamic":null,"supportsEl":null,"identifiesControllerService":null},"templateValue":"${metadata.table.targetFormat}","userEditable":false,"renderType":"text","renderOptions":{},"selected":true,"inputProperty":false,"containsConfigurationVariables":false,"sensitive":false,"required":false,"templateProperty":null,"nameKey":"NiFi Flow-Update flow parameters-metadata.table.targetFormat","processorNameTypeKey":"Update flow parameters-org.apache.nifi.processors.attributes.UpdateAttribute-metadata.table.targetFormat","idKey":"3b2a74a1-015b-1000-04f2-8d27edfcc649-4d9697e4-c878-4bfc-76be-05f2bad1faaa-metadata.table.targetFormat"},{"processGroupName":"NiFi Flow","processorName":"Update flow parameters","processorId":"4d9697e4-c878-4bfc-76be-05f2bad1faaa","processGroupId":"3b2a74a1-015b-1000-04f2-8d27edfcc649","processorType":"org.apache.nifi.processors.attributes.UpdateAttribute","key":"metadata.table.targetMergeStrategy","value":"${metadata.table.targetMergeStrategy}","expressionProperties":null,"propertyDescriptor":{"name":"metadata.table.targetMergeStrategy","displayName":"metadata.table.targetMergeStrategy","description":"","defaultValue":null,"allowableValues":null,"required":false,"sensitive":false,"dynamic":true,"supportsEl":true,"identifiesControllerService":null},"templateValue":"${metadata.table.targetMergeStrategy}","userEditable":false,"renderType":"text","renderOptions":{},"selected":true,"inputProperty":false,"containsConfigurationVariables":false,"sensitive":false,"required":false,"templateProperty":null,"nameKey":"NiFi Flow-Update flow parameters-metadata.table.targetMergeStrategy","processorNameTypeKey":"Update flow parameters-org.apache.nifi.processors.attributes.UpdateAttribute-metadata.table.targetMergeStrategy","idKey":"3b2a74a1-015b-1000-04f2-8d27edfcc649-4d9697e4-c878-4bfc-76be-05f2bad1faaa-metadata.table.targetMergeStrategy"},{"processGroupName":"NiFi Flow","processorName":"Update flow parameters","processorId":"4d9697e4-c878-4bfc-76be-05f2bad1faaa","processGroupId":"3b2a74a1-015b-1000-04f2-8d27edfcc649","processorType":"org.apache.nifi.processors.attributes.UpdateAttribute","key":"metadata.table.targetTblProperties","value":"${metadata.table.targetTblProperties}","expressionProperties":null,"propertyDescriptor":{"name":"metadata.table.targetTblProperties","displayName":"metadata.table.targetTblProperties","description":"","defaultValue":null,"allowableValues":null,"required":false,"sensitive":false,"dynamic":true,"supportsEl":true,"identifiesControllerService":null},"templateValue":"${metadata.table.targetTblProperties}","userEditable":false,"renderType":"text","renderOptions":{},"selected":true,"inputProperty":false,"containsConfigurationVariables":false,"sensitive":false,"required":false,"templateProperty":null,"nameKey":"NiFi Flow-Update flow parameters-metadata.table.targetTblProperties","processorNameTypeKey":"Update flow parameters-org.apache.nifi.processors.attributes.UpdateAttribute-metadata.table.targetTblProperties","idKey":"3b2a74a1-015b-1000-04f2-8d27edfcc649-4d9697e4-c878-4bfc-76be-05f2bad1faaa-metadata.table.targetTblProperties"}],"nonInputProcessors":[{"properties":[{"processGroupName":"NiFi Flow","processorName":"Update flow parameters","processorId":"4d9697e4-c878-4bfc-76be-05f2bad1faaa","processGroupId":"3b2a74a1-015b-1000-04f2-8d27edfcc649","processorType":"org.apache.nifi.processors.attributes.UpdateAttribute","key":"category","value":"${metadata.category.systemName}","expressionProperties":null,"propertyDescriptor":{"name":"category","displayName":null,"description":null,"defaultValue":null,"allowableValues":null,"required":null,"sensitive":null,"dynamic":null,"supportsEl":null,"identifiesControllerService":null},"templateValue":"${metadata.category.systemName}","userEditable":false,"renderType":"text","renderOptions":{},"selected":true,"inputProperty":false,"containsConfigurationVariables":false,"sensitive":false,"required":false,"templateProperty":null,"nameKey":"NiFi Flow-Update flow parameters-category","processorNameTypeKey":"Update flow parameters-org.apache.nifi.processors.attributes.UpdateAttribute-category","idKey":"3b2a74a1-015b-1000-04f2-8d27edfcc649-4d9697e4-c878-4bfc-76be-05f2bad1faaa-category"},{"processGroupName":"NiFi Flow","processorName":"Update flow parameters","processorId":"4d9697e4-c878-4bfc-76be-05f2bad1faaa","processGroupId":"3b2a74a1-015b-1000-04f2-8d27edfcc649","processorType":"org.apache.nifi.processors.attributes.UpdateAttribute","key":"feed","value":"${metadata.systemFeedName}","expressionProperties":null,"propertyDescriptor":{"name":"feed","displayName":null,"description":null,"defaultValue":null,"allowableValues":null,"required":null,"sensitive":null,"dynamic":null,"supportsEl":null,"identifiesControllerService":null},"templateValue":"${metadata.systemFeedName}","userEditable":false,"renderType":"text","renderOptions":{},"selected":true,"inputProperty":false,"containsConfigurationVariables":false,"sensitive":false,"required":false,"templateProperty":null,"nameKey":"NiFi Flow-Update flow parameters-feed","processorNameTypeKey":"Update flow parameters-org.apache.nifi.processors.attributes.UpdateAttribute-feed","idKey":"3b2a74a1-015b-1000-04f2-8d27edfcc649-4d9697e4-c878-4bfc-76be-05f2bad1faaa-feed"},{"processGroupName":"NiFi Flow","processorName":"Update flow parameters","processorId":"4d9697e4-c878-4bfc-76be-05f2bad1faaa","processGroupId":"3b2a74a1-015b-1000-04f2-8d27edfcc649","processorType":"org.apache.nifi.processors.attributes.UpdateAttribute","key":"hdfs.ingest.root","value":"${config.hdfs.ingest.root}","expressionProperties":null,"propertyDescriptor":{"name":"hdfs.ingest.root","displayName":null,"description":null,"defaultValue":null,"allowableValues":null,"required":null,"sensitive":null,"dynamic":null,"supportsEl":null,"identifiesControllerService":null},"templateValue":"${config.hdfs.ingest.root}","userEditable":false,"renderType":"text","renderOptions":{},"selected":true,"inputProperty":false,"containsConfigurationVariables":false,"sensitive":false,"required":false,"templateProperty":null,"nameKey":"NiFi Flow-Update flow parameters-hdfs.ingest.root","processorNameTypeKey":"Update flow parameters-org.apache.nifi.processors.attributes.UpdateAttribute-hdfs.ingest.root","idKey":"3b2a74a1-015b-1000-04f2-8d27edfcc649-4d9697e4-c878-4bfc-76be-05f2bad1faaa-hdfs.ingest.root"},{"processGroupName":"NiFi Flow","processorName":"Update flow parameters","processorId":"4d9697e4-c878-4bfc-76be-05f2bad1faaa","processGroupId":"3b2a74a1-015b-1000-04f2-8d27edfcc649","processorType":"org.apache.nifi.processors.attributes.UpdateAttribute","key":"hive.ingest.root","value":"${config.hive.ingest.root}","expressionProperties":null,"propertyDescriptor":{"name":"hive.ingest.root","displayName":null,"description":null,"defaultValue":null,"allowableValues":null,"required":null,"sensitive":null,"dynamic":null,"supportsEl":null,"identifiesControllerService":null},"templateValue":"${config.hive.ingest.root}","userEditable":false,"renderType":"text","renderOptions":{},"selected":true,"inputProperty":false,"containsConfigurationVariables":false,"sensitive":false,"required":false,"templateProperty":null,"nameKey":"NiFi Flow-Update flow parameters-hive.ingest.root","processorNameTypeKey":"Update flow parameters-org.apache.nifi.processors.attributes.UpdateAttribute-hive.ingest.root","idKey":"3b2a74a1-015b-1000-04f2-8d27edfcc649-4d9697e4-c878-4bfc-76be-05f2bad1faaa-hive.ingest.root"},{"processGroupName":"NiFi Flow","processorName":"Update flow parameters","processorId":"4d9697e4-c878-4bfc-76be-05f2bad1faaa","processGroupId":"3b2a74a1-015b-1000-04f2-8d27edfcc649","processorType":"org.apache.nifi.processors.attributes.UpdateAttribute","key":"hive.master.root","value":"${config.hive.master.root}","expressionProperties":null,"propertyDescriptor":{"name":"hive.master.root","displayName":null,"description":null,"defaultValue":null,"allowableValues":null,"required":null,"sensitive":null,"dynamic":null,"supportsEl":null,"identifiesControllerService":null},"templateValue":"${config.hive.master.root}","userEditable":false,"renderType":"text","renderOptions":{},"selected":true,"inputProperty":false,"containsConfigurationVariables":false,"sensitive":false,"required":false,"templateProperty":null,"nameKey":"NiFi Flow-Update flow parameters-hive.master.root","processorNameTypeKey":"Update flow parameters-org.apache.nifi.processors.attributes.UpdateAttribute-hive.master.root","idKey":"3b2a74a1-015b-1000-04f2-8d27edfcc649-4d9697e4-c878-4bfc-76be-05f2bad1faaa-hive.master.root"},{"processGroupName":"NiFi Flow","processorName":"Update flow parameters","processorId":"4d9697e4-c878-4bfc-76be-05f2bad1faaa","processGroupId":"3b2a74a1-015b-1000-04f2-8d27edfcc649","processorType":"org.apache.nifi.processors.attributes.UpdateAttribute","key":"metadata.dataTransformation.dataTransformScript","value":"${metadata.dataTransformation.dataTransformScript}","expressionProperties":null,"propertyDescriptor":{"name":"metadata.dataTransformation.dataTransformScript","displayName":"metadata.dataTransformation.dataTransformScript","description":"","defaultValue":null,"allowableValues":null,"required":false,"sensitive":false,"dynamic":true,"supportsEl":true,"identifiesControllerService":null},"templateValue":"${metadata.dataTransformation.dataTransformScript}","userEditable":false,"renderType":"text","renderOptions":{},"selected":true,"inputProperty":false,"containsConfigurationVariables":false,"sensitive":false,"required":false,"templateProperty":null,"nameKey":"NiFi Flow-Update flow parameters-metadata.dataTransformation.dataTransformScript","processorNameTypeKey":"Update flow parameters-org.apache.nifi.processors.attributes.UpdateAttribute-metadata.dataTransformation.dataTransformScript","idKey":"3b2a74a1-015b-1000-04f2-8d27edfcc649-4d9697e4-c878-4bfc-76be-05f2bad1faaa-metadata.dataTransformation.dataTransformScript"},{"processGroupName":"NiFi Flow","processorName":"Update flow parameters","processorId":"4d9697e4-c878-4bfc-76be-05f2bad1faaa","processGroupId":"3b2a74a1-015b-1000-04f2-8d27edfcc649","processorType":"org.apache.nifi.processors.attributes.UpdateAttribute","key":"metadata.dataTransformation.datasourceIds","value":"${metadata.dataTransformation.datasourceIds}","expressionProperties":null,"propertyDescriptor":{"name":"metadata.dataTransformation.datasourceIds","displayName":"metadata.dataTransformation.datasourceIds","description":"","defaultValue":null,"allowableValues":null,"required":false,"sensitive":false,"dynamic":true,"supportsEl":true,"identifiesControllerService":null},"templateValue":"${metadata.dataTransformation.datasourceIds}","userEditable":false,"renderType":"text","renderOptions":{},"selected":true,"inputProperty":false,"containsConfigurationVariables":false,"sensitive":false,"required":false,"templateProperty":null,"nameKey":"NiFi Flow-Update flow parameters-metadata.dataTransformation.datasourceIds","processorNameTypeKey":"Update flow parameters-org.apache.nifi.processors.attributes.UpdateAttribute-metadata.dataTransformation.datasourceIds","idKey":"3b2a74a1-015b-1000-04f2-8d27edfcc649-4d9697e4-c878-4bfc-76be-05f2bad1faaa-metadata.dataTransformation.datasourceIds"},{"processGroupName":"NiFi Flow","processorName":"Update flow parameters","processorId":"4d9697e4-c878-4bfc-76be-05f2bad1faaa","processGroupId":"3b2a74a1-015b-1000-04f2-8d27edfcc649","processorType":"org.apache.nifi.processors.attributes.UpdateAttribute","key":"metadata.table.feedFieldStructure","value":"${metadata.table.feedFieldStructure}","expressionProperties":null,"propertyDescriptor":{"name":"metadata.table.feedFieldStructure","displayName":"metadata.table.feedFieldStructure","description":"","defaultValue":null,"allowableValues":null,"required":false,"sensitive":false,"dynamic":true,"supportsEl":true,"identifiesControllerService":null},"templateValue":"${metadata.table.feedFieldStructure}","userEditable":false,"renderType":"text","renderOptions":{},"selected":true,"inputProperty":false,"containsConfigurationVariables":false,"sensitive":false,"required":false,"templateProperty":null,"nameKey":"NiFi Flow-Update flow parameters-metadata.table.feedFieldStructure","processorNameTypeKey":"Update flow parameters-org.apache.nifi.processors.attributes.UpdateAttribute-metadata.table.feedFieldStructure","idKey":"3b2a74a1-015b-1000-04f2-8d27edfcc649-4d9697e4-c878-4bfc-76be-05f2bad1faaa-metadata.table.feedFieldStructure"},{"processGroupName":"NiFi Flow","processorName":"Update flow parameters","processorId":"4d9697e4-c878-4bfc-76be-05f2bad1faaa","processGroupId":"3b2a74a1-015b-1000-04f2-8d27edfcc649","processorType":"org.apache.nifi.processors.attributes.UpdateAttribute","key":"metadata.table.fieldIndexString","value":"${metadata.table.fieldIndexString}","expressionProperties":null,"propertyDescriptor":{"name":"metadata.table.fieldIndexString","displayName":"metadata.table.fieldIndexString","description":"","defaultValue":null,"allowableValues":null,"required":false,"sensitive":false,"dynamic":true,"supportsEl":true,"identifiesControllerService":null},"templateValue":"${metadata.table.fieldIndexString}","userEditable":false,"renderType":"text","renderOptions":{},"selected":true,"inputProperty":false,"containsConfigurationVariables":false,"sensitive":false,"required":false,"templateProperty":null,"nameKey":"NiFi Flow-Update flow parameters-metadata.table.fieldIndexString","processorNameTypeKey":"Update flow parameters-org.apache.nifi.processors.attributes.UpdateAttribute-metadata.table.fieldIndexString","idKey":"3b2a74a1-015b-1000-04f2-8d27edfcc649-4d9697e4-c878-4bfc-76be-05f2bad1faaa-metadata.table.fieldIndexString"},{"processGroupName":"NiFi Flow","processorName":"Update flow parameters","processorId":"4d9697e4-c878-4bfc-76be-05f2bad1faaa","processGroupId":"3b2a74a1-015b-1000-04f2-8d27edfcc649","processorType":"org.apache.nifi.processors.attributes.UpdateAttribute","key":"metadata.table.fieldPoliciesJson","value":"${metadata.table.fieldPoliciesJson}","expressionProperties":null,"propertyDescriptor":{"name":"metadata.table.fieldPoliciesJson","displayName":"metadata.table.fieldPoliciesJson","description":"","defaultValue":null,"allowableValues":null,"required":false,"sensitive":false,"dynamic":true,"supportsEl":true,"identifiesControllerService":null},"templateValue":"${metadata.table.fieldPoliciesJson}","userEditable":false,"renderType":"text","renderOptions":{},"selected":true,"inputProperty":false,"containsConfigurationVariables":false,"sensitive":false,"required":false,"templateProperty":null,"nameKey":"NiFi Flow-Update flow parameters-metadata.table.fieldPoliciesJson","processorNameTypeKey":"Update flow parameters-org.apache.nifi.processors.attributes.UpdateAttribute-metadata.table.fieldPoliciesJson","idKey":"3b2a74a1-015b-1000-04f2-8d27edfcc649-4d9697e4-c878-4bfc-76be-05f2bad1faaa-metadata.table.fieldPoliciesJson"},{"processGroupName":"NiFi Flow","processorName":"Update flow parameters","processorId":"4d9697e4-c878-4bfc-76be-05f2bad1faaa","processGroupId":"3b2a74a1-015b-1000-04f2-8d27edfcc649","processorType":"org.apache.nifi.processors.attributes.UpdateAttribute","key":"metadata.table.fieldStructure","value":"${metadata.table.fieldStructure}","expressionProperties":null,"propertyDescriptor":{"name":"metadata.table.fieldStructure","displayName":null,"description":null,"defaultValue":null,"allowableValues":null,"required":null,"sensitive":null,"dynamic":null,"supportsEl":null,"identifiesControllerService":null},"templateValue":"${metadata.table.fieldStructure}","userEditable":false,"renderType":"text","renderOptions":{},"selected":true,"inputProperty":false,"containsConfigurationVariables":false,"sensitive":false,"required":false,"templateProperty":null,"nameKey":"NiFi Flow-Update flow parameters-metadata.table.fieldStructure","processorNameTypeKey":"Update flow parameters-org.apache.nifi.processors.attributes.UpdateAttribute-metadata.table.fieldStructure","idKey":"3b2a74a1-015b-1000-04f2-8d27edfcc649-4d9697e4-c878-4bfc-76be-05f2bad1faaa-metadata.table.fieldStructure"},{"processGroupName":"NiFi Flow","processorName":"Update flow parameters","processorId":"4d9697e4-c878-4bfc-76be-05f2bad1faaa","processGroupId":"3b2a74a1-015b-1000-04f2-8d27edfcc649","processorType":"org.apache.nifi.processors.attributes.UpdateAttribute","key":"metadata.table.partitionSpecs","value":"${metadata.table.partitionSpecs}","expressionProperties":null,"propertyDescriptor":{"name":"metadata.table.partitionSpecs","displayName":"metadata.table.partitionSpecs","description":"","defaultValue":null,"allowableValues":null,"required":false,"sensitive":false,"dynamic":true,"supportsEl":true,"identifiesControllerService":null},"templateValue":"${metadata.table.partitionSpecs}","userEditable":false,"renderType":"text","renderOptions":{},"selected":true,"inputProperty":false,"containsConfigurationVariables":false,"sensitive":false,"required":false,"templateProperty":null,"nameKey":"NiFi Flow-Update flow parameters-metadata.table.partitionSpecs","processorNameTypeKey":"Update flow parameters-org.apache.nifi.processors.attributes.UpdateAttribute-metadata.table.partitionSpecs","idKey":"3b2a74a1-015b-1000-04f2-8d27edfcc649-4d9697e4-c878-4bfc-76be-05f2bad1faaa-metadata.table.partitionSpecs"},{"processGroupName":"NiFi Flow","processorName":"Update flow parameters","processorId":"4d9697e4-c878-4bfc-76be-05f2bad1faaa","processGroupId":"3b2a74a1-015b-1000-04f2-8d27edfcc649","processorType":"org.apache.nifi.processors.attributes.UpdateAttribute","key":"metadata.table.partitionStructure","value":"${metadata.table.partitionStructure}","expressionProperties":null,"propertyDescriptor":{"name":"metadata.table.partitionStructure","displayName":null,"description":null,"defaultValue":null,"allowableValues":null,"required":null,"sensitive":null,"dynamic":null,"supportsEl":null,"identifiesControllerService":null},"templateValue":"${metadata.table.partitionStructure}","userEditable":false,"renderType":"text","renderOptions":{},"selected":true,"inputProperty":false,"containsConfigurationVariables":false,"sensitive":false,"required":false,"templateProperty":null,"nameKey":"NiFi Flow-Update flow parameters-metadata.table.partitionStructure","processorNameTypeKey":"Update flow parameters-org.apache.nifi.processors.attributes.UpdateAttribute-metadata.table.partitionStructure","idKey":"3b2a74a1-015b-1000-04f2-8d27edfcc649-4d9697e4-c878-4bfc-76be-05f2bad1faaa-metadata.table.partitionStructure"},{"processGroupName":"NiFi Flow","processorName":"Update flow parameters","processorId":"4d9697e4-c878-4bfc-76be-05f2bad1faaa","processGroupId":"3b2a74a1-015b-1000-04f2-8d27edfcc649","processorType":"org.apache.nifi.processors.attributes.UpdateAttribute","key":"metadata.table.targetFormat","value":"${metadata.table.targetFormat}","expressionProperties":null,"propertyDescriptor":{"name":"metadata.table.targetFormat","displayName":null,"description":null,"defaultValue":null,"allowableValues":null,"required":null,"sensitive":null,"dynamic":null,"supportsEl":null,"identifiesControllerService":null},"templateValue":"${metadata.table.targetFormat}","userEditable":false,"renderType":"text","renderOptions":{},"selected":true,"inputProperty":false,"containsConfigurationVariables":false,"sensitive":false,"required":false,"templateProperty":null,"nameKey":"NiFi Flow-Update flow parameters-metadata.table.targetFormat","processorNameTypeKey":"Update flow parameters-org.apache.nifi.processors.attributes.UpdateAttribute-metadata.table.targetFormat","idKey":"3b2a74a1-015b-1000-04f2-8d27edfcc649-4d9697e4-c878-4bfc-76be-05f2bad1faaa-metadata.table.targetFormat"},{"processGroupName":"NiFi Flow","processorName":"Update flow parameters","processorId":"4d9697e4-c878-4bfc-76be-05f2bad1faaa","processGroupId":"3b2a74a1-015b-1000-04f2-8d27edfcc649","processorType":"org.apache.nifi.processors.attributes.UpdateAttribute","key":"metadata.table.targetMergeStrategy","value":"${metadata.table.targetMergeStrategy}","expressionProperties":null,"propertyDescriptor":{"name":"metadata.table.targetMergeStrategy","displayName":"metadata.table.targetMergeStrategy","description":"","defaultValue":null,"allowableValues":null,"required":false,"sensitive":false,"dynamic":true,"supportsEl":true,"identifiesControllerService":null},"templateValue":"${metadata.table.targetMergeStrategy}","userEditable":false,"renderType":"text","renderOptions":{},"selected":true,"inputProperty":false,"containsConfigurationVariables":false,"sensitive":false,"required":false,"templateProperty":null,"nameKey":"NiFi Flow-Update flow parameters-metadata.table.targetMergeStrategy","processorNameTypeKey":"Update flow parameters-org.apache.nifi.processors.attributes.UpdateAttribute-metadata.table.targetMergeStrategy","idKey":"3b2a74a1-015b-1000-04f2-8d27edfcc649-4d9697e4-c878-4bfc-76be-05f2bad1faaa-metadata.table.targetMergeStrategy"},{"processGroupName":"NiFi Flow","processorName":"Update flow parameters","processorId":"4d9697e4-c878-4bfc-76be-05f2bad1faaa","processGroupId":"3b2a74a1-015b-1000-04f2-8d27edfcc649","processorType":"org.apache.nifi.processors.attributes.UpdateAttribute","key":"metadata.table.targetTblProperties","value":"${metadata.table.targetTblProperties}","expressionProperties":null,"propertyDescriptor":{"name":"metadata.table.targetTblProperties","displayName":"metadata.table.targetTblProperties","description":"","defaultValue":null,"allowableValues":null,"required":false,"sensitive":false,"dynamic":true,"supportsEl":true,"identifiesControllerService":null},"templateValue":"${metadata.table.targetTblProperties}","userEditable":false,"renderType":"text","renderOptions":{},"selected":true,"inputProperty":false,"containsConfigurationVariables":false,"sensitive":false,"required":false,"templateProperty":null,"nameKey":"NiFi Flow-Update flow parameters-metadata.table.targetTblProperties","processorNameTypeKey":"Update flow parameters-org.apache.nifi.processors.attributes.UpdateAttribute-metadata.table.targetTblProperties","idKey":"3b2a74a1-015b-1000-04f2-8d27edfcc649-4d9697e4-c878-4bfc-76be-05f2bad1faaa-metadata.table.targetTblProperties"}],"type":"org.apache.nifi.processors.attributes.UpdateAttribute","name":"Update flow parameters","id":"4d9697e4-c878-4bfc-76be-05f2bad1faaa","groupName":"NiFi Flow","groupId":"3b2a74a1-015b-1000-04f2-8d27edfcc649","inputProcessor":false,"userDefinedInputProcessor":false}],"inputProcessors":[],"id":"4178819d-fefc-4c14-850d-e9fd59303dc1","nifiTemplateId":"884e1f70-46ad-4ba8-8dbc-ff14dd48b152","templateName":"Data Transformation","updateDate":1491346333933,"createDate":1487109894014,"icon":"all_inclusive","iconColor":"#AB47BC","description":"Data Transformation","state":"ENABLED","defineTable":false,"reusableTemplate":false,"reusableTemplateConnections":[{"feedOutputPortName":"to-wrangler-cleanup-port","reusableTemplateInputPortName":"wrangler-cleanup-port","inputPortDisplayName":"wrangler-cleanup-port"},{"feedOutputPortName":"to-wrangler-port","reusableTemplateInputPortName":"wrangler-input-port","inputPortDisplayName":"wrangler-input-port"}],"registeredDatasourceDefinitions":[{"processorType":"com.thinkbiganalytics.nifi.v2.ingest.MergeTable","processorName":"Merge Table","processorId":"79024b72-a1f8-1d9c-3e30-8ab607c2d1ce","datasourceDefinition":{"processorType":"com.thinkbiganalytics.nifi.v2.ingest.MergeTable","connectionType":"DESTINATION","datasourcePropertyKeys":["Target schema","Target table"],"datasourceType":"HiveDatasource","identityString":"${Target schema}.${Target table}","description":null,"title":"${Target schema}.${Target table}"}}],"order":1,"templateOrder":null,"feedsCount":3,"stream":false,"sensitiveProperties":[],"configurationProperties":[],"allowPreconditions":false,"dataTransformation":true,"isStream":false}