<?xml version="1.0" ?>
<template>
  <description></description>
  <groupId>4c3842d5-6343-4fb2-a05f-c2549d052aa7</groupId>
  <name>Data Transformation</name>
  <snippet>
    <connections>
      <id>967b26a8-2e9d-43a6-9736-cf6a4334da8e</id>
      <parentGroupId>ef8b9fec-0ff0-4829-99e5-3f40f8e1749a</parentGroupId>
      <backPressureDataSizeThreshold>0 MB</backPressureDataSizeThreshold>
      <backPressureObjectThreshold>0</backPressureObjectThreshold>
      <destination>
        <groupId>ef8b9fec-0ff0-4829-99e5-3f40f8e1749a</groupId>
        <id>22f9c099-5424-47a4-862b-980166300a49</id>
        <type>OUTPUT_PORT</type>
      </destination>
      <flowFileExpiration>0 sec</flowFileExpiration>
      <labelIndex>1</labelIndex>
      <name></name>
      <selectedRelationships>Success</selectedRelationships>
      <source>
        <groupId>ef8b9fec-0ff0-4829-99e5-3f40f8e1749a</groupId>
        <id>a0b57336-03c9-4c82-8ab2-e60d112dd786</id>
        <type>PROCESSOR</type>
      </source>
      <zIndex>0</zIndex>
    </connections>
    <connections>
      <id>14e7ca1c-2ef8-4a58-9225-24636df7afe8</id>
      <parentGroupId>498ab3c0-15a9-4eeb-a417-22fcb34721aa</parentGroupId>
      <backPressureDataSizeThreshold>0 MB</backPressureDataSizeThreshold>
      <backPressureObjectThreshold>0</backPressureObjectThreshold>
      <destination>
        <groupId>ef8b9fec-0ff0-4829-99e5-3f40f8e1749a</groupId>
        <id>4d9697e4-c878-4bfc-a2df-c3cda00b6349</id>
        <type>PROCESSOR</type>
      </destination>
      <flowFileExpiration>0 sec</flowFileExpiration>
      <labelIndex>1</labelIndex>
      <name></name>
      <selectedRelationships>success</selectedRelationships>
      <source>
        <groupId>ef8b9fec-0ff0-4829-99e5-3f40f8e1749a</groupId>
        <id>3447a22f-2345-4d20-8ed7-05c58f733ecf</id>
        <type>PROCESSOR</type>
      </source>
      <zIndex>0</zIndex>
    </connections>
    <connections>
      <id>6c8a25c7-17f7-467f-a493-bdaa57bd0ff7</id>
      <parentGroupId>ef8b9fec-0ff0-4829-99e5-3f40f8e1749a</parentGroupId>
      <backPressureDataSizeThreshold>0 MB</backPressureDataSizeThreshold>
      <backPressureObjectThreshold>0</backPressureObjectThreshold>
      <destination>
        <groupId>ef8b9fec-0ff0-4829-99e5-3f40f8e1749a</groupId>
        <id>d1983c98-d0b1-4291-a296-9d7470730494</id>
        <type>OUTPUT_PORT</type>
      </destination>
      <flowFileExpiration>0 sec</flowFileExpiration>
      <labelIndex>1</labelIndex>
      <name></name>
      <selectedRelationships>success</selectedRelationships>
      <source>
        <groupId>ef8b9fec-0ff0-4829-99e5-3f40f8e1749a</groupId>
        <id>4d9697e4-c878-4bfc-a2df-c3cda00b6349</id>
        <type>PROCESSOR</type>
      </source>
      <zIndex>0</zIndex>
    </connections>
    <controllerServices>
      <id>81fddaec-dc28-45ac-9a1a-0499f67f02d8</id>
      <comments></comments>
      <descriptors>
        <entry>
          <key>Spring Context Service</key>
          <value>
            <identifiesControllerService>com.thinkbiganalytics.nifi.core.api.spring.SpringContextService</identifiesControllerService>
            <name>Spring Context Service</name>
          </value>
        </entry>
      </descriptors>
      <name>Think Big Cleanup Service</name>
      <properties>
        <entry>
          <key>Spring Context Service</key>
          <value>002bfd3c-3d3c-4a31-b81d-e9a3740dc844</value>
        </entry>
      </properties>
      <referencingComponents>
        <id>45911786-f20c-4eae-a6f3-28d0a3b0ab30</id>
      </referencingComponents>
      <referencingComponents>
        <id>abb05cec-2274-46cb-b611-ede3b9f9c3e6</id>
      </referencingComponents>
      <referencingComponents>
        <id>361f0217-e7ea-4561-8dff-5ab0bc2c3367</id>
      </referencingComponents>
      <referencingComponents>
        <id>69d4755a-9ce2-456a-94ae-f983869e5db3</id>
      </referencingComponents>
      <referencingComponents>
        <id>0df97307-67f8-403c-bc1c-43bfa508ae97</id>
      </referencingComponents>
      <referencingComponents>
        <id>d5db0090-045a-435d-98b0-3947b41ba774</id>
      </referencingComponents>
      <referencingComponents>
        <id>a0b57336-03c9-4c82-8ab2-e60d112dd786</id>
      </referencingComponents>
      <referencingComponents>
        <id>bd4e7f7d-9042-4533-bf1a-6aabe0e6621c</id>
      </referencingComponents>
      <referencingComponents>
        <id>00e375fb-4eb2-41f1-895d-9f77729ad839</id>
      </referencingComponents>
      <referencingComponents>
        <id>f7025d4e-4206-4f4c-9f22-f5de33759153</id>
      </referencingComponents>
      <referencingComponents>
        <id>325cdc7e-a1b9-4f5f-a9b0-4575c1d85ae6</id>
      </referencingComponents>
      <referencingComponents>
        <id>f624ad6b-2443-4f18-ab0b-55b906822c06</id>
      </referencingComponents>
      <referencingComponents>
        <id>38c712f0-4d2c-40a2-b866-5e9f1cce5312</id>
      </referencingComponents>
      <referencingComponents>
        <id>52e25d4f-02a1-43a2-a208-53c3956b7ca7</id>
      </referencingComponents>
      <referencingComponents>
        <id>65ba5c89-97b4-4e1a-874c-53185befdefb</id>
      </referencingComponents>
      <referencingComponents>
        <id>d7edc25b-b2fb-438e-8301-da74b52f7dc4</id>
      </referencingComponents>
      <referencingComponents>
        <id>b6b7c67a-9305-43f6-8e98-29d464075a42</id>
      </referencingComponents>
      <state>ENABLED</state>
      <type>com.thinkbiganalytics.nifi.v2.core.cleanup.JmsCleanupEventService</type>
    </controllerServices>
    <controllerServices>
      <id>002bfd3c-3d3c-4a31-b81d-e9a3740dc844</id>
      <comments></comments>
      <descriptors>
        <entry>
          <key>Configuraton Classes</key>
          <value>
            <name>Configuraton Classes</name>
          </value>
        </entry>
      </descriptors>
      <name>SpringContextLoaderService</name>
      <properties>
        <entry>
          <key>Configuraton Classes</key>
        </entry>
      </properties>
      <referencingComponents>
        <id>81fddaec-dc28-45ac-9a1a-0499f67f02d8</id>
      </referencingComponents>
      <state>ENABLED</state>
      <type>com.thinkbiganalytics.nifi.v2.core.spring.SpringContextLoaderService</type>
    </controllerServices>
    <controllerServices>
      <id>30c2c746-ad7d-457f-a0f9-a9ecf18fd2a6</id>
      <comments></comments>
      <descriptors>
        <entry>
          <key>client-password</key>
          <value>
            <name>client-password</name>
          </value>
        </entry>
        <entry>
          <key>client-username</key>
          <value>
            <name>client-username</name>
          </value>
        </entry>
        <entry>
          <key>Implementation</key>
          <value>
            <name>Implementation</name>
          </value>
        </entry>
        <entry>
          <key>rest-client-url</key>
          <value>
            <name>rest-client-url</name>
          </value>
        </entry>
      </descriptors>
      <name>Think Big Metadata Service</name>
      <properties>
        <entry>
          <key>client-password</key>
        </entry>
        <entry>
          <key>client-username</key>
          <value>dladmin</value>
        </entry>
        <entry>
          <key>Implementation</key>
          <value>REMOTE</value>
        </entry>
        <entry>
          <key>rest-client-url</key>
          <value>http://localhost:8400/proxy/metadata</value>
        </entry>
      </properties>
      <referencingComponents>
        <id>abb05cec-2274-46cb-b611-ede3b9f9c3e6</id>
      </referencingComponents>
      <referencingComponents>
        <id>8a9038ae-38d0-48cf-88de-6fa16870f720</id>
      </referencingComponents>
      <referencingComponents>
        <id>69d4755a-9ce2-456a-94ae-f983869e5db3</id>
      </referencingComponents>
      <referencingComponents>
        <id>07161203-5c59-4039-860e-d4a9acfbb546</id>
      </referencingComponents>
      <referencingComponents>
        <id>d5db0090-045a-435d-98b0-3947b41ba774</id>
      </referencingComponents>
      <referencingComponents>
        <id>d2a6ef5a-ecf9-4680-af09-83b69d9a3253</id>
      </referencingComponents>
      <referencingComponents>
        <id>a0b57336-03c9-4c82-8ab2-e60d112dd786</id>
      </referencingComponents>
      <referencingComponents>
        <id>bd4e7f7d-9042-4533-bf1a-6aabe0e6621c</id>
      </referencingComponents>
      <referencingComponents>
        <id>00e375fb-4eb2-41f1-895d-9f77729ad839</id>
      </referencingComponents>
      <referencingComponents>
        <id>f7025d4e-4206-4f4c-9f22-f5de33759153</id>
      </referencingComponents>
      <referencingComponents>
        <id>75a5574b-8b10-41b5-89d4-ae2e7d273fd8</id>
      </referencingComponents>
      <referencingComponents>
        <id>f624ad6b-2443-4f18-ab0b-55b906822c06</id>
      </referencingComponents>
      <referencingComponents>
        <id>359810f8-a6aa-49d6-9f6d-2335ebc071d5</id>
      </referencingComponents>
      <referencingComponents>
        <id>45911786-f20c-4eae-a6f3-28d0a3b0ab30</id>
      </referencingComponents>
      <referencingComponents>
        <id>dc520cc6-990c-4731-ae98-7014582b4ab4</id>
      </referencingComponents>
      <referencingComponents>
        <id>6a855948-c363-4e33-b839-a5a0f663287f</id>
      </referencingComponents>
      <referencingComponents>
        <id>361f0217-e7ea-4561-8dff-5ab0bc2c3367</id>
      </referencingComponents>
      <referencingComponents>
        <id>f3917ad4-3b32-4c71-8e63-0c0212c5a709</id>
      </referencingComponents>
      <referencingComponents>
        <id>0af99cf9-632e-4e5b-96ed-0782eab48518</id>
      </referencingComponents>
      <referencingComponents>
        <id>0df97307-67f8-403c-bc1c-43bfa508ae97</id>
      </referencingComponents>
      <referencingComponents>
        <id>62d7085c-c5fd-46f9-a672-844b26c9e2f4</id>
      </referencingComponents>
      <referencingComponents>
        <id>325cdc7e-a1b9-4f5f-a9b0-4575c1d85ae6</id>
      </referencingComponents>
      <referencingComponents>
        <id>48bc0cf0-d3f5-4fe7-859b-da931e12b1bc</id>
      </referencingComponents>
      <referencingComponents>
        <id>e94f3dad-1365-4a0c-a80f-e0ca5675e06a</id>
      </referencingComponents>
      <referencingComponents>
        <id>66bee0ab-6cd2-4c42-8b87-61e58cc71924</id>
      </referencingComponents>
      <referencingComponents>
        <id>52e25d4f-02a1-43a2-a208-53c3956b7ca7</id>
      </referencingComponents>
      <referencingComponents>
        <id>38c712f0-4d2c-40a2-b866-5e9f1cce5312</id>
      </referencingComponents>
      <referencingComponents>
        <id>65ba5c89-97b4-4e1a-874c-53185befdefb</id>
      </referencingComponents>
      <referencingComponents>
        <id>d7edc25b-b2fb-438e-8301-da74b52f7dc4</id>
      </referencingComponents>
      <referencingComponents>
        <id>b6b7c67a-9305-43f6-8e98-29d464075a42</id>
      </referencingComponents>
      <state>ENABLED</state>
      <type>com.thinkbiganalytics.nifi.v2.core.metadata.MetadataProviderSelectorService</type>
    </controllerServices>
    <outputPorts>
      <id>d1983c98-d0b1-4291-a296-9d7470730494</id>
      <parentGroupId>ef8b9fec-0ff0-4829-99e5-3f40f8e1749a</parentGroupId>
      <position>
        <x>1087.5251194017183</x>
        <y>398.3198129307662</y>
      </position>
      <concurrentlySchedulableTaskCount>1</concurrentlySchedulableTaskCount>
      <name>to-wrangler-port</name>
      <state>STOPPED</state>
      <type>OUTPUT_PORT</type>
      <validationErrors>'Port 'to-wrangler-port'' is invalid because Output connection for port 'to-wrangler-port' is not defined.</validationErrors>
    </outputPorts>
    <outputPorts>
      <id>22f9c099-5424-47a4-862b-980166300a49</id>
      <parentGroupId>ef8b9fec-0ff0-4829-99e5-3f40f8e1749a</parentGroupId>
      <position>
        <x>549.5251499192965</x>
        <y>179.3198129307662</y>
      </position>
      <comments></comments>
      <concurrentlySchedulableTaskCount>1</concurrentlySchedulableTaskCount>
      <name>to-wrangler-cleanup-port</name>
      <state>STOPPED</state>
      <type>OUTPUT_PORT</type>
      <validationErrors>'Port 'to-wrangler-cleanup-port'' is invalid because Output connection for port 'to-wrangler-cleanup-port' is not defined.</validationErrors>
    </outputPorts>
    <processors>
      <id>a0b57336-03c9-4c82-8ab2-e60d112dd786</id>
      <parentGroupId>ef8b9fec-0ff0-4829-99e5-3f40f8e1749a</parentGroupId>
      <position>
        <x>-41.4748576035654</x>
        <y>147.31979963752212</y>
      </position>
      <config>
        <bulletinLevel>WARN</bulletinLevel>
        <comments></comments>
        <concurrentlySchedulableTaskCount>1</concurrentlySchedulableTaskCount>
        <descriptors>
          <entry>
            <key>Metadata Provider Service</key>
            <value>
              <identifiesControllerService>com.thinkbiganalytics.nifi.core.api.metadata.MetadataProviderService</identifiesControllerService>
              <name>Metadata Provider Service</name>
            </value>
          </entry>
          <entry>
            <key>System feed category</key>
            <value>
              <name>System feed category</name>
            </value>
          </entry>
          <entry>
            <key>Feed Cleanup Event Service</key>
            <value>
              <identifiesControllerService>com.thinkbiganalytics.nifi.core.api.cleanup.CleanupEventService</identifiesControllerService>
              <name>Feed Cleanup Event Service</name>
            </value>
          </entry>
          <entry>
            <key>System feed name</key>
            <value>
              <name>System feed name</name>
            </value>
          </entry>
        </descriptors>
        <lossTolerant>false</lossTolerant>
        <penaltyDuration>30 sec</penaltyDuration>
        <properties>
          <entry>
            <key>Metadata Provider Service</key>
            <value>30c2c746-ad7d-457f-a0f9-a9ecf18fd2a6</value>
          </entry>
          <entry>
            <key>System feed category</key>
            <value>${metadata.category.systemName}</value>
          </entry>
          <entry>
            <key>Feed Cleanup Event Service</key>
            <value>81fddaec-dc28-45ac-9a1a-0499f67f02d8</value>
          </entry>
          <entry>
            <key>System feed name</key>
            <value>${metadata.systemFeedName}</value>
          </entry>
        </properties>
        <runDurationMillis>0</runDurationMillis>
        <schedulingPeriod>0 sec</schedulingPeriod>
        <schedulingStrategy>TIMER_DRIVEN</schedulingStrategy>
        <yieldDuration>1 sec</yieldDuration>
      </config>
      <name>Trigger Cleanup</name>
      <relationships>
        <autoTerminate>false</autoTerminate>
        <name>Success</name>
      </relationships>
      <style>
        <entry>
          <key>background-color</key>
          <value>#ff9900</value>
        </entry>
      </style>
      <type>com.thinkbiganalytics.nifi.v2.metadata.TriggerCleanup</type>
    </processors>
    <processors>
      <id>3447a22f-2345-4d20-8ed7-05c58f733ecf</id>
      <parentGroupId>ef8b9fec-0ff0-4829-99e5-3f40f8e1749a</parentGroupId>
      <position>
        <x>-39.11988632681505</x>
        <y>365.4299416409616</y>
      </position>
      <config>
        <bulletinLevel>WARN</bulletinLevel>
        <comments></comments>
        <concurrentlySchedulableTaskCount>1</concurrentlySchedulableTaskCount>
        <descriptors>
          <entry>
            <key>File Size</key>
            <value>
              <name>File Size</name>
            </value>
          </entry>
          <entry>
            <key>Batch Size</key>
            <value>
              <name>Batch Size</name>
            </value>
          </entry>
          <entry>
            <key>Unique FlowFiles</key>
            <value>
              <name>Unique FlowFiles</name>
            </value>
          </entry>
          <entry>
            <key>Data Format</key>
            <value>
              <name>Data Format</name>
            </value>
          </entry>
        </descriptors>
        <lossTolerant>false</lossTolerant>
        <penaltyDuration>30 sec</penaltyDuration>
        <properties>
          <entry>
            <key>File Size</key>
            <value>0 B</value>
          </entry>
          <entry>
            <key>Batch Size</key>
            <value>1</value>
          </entry>
          <entry>
            <key>Unique FlowFiles</key>
            <value>false</value>
          </entry>
          <entry>
            <key>Data Format</key>
            <value>Binary</value>
          </entry>
        </properties>
        <runDurationMillis>0</runDurationMillis>
        <schedulingPeriod>1 hr</schedulingPeriod>
        <schedulingStrategy>TIMER_DRIVEN</schedulingStrategy>
        <yieldDuration>1 sec</yieldDuration>
      </config>
      <name>Run Feed</name>
      <relationships>
        <autoTerminate>false</autoTerminate>
        <name>success</name>
      </relationships>
      <style></style>
      <type>org.apache.nifi.processors.standard.GenerateFlowFile</type>
    </processors>
    <processors>
      <id>4d9697e4-c878-4bfc-a2df-c3cda00b6349</id>
      <parentGroupId>ef8b9fec-0ff0-4829-99e5-3f40f8e1749a</parentGroupId>
      <position>
        <x>538.0575733899823</x>
        <y>361.09113548861785</y>
      </position>
      <config>
        <bulletinLevel>WARN</bulletinLevel>
        <comments></comments>
        <concurrentlySchedulableTaskCount>1</concurrentlySchedulableTaskCount>
        <descriptors>
          <entry>
            <key>metadata.table.targetFormat</key>
            <value>
              <name>metadata.table.targetFormat</name>
            </value>
          </entry>
          <entry>
            <key>spark.input_folder</key>
            <value>
              <name>spark.input_folder</name>
            </value>
          </entry>
          <entry>
            <key>transform_script</key>
            <value>
              <name>transform_script</name>
            </value>
          </entry>
          <entry>
            <key>metadata.table.fieldStructure</key>
            <value>
              <name>metadata.table.fieldStructure</name>
            </value>
          </entry>
          <entry>
            <key>feedts</key>
            <value>
              <name>feedts</name>
            </value>
          </entry>
          <entry>
            <key>feed</key>
            <value>
              <name>feed</name>
            </value>
          </entry>
          <entry>
            <key>hdfs.ingest.root</key>
            <value>
              <name>hdfs.ingest.root</name>
            </value>
          </entry>
          <entry>
            <key>Delete Attributes Expression</key>
            <value>
              <name>Delete Attributes Expression</name>
            </value>
          </entry>
          <entry>
            <key>metadata.table.targetTblProperties</key>
            <value>
              <name>metadata.table.targetTblProperties</name>
            </value>
          </entry>
          <entry>
            <key>metadata.table.partitionStructure</key>
            <value>
              <name>metadata.table.partitionStructure</name>
            </value>
          </entry>
          <entry>
            <key>category</key>
            <value>
              <name>category</name>
            </value>
          </entry>
          <entry>
            <key>hive.ingest.root</key>
            <value>
              <name>hive.ingest.root</name>
            </value>
          </entry>
          <entry>
            <key>hive.master.root</key>
            <value>
              <name>hive.master.root</name>
            </value>
          </entry>
        </descriptors>
        <lossTolerant>false</lossTolerant>
        <penaltyDuration>30 sec</penaltyDuration>
        <properties>
          <entry>
            <key>metadata.table.targetFormat</key>
            <value>${metadata.table.targetFormat}</value>
          </entry>
          <entry>
            <key>spark.input_folder</key>
            <value>/tmp</value>
          </entry>
          <entry>
            <key>transform_script</key>
            <value>${metadata.dataTransformation.dataTransformScript}</value>
          </entry>
          <entry>
            <key>metadata.table.fieldStructure</key>
            <value>${metadata.table.fieldStructure}</value>
          </entry>
          <entry>
            <key>feedts</key>
            <value>${now():format('yyyyMMddHHmmss')}</value>
          </entry>
          <entry>
            <key>feed</key>
            <value>${metadata.systemFeedName}</value>
          </entry>
          <entry>
            <key>hdfs.ingest.root</key>
            <value>${config.hdfs.ingest.root}</value>
          </entry>
          <entry>
            <key>Delete Attributes Expression</key>
          </entry>
          <entry>
            <key>metadata.table.targetTblProperties</key>
            <value>${metadata.table.targetTblProperties}</value>
          </entry>
          <entry>
            <key>metadata.table.partitionStructure</key>
            <value>${metadata.table.partitionStructure}</value>
          </entry>
          <entry>
            <key>category</key>
            <value>${metadata.category.systemName}</value>
          </entry>
          <entry>
            <key>hive.ingest.root</key>
            <value>${config.hive.ingest.root}</value>
          </entry>
          <entry>
            <key>hive.master.root</key>
            <value>${config.hive.master.root}</value>
          </entry>
        </properties>
        <runDurationMillis>0</runDurationMillis>
        <schedulingPeriod>0 sec</schedulingPeriod>
        <schedulingStrategy>TIMER_DRIVEN</schedulingStrategy>
        <yieldDuration>1 sec</yieldDuration>
      </config>
      <name>Update flow parameters</name>
      <relationships>
        <autoTerminate>false</autoTerminate>
        <name>success</name>
      </relationships>
      <style>
        <entry>
          <key>background-color</key>
          <value>#11f237</value>
        </entry>
      </style>
      <type>org.apache.nifi.processors.attributes.UpdateAttribute</type>
    </processors>
  </snippet>
  <timestamp>10/28/2016 21:27:01 UTC</timestamp>
</template>