<?xml version="1.0" encoding="UTF-8" standalone="yes"?>
<template encoding-version="1.2">
    <description></description>
    <groupId>b054958f-015b-1000-acd2-7f208363c6a7</groupId>
    <name>stream-hbase-ingest</name>
    <snippet>
        <connections>
            <id>8a022922-677f-3630-0000-000000000000</id>
            <parentGroupId>82356e74-b73c-3570-0000-000000000000</parentGroupId>
            <backPressureDataSizeThreshold>1 GB</backPressureDataSizeThreshold>
            <backPressureObjectThreshold>10000</backPressureObjectThreshold>
            <destination>
                <groupId>82356e74-b73c-3570-0000-000000000000</groupId>
                <id>c10e3498-c77d-31d1-0000-000000000000</id>
                <type>PROCESSOR</type>
            </destination>
            <flowFileExpiration>0 sec</flowFileExpiration>
            <labelIndex>1</labelIndex>
            <name></name>
            <selectedRelationships>success</selectedRelationships>
            <source>
                <groupId>82356e74-b73c-3570-0000-000000000000</groupId>
                <id>5533b811-68b2-314e-0000-000000000000</id>
                <type>PROCESSOR</type>
            </source>
            <zIndex>0</zIndex>
        </connections>
        <connections>
            <id>c363a5f1-ec60-3a85-0000-000000000000</id>
            <parentGroupId>82356e74-b73c-3570-0000-000000000000</parentGroupId>
            <backPressureDataSizeThreshold>1 GB</backPressureDataSizeThreshold>
            <backPressureObjectThreshold>10000</backPressureObjectThreshold>
            <bends>
                <x>1579.836359298351</x>
                <y>581.3858836328295</y>
            </bends>
            <bends>
                <x>1496.5260207464066</x>
                <y>767.7190288835814</y>
            </bends>
            <destination>
                <groupId>82356e74-b73c-3570-0000-000000000000</groupId>
                <id>5533b811-68b2-314e-0000-000000000000</id>
                <type>PROCESSOR</type>
            </destination>
            <flowFileExpiration>0 sec</flowFileExpiration>
            <labelIndex>1</labelIndex>
            <name></name>
            <selectedRelationships>failure</selectedRelationships>
            <source>
                <groupId>82356e74-b73c-3570-0000-000000000000</groupId>
                <id>5533b811-68b2-314e-0000-000000000000</id>
                <type>PROCESSOR</type>
            </source>
            <zIndex>0</zIndex>
        </connections>
        <connections>
            <id>eed92234-fad6-3a93-0000-000000000000</id>
            <parentGroupId>82356e74-b73c-3570-0000-000000000000</parentGroupId>
            <backPressureDataSizeThreshold>1 GB</backPressureDataSizeThreshold>
            <backPressureObjectThreshold>10000</backPressureObjectThreshold>
            <destination>
                <groupId>82356e74-b73c-3570-0000-000000000000</groupId>
                <id>10a51a80-517f-3c7c-0000-000000000000</id>
                <type>PROCESSOR</type>
            </destination>
            <flowFileExpiration>0 sec</flowFileExpiration>
            <labelIndex>1</labelIndex>
            <name></name>
            <selectedRelationships>unmatched</selectedRelationships>
            <source>
                <groupId>82356e74-b73c-3570-0000-000000000000</groupId>
                <id>c10e3498-c77d-31d1-0000-000000000000</id>
                <type>PROCESSOR</type>
            </source>
            <zIndex>0</zIndex>
        </connections>
        <connections>
            <id>fd874f50-718f-3e83-0000-000000000000</id>
            <parentGroupId>82356e74-b73c-3570-0000-000000000000</parentGroupId>
            <backPressureDataSizeThreshold>1 GB</backPressureDataSizeThreshold>
            <backPressureObjectThreshold>10000</backPressureObjectThreshold>
            <destination>
                <groupId>82356e74-b73c-3570-0000-000000000000</groupId>
                <id>5533b811-68b2-314e-0000-000000000000</id>
                <type>PROCESSOR</type>
            </destination>
            <flowFileExpiration>0 sec</flowFileExpiration>
            <labelIndex>1</labelIndex>
            <name></name>
            <selectedRelationships>success</selectedRelationships>
            <source>
                <groupId>82356e74-b73c-3570-0000-000000000000</groupId>
                <id>22d47199-b43f-3ac8-0000-000000000000</id>
                <type>PROCESSOR</type>
            </source>
            <zIndex>0</zIndex>
        </connections>
        <connections>
            <id>fe599f3f-a6b0-3ffe-0000-000000000000</id>
            <parentGroupId>82356e74-b73c-3570-0000-000000000000</parentGroupId>
            <backPressureDataSizeThreshold>1 GB</backPressureDataSizeThreshold>
            <backPressureObjectThreshold>10000</backPressureObjectThreshold>
            <destination>
                <groupId>82356e74-b73c-3570-0000-000000000000</groupId>
                <id>cabd4c5b-2561-3914-0000-000000000000</id>
                <type>PROCESSOR</type>
            </destination>
            <flowFileExpiration>0 sec</flowFileExpiration>
            <labelIndex>1</labelIndex>
            <name></name>
            <source>
                <groupId>82356e74-b73c-3570-0000-000000000000</groupId>
                <id>82b32e00-2e81-3458-0000-000000000000</id>
                <type>INPUT_PORT</type>
            </source>
            <zIndex>0</zIndex>
        </connections>
        <connections>
            <id>2a3d0047-b59e-3e01-0000-000000000000</id>
            <parentGroupId>82356e74-b73c-3570-0000-000000000000</parentGroupId>
            <backPressureDataSizeThreshold>1 GB</backPressureDataSizeThreshold>
            <backPressureObjectThreshold>10000</backPressureObjectThreshold>
            <destination>
                <groupId>82356e74-b73c-3570-0000-000000000000</groupId>
                <id>97a90739-6fd8-374d-0000-000000000000</id>
                <type>PROCESSOR</type>
            </destination>
            <flowFileExpiration>0 sec</flowFileExpiration>
            <labelIndex>1</labelIndex>
            <name></name>
            <selectedRelationships>success</selectedRelationships>
            <source>
                <groupId>82356e74-b73c-3570-0000-000000000000</groupId>
                <id>d6662025-1e73-3f71-0000-000000000000</id>
                <type>PROCESSOR</type>
            </source>
            <zIndex>0</zIndex>
        </connections>
        <connections>
            <id>2c17eea5-8cdb-3ba3-0000-000000000000</id>
            <parentGroupId>82356e74-b73c-3570-0000-000000000000</parentGroupId>
            <backPressureDataSizeThreshold>1 GB</backPressureDataSizeThreshold>
            <backPressureObjectThreshold>10000</backPressureObjectThreshold>
            <destination>
                <groupId>82356e74-b73c-3570-0000-000000000000</groupId>
                <id>5619cb5a-b579-33aa-0000-000000000000</id>
                <type>PROCESSOR</type>
            </destination>
            <flowFileExpiration>0 sec</flowFileExpiration>
            <labelIndex>1</labelIndex>
            <name></name>
            <selectedRelationships>json</selectedRelationships>
            <source>
                <groupId>82356e74-b73c-3570-0000-000000000000</groupId>
                <id>c10e3498-c77d-31d1-0000-000000000000</id>
                <type>PROCESSOR</type>
            </source>
            <zIndex>0</zIndex>
        </connections>
        <connections>
            <id>348dd414-6f40-3488-0000-000000000000</id>
            <parentGroupId>82356e74-b73c-3570-0000-000000000000</parentGroupId>
            <backPressureDataSizeThreshold>1 GB</backPressureDataSizeThreshold>
            <backPressureObjectThreshold>10000</backPressureObjectThreshold>
            <destination>
                <groupId>82356e74-b73c-3570-0000-000000000000</groupId>
                <id>d6662025-1e73-3f71-0000-000000000000</id>
                <type>PROCESSOR</type>
            </destination>
            <flowFileExpiration>0 sec</flowFileExpiration>
            <labelIndex>1</labelIndex>
            <name></name>
            <selectedRelationships>Initialize</selectedRelationships>
            <source>
                <groupId>82356e74-b73c-3570-0000-000000000000</groupId>
                <id>5533b811-68b2-314e-0000-000000000000</id>
                <type>PROCESSOR</type>
            </source>
            <zIndex>0</zIndex>
        </connections>
        <connections>
            <id>55a357b8-9ced-326d-0000-000000000000</id>
            <parentGroupId>82356e74-b73c-3570-0000-000000000000</parentGroupId>
            <backPressureDataSizeThreshold>1 GB</backPressureDataSizeThreshold>
            <backPressureObjectThreshold>10000</backPressureObjectThreshold>
            <destination>
                <groupId>82356e74-b73c-3570-0000-000000000000</groupId>
                <id>22d47199-b43f-3ac8-0000-000000000000</id>
                <type>PROCESSOR</type>
            </destination>
            <flowFileExpiration>0 sec</flowFileExpiration>
            <labelIndex>1</labelIndex>
            <name></name>
            <selectedRelationships>success</selectedRelationships>
            <source>
                <groupId>82356e74-b73c-3570-0000-000000000000</groupId>
                <id>cabd4c5b-2561-3914-0000-000000000000</id>
                <type>PROCESSOR</type>
            </source>
            <zIndex>0</zIndex>
        </connections>
        <connections>
            <id>77925944-29a2-3569-0000-000000000000</id>
            <parentGroupId>82356e74-b73c-3570-0000-000000000000</parentGroupId>
            <backPressureDataSizeThreshold>1 GB</backPressureDataSizeThreshold>
            <backPressureObjectThreshold>10000</backPressureObjectThreshold>
            <destination>
                <groupId>82356e74-b73c-3570-0000-000000000000</groupId>
                <id>429fb00d-2253-3682-0000-000000000000</id>
                <type>PROCESSOR</type>
            </destination>
            <flowFileExpiration>0 sec</flowFileExpiration>
            <labelIndex>1</labelIndex>
            <name></name>
            <selectedRelationships>failure</selectedRelationships>
            <source>
                <groupId>82356e74-b73c-3570-0000-000000000000</groupId>
                <id>d6662025-1e73-3f71-0000-000000000000</id>
                <type>PROCESSOR</type>
            </source>
            <zIndex>0</zIndex>
        </connections>
        <controllerServices>
            <id>14dc2b07-058a-31fb-0000-000000000000</id>
            <parentGroupId>82356e74-b73c-3570-0000-000000000000</parentGroupId>
            <bundle>
                <artifact>kylo-nifi-hadoop-service-v1.2-nar</artifact>
                <group>default</group>
                <version>unversioned</version>
            </bundle>
            <comments></comments>
            <descriptors>
                <entry>
                    <key>Hadoop Configuration Resources</key>
                    <value>
                        <name>Hadoop Configuration Resources</name>
                    </value>
                </entry>
                <entry>
                    <key>Validation Query Timeout</key>
                    <value>
                        <name>Validation Query Timeout</name>
                    </value>
                </entry>
                <entry>
                    <key>Kerberos Keytab</key>
                    <value>
                        <name>Kerberos Keytab</name>
                    </value>
                </entry>
                <entry>
                    <key>Database Connection URL</key>
                    <value>
                        <name>Database Connection URL</name>
                    </value>
                </entry>
                <entry>
                    <key>Max Wait Time</key>
                    <value>
                        <name>Max Wait Time</name>
                    </value>
                </entry>
                <entry>
                    <key>Database Driver Class Name</key>
                    <value>
                        <name>Database Driver Class Name</name>
                    </value>
                </entry>
                <entry>
                    <key>Database User</key>
                    <value>
                        <name>Database User</name>
                    </value>
                </entry>
                <entry>
                    <key>Database Driver Jar Url</key>
                    <value>
                        <name>Database Driver Jar Url</name>
                    </value>
                </entry>
                <entry>
                    <key>Kerberos Principal</key>
                    <value>
                        <name>Kerberos Principal</name>
                    </value>
                </entry>
                <entry>
                    <key>Max Total Connections</key>
                    <value>
                        <name>Max Total Connections</name>
                    </value>
                </entry>
                <entry>
                    <key>Password</key>
                    <value>
                        <name>Password</name>
                    </value>
                </entry>
                <entry>
                    <key>Validation Query</key>
                    <value>
                        <name>Validation Query</name>
                    </value>
                </entry>
            </descriptors>
            <name>Hive Thrift Service</name>
            <persistsState>false</persistsState>
            <properties>
                <entry>
                    <key>Hadoop Configuration Resources</key>
                </entry>
                <entry>
                    <key>Validation Query Timeout</key>
                    <value>10 s</value>
                </entry>
                <entry>
                    <key>Kerberos Keytab</key>
                </entry>
                <entry>
                    <key>Database Connection URL</key>
                    <value>jdbc:hive2://localhost:10000/default</value>
                </entry>
                <entry>
                    <key>Max Wait Time</key>
                    <value>500 millis</value>
                </entry>
                <entry>
                    <key>Database Driver Class Name</key>
                    <value>org.apache.hive.jdbc.HiveDriver</value>
                </entry>
                <entry>
                    <key>Database User</key>
                    <value>nifi</value>
                </entry>
                <entry>
                    <key>Database Driver Jar Url</key>
                </entry>
                <entry>
                    <key>Kerberos Principal</key>
                </entry>
                <entry>
                    <key>Max Total Connections</key>
                    <value>8</value>
                </entry>
                <entry>
                    <key>Password</key>
                </entry>
                <entry>
                    <key>Validation Query</key>
                    <value>show tables 'test'</value>
                </entry>
            </properties>
            <state>ENABLED</state>
            <type>com.thinkbiganalytics.nifi.v2.thrift.ThriftConnectionPool</type>
        </controllerServices>
        <controllerServices>
            <id>22688390-3a7b-3efe-0000-000000000000</id>
            <parentGroupId>82356e74-b73c-3570-0000-000000000000</parentGroupId>
            <bundle>
                <artifact>nifi-hbase_1_1_2-client-service-nar</artifact>
                <group>org.apache.nifi</group>
                <version>1.5.0</version>
            </bundle>
            <comments></comments>
            <descriptors>
                <entry>
                    <key>Kerberos Keytab</key>
                    <value>
                        <name>Kerberos Keytab</name>
                    </value>
                </entry>
                <entry>
                    <key>ZooKeeper Quorum</key>
                    <value>
                        <name>ZooKeeper Quorum</name>
                    </value>
                </entry>
                <entry>
                    <key>ZooKeeper Client Port</key>
                    <value>
                        <name>ZooKeeper Client Port</name>
                    </value>
                </entry>
                <entry>
                    <key>ZooKeeper ZNode Parent</key>
                    <value>
                        <name>ZooKeeper ZNode Parent</name>
                    </value>
                </entry>
                <entry>
                    <key>Kerberos Principal</key>
                    <value>
                        <name>Kerberos Principal</name>
                    </value>
                </entry>
                <entry>
                    <key>HBase Client Retries</key>
                    <value>
                        <name>HBase Client Retries</name>
                    </value>
                </entry>
                <entry>
                    <key>Hadoop Configuration Files</key>
                    <value>
                        <name>Hadoop Configuration Files</name>
                    </value>
                </entry>
                <entry>
                    <key>Phoenix Client JAR Location</key>
                    <value>
                        <name>Phoenix Client JAR Location</name>
                    </value>
                </entry>
            </descriptors>
            <name>HBase_1_1_2_ClientService</name>
            <persistsState>false</persistsState>
            <properties>
                <entry>
                    <key>Kerberos Keytab</key>
                </entry>
                <entry>
                    <key>ZooKeeper Quorum</key>
                </entry>
                <entry>
                    <key>ZooKeeper Client Port</key>
                </entry>
                <entry>
                    <key>ZooKeeper ZNode Parent</key>
                </entry>
                <entry>
                    <key>Kerberos Principal</key>
                </entry>
                <entry>
                    <key>HBase Client Retries</key>
                    <value>1</value>
                </entry>
                <entry>
                    <key>Hadoop Configuration Files</key>
                    <value>/etc/hadoop/conf/core-site.xml,/etc/hadoop/conf/hdfs-site.xml,/etc/hbase/conf/hbase-site.xml</value>
                </entry>
                <entry>
                    <key>Phoenix Client JAR Location</key>
                </entry>
            </properties>
            <state>ENABLED</state>
            <type>org.apache.nifi.hbase.HBase_1_1_2_ClientService</type>
        </controllerServices>
        <controllerServices>
            <id>2ba62670-0360-353c-0000-000000000000</id>
            <parentGroupId>82356e74-b73c-3570-0000-000000000000</parentGroupId>
            <bundle>
                <artifact>kylo-nifi-core-service-v1.2-nar</artifact>
                <group>default</group>
                <version>unversioned</version>
            </bundle>
            <comments></comments>
            <descriptors>
                <entry>
                    <key>client-password</key>
                    <value>
                        <name>client-password</name>
                    </value>
                </entry>
                <entry>
                    <key>SSL Context Service</key>
                    <value>
                        <identifiesControllerService>org.apache.nifi.ssl.SSLContextService</identifiesControllerService>
                        <name>SSL Context Service</name>
                    </value>
                </entry>
                <entry>
                    <key>client-username</key>
                    <value>
                        <name>client-username</name>
                    </value>
                </entry>
                <entry>
                    <key>Spring Context Service</key>
                    <value>
                        <identifiesControllerService>com.thinkbiganalytics.nifi.core.api.spring.SpringContextService</identifiesControllerService>
                        <name>Spring Context Service</name>
                    </value>
                </entry>
                <entry>
                    <key>Implementation</key>
                    <value>
                        <name>Implementation</name>
                    </value>
                </entry>
                <entry>
                    <key>rest-client-url</key>
                    <value>
                        <name>rest-client-url</name>
                    </value>
                </entry>
            </descriptors>
            <name>Kylo Metadata Service</name>
            <persistsState>false</persistsState>
            <properties>
                <entry>
                    <key>client-password</key>
                    <value></value>
                </entry>
                <entry>
                    <key>SSL Context Service</key>
                </entry>
                <entry>
                    <key>client-username</key>
                    <value>dladmin</value>
                </entry>
                <entry>
                    <key>Spring Context Service</key>
                </entry>
                <entry>
                    <key>Implementation</key>
                    <value>REMOTE</value>
                </entry>
                <entry>
                    <key>rest-client-url</key>
                    <value>http://localhost:8400/proxy/v1/metadata</value>
                </entry>
            </properties>
            <state>ENABLED</state>
            <type>com.thinkbiganalytics.nifi.v2.core.metadata.MetadataProviderSelectorService</type>
        </controllerServices>
        <inputPorts>
            <id>82b32e00-2e81-3458-0000-000000000000</id>
            <parentGroupId>82356e74-b73c-3570-0000-000000000000</parentGroupId>
            <position>
                <x>0.0</x>
                <y>563.2379847877769</y>
            </position>
            <comments></comments>
            <concurrentlySchedulableTaskCount>1</concurrentlySchedulableTaskCount>
            <name>stream-hbase</name>
            <state>STOPPED</state>
            <transmitting>false</transmitting>
            <type>INPUT_PORT</type>
        </inputPorts>
        <processors>
            <id>97a90739-6fd8-374d-0000-000000000000</id>
            <parentGroupId>82356e74-b73c-3570-0000-000000000000</parentGroupId>
            <position>
                <x>1113.6496338081283</x>
                <y>0.0</y>
            </position>
            <bundle>
                <artifact>kylo-nifi-core-v1.2-nar</artifact>
                <group>default</group>
                <version>unversioned</version>
            </bundle>
            <config>
                <bulletinLevel>WARN</bulletinLevel>
                <comments></comments>
                <concurrentlySchedulableTaskCount>1</concurrentlySchedulableTaskCount>
                <descriptors>
                    <entry>
                        <key>System feed category</key>
                        <value>
                            <name>System feed category</name>
                        </value>
                    </entry>
                    <entry>
                        <key>Initialization Result</key>
                        <value>
                            <name>Initialization Result</name>
                        </value>
                    </entry>
                    <entry>
                        <key>System feed name</key>
                        <value>
                            <name>System feed name</name>
                        </value>
                    </entry>
                    <entry>
                        <key>Metadata Service</key>
                        <value>
                            <identifiesControllerService>com.thinkbiganalytics.nifi.core.api.metadata.MetadataProviderService</identifiesControllerService>
                            <name>Metadata Service</name>
                        </value>
                    </entry>
                </descriptors>
                <executionNode>ALL</executionNode>
                <lossTolerant>false</lossTolerant>
                <penaltyDuration>30 sec</penaltyDuration>
                <properties>
                    <entry>
                        <key>System feed category</key>
                        <value>${category}</value>
                    </entry>
                    <entry>
                        <key>Initialization Result</key>
                        <value>SUCCESSFUL</value>
                    </entry>
                    <entry>
                        <key>System feed name</key>
                        <value>${feed}</value>
                    </entry>
                    <entry>
                        <key>Metadata Service</key>
                        <value>2ba62670-0360-353c-0000-000000000000</value>
                    </entry>
                </properties>
                <runDurationMillis>0</runDurationMillis>
                <schedulingPeriod>0 sec</schedulingPeriod>
                <schedulingStrategy>TIMER_DRIVEN</schedulingStrategy>
                <yieldDuration>1 sec</yieldDuration>
            </config>
            <name>Registration Complete</name>
            <relationships>
                <autoTerminate>true</autoTerminate>
                <name>failure</name>
            </relationships>
            <relationships>
                <autoTerminate>true</autoTerminate>
                <name>success</name>
            </relationships>
            <state>RUNNING</state>
            <style/>
            <type>com.thinkbiganalytics.nifi.v2.init.CompleteInitializeFeed</type>
        </processors>
        <processors>
            <id>c10e3498-c77d-31d1-0000-000000000000</id>
            <parentGroupId>82356e74-b73c-3570-0000-000000000000</parentGroupId>
            <position>
                <x>1590.907908709923</x>
                <y>547.720450943023</y>
            </position>
            <bundle>
                <artifact>nifi-standard-nar</artifact>
                <group>org.apache.nifi</group>
                <version>1.5.0</version>
            </bundle>
            <config>
                <bulletinLevel>WARN</bulletinLevel>
                <comments></comments>
                <concurrentlySchedulableTaskCount>1</concurrentlySchedulableTaskCount>
                <descriptors>
                    <entry>
                        <key>Routing Strategy</key>
                        <value>
                            <name>Routing Strategy</name>
                        </value>
                    </entry>
                    <entry>
                        <key>json</key>
                        <value>
                            <name>json</name>
                        </value>
                    </entry>
                </descriptors>
                <executionNode>ALL</executionNode>
                <lossTolerant>false</lossTolerant>
                <penaltyDuration>30 sec</penaltyDuration>
                <properties>
                    <entry>
                        <key>Routing Strategy</key>
                        <value>Route to Property name</value>
                    </entry>
                    <entry>
                        <key>json</key>
                        <value>${'Is JSON?':equals( 'true' )}</value>
                    </entry>
                </properties>
                <runDurationMillis>0</runDurationMillis>
                <schedulingPeriod>0 sec</schedulingPeriod>
                <schedulingStrategy>TIMER_DRIVEN</schedulingStrategy>
                <yieldDuration>1 sec</yieldDuration>
            </config>
            <name>JSON?</name>
            <relationships>
                <autoTerminate>false</autoTerminate>
                <name>json</name>
            </relationships>
            <relationships>
                <autoTerminate>false</autoTerminate>
                <name>unmatched</name>
            </relationships>
            <state>RUNNING</state>
            <style/>
            <type>org.apache.nifi.processors.standard.RouteOnAttribute</type>
        </processors>
        <processors>
            <id>cabd4c5b-2561-3914-0000-000000000000</id>
            <parentGroupId>82356e74-b73c-3570-0000-000000000000</parentGroupId>
            <position>
                <x>280.52845022710744</x>
                <y>549.6076056211064</y>
            </position>
            <bundle>
                <artifact>nifi-update-attribute-nar</artifact>
                <group>org.apache.nifi</group>
                <version>1.5.0</version>
            </bundle>
            <config>
                <bulletinLevel>WARN</bulletinLevel>
                <comments></comments>
                <concurrentlySchedulableTaskCount>1</concurrentlySchedulableTaskCount>
                <descriptors>
                    <entry>
                        <key>Delete Attributes Expression</key>
                        <value>
                            <name>Delete Attributes Expression</name>
                        </value>
                    </entry>
                    <entry>
                        <key>flow.counter</key>
                        <value>
                            <name>flow.counter</name>
                        </value>
                    </entry>
                    <entry>
                        <key>Store State</key>
                        <value>
                            <name>Store State</name>
                        </value>
                    </entry>
                    <entry>
                        <key>Stateful Variables Initial Value</key>
                        <value>
                            <name>Stateful Variables Initial Value</name>
                        </value>
                    </entry>
                </descriptors>
                <executionNode>ALL</executionNode>
                <lossTolerant>false</lossTolerant>
                <penaltyDuration>30 sec</penaltyDuration>
                <properties>
                    <entry>
                        <key>Delete Attributes Expression</key>
                    </entry>
                    <entry>
                        <key>flow.counter</key>
                        <value>${getStateValue("flow.counter"):plus(1)}</value>
                    </entry>
                    <entry>
                        <key>Store State</key>
                        <value>Store state locally</value>
                    </entry>
                    <entry>
                        <key>Stateful Variables Initial Value</key>
                        <value>-1</value>
                    </entry>
                </properties>
                <runDurationMillis>2000</runDurationMillis>
                <schedulingPeriod>0 sec</schedulingPeriod>
                <schedulingStrategy>TIMER_DRIVEN</schedulingStrategy>
                <yieldDuration>1 sec</yieldDuration>
            </config>
            <name>Increment Flow Counter</name>
            <relationships>
                <autoTerminate>true</autoTerminate>
                <name>set state fail</name>
            </relationships>
            <relationships>
                <autoTerminate>false</autoTerminate>
                <name>success</name>
            </relationships>
            <state>STOPPED</state>
            <style/>
            <type>org.apache.nifi.processors.attributes.UpdateAttribute</type>
        </processors>
        <processors>
            <id>d6662025-1e73-3f71-0000-000000000000</id>
            <parentGroupId>82356e74-b73c-3570-0000-000000000000</parentGroupId>
            <position>
                <x>1117.2597710861696</x>
                <y>234.67154109605326</y>
            </position>
            <bundle>
                <artifact>kylo-nifi-core-v1.2-nar</artifact>
                <group>default</group>
                <version>unversioned</version>
            </bundle>
            <config>
                <bulletinLevel>WARN</bulletinLevel>
                <comments></comments>
                <concurrentlySchedulableTaskCount>1</concurrentlySchedulableTaskCount>
                <descriptors>
                    <entry>
                        <key>Statement</key>
                        <value>
                            <name>Statement</name>
                        </value>
                    </entry>
                    <entry>
                        <key>Database Connection Pooling Service</key>
                        <value>
                            <identifiesControllerService>com.thinkbiganalytics.nifi.v2.thrift.ThriftService</identifiesControllerService>
                            <name>Database Connection Pooling Service</name>
                        </value>
                    </entry>
                </descriptors>
                <executionNode>ALL</executionNode>
                <lossTolerant>false</lossTolerant>
                <penaltyDuration>30 sec</penaltyDuration>
                <properties>
                    <entry>
                        <key>Statement</key>
                        <value>${hive.hbase.schema}</value>
                    </entry>
                    <entry>
                        <key>Database Connection Pooling Service</key>
                        <value>14dc2b07-058a-31fb-0000-000000000000</value>
                    </entry>
                </properties>
                <runDurationMillis>0</runDurationMillis>
                <schedulingPeriod>0 sec</schedulingPeriod>
                <schedulingStrategy>TIMER_DRIVEN</schedulingStrategy>
                <yieldDuration>1 sec</yieldDuration>
            </config>
            <name>Create Hive-HBase table</name>
            <relationships>
                <autoTerminate>false</autoTerminate>
                <name>failure</name>
            </relationships>
            <relationships>
                <autoTerminate>false</autoTerminate>
                <name>success</name>
            </relationships>
            <state>RUNNING</state>
            <style/>
            <type>com.thinkbiganalytics.nifi.v2.thrift.ExecuteHQLStatement</type>
        </processors>
        <processors>
            <id>10a51a80-517f-3c7c-0000-000000000000</id>
            <parentGroupId>82356e74-b73c-3570-0000-000000000000</parentGroupId>
            <position>
                <x>2063.3951272307654</x>
                <y>673.8190919620724</y>
            </position>
            <bundle>
                <artifact>nifi-hbase-nar</artifact>
                <group>org.apache.nifi</group>
                <version>1.5.0</version>
            </bundle>
            <config>
                <bulletinLevel>WARN</bulletinLevel>
                <comments></comments>
                <concurrentlySchedulableTaskCount>1</concurrentlySchedulableTaskCount>
                <descriptors>
                    <entry>
                        <key>Row Identifier</key>
                        <value>
                            <name>Row Identifier</name>
                        </value>
                    </entry>
                    <entry>
                        <key>Table Name</key>
                        <value>
                            <name>Table Name</name>
                        </value>
                    </entry>
                    <entry>
                        <key>Row Identifier Encoding Strategy</key>
                        <value>
                            <name>Row Identifier Encoding Strategy</name>
                        </value>
                    </entry>
                    <entry>
                        <key>Batch Size</key>
                        <value>
                            <name>Batch Size</name>
                        </value>
                    </entry>
                    <entry>
                        <key>Column Family</key>
                        <value>
                            <name>Column Family</name>
                        </value>
                    </entry>
                    <entry>
                        <key>Column Qualifier</key>
                        <value>
                            <name>Column Qualifier</name>
                        </value>
                    </entry>
                    <entry>
                        <key>HBase Client Service</key>
                        <value>
                            <identifiesControllerService>org.apache.nifi.hbase.HBaseClientService</identifiesControllerService>
                            <name>HBase Client Service</name>
                        </value>
                    </entry>
                    <entry>
                        <key>timestamp</key>
                        <value>
                            <name>timestamp</name>
                        </value>
                    </entry>
                </descriptors>
                <executionNode>ALL</executionNode>
                <lossTolerant>false</lossTolerant>
                <penaltyDuration>30 sec</penaltyDuration>
                <properties>
                    <entry>
                        <key>Row Identifier</key>
                        <value>${flow.counter}</value>
                    </entry>
                    <entry>
                        <key>Table Name</key>
                        <value>${category}.${feed}</value>
                    </entry>
                    <entry>
                        <key>Row Identifier Encoding Strategy</key>
                        <value>String</value>
                    </entry>
                    <entry>
                        <key>Batch Size</key>
                        <value>25</value>
                    </entry>
                    <entry>
                        <key>Column Family</key>
                        <value>cf1</value>
                    </entry>
                    <entry>
                        <key>Column Qualifier</key>
                        <value>val</value>
                    </entry>
                    <entry>
                        <key>HBase Client Service</key>
                        <value>22688390-3a7b-3efe-0000-000000000000</value>
                    </entry>
                    <entry>
                        <key>timestamp</key>
                    </entry>
                </properties>
                <runDurationMillis>0</runDurationMillis>
                <schedulingPeriod>0 sec</schedulingPeriod>
                <schedulingStrategy>TIMER_DRIVEN</schedulingStrategy>
                <yieldDuration>1 sec</yieldDuration>
            </config>
            <name>Put HBase Cell</name>
            <relationships>
                <autoTerminate>true</autoTerminate>
                <name>failure</name>
            </relationships>
            <relationships>
                <autoTerminate>true</autoTerminate>
                <name>success</name>
            </relationships>
            <state>RUNNING</state>
            <style/>
            <type>org.apache.nifi.hbase.PutHBaseCell</type>
        </processors>
        <processors>
            <id>22d47199-b43f-3ac8-0000-000000000000</id>
            <parentGroupId>82356e74-b73c-3570-0000-000000000000</parentGroupId>
            <position>
                <x>689.7267532784804</x>
                <y>551.2929074178392</y>
            </position>
            <bundle>
                <artifact>nifi-groovyx-nar</artifact>
                <group>org.apache.nifi</group>
                <version>1.5.0</version>
            </bundle>
            <config>
                <bulletinLevel>WARN</bulletinLevel>
                <comments></comments>
                <concurrentlySchedulableTaskCount>1</concurrentlySchedulableTaskCount>
                <descriptors>
                    <entry>
                        <key>groovyx-script-body</key>
                        <value>
                            <name>groovyx-script-body</name>
                        </value>
                    </entry>
                    <entry>
                        <key>groovyx-failure-strategy</key>
                        <value>
                            <name>groovyx-failure-strategy</name>
                        </value>
                    </entry>
                    <entry>
                        <key>groovyx-additional-classpath</key>
                        <value>
                            <name>groovyx-additional-classpath</name>
                        </value>
                    </entry>
                    <entry>
                        <key>groovyx-script-file</key>
                        <value>
                            <name>groovyx-script-file</name>
                        </value>
                    </entry>
                </descriptors>
                <executionNode>ALL</executionNode>
                <lossTolerant>false</lossTolerant>
                <penaltyDuration>30 sec</penaltyDuration>
                <properties>
                    <entry>
                        <key>groovyx-script-body</key>
                        <value>

   import groovy.json.JsonSlurper

   flowFile = session.get()
   if(!flowFile)return

   def engine = new groovy.text.SimpleTemplateEngine()
   def text = flowFile.read().getText("UTF-8")
   def binding = []
   def templateScript = ''
   if (flowFile.getAttribute('Is JSON?') == 'true') {

      def jsonSlurper = new JsonSlurper()
      def result = jsonSlurper.parseText(text) 

      def fields = result.keySet().collect {"`"+it+"` string"}.join(',')
      def mappings = result.keySet().collect {"cf1:"+it}.join(',')

      templateScript = 'CREATE TABLE IF NOT EXISTS $category.$feed (key int, $fields) STORED BY \'org.apache.hadoop.hive.hbase.HBaseStorageHandler\' WITH SERDEPROPERTIES ("hbase.columns.mapping" = ":key,$mappings") TBLPROPERTIES("hbase.table.name" = "$category.$feed", "hbase.mapred.output.outputtable" = "$category.$feed");'
      binding = ["category":flowFile.getAttribute('category'),"feed":flowFile.getAttribute('feed'),"mappings":mappings,"fields":fields];

   } else {
      templateScript = 'CREATE TABLE IF NOT EXISTS $category.$feed (key int, value string) STORED BY \'org.apache.hadoop.hive.hbase.HBaseStorageHandler\' WITH SERDEPROPERTIES ("hbase.columns.mapping" = ":key,cf1:val") TBLPROPERTIES("hbase.table.name" = "$category.$feed", "hbase.mapred.output.outputtable" = "$category.$feed");'
      binding = ["category":flowFile.getAttribute('category'),"feed":flowFile.getAttribute('feed')];
   }

   def template = engine.createTemplate(templateScript).make(binding)
   flowFile.putAttribute('hive.hbase.schema', template.toString())

   flowFile.transfer(REL_SUCCESS) </value>
                    </entry>
                    <entry>
                        <key>groovyx-failure-strategy</key>
                        <value>rollback</value>
                    </entry>
                    <entry>
                        <key>groovyx-additional-classpath</key>
                    </entry>
                    <entry>
                        <key>groovyx-script-file</key>
                    </entry>
                </properties>
                <runDurationMillis>0</runDurationMillis>
                <schedulingPeriod>0 sec</schedulingPeriod>
                <schedulingStrategy>TIMER_DRIVEN</schedulingStrategy>
                <yieldDuration>1 sec</yieldDuration>
            </config>
            <name>Create Table DDL</name>
            <relationships>
                <autoTerminate>true</autoTerminate>
                <name>failure</name>
            </relationships>
            <relationships>
                <autoTerminate>false</autoTerminate>
                <name>success</name>
            </relationships>
            <state>STOPPED</state>
            <style/>
            <type>org.apache.nifi.processors.groovyx.ExecuteGroovyScript</type>
        </processors>
        <processors>
            <id>429fb00d-2253-3682-0000-000000000000</id>
            <parentGroupId>82356e74-b73c-3570-0000-000000000000</parentGroupId>
            <position>
                <x>1664.8017741425333</x>
                <y>219.08544523429737</y>
            </position>
            <bundle>
                <artifact>kylo-nifi-core-v1.2-nar</artifact>
                <group>default</group>
                <version>unversioned</version>
            </bundle>
            <config>
                <bulletinLevel>WARN</bulletinLevel>
                <comments></comments>
                <concurrentlySchedulableTaskCount>1</concurrentlySchedulableTaskCount>
                <descriptors>
                    <entry>
                        <key>System feed category</key>
                        <value>
                            <name>System feed category</name>
                        </value>
                    </entry>
                    <entry>
                        <key>Initialization Result</key>
                        <value>
                            <name>Initialization Result</name>
                        </value>
                    </entry>
                    <entry>
                        <key>System feed name</key>
                        <value>
                            <name>System feed name</name>
                        </value>
                    </entry>
                    <entry>
                        <key>Metadata Service</key>
                        <value>
                            <identifiesControllerService>com.thinkbiganalytics.nifi.core.api.metadata.MetadataProviderService</identifiesControllerService>
                            <name>Metadata Service</name>
                        </value>
                    </entry>
                </descriptors>
                <executionNode>ALL</executionNode>
                <lossTolerant>false</lossTolerant>
                <penaltyDuration>30 sec</penaltyDuration>
                <properties>
                    <entry>
                        <key>System feed category</key>
                        <value>${category}</value>
                    </entry>
                    <entry>
                        <key>Initialization Result</key>
                        <value>FAILURE</value>
                    </entry>
                    <entry>
                        <key>System feed name</key>
                        <value>${feed}</value>
                    </entry>
                    <entry>
                        <key>Metadata Service</key>
                        <value>2ba62670-0360-353c-0000-000000000000</value>
                    </entry>
                </properties>
                <runDurationMillis>0</runDurationMillis>
                <schedulingPeriod>0 sec</schedulingPeriod>
                <schedulingStrategy>TIMER_DRIVEN</schedulingStrategy>
                <yieldDuration>1 sec</yieldDuration>
            </config>
            <name>Registration Failed</name>
            <relationships>
                <autoTerminate>true</autoTerminate>
                <name>failure</name>
            </relationships>
            <relationships>
                <autoTerminate>true</autoTerminate>
                <name>success</name>
            </relationships>
            <state>STOPPED</state>
            <style/>
            <type>com.thinkbiganalytics.nifi.v2.init.CompleteInitializeFeed</type>
        </processors>
        <processors>
            <id>5533b811-68b2-314e-0000-000000000000</id>
            <parentGroupId>82356e74-b73c-3570-0000-000000000000</parentGroupId>
            <position>
                <x>1124.836359298351</x>
                <y>541.3858836328291</y>
            </position>
            <bundle>
                <artifact>kylo-nifi-core-v1.2-nar</artifact>
                <group>default</group>
                <version>unversioned</version>
            </bundle>
            <config>
                <bulletinLevel>WARN</bulletinLevel>
                <comments></comments>
                <concurrentlySchedulableTaskCount>1</concurrentlySchedulableTaskCount>
                <descriptors>
                    <entry>
                        <key>System feed category</key>
                        <value>
                            <name>System feed category</name>
                        </value>
                    </entry>
                    <entry>
                        <key>Initialization Retry Delay (seconds)</key>
                        <value>
                            <name>Initialization Retry Delay (seconds)</name>
                        </value>
                    </entry>
                    <entry>
                        <key>Max Initialization Attempts</key>
                        <value>
                            <name>Max Initialization Attempts</name>
                        </value>
                    </entry>
                    <entry>
                        <key>Initialization Failure Strategy</key>
                        <value>
                            <name>Initialization Failure Strategy</name>
                        </value>
                    </entry>
                    <entry>
                        <key>System feed name</key>
                        <value>
                            <name>System feed name</name>
                        </value>
                    </entry>
                    <entry>
                        <key>Metadata Service</key>
                        <value>
                            <identifiesControllerService>com.thinkbiganalytics.nifi.core.api.metadata.MetadataProviderService</identifiesControllerService>
                            <name>Metadata Service</name>
                        </value>
                    </entry>
                </descriptors>
                <executionNode>ALL</executionNode>
                <lossTolerant>false</lossTolerant>
                <penaltyDuration>30 sec</penaltyDuration>
                <properties>
                    <entry>
                        <key>System feed category</key>
                        <value>${category}</value>
                    </entry>
                    <entry>
                        <key>Initialization Retry Delay (seconds)</key>
                        <value>60</value>
                    </entry>
                    <entry>
                        <key>Max Initialization Attempts</key>
                        <value>5</value>
                    </entry>
                    <entry>
                        <key>Initialization Failure Strategy</key>
                        <value>RETRY</value>
                    </entry>
                    <entry>
                        <key>System feed name</key>
                        <value>${feed}</value>
                    </entry>
                    <entry>
                        <key>Metadata Service</key>
                        <value>2ba62670-0360-353c-0000-000000000000</value>
                    </entry>
                </properties>
                <runDurationMillis>0</runDurationMillis>
                <schedulingPeriod>0 sec</schedulingPeriod>
                <schedulingStrategy>TIMER_DRIVEN</schedulingStrategy>
                <yieldDuration>1 sec</yieldDuration>
            </config>
            <name>InitializeFeed</name>
            <relationships>
                <autoTerminate>false</autoTerminate>
                <name>failure</name>
            </relationships>
            <relationships>
                <autoTerminate>false</autoTerminate>
                <name>Initialize</name>
            </relationships>
            <relationships>
                <autoTerminate>false</autoTerminate>
                <name>success</name>
            </relationships>
            <state>STOPPED</state>
            <style/>
            <type>com.thinkbiganalytics.nifi.v2.init.InitializeFeed</type>
        </processors>
        <processors>
            <id>5619cb5a-b579-33aa-0000-000000000000</id>
            <parentGroupId>82356e74-b73c-3570-0000-000000000000</parentGroupId>
            <position>
                <x>2063.997479687426</x>
                <y>428.20125648157773</y>
            </position>
            <bundle>
                <artifact>nifi-hbase-nar</artifact>
                <group>org.apache.nifi</group>
                <version>1.5.0</version>
            </bundle>
            <config>
                <bulletinLevel>WARN</bulletinLevel>
                <comments></comments>
                <concurrentlySchedulableTaskCount>1</concurrentlySchedulableTaskCount>
                <descriptors>
                    <entry>
                        <key>Row Identifier</key>
                        <value>
                            <name>Row Identifier</name>
                        </value>
                    </entry>
                    <entry>
                        <key>Table Name</key>
                        <value>
                            <name>Table Name</name>
                        </value>
                    </entry>
                    <entry>
                        <key>Row Identifier Encoding Strategy</key>
                        <value>
                            <name>Row Identifier Encoding Strategy</name>
                        </value>
                    </entry>
                    <entry>
                        <key>Row Identifier Field Name</key>
                        <value>
                            <name>Row Identifier Field Name</name>
                        </value>
                    </entry>
                    <entry>
                        <key>Complex Field Strategy</key>
                        <value>
                            <name>Complex Field Strategy</name>
                        </value>
                    </entry>
                    <entry>
                        <key>Batch Size</key>
                        <value>
                            <name>Batch Size</name>
                        </value>
                    </entry>
                    <entry>
                        <key>Column Family</key>
                        <value>
                            <name>Column Family</name>
                        </value>
                    </entry>
                    <entry>
                        <key>Field Encoding Strategy</key>
                        <value>
                            <name>Field Encoding Strategy</name>
                        </value>
                    </entry>
                    <entry>
                        <key>HBase Client Service</key>
                        <value>
                            <identifiesControllerService>org.apache.nifi.hbase.HBaseClientService</identifiesControllerService>
                            <name>HBase Client Service</name>
                        </value>
                    </entry>
                    <entry>
                        <key>timestamp</key>
                        <value>
                            <name>timestamp</name>
                        </value>
                    </entry>
                </descriptors>
                <executionNode>ALL</executionNode>
                <lossTolerant>false</lossTolerant>
                <penaltyDuration>30 sec</penaltyDuration>
                <properties>
                    <entry>
                        <key>Row Identifier</key>
                        <value>${flow.counter}</value>
                    </entry>
                    <entry>
                        <key>Table Name</key>
                        <value>${category}.${feed}</value>
                    </entry>
                    <entry>
                        <key>Row Identifier Encoding Strategy</key>
                        <value>String</value>
                    </entry>
                    <entry>
                        <key>Row Identifier Field Name</key>
                    </entry>
                    <entry>
                        <key>Complex Field Strategy</key>
                        <value>Text</value>
                    </entry>
                    <entry>
                        <key>Batch Size</key>
                        <value>25</value>
                    </entry>
                    <entry>
                        <key>Column Family</key>
                        <value>cf1</value>
                    </entry>
                    <entry>
                        <key>Field Encoding Strategy</key>
                        <value>String</value>
                    </entry>
                    <entry>
                        <key>HBase Client Service</key>
                        <value>22688390-3a7b-3efe-0000-000000000000</value>
                    </entry>
                    <entry>
                        <key>timestamp</key>
                    </entry>
                </properties>
                <runDurationMillis>0</runDurationMillis>
                <schedulingPeriod>0 sec</schedulingPeriod>
                <schedulingStrategy>TIMER_DRIVEN</schedulingStrategy>
                <yieldDuration>1 sec</yieldDuration>
            </config>
            <name>Put HBase JSON</name>
            <relationships>
                <autoTerminate>true</autoTerminate>
                <name>failure</name>
            </relationships>
            <relationships>
                <autoTerminate>true</autoTerminate>
                <name>success</name>
            </relationships>
            <state>RUNNING</state>
            <style/>
            <type>org.apache.nifi.hbase.PutHBaseJSON</type>
        </processors>
    </snippet>
    <timestamp>03/21/2018 17:41:18 UTC</timestamp>
</template>
