<?xml version="1.0" encoding="UTF-8" standalone="yes"?>
<template encoding-version="1.2">
    <description></description>
    <groupId>b054958f-015b-1000-acd2-7f208363c6a7</groupId>
    <name>Streaming Ingest</name>
    <snippet>
        <connections>
            <id>925695f8-539c-34cb-0000-000000000000</id>
            <parentGroupId>82356e74-b73c-3570-0000-000000000000</parentGroupId>
            <backPressureDataSizeThreshold>1 GB</backPressureDataSizeThreshold>
            <backPressureObjectThreshold>10000</backPressureObjectThreshold>
            <destination>
                <groupId>82356e74-b73c-3570-0000-000000000000</groupId>
                <id>8d0c890a-a7e5-3394-0000-000000000000</id>
                <type>PROCESSOR</type>
            </destination>
            <flowFileExpiration>0 sec</flowFileExpiration>
            <labelIndex>1</labelIndex>
            <name></name>
            <selectedRelationships>Success</selectedRelationships>
            <source>
                <groupId>82356e74-b73c-3570-0000-000000000000</groupId>
                <id>feb2f6f4-9249-30dc-0000-000000000000</id>
                <type>PROCESSOR</type>
            </source>
            <zIndex>0</zIndex>
        </connections>
        <connections>
            <id>9dbf5796-5de0-3f8b-0000-000000000000</id>
            <parentGroupId>82356e74-b73c-3570-0000-000000000000</parentGroupId>
            <backPressureDataSizeThreshold>1 GB</backPressureDataSizeThreshold>
            <backPressureObjectThreshold>10000</backPressureObjectThreshold>
            <destination>
                <groupId>82356e74-b73c-3570-0000-000000000000</groupId>
                <id>97a394c7-7f6d-31ed-0000-000000000000</id>
                <type>PROCESSOR</type>
            </destination>
            <flowFileExpiration>0 sec</flowFileExpiration>
            <labelIndex>1</labelIndex>
            <name></name>
            <selectedRelationships>success</selectedRelationships>
            <source>
                <groupId>82356e74-b73c-3570-0000-000000000000</groupId>
                <id>7e7d872a-b2c6-3a0b-0000-000000000000</id>
                <type>PROCESSOR</type>
            </source>
            <zIndex>0</zIndex>
        </connections>
        <connections>
            <id>be218aa3-4128-31f1-0000-000000000000</id>
            <parentGroupId>82356e74-b73c-3570-0000-000000000000</parentGroupId>
            <backPressureDataSizeThreshold>1 GB</backPressureDataSizeThreshold>
            <backPressureObjectThreshold>10000</backPressureObjectThreshold>
            <destination>
                <groupId>82356e74-b73c-3570-0000-000000000000</groupId>
                <id>97a394c7-7f6d-31ed-0000-000000000000</id>
                <type>PROCESSOR</type>
            </destination>
            <flowFileExpiration>0 sec</flowFileExpiration>
            <labelIndex>1</labelIndex>
            <name></name>
            <selectedRelationships>Message</selectedRelationships>
            <source>
                <groupId>82356e74-b73c-3570-0000-000000000000</groupId>
                <id>57d43216-d759-399a-0000-000000000000</id>
                <type>PROCESSOR</type>
            </source>
            <zIndex>0</zIndex>
        </connections>
        <connections>
            <id>058de906-d7fe-3462-0000-000000000000</id>
            <parentGroupId>82356e74-b73c-3570-0000-000000000000</parentGroupId>
            <backPressureDataSizeThreshold>1 GB</backPressureDataSizeThreshold>
            <backPressureObjectThreshold>10000</backPressureObjectThreshold>
            <destination>
                <groupId>82356e74-b73c-3570-0000-000000000000</groupId>
                <id>97a394c7-7f6d-31ed-0000-000000000000</id>
                <type>PROCESSOR</type>
            </destination>
            <flowFileExpiration>0 sec</flowFileExpiration>
            <labelIndex>1</labelIndex>
            <name></name>
            <selectedRelationships>success</selectedRelationships>
            <source>
                <groupId>82356e74-b73c-3570-0000-000000000000</groupId>
                <id>3351babd-94e8-3f33-0000-000000000000</id>
                <type>PROCESSOR</type>
            </source>
            <zIndex>0</zIndex>
        </connections>
        <connections>
            <id>0dcf8305-0857-32ee-0000-000000000000</id>
            <parentGroupId>82356e74-b73c-3570-0000-000000000000</parentGroupId>
            <backPressureDataSizeThreshold>1 GB</backPressureDataSizeThreshold>
            <backPressureObjectThreshold>10000</backPressureObjectThreshold>
            <destination>
                <groupId>82356e74-b73c-3570-0000-000000000000</groupId>
                <id>97a394c7-7f6d-31ed-0000-000000000000</id>
                <type>PROCESSOR</type>
            </destination>
            <flowFileExpiration>0 sec</flowFileExpiration>
            <labelIndex>1</labelIndex>
            <name></name>
            <selectedRelationships>success</selectedRelationships>
            <source>
                <groupId>82356e74-b73c-3570-0000-000000000000</groupId>
                <id>32256bd1-73e6-3d11-0000-000000000000</id>
                <type>PROCESSOR</type>
            </source>
            <zIndex>0</zIndex>
        </connections>
        <connections>
            <id>365dde83-7870-3e1f-0000-000000000000</id>
            <parentGroupId>82356e74-b73c-3570-0000-000000000000</parentGroupId>
            <backPressureDataSizeThreshold>1 GB</backPressureDataSizeThreshold>
            <backPressureObjectThreshold>10000</backPressureObjectThreshold>
            <destination>
                <groupId>82356e74-b73c-3570-0000-000000000000</groupId>
                <id>97a394c7-7f6d-31ed-0000-000000000000</id>
                <type>PROCESSOR</type>
            </destination>
            <flowFileExpiration>0 sec</flowFileExpiration>
            <labelIndex>1</labelIndex>
            <name></name>
            <selectedRelationships>success</selectedRelationships>
            <source>
                <groupId>82356e74-b73c-3570-0000-000000000000</groupId>
                <id>7af081c7-7afd-3448-0000-000000000000</id>
                <type>PROCESSOR</type>
            </source>
            <zIndex>0</zIndex>
        </connections>
        <connections>
            <id>43a21ea2-3f9d-3724-0000-000000000000</id>
            <parentGroupId>82356e74-b73c-3570-0000-000000000000</parentGroupId>
            <backPressureDataSizeThreshold>1 GB</backPressureDataSizeThreshold>
            <backPressureObjectThreshold>10000</backPressureObjectThreshold>
            <destination>
                <groupId>82356e74-b73c-3570-0000-000000000000</groupId>
                <id>5ffe68c5-30df-3a85-0000-000000000000</id>
                <type>OUTPUT_PORT</type>
            </destination>
            <flowFileExpiration>0 sec</flowFileExpiration>
            <labelIndex>1</labelIndex>
            <name></name>
            <selectedRelationships>success</selectedRelationships>
            <source>
                <groupId>82356e74-b73c-3570-0000-000000000000</groupId>
                <id>97a394c7-7f6d-31ed-0000-000000000000</id>
                <type>PROCESSOR</type>
            </source>
            <zIndex>0</zIndex>
        </connections>
        <connections>
            <id>59624b54-0493-390a-0000-000000000000</id>
            <parentGroupId>82356e74-b73c-3570-0000-000000000000</parentGroupId>
            <backPressureDataSizeThreshold>1 GB</backPressureDataSizeThreshold>
            <backPressureObjectThreshold>10000</backPressureObjectThreshold>
            <destination>
                <groupId>82356e74-b73c-3570-0000-000000000000</groupId>
                <id>cdad5b3f-bb1b-3266-0000-000000000000</id>
                <type>PROCESSOR</type>
            </destination>
            <flowFileExpiration>0 sec</flowFileExpiration>
            <labelIndex>1</labelIndex>
            <name></name>
            <selectedRelationships>success</selectedRelationships>
            <source>
                <groupId>82356e74-b73c-3570-0000-000000000000</groupId>
                <id>8d0c890a-a7e5-3394-0000-000000000000</id>
                <type>PROCESSOR</type>
            </source>
            <zIndex>0</zIndex>
        </connections>
        <connections>
            <id>5bc11328-e0be-3399-0000-000000000000</id>
            <parentGroupId>82356e74-b73c-3570-0000-000000000000</parentGroupId>
            <backPressureDataSizeThreshold>1 GB</backPressureDataSizeThreshold>
            <backPressureObjectThreshold>10000</backPressureObjectThreshold>
            <destination>
                <groupId>82356e74-b73c-3570-0000-000000000000</groupId>
                <id>97a394c7-7f6d-31ed-0000-000000000000</id>
                <type>PROCESSOR</type>
            </destination>
            <flowFileExpiration>0 sec</flowFileExpiration>
            <labelIndex>1</labelIndex>
            <name></name>
            <selectedRelationships>success</selectedRelationships>
            <source>
                <groupId>82356e74-b73c-3570-0000-000000000000</groupId>
                <id>dbd3999e-3cc2-309e-0000-000000000000</id>
                <type>PROCESSOR</type>
            </source>
            <zIndex>0</zIndex>
        </connections>
        <controllerServices>
            <id>c4f88bc7-2202-3edb-0000-000000000000</id>
            <parentGroupId>82356e74-b73c-3570-0000-000000000000</parentGroupId>
            <bundle>
                <artifact>kylo-nifi-core-service-v1.2-nar</artifact>
                <group>default</group>
                <version>unversioned</version>
            </bundle>
            <comments></comments>
            <descriptors>
                <entry>
                    <key>client-password</key>
                    <value>
                        <name>client-password</name>
                    </value>
                </entry>
                <entry>
                    <key>SSL Context Service</key>
                    <value>
                        <identifiesControllerService>org.apache.nifi.ssl.SSLContextService</identifiesControllerService>
                        <name>SSL Context Service</name>
                    </value>
                </entry>
                <entry>
                    <key>client-username</key>
                    <value>
                        <name>client-username</name>
                    </value>
                </entry>
                <entry>
                    <key>Spring Context Service</key>
                    <value>
                        <identifiesControllerService>com.thinkbiganalytics.nifi.core.api.spring.SpringContextService</identifiesControllerService>
                        <name>Spring Context Service</name>
                    </value>
                </entry>
                <entry>
                    <key>Implementation</key>
                    <value>
                        <name>Implementation</name>
                    </value>
                </entry>
                <entry>
                    <key>rest-client-url</key>
                    <value>
                        <name>rest-client-url</name>
                    </value>
                </entry>
            </descriptors>
            <name>Kylo Metadata Service</name>
            <persistsState>false</persistsState>
            <properties>
                <entry>
                    <key>client-password</key>
                </entry>
                <entry>
                    <key>SSL Context Service</key>
                </entry>
                <entry>
                    <key>client-username</key>
                    <value>dladmin</value>
                </entry>
                <entry>
                    <key>Spring Context Service</key>
                </entry>
                <entry>
                    <key>Implementation</key>
                    <value>REMOTE</value>
                </entry>
                <entry>
                    <key>rest-client-url</key>
                    <value>http://localhost:8400/proxy/v1/metadata</value>
                </entry>
            </properties>
            <state>DISABLED</state>
            <type>com.thinkbiganalytics.nifi.v2.core.metadata.MetadataProviderSelectorService</type>
        </controllerServices>
        <controllerServices>
            <id>ee642582-ae01-39f4-0000-000000000000</id>
            <parentGroupId>82356e74-b73c-3570-0000-000000000000</parentGroupId>
            <bundle>
                <artifact>kylo-nifi-core-service-v1.2-nar</artifact>
                <group>default</group>
                <version>unversioned</version>
            </bundle>
            <comments></comments>
            <descriptors>
                <entry>
                    <key>Configuraton Classes</key>
                    <value>
                        <name>Configuraton Classes</name>
                    </value>
                </entry>
            </descriptors>
            <name>SpringContextLoaderService</name>
            <persistsState>false</persistsState>
            <properties>
                <entry>
                    <key>Configuraton Classes</key>
                </entry>
            </properties>
            <state>DISABLED</state>
            <type>com.thinkbiganalytics.nifi.v2.core.spring.SpringContextLoaderService</type>
        </controllerServices>
        <controllerServices>
            <id>1837db82-2188-3d8c-0000-000000000000</id>
            <parentGroupId>82356e74-b73c-3570-0000-000000000000</parentGroupId>
            <bundle>
                <artifact>kylo-nifi-hadoop-service-v1.2-nar</artifact>
                <group>default</group>
                <version>unversioned</version>
            </bundle>
            <comments></comments>
            <descriptors>
                <entry>
                    <key>Hadoop Configuration Resources</key>
                    <value>
                        <name>Hadoop Configuration Resources</name>
                    </value>
                </entry>
                <entry>
                    <key>Validation Query Timeout</key>
                    <value>
                        <name>Validation Query Timeout</name>
                    </value>
                </entry>
                <entry>
                    <key>Kerberos Keytab</key>
                    <value>
                        <name>Kerberos Keytab</name>
                    </value>
                </entry>
                <entry>
                    <key>Database Connection URL</key>
                    <value>
                        <name>Database Connection URL</name>
                    </value>
                </entry>
                <entry>
                    <key>Max Wait Time</key>
                    <value>
                        <name>Max Wait Time</name>
                    </value>
                </entry>
                <entry>
                    <key>Database Driver Class Name</key>
                    <value>
                        <name>Database Driver Class Name</name>
                    </value>
                </entry>
                <entry>
                    <key>Database User</key>
                    <value>
                        <name>Database User</name>
                    </value>
                </entry>
                <entry>
                    <key>Database Driver Jar Url</key>
                    <value>
                        <name>Database Driver Jar Url</name>
                    </value>
                </entry>
                <entry>
                    <key>Kerberos Principal</key>
                    <value>
                        <name>Kerberos Principal</name>
                    </value>
                </entry>
                <entry>
                    <key>Max Total Connections</key>
                    <value>
                        <name>Max Total Connections</name>
                    </value>
                </entry>
                <entry>
                    <key>Password</key>
                    <value>
                        <name>Password</name>
                    </value>
                </entry>
                <entry>
                    <key>Validation Query</key>
                    <value>
                        <name>Validation Query</name>
                    </value>
                </entry>
            </descriptors>
            <name>Hive Thrift Service</name>
            <persistsState>false</persistsState>
            <properties>
                <entry>
                    <key>Hadoop Configuration Resources</key>
                </entry>
                <entry>
                    <key>Validation Query Timeout</key>
                    <value>10 s</value>
                </entry>
                <entry>
                    <key>Kerberos Keytab</key>
                </entry>
                <entry>
                    <key>Database Connection URL</key>
                    <value>jdbc:hive2://localhost:10000/default</value>
                </entry>
                <entry>
                    <key>Max Wait Time</key>
                    <value>500 millis</value>
                </entry>
                <entry>
                    <key>Database Driver Class Name</key>
                    <value>org.apache.hive.jdbc.HiveDriver</value>
                </entry>
                <entry>
                    <key>Database User</key>
                    <value>nifi</value>
                </entry>
                <entry>
                    <key>Database Driver Jar Url</key>
                </entry>
                <entry>
                    <key>Kerberos Principal</key>
                </entry>
                <entry>
                    <key>Max Total Connections</key>
                    <value>8</value>
                </entry>
                <entry>
                    <key>Password</key>
                </entry>
                <entry>
                    <key>Validation Query</key>
                    <value>show tables 'test'</value>
                </entry>
            </properties>
            <state>DISABLED</state>
            <type>com.thinkbiganalytics.nifi.v2.thrift.ThriftConnectionPool</type>
        </controllerServices>
        <controllerServices>
            <id>457bb351-7674-3690-0000-000000000000</id>
            <parentGroupId>82356e74-b73c-3570-0000-000000000000</parentGroupId>
            <bundle>
                <artifact>kylo-nifi-core-service-v1.2-nar</artifact>
                <group>default</group>
                <version>unversioned</version>
            </bundle>
            <comments></comments>
            <descriptors>
                <entry>
                    <key>Spring Context Service</key>
                    <value>
                        <identifiesControllerService>com.thinkbiganalytics.nifi.core.api.spring.SpringContextService</identifiesControllerService>
                        <name>Spring Context Service</name>
                    </value>
                </entry>
            </descriptors>
            <name>Kylo Cleanup Service</name>
            <persistsState>false</persistsState>
            <properties>
                <entry>
                    <key>Spring Context Service</key>
                    <value>ee642582-ae01-39f4-0000-000000000000</value>
                </entry>
            </properties>
            <state>DISABLED</state>
            <type>com.thinkbiganalytics.nifi.v2.core.cleanup.JmsCleanupEventService</type>
        </controllerServices>
        <labels>
            <id>ae6b1365-45c7-3eae-0000-000000000000</id>
            <parentGroupId>82356e74-b73c-3570-0000-000000000000</parentGroupId>
            <position>
                <x>436.4255207683764</x>
                <y>989.9925562580224</y>
            </position>
            <height>172.5148162841797</height>
            <label>Cleanup</label>
            <style>
                <entry>
                    <key>background-color</key>
                    <value>#dbdbdb</value>
                </entry>
                <entry>
                    <key>font-size</key>
                    <value>18px</value>
                </entry>
            </style>
            <width>1538.88671875</width>
        </labels>
        <outputPorts>
            <id>5ffe68c5-30df-3a85-0000-000000000000</id>
            <parentGroupId>82356e74-b73c-3570-0000-000000000000</parentGroupId>
            <position>
                <x>1228.0280137340137</x>
                <y>529.0256874573097</y>
            </position>
            <comments></comments>
            <concurrentlySchedulableTaskCount>1</concurrentlySchedulableTaskCount>
            <name>to-stream-hbase</name>
            <state>STOPPED</state>
            <transmitting>false</transmitting>
            <type>OUTPUT_PORT</type>
        </outputPorts>
        <processors>
            <id>8d0c890a-a7e5-3394-0000-000000000000</id>
            <parentGroupId>82356e74-b73c-3570-0000-000000000000</parentGroupId>
            <position>
                <x>1060.42013124404</x>
                <y>1021.3754264858121</y>
            </position>
            <bundle>
                <artifact>nifi-update-attribute-nar</artifact>
                <group>org.apache.nifi</group>
                <version>1.5.0</version>
            </bundle>
            <config>
                <bulletinLevel>WARN</bulletinLevel>
                <comments></comments>
                <concurrentlySchedulableTaskCount>1</concurrentlySchedulableTaskCount>
                <descriptors>
                    <entry>
                        <key>feed</key>
                        <value>
                            <name>feed</name>
                        </value>
                    </entry>
                    <entry>
                        <key>hive.profile.root</key>
                        <value>
                            <name>hive.profile.root</name>
                        </value>
                    </entry>
                    <entry>
                        <key>hdfs.ingest.root</key>
                        <value>
                            <name>hdfs.ingest.root</name>
                        </value>
                    </entry>
                    <entry>
                        <key>Delete Attributes Expression</key>
                        <value>
                            <name>Delete Attributes Expression</name>
                        </value>
                    </entry>
                    <entry>
                        <key>Store State</key>
                        <value>
                            <name>Store State</name>
                        </value>
                    </entry>
                    <entry>
                        <key>Stateful Variables Initial Value</key>
                        <value>
                            <name>Stateful Variables Initial Value</name>
                        </value>
                    </entry>
                    <entry>
                        <key>category</key>
                        <value>
                            <name>category</name>
                        </value>
                    </entry>
                    <entry>
                        <key>hive.ingest.root</key>
                        <value>
                            <name>hive.ingest.root</name>
                        </value>
                    </entry>
                    <entry>
                        <key>hive.master.root</key>
                        <value>
                            <name>hive.master.root</name>
                        </value>
                    </entry>
                </descriptors>
                <executionNode>ALL</executionNode>
                <lossTolerant>false</lossTolerant>
                <penaltyDuration>30 sec</penaltyDuration>
                <properties>
                    <entry>
                        <key>feed</key>
                        <value>${metadata.systemFeedName}</value>
                    </entry>
                    <entry>
                        <key>hive.profile.root</key>
                        <value>${config.hive.profile.root}</value>
                    </entry>
                    <entry>
                        <key>hdfs.ingest.root</key>
                        <value>${config.hdfs.ingest.root}</value>
                    </entry>
                    <entry>
                        <key>Delete Attributes Expression</key>
                    </entry>
                    <entry>
                        <key>Store State</key>
                        <value>Store state locally</value>
                    </entry>
                    <entry>
                        <key>Stateful Variables Initial Value</key>
                        <value></value>
                    </entry>
                    <entry>
                        <key>category</key>
                        <value>${metadata.category.systemName}</value>
                    </entry>
                    <entry>
                        <key>hive.ingest.root</key>
                        <value>${config.hive.ingest.root}</value>
                    </entry>
                    <entry>
                        <key>hive.master.root</key>
                        <value>${config.hive.master.root}</value>
                    </entry>
                </properties>
                <runDurationMillis>0</runDurationMillis>
                <schedulingPeriod>0 sec</schedulingPeriod>
                <schedulingStrategy>TIMER_DRIVEN</schedulingStrategy>
                <yieldDuration>1 sec</yieldDuration>
            </config>
            <name>Initialize Cleanup Parameters</name>
            <relationships>
                <autoTerminate>true</autoTerminate>
                <name>set state fail</name>
            </relationships>
            <relationships>
                <autoTerminate>false</autoTerminate>
                <name>success</name>
            </relationships>
            <state>STOPPED</state>
            <style>
                <entry>
                    <key>background-color</key>
                    <value>#11f237</value>
                </entry>
            </style>
            <type>org.apache.nifi.processors.attributes.UpdateAttribute</type>
        </processors>
        <processors>
            <id>97a394c7-7f6d-31ed-0000-000000000000</id>
            <parentGroupId>82356e74-b73c-3570-0000-000000000000</parentGroupId>
            <position>
                <x>628.8236967700486</x>
                <y>509.0414421108121</y>
            </position>
            <bundle>
                <artifact>nifi-update-attribute-nar</artifact>
                <group>org.apache.nifi</group>
                <version>1.5.0</version>
            </bundle>
            <config>
                <bulletinLevel>WARN</bulletinLevel>
                <comments></comments>
                <concurrentlySchedulableTaskCount>1</concurrentlySchedulableTaskCount>
                <descriptors>
                    <entry>
                        <key>hive.profile.root</key>
                        <value>
                            <name>hive.profile.root</name>
                        </value>
                    </entry>
                    <entry>
                        <key>Store State</key>
                        <value>
                            <name>Store State</name>
                        </value>
                    </entry>
                    <entry>
                        <key>spark.input_folder</key>
                        <value>
                            <name>spark.input_folder</name>
                        </value>
                    </entry>
                    <entry>
                        <key>archiveId</key>
                        <value>
                            <name>archiveId</name>
                        </value>
                    </entry>
                    <entry>
                        <key>metadata.table.fieldPoliciesJson</key>
                        <value>
                            <name>metadata.table.fieldPoliciesJson</name>
                        </value>
                    </entry>
                    <entry>
                        <key>hdfs.archive.root</key>
                        <value>
                            <name>hdfs.archive.root</name>
                        </value>
                    </entry>
                    <entry>
                        <key>Delete Attributes Expression</key>
                        <value>
                            <name>Delete Attributes Expression</name>
                        </value>
                    </entry>
                    <entry>
                        <key>metadata.table.targetTblProperties</key>
                        <value>
                            <name>metadata.table.targetTblProperties</name>
                        </value>
                    </entry>
                    <entry>
                        <key>kylo.tmp.baseFolder</key>
                        <value>
                            <name>kylo.tmp.baseFolder</name>
                        </value>
                    </entry>
                    <entry>
                        <key>metadata.table.feedFieldStructure</key>
                        <value>
                            <name>metadata.table.feedFieldStructure</name>
                        </value>
                    </entry>
                    <entry>
                        <key>metadata.table.partitionStructure</key>
                        <value>
                            <name>metadata.table.partitionStructure</name>
                        </value>
                    </entry>
                    <entry>
                        <key>hive.ingest.root</key>
                        <value>
                            <name>hive.ingest.root</name>
                        </value>
                    </entry>
                    <entry>
                        <key>hive.master.root</key>
                        <value>
                            <name>hive.master.root</name>
                        </value>
                    </entry>
                    <entry>
                        <key>metadata.table.fieldIndexString</key>
                        <value>
                            <name>metadata.table.fieldIndexString</name>
                        </value>
                    </entry>
                    <entry>
                        <key>savepoint.id</key>
                        <value>
                            <name>savepoint.id</name>
                        </value>
                    </entry>
                    <entry>
                        <key>metadata.table.targetFormat</key>
                        <value>
                            <name>metadata.table.targetFormat</name>
                        </value>
                    </entry>
                    <entry>
                        <key>metadata.table.fieldStructure</key>
                        <value>
                            <name>metadata.table.fieldStructure</name>
                        </value>
                    </entry>
                    <entry>
                        <key>nifi.home</key>
                        <value>
                            <name>nifi.home</name>
                        </value>
                    </entry>
                    <entry>
                        <key>skipHeader</key>
                        <value>
                            <name>skipHeader</name>
                        </value>
                    </entry>
                    <entry>
                        <key>Stateful Variables Initial Value</key>
                        <value>
                            <name>Stateful Variables Initial Value</name>
                        </value>
                    </entry>
                    <entry>
                        <key>metadata.table.partitionSpecs</key>
                        <value>
                            <name>metadata.table.partitionSpecs</name>
                        </value>
                    </entry>
                    <entry>
                        <key>feed</key>
                        <value>
                            <name>feed</name>
                        </value>
                    </entry>
                    <entry>
                        <key>hdfs.ingest.root</key>
                        <value>
                            <name>hdfs.ingest.root</name>
                        </value>
                    </entry>
                    <entry>
                        <key>Is JSON?</key>
                        <value>
                            <name>Is JSON?</name>
                        </value>
                    </entry>
                    <entry>
                        <key>category</key>
                        <value>
                            <name>category</name>
                        </value>
                    </entry>
                    <entry>
                        <key>metadata.table.targetMergeStrategy</key>
                        <value>
                            <name>metadata.table.targetMergeStrategy</name>
                        </value>
                    </entry>
                    <entry>
                        <key>metadata.table.feedFormat</key>
                        <value>
                            <name>metadata.table.feedFormat</name>
                        </value>
                    </entry>
                </descriptors>
                <executionNode>ALL</executionNode>
                <lossTolerant>false</lossTolerant>
                <penaltyDuration>30 sec</penaltyDuration>
                <properties>
                    <entry>
                        <key>hive.profile.root</key>
                        <value>${config.hive.profile.root}</value>
                    </entry>
                    <entry>
                        <key>Store State</key>
                        <value>Do not store state</value>
                    </entry>
                    <entry>
                        <key>spark.input_folder</key>
                        <value>/tmp/kylo-nifi/spark</value>
                    </entry>
                    <entry>
                        <key>archiveId</key>
                        <value>${now():format('yyyyMMddHHmmss')}_${UUID()}</value>
                    </entry>
                    <entry>
                        <key>metadata.table.fieldPoliciesJson</key>
                        <value>${metadata.table.fieldPoliciesJson}</value>
                    </entry>
                    <entry>
                        <key>hdfs.archive.root</key>
                        <value>${config.hdfs.archive.root}</value>
                    </entry>
                    <entry>
                        <key>Delete Attributes Expression</key>
                    </entry>
                    <entry>
                        <key>metadata.table.targetTblProperties</key>
                        <value>${metadata.table.targetTblProperties}</value>
                    </entry>
                    <entry>
                        <key>kylo.tmp.baseFolder</key>
                        <value>/tmp/kylo-nifi</value>
                    </entry>
                    <entry>
                        <key>metadata.table.feedFieldStructure</key>
                        <value>${metadata.table.feedFieldStructure}</value>
                    </entry>
                    <entry>
                        <key>metadata.table.partitionStructure</key>
                        <value>${metadata.table.partitionStructure}</value>
                    </entry>
                    <entry>
                        <key>hive.ingest.root</key>
                        <value>${config.hive.ingest.root}</value>
                    </entry>
                    <entry>
                        <key>hive.master.root</key>
                        <value>${config.hive.master.root}</value>
                    </entry>
                    <entry>
                        <key>metadata.table.fieldIndexString</key>
                        <value>${metadata.table.fieldIndexString}</value>
                    </entry>
                    <entry>
                        <key>savepoint.id</key>
                        <value>${UUID()}</value>
                    </entry>
                    <entry>
                        <key>metadata.table.targetFormat</key>
                        <value>${metadata.table.targetFormat}</value>
                    </entry>
                    <entry>
                        <key>metadata.table.fieldStructure</key>
                        <value>${metadata.table.fieldStructure}</value>
                    </entry>
                    <entry>
                        <key>nifi.home</key>
                        <value>${config.nifi.home}</value>
                    </entry>
                    <entry>
                        <key>skipHeader</key>
                        <value>${metadata.options.skipHeader}</value>
                    </entry>
                    <entry>
                        <key>Stateful Variables Initial Value</key>
                        <value></value>
                    </entry>
                    <entry>
                        <key>metadata.table.partitionSpecs</key>
                        <value>${metadata.table.partitionSpecs}</value>
                    </entry>
                    <entry>
                        <key>feed</key>
                        <value>${metadata.systemFeedName}</value>
                    </entry>
                    <entry>
                        <key>hdfs.ingest.root</key>
                        <value>${config.hdfs.ingest.root}</value>
                    </entry>
                    <entry>
                        <key>Is JSON?</key>
                        <value>false</value>
                    </entry>
                    <entry>
                        <key>category</key>
                        <value>${metadata.category.systemName}</value>
                    </entry>
                    <entry>
                        <key>metadata.table.targetMergeStrategy</key>
                        <value>${metadata.table.targetMergeStrategy}</value>
                    </entry>
                    <entry>
                        <key>metadata.table.feedFormat</key>
                        <value>${metadata.table.feedFormat}</value>
                    </entry>
                </properties>
                <runDurationMillis>2000</runDurationMillis>
                <schedulingPeriod>0 sec</schedulingPeriod>
                <schedulingStrategy>TIMER_DRIVEN</schedulingStrategy>
                <yieldDuration>1 sec</yieldDuration>
            </config>
            <name>Initialize Feed Parameters</name>
            <relationships>
                <autoTerminate>false</autoTerminate>
                <name>success</name>
            </relationships>
            <state>STOPPED</state>
            <style>
                <entry>
                    <key>background-color</key>
                    <value>#11f237</value>
                </entry>
            </style>
            <type>org.apache.nifi.processors.attributes.UpdateAttribute</type>
        </processors>
        <processors>
            <id>cdad5b3f-bb1b-3266-0000-000000000000</id>
            <parentGroupId>82356e74-b73c-3570-0000-000000000000</parentGroupId>
            <position>
                <x>1569.611768762874</x>
                <y>1026.2023190260347</y>
            </position>
            <bundle>
                <artifact>kylo-nifi-core-v1.2-nar</artifact>
                <group>default</group>
                <version>unversioned</version>
            </bundle>
            <config>
                <bulletinLevel>WARN</bulletinLevel>
                <comments></comments>
                <concurrentlySchedulableTaskCount>1</concurrentlySchedulableTaskCount>
                <descriptors>
                    <entry>
                        <key>Statement</key>
                        <value>
                            <name>Statement</name>
                        </value>
                    </entry>
                    <entry>
                        <key>Database Connection Pooling Service</key>
                        <value>
                            <identifiesControllerService>com.thinkbiganalytics.nifi.v2.thrift.ThriftService</identifiesControllerService>
                            <name>Database Connection Pooling Service</name>
                        </value>
                    </entry>
                </descriptors>
                <executionNode>ALL</executionNode>
                <lossTolerant>false</lossTolerant>
                <penaltyDuration>30 sec</penaltyDuration>
                <properties>
                    <entry>
                        <key>Statement</key>
                        <value>drop table if exists `${category}.${feed}`</value>
                    </entry>
                    <entry>
                        <key>Database Connection Pooling Service</key>
                        <value>1837db82-2188-3d8c-0000-000000000000</value>
                    </entry>
                </properties>
                <runDurationMillis>0</runDurationMillis>
                <schedulingPeriod>0 sec</schedulingPeriod>
                <schedulingStrategy>TIMER_DRIVEN</schedulingStrategy>
                <yieldDuration>1 sec</yieldDuration>
            </config>
            <name>Delete Hive-HBase table</name>
            <relationships>
                <autoTerminate>true</autoTerminate>
                <name>failure</name>
            </relationships>
            <relationships>
                <autoTerminate>true</autoTerminate>
                <name>success</name>
            </relationships>
            <state>STOPPED</state>
            <style/>
            <type>com.thinkbiganalytics.nifi.v2.thrift.ExecuteHQLStatement</type>
        </processors>
        <processors>
            <id>dbd3999e-3cc2-309e-0000-000000000000</id>
            <parentGroupId>82356e74-b73c-3570-0000-000000000000</parentGroupId>
            <position>
                <x>13.9685642665861</x>
                <y>0.0</y>
            </position>
            <bundle>
                <artifact>nifi-aws-nar</artifact>
                <group>org.apache.nifi</group>
                <version>1.5.0</version>
            </bundle>
            <config>
                <bulletinLevel>WARN</bulletinLevel>
                <comments></comments>
                <concurrentlySchedulableTaskCount>1</concurrentlySchedulableTaskCount>
                <descriptors>
                    <entry>
                        <key>Proxy Host</key>
                        <value>
                            <name>Proxy Host</name>
                        </value>
                    </entry>
                    <entry>
                        <key>Auto Delete Messages</key>
                        <value>
                            <name>Auto Delete Messages</name>
                        </value>
                    </entry>
                    <entry>
                        <key>Access Key</key>
                        <value>
                            <name>Access Key</name>
                        </value>
                    </entry>
                    <entry>
                        <key>Queue URL</key>
                        <value>
                            <name>Queue URL</name>
                        </value>
                    </entry>
                    <entry>
                        <key>Receive Message Wait Time</key>
                        <value>
                            <name>Receive Message Wait Time</name>
                        </value>
                    </entry>
                    <entry>
                        <key>AWS Credentials Provider service</key>
                        <value>
                            <identifiesControllerService>org.apache.nifi.processors.aws.credentials.provider.service.AWSCredentialsProviderService</identifiesControllerService>
                            <name>AWS Credentials Provider service</name>
                        </value>
                    </entry>
                    <entry>
                        <key>Batch Size</key>
                        <value>
                            <name>Batch Size</name>
                        </value>
                    </entry>
                    <entry>
                        <key>Visibility Timeout</key>
                        <value>
                            <name>Visibility Timeout</name>
                        </value>
                    </entry>
                    <entry>
                        <key>Communications Timeout</key>
                        <value>
                            <name>Communications Timeout</name>
                        </value>
                    </entry>
                    <entry>
                        <key>Secret Key</key>
                        <value>
                            <name>Secret Key</name>
                        </value>
                    </entry>
                    <entry>
                        <key>Credentials File</key>
                        <value>
                            <name>Credentials File</name>
                        </value>
                    </entry>
                    <entry>
                        <key>Region</key>
                        <value>
                            <name>Region</name>
                        </value>
                    </entry>
                    <entry>
                        <key>Character Set</key>
                        <value>
                            <name>Character Set</name>
                        </value>
                    </entry>
                    <entry>
                        <key>Proxy Host Port</key>
                        <value>
                            <name>Proxy Host Port</name>
                        </value>
                    </entry>
                </descriptors>
                <executionNode>ALL</executionNode>
                <lossTolerant>false</lossTolerant>
                <penaltyDuration>30 sec</penaltyDuration>
                <properties>
                    <entry>
                        <key>Proxy Host</key>
                    </entry>
                    <entry>
                        <key>Auto Delete Messages</key>
                        <value>true</value>
                    </entry>
                    <entry>
                        <key>Access Key</key>
                    </entry>
                    <entry>
                        <key>Queue URL</key>
                    </entry>
                    <entry>
                        <key>Receive Message Wait Time</key>
                        <value>0 sec</value>
                    </entry>
                    <entry>
                        <key>AWS Credentials Provider service</key>
                    </entry>
                    <entry>
                        <key>Batch Size</key>
                        <value>10</value>
                    </entry>
                    <entry>
                        <key>Visibility Timeout</key>
                        <value>15 mins</value>
                    </entry>
                    <entry>
                        <key>Communications Timeout</key>
                        <value>30 secs</value>
                    </entry>
                    <entry>
                        <key>Secret Key</key>
                    </entry>
                    <entry>
                        <key>Credentials File</key>
                    </entry>
                    <entry>
                        <key>Region</key>
                        <value>us-west-2</value>
                    </entry>
                    <entry>
                        <key>Character Set</key>
                        <value>UTF-8</value>
                    </entry>
                    <entry>
                        <key>Proxy Host Port</key>
                    </entry>
                </properties>
                <runDurationMillis>0</runDurationMillis>
                <schedulingPeriod>0 sec</schedulingPeriod>
                <schedulingStrategy>TIMER_DRIVEN</schedulingStrategy>
                <yieldDuration>1 sec</yieldDuration>
            </config>
            <name>SQS</name>
            <relationships>
                <autoTerminate>false</autoTerminate>
                <name>success</name>
            </relationships>
            <state>STOPPED</state>
            <style/>
            <type>org.apache.nifi.processors.aws.sqs.GetSQS</type>
        </processors>
        <processors>
            <id>feb2f6f4-9249-30dc-0000-000000000000</id>
            <parentGroupId>82356e74-b73c-3570-0000-000000000000</parentGroupId>
            <position>
                <x>483.886929090635</x>
                <y>1025.0097666538327</y>
            </position>
            <bundle>
                <artifact>kylo-nifi-core-v1.2-nar</artifact>
                <group>default</group>
                <version>unversioned</version>
            </bundle>
            <config>
                <bulletinLevel>WARN</bulletinLevel>
                <comments></comments>
                <concurrentlySchedulableTaskCount>1</concurrentlySchedulableTaskCount>
                <descriptors>
                    <entry>
                        <key>Metadata Provider Service</key>
                        <value>
                            <identifiesControllerService>com.thinkbiganalytics.nifi.core.api.metadata.MetadataProviderService</identifiesControllerService>
                            <name>Metadata Provider Service</name>
                        </value>
                    </entry>
                    <entry>
                        <key>System feed category</key>
                        <value>
                            <name>System feed category</name>
                        </value>
                    </entry>
                    <entry>
                        <key>Feed Cleanup Event Service</key>
                        <value>
                            <identifiesControllerService>com.thinkbiganalytics.nifi.core.api.cleanup.CleanupEventService</identifiesControllerService>
                            <name>Feed Cleanup Event Service</name>
                        </value>
                    </entry>
                    <entry>
                        <key>System feed name</key>
                        <value>
                            <name>System feed name</name>
                        </value>
                    </entry>
                </descriptors>
                <executionNode>ALL</executionNode>
                <lossTolerant>false</lossTolerant>
                <penaltyDuration>30 sec</penaltyDuration>
                <properties>
                    <entry>
                        <key>Metadata Provider Service</key>
                        <value>c4f88bc7-2202-3edb-0000-000000000000</value>
                    </entry>
                    <entry>
                        <key>System feed category</key>
                        <value>${metadata.category.systemName}</value>
                    </entry>
                    <entry>
                        <key>Feed Cleanup Event Service</key>
                        <value>457bb351-7674-3690-0000-000000000000</value>
                    </entry>
                    <entry>
                        <key>System feed name</key>
                        <value>${metadata.systemFeedName}</value>
                    </entry>
                </properties>
                <runDurationMillis>0</runDurationMillis>
                <schedulingPeriod>0 sec</schedulingPeriod>
                <schedulingStrategy>TIMER_DRIVEN</schedulingStrategy>
                <yieldDuration>1 sec</yieldDuration>
            </config>
            <name>TriggerCleanup</name>
            <relationships>
                <autoTerminate>false</autoTerminate>
                <name>Success</name>
            </relationships>
            <state>STOPPED</state>
            <style>
                <entry>
                    <key>background-color</key>
                    <value>#ff9900</value>
                </entry>
            </style>
            <type>com.thinkbiganalytics.nifi.v2.metadata.TriggerCleanup</type>
        </processors>
        <processors>
            <id>32256bd1-73e6-3d11-0000-000000000000</id>
            <parentGroupId>82356e74-b73c-3570-0000-000000000000</parentGroupId>
            <position>
                <x>1.234481378676719</x>
                <y>816.4492158668704</y>
            </position>
            <bundle>
                <artifact>nifi-kafka-0-10-nar</artifact>
                <group>org.apache.nifi</group>
                <version>1.5.0</version>
            </bundle>
            <config>
                <bulletinLevel>WARN</bulletinLevel>
                <comments></comments>
                <concurrentlySchedulableTaskCount>1</concurrentlySchedulableTaskCount>
                <descriptors>
                    <entry>
                        <key>max.poll.records</key>
                        <value>
                            <name>max.poll.records</name>
                        </value>
                    </entry>
                    <entry>
                        <key>group.id</key>
                        <value>
                            <name>group.id</name>
                        </value>
                    </entry>
                    <entry>
                        <key>bootstrap.servers</key>
                        <value>
                            <name>bootstrap.servers</name>
                        </value>
                    </entry>
                    <entry>
                        <key>topic_type</key>
                        <value>
                            <name>topic_type</name>
                        </value>
                    </entry>
                    <entry>
                        <key>sasl.kerberos.principal</key>
                        <value>
                            <name>sasl.kerberos.principal</name>
                        </value>
                    </entry>
                    <entry>
                        <key>sasl.kerberos.service.name</key>
                        <value>
                            <name>sasl.kerberos.service.name</name>
                        </value>
                    </entry>
                    <entry>
                        <key>security.protocol</key>
                        <value>
                            <name>security.protocol</name>
                        </value>
                    </entry>
                    <entry>
                        <key>ssl.context.service</key>
                        <value>
                            <identifiesControllerService>org.apache.nifi.ssl.SSLContextService</identifiesControllerService>
                            <name>ssl.context.service</name>
                        </value>
                    </entry>
                    <entry>
                        <key>max-uncommit-offset-wait</key>
                        <value>
                            <name>max-uncommit-offset-wait</name>
                        </value>
                    </entry>
                    <entry>
                        <key>sasl.kerberos.keytab</key>
                        <value>
                            <name>sasl.kerberos.keytab</name>
                        </value>
                    </entry>
                    <entry>
                        <key>topic</key>
                        <value>
                            <name>topic</name>
                        </value>
                    </entry>
                    <entry>
                        <key>message-demarcator</key>
                        <value>
                            <name>message-demarcator</name>
                        </value>
                    </entry>
                    <entry>
                        <key>key-attribute-encoding</key>
                        <value>
                            <name>key-attribute-encoding</name>
                        </value>
                    </entry>
                    <entry>
                        <key>auto.offset.reset</key>
                        <value>
                            <name>auto.offset.reset</name>
                        </value>
                    </entry>
                </descriptors>
                <executionNode>ALL</executionNode>
                <lossTolerant>false</lossTolerant>
                <penaltyDuration>30 sec</penaltyDuration>
                <properties>
                    <entry>
                        <key>max.poll.records</key>
                        <value>10000</value>
                    </entry>
                    <entry>
                        <key>group.id</key>
                        <value>groupBB</value>
                    </entry>
                    <entry>
                        <key>bootstrap.servers</key>
                        <value>sandbox.kylo.io:6667</value>
                    </entry>
                    <entry>
                        <key>topic_type</key>
                        <value>names</value>
                    </entry>
                    <entry>
                        <key>sasl.kerberos.principal</key>
                    </entry>
                    <entry>
                        <key>sasl.kerberos.service.name</key>
                    </entry>
                    <entry>
                        <key>security.protocol</key>
                        <value>PLAINTEXT</value>
                    </entry>
                    <entry>
                        <key>ssl.context.service</key>
                    </entry>
                    <entry>
                        <key>max-uncommit-offset-wait</key>
                        <value>1 secs</value>
                    </entry>
                    <entry>
                        <key>sasl.kerberos.keytab</key>
                    </entry>
                    <entry>
                        <key>topic</key>
                        <value>topicB</value>
                    </entry>
                    <entry>
                        <key>message-demarcator</key>
                    </entry>
                    <entry>
                        <key>key-attribute-encoding</key>
                        <value>utf-8</value>
                    </entry>
                    <entry>
                        <key>auto.offset.reset</key>
                        <value>latest</value>
                    </entry>
                </properties>
                <runDurationMillis>0</runDurationMillis>
                <schedulingPeriod>0 sec</schedulingPeriod>
                <schedulingStrategy>TIMER_DRIVEN</schedulingStrategy>
                <yieldDuration>1 sec</yieldDuration>
            </config>
            <name>Kafka</name>
            <relationships>
                <autoTerminate>false</autoTerminate>
                <name>success</name>
            </relationships>
            <state>STOPPED</state>
            <style/>
            <type>org.apache.nifi.processors.kafka.pubsub.ConsumeKafka_0_10</type>
        </processors>
        <processors>
            <id>3351babd-94e8-3f33-0000-000000000000</id>
            <parentGroupId>82356e74-b73c-3570-0000-000000000000</parentGroupId>
            <position>
                <x>5.693978779227109</x>
                <y>305.6285023700634</y>
            </position>
            <bundle>
                <artifact>nifi-standard-nar</artifact>
                <group>org.apache.nifi</group>
                <version>1.5.0</version>
            </bundle>
            <config>
                <bulletinLevel>WARN</bulletinLevel>
                <comments></comments>
                <concurrentlySchedulableTaskCount>1</concurrentlySchedulableTaskCount>
                <descriptors>
                    <entry>
                        <key>SSL Context Service</key>
                        <value>
                            <identifiesControllerService>org.apache.nifi.ssl.RestrictedSSLContextService</identifiesControllerService>
                            <name>SSL Context Service</name>
                        </value>
                    </entry>
                    <entry>
                        <key>Max Size of Socket Buffer</key>
                        <value>
                            <name>Max Size of Socket Buffer</name>
                        </value>
                    </entry>
                    <entry>
                        <key>Max Number of TCP Connections</key>
                        <value>
                            <name>Max Number of TCP Connections</name>
                        </value>
                    </entry>
                    <entry>
                        <key>Local Network Interface</key>
                        <value>
                            <name>Local Network Interface</name>
                        </value>
                    </entry>
                    <entry>
                        <key>Max Batch Size</key>
                        <value>
                            <name>Max Batch Size</name>
                        </value>
                    </entry>
                    <entry>
                        <key>Port</key>
                        <value>
                            <name>Port</name>
                        </value>
                    </entry>
                    <entry>
                        <key>Receive Buffer Size</key>
                        <value>
                            <name>Receive Buffer Size</name>
                        </value>
                    </entry>
                    <entry>
                        <key>Character Set</key>
                        <value>
                            <name>Character Set</name>
                        </value>
                    </entry>
                    <entry>
                        <key>Client Auth</key>
                        <value>
                            <name>Client Auth</name>
                        </value>
                    </entry>
                    <entry>
                        <key>Max Size of Message Queue</key>
                        <value>
                            <name>Max Size of Message Queue</name>
                        </value>
                    </entry>
                    <entry>
                        <key>Message Delimiter</key>
                        <value>
                            <name>Message Delimiter</name>
                        </value>
                    </entry>
                </descriptors>
                <executionNode>ALL</executionNode>
                <lossTolerant>false</lossTolerant>
                <penaltyDuration>30 sec</penaltyDuration>
                <properties>
                    <entry>
                        <key>SSL Context Service</key>
                    </entry>
                    <entry>
                        <key>Max Size of Socket Buffer</key>
                        <value>1 MB</value>
                    </entry>
                    <entry>
                        <key>Max Number of TCP Connections</key>
                        <value>2</value>
                    </entry>
                    <entry>
                        <key>Local Network Interface</key>
                    </entry>
                    <entry>
                        <key>Max Batch Size</key>
                        <value>1</value>
                    </entry>
                    <entry>
                        <key>Port</key>
                    </entry>
                    <entry>
                        <key>Receive Buffer Size</key>
                        <value>65507 B</value>
                    </entry>
                    <entry>
                        <key>Character Set</key>
                        <value>UTF-8</value>
                    </entry>
                    <entry>
                        <key>Client Auth</key>
                        <value>REQUIRED</value>
                    </entry>
                    <entry>
                        <key>Max Size of Message Queue</key>
                        <value>10000</value>
                    </entry>
                    <entry>
                        <key>Message Delimiter</key>
                        <value>\n</value>
                    </entry>
                </properties>
                <runDurationMillis>0</runDurationMillis>
                <schedulingPeriod>0 sec</schedulingPeriod>
                <schedulingStrategy>TIMER_DRIVEN</schedulingStrategy>
                <yieldDuration>1 sec</yieldDuration>
            </config>
            <name>RELP</name>
            <relationships>
                <autoTerminate>false</autoTerminate>
                <name>success</name>
            </relationships>
            <state>STOPPED</state>
            <style/>
            <type>org.apache.nifi.processors.standard.ListenRELP</type>
        </processors>
        <processors>
            <id>57d43216-d759-399a-0000-000000000000</id>
            <parentGroupId>82356e74-b73c-3570-0000-000000000000</parentGroupId>
            <position>
                <x>14.792467604095464</x>
                <y>154.61443582712127</y>
            </position>
            <bundle>
                <artifact>nifi-mqtt-nar</artifact>
                <group>org.apache.nifi</group>
                <version>1.5.0</version>
            </bundle>
            <config>
                <bulletinLevel>WARN</bulletinLevel>
                <comments></comments>
                <concurrentlySchedulableTaskCount>1</concurrentlySchedulableTaskCount>
                <descriptors>
                    <entry>
                        <key>Max Queue Size</key>
                        <value>
                            <name>Max Queue Size</name>
                        </value>
                    </entry>
                    <entry>
                        <key>Client ID</key>
                        <value>
                            <name>Client ID</name>
                        </value>
                    </entry>
                    <entry>
                        <key>Last Will QoS Level</key>
                        <value>
                            <name>Last Will QoS Level</name>
                        </value>
                    </entry>
                    <entry>
                        <key>Connection Timeout (seconds)</key>
                        <value>
                            <name>Connection Timeout (seconds)</name>
                        </value>
                    </entry>
                    <entry>
                        <key>Broker URI</key>
                        <value>
                            <name>Broker URI</name>
                        </value>
                    </entry>
                    <entry>
                        <key>SSL Context Service</key>
                        <value>
                            <identifiesControllerService>org.apache.nifi.ssl.SSLContextService</identifiesControllerService>
                            <name>SSL Context Service</name>
                        </value>
                    </entry>
                    <entry>
                        <key>Username</key>
                        <value>
                            <name>Username</name>
                        </value>
                    </entry>
                    <entry>
                        <key>Session state</key>
                        <value>
                            <name>Session state</name>
                        </value>
                    </entry>
                    <entry>
                        <key>Quality of Service(QoS)</key>
                        <value>
                            <name>Quality of Service(QoS)</name>
                        </value>
                    </entry>
                    <entry>
                        <key>Last Will Message</key>
                        <value>
                            <name>Last Will Message</name>
                        </value>
                    </entry>
                    <entry>
                        <key>Last Will Topic</key>
                        <value>
                            <name>Last Will Topic</name>
                        </value>
                    </entry>
                    <entry>
                        <key>Topic Filter</key>
                        <value>
                            <name>Topic Filter</name>
                        </value>
                    </entry>
                    <entry>
                        <key>MQTT Specification Version</key>
                        <value>
                            <name>MQTT Specification Version</name>
                        </value>
                    </entry>
                    <entry>
                        <key>Keep Alive Interval (seconds)</key>
                        <value>
                            <name>Keep Alive Interval (seconds)</name>
                        </value>
                    </entry>
                    <entry>
                        <key>Password</key>
                        <value>
                            <name>Password</name>
                        </value>
                    </entry>
                    <entry>
                        <key>Last Will Retain</key>
                        <value>
                            <name>Last Will Retain</name>
                        </value>
                    </entry>
                </descriptors>
                <executionNode>ALL</executionNode>
                <lossTolerant>false</lossTolerant>
                <penaltyDuration>30 sec</penaltyDuration>
                <properties>
                    <entry>
                        <key>Max Queue Size</key>
                    </entry>
                    <entry>
                        <key>Client ID</key>
                    </entry>
                    <entry>
                        <key>Last Will QoS Level</key>
                    </entry>
                    <entry>
                        <key>Connection Timeout (seconds)</key>
                        <value>30</value>
                    </entry>
                    <entry>
                        <key>Broker URI</key>
                    </entry>
                    <entry>
                        <key>SSL Context Service</key>
                    </entry>
                    <entry>
                        <key>Username</key>
                    </entry>
                    <entry>
                        <key>Session state</key>
                        <value>true</value>
                    </entry>
                    <entry>
                        <key>Quality of Service(QoS)</key>
                        <value>0</value>
                    </entry>
                    <entry>
                        <key>Last Will Message</key>
                    </entry>
                    <entry>
                        <key>Last Will Topic</key>
                    </entry>
                    <entry>
                        <key>Topic Filter</key>
                    </entry>
                    <entry>
                        <key>MQTT Specification Version</key>
                        <value>0</value>
                    </entry>
                    <entry>
                        <key>Keep Alive Interval (seconds)</key>
                        <value>60</value>
                    </entry>
                    <entry>
                        <key>Password</key>
                    </entry>
                    <entry>
                        <key>Last Will Retain</key>
                    </entry>
                </properties>
                <runDurationMillis>0</runDurationMillis>
                <schedulingPeriod>0 sec</schedulingPeriod>
                <schedulingStrategy>TIMER_DRIVEN</schedulingStrategy>
                <yieldDuration>1 sec</yieldDuration>
            </config>
            <name>MQTT</name>
            <relationships>
                <autoTerminate>false</autoTerminate>
                <name>Message</name>
            </relationships>
            <state>STOPPED</state>
            <style/>
            <type>org.apache.nifi.processors.mqtt.ConsumeMQTT</type>
        </processors>
        <processors>
            <id>7af081c7-7afd-3448-0000-000000000000</id>
            <parentGroupId>82356e74-b73c-3570-0000-000000000000</parentGroupId>
            <position>
                <x>0.0</x>
                <y>641.6066829481183</y>
            </position>
            <bundle>
                <artifact>nifi-jms-processors-nar</artifact>
                <group>org.apache.nifi</group>
                <version>1.5.0</version>
            </bundle>
            <config>
                <bulletinLevel>WARN</bulletinLevel>
                <comments></comments>
                <concurrentlySchedulableTaskCount>1</concurrentlySchedulableTaskCount>
                <descriptors>
                    <entry>
                        <key>User Name</key>
                        <value>
                            <name>User Name</name>
                        </value>
                    </entry>
                    <entry>
                        <key>Connection Client ID</key>
                        <value>
                            <name>Connection Client ID</name>
                        </value>
                    </entry>
                    <entry>
                        <key>Shared subscription</key>
                        <value>
                            <name>Shared subscription</name>
                        </value>
                    </entry>
                    <entry>
                        <key>Destination Name</key>
                        <value>
                            <name>Destination Name</name>
                        </value>
                    </entry>
                    <entry>
                        <key>Session Cache size</key>
                        <value>
                            <name>Session Cache size</name>
                        </value>
                    </entry>
                    <entry>
                        <key>Destination Type</key>
                        <value>
                            <name>Destination Type</name>
                        </value>
                    </entry>
                    <entry>
                        <key>Acknowledgement Mode</key>
                        <value>
                            <name>Acknowledgement Mode</name>
                        </value>
                    </entry>
                    <entry>
                        <key>Durable subscription</key>
                        <value>
                            <name>Durable subscription</name>
                        </value>
                    </entry>
                    <entry>
                        <key>Connection Factory Service</key>
                        <value>
                            <identifiesControllerService>org.apache.nifi.jms.cf.JMSConnectionFactoryProviderDefinition</identifiesControllerService>
                            <name>Connection Factory Service</name>
                        </value>
                    </entry>
                    <entry>
                        <key>Password</key>
                        <value>
                            <name>Password</name>
                        </value>
                    </entry>
                    <entry>
                        <key>Subscription Name</key>
                        <value>
                            <name>Subscription Name</name>
                        </value>
                    </entry>
                </descriptors>
                <executionNode>ALL</executionNode>
                <lossTolerant>false</lossTolerant>
                <penaltyDuration>30 sec</penaltyDuration>
                <properties>
                    <entry>
                        <key>User Name</key>
                    </entry>
                    <entry>
                        <key>Connection Client ID</key>
                    </entry>
                    <entry>
                        <key>Shared subscription</key>
                        <value>false</value>
                    </entry>
                    <entry>
                        <key>Destination Name</key>
                        <value>thinkbig.nifi.index</value>
                    </entry>
                    <entry>
                        <key>Session Cache size</key>
                        <value>1</value>
                    </entry>
                    <entry>
                        <key>Destination Type</key>
                        <value>QUEUE</value>
                    </entry>
                    <entry>
                        <key>Acknowledgement Mode</key>
                        <value>2</value>
                    </entry>
                    <entry>
                        <key>Durable subscription</key>
                        <value>false</value>
                    </entry>
                    <entry>
                        <key>Connection Factory Service</key>
                        <value>fc8e3ebb-c998-38d2-0000-000000000000</value>
                    </entry>
                    <entry>
                        <key>Password</key>
                    </entry>
                    <entry>
                        <key>Subscription Name</key>
                    </entry>
                </properties>
                <runDurationMillis>0</runDurationMillis>
                <schedulingPeriod>1 sec</schedulingPeriod>
                <schedulingStrategy>TIMER_DRIVEN</schedulingStrategy>
                <yieldDuration>1 sec</yieldDuration>
            </config>
            <name>JMS</name>
            <relationships>
                <autoTerminate>false</autoTerminate>
                <name>success</name>
            </relationships>
            <state>STOPPED</state>
            <style/>
            <type>org.apache.nifi.jms.processors.ConsumeJMS</type>
        </processors>
        <processors>
            <id>7e7d872a-b2c6-3a0b-0000-000000000000</id>
            <parentGroupId>82356e74-b73c-3570-0000-000000000000</parentGroupId>
            <position>
                <x>10.79465958589276</x>
                <y>473.1752855358336</y>
            </position>
            <bundle>
                <artifact>nifi-kafka-0-10-nar</artifact>
                <group>org.apache.nifi</group>
                <version>1.5.0</version>
            </bundle>
            <config>
                <bulletinLevel>WARN</bulletinLevel>
                <comments></comments>
                <concurrentlySchedulableTaskCount>1</concurrentlySchedulableTaskCount>
                <descriptors>
                    <entry>
                        <key>max.poll.records</key>
                        <value>
                            <name>max.poll.records</name>
                        </value>
                    </entry>
                    <entry>
                        <key>group.id</key>
                        <value>
                            <name>group.id</name>
                        </value>
                    </entry>
                    <entry>
                        <key>bootstrap.servers</key>
                        <value>
                            <name>bootstrap.servers</name>
                        </value>
                    </entry>
                    <entry>
                        <key>topic_type</key>
                        <value>
                            <name>topic_type</name>
                        </value>
                    </entry>
                    <entry>
                        <key>sasl.kerberos.principal</key>
                        <value>
                            <name>sasl.kerberos.principal</name>
                        </value>
                    </entry>
                    <entry>
                        <key>sasl.kerberos.service.name</key>
                        <value>
                            <name>sasl.kerberos.service.name</name>
                        </value>
                    </entry>
                    <entry>
                        <key>security.protocol</key>
                        <value>
                            <name>security.protocol</name>
                        </value>
                    </entry>
                    <entry>
                        <key>ssl.context.service</key>
                        <value>
                            <identifiesControllerService>org.apache.nifi.ssl.SSLContextService</identifiesControllerService>
                            <name>ssl.context.service</name>
                        </value>
                    </entry>
                    <entry>
                        <key>max-uncommit-offset-wait</key>
                        <value>
                            <name>max-uncommit-offset-wait</name>
                        </value>
                    </entry>
                    <entry>
                        <key>sasl.kerberos.keytab</key>
                        <value>
                            <name>sasl.kerberos.keytab</name>
                        </value>
                    </entry>
                    <entry>
                        <key>topic</key>
                        <value>
                            <name>topic</name>
                        </value>
                    </entry>
                    <entry>
                        <key>message-demarcator</key>
                        <value>
                            <name>message-demarcator</name>
                        </value>
                    </entry>
                    <entry>
                        <key>key-attribute-encoding</key>
                        <value>
                            <name>key-attribute-encoding</name>
                        </value>
                    </entry>
                    <entry>
                        <key>auto.offset.reset</key>
                        <value>
                            <name>auto.offset.reset</name>
                        </value>
                    </entry>
                </descriptors>
                <executionNode>ALL</executionNode>
                <lossTolerant>false</lossTolerant>
                <penaltyDuration>30 sec</penaltyDuration>
                <properties>
                    <entry>
                        <key>max.poll.records</key>
                        <value>10000</value>
                    </entry>
                    <entry>
                        <key>group.id</key>
                        <value>${metadata.category.systemName}-${metadata.systemFeedName}</value>
                    </entry>
                    <entry>
                        <key>bootstrap.servers</key>
                        <value>sandbox.kylo.io:6667</value>
                    </entry>
                    <entry>
                        <key>topic_type</key>
                        <value>names</value>
                    </entry>
                    <entry>
                        <key>sasl.kerberos.principal</key>
                    </entry>
                    <entry>
                        <key>sasl.kerberos.service.name</key>
                    </entry>
                    <entry>
                        <key>security.protocol</key>
                        <value>PLAINTEXT</value>
                    </entry>
                    <entry>
                        <key>ssl.context.service</key>
                    </entry>
                    <entry>
                        <key>max-uncommit-offset-wait</key>
                        <value>1 secs</value>
                    </entry>
                    <entry>
                        <key>sasl.kerberos.keytab</key>
                    </entry>
                    <entry>
                        <key>topic</key>
                        <value>${metadata.category.systemName}-${metadata.systemFeedName}</value>
                    </entry>
                    <entry>
                        <key>message-demarcator</key>
                    </entry>
                    <entry>
                        <key>key-attribute-encoding</key>
                        <value>utf-8</value>
                    </entry>
                    <entry>
                        <key>auto.offset.reset</key>
                        <value>latest</value>
                    </entry>
                </properties>
                <runDurationMillis>0</runDurationMillis>
                <schedulingPeriod>0 sec</schedulingPeriod>
                <schedulingStrategy>TIMER_DRIVEN</schedulingStrategy>
                <yieldDuration>1 sec</yieldDuration>
            </config>
            <name>Listen HTTP</name>
            <relationships>
                <autoTerminate>false</autoTerminate>
                <name>success</name>
            </relationships>
            <state>STOPPED</state>
            <style/>
            <type>org.apache.nifi.processors.kafka.pubsub.ConsumeKafka_0_10</type>
        </processors>
    </snippet>
    <timestamp>03/27/2018 20:54:37 UTC</timestamp>
</template>
