<?xml version="1.0" encoding="UTF-8" standalone="yes"?><template><description></description><name>Get and Put File with Wait v2</name><snippet><connections><id>42ef045a-2615-43fe-b95e-b3391e1ab8f7</id><parentGroupId>bda7b936-7fbf-470d-add3-139146ddbe78</parentGroupId><backPressureDataSizeThreshold>0 MB</backPressureDataSizeThreshold><backPressureObjectThreshold>0</backPressureObjectThreshold><destination><groupId>bda7b936-7fbf-470d-add3-139146ddbe78</groupId><id>5093d42e-023d-4824-bf42-62a732a87723</id><type>PROCESSOR</type></destination><flowFileExpiration>0 sec</flowFileExpiration><labelIndex>1</labelIndex><name></name><selectedRelationships>success</selectedRelationships><source><groupId>bda7b936-7fbf-470d-add3-139146ddbe78</groupId><id>b7a3cefa-6549-4196-af64-7fda47dbec7d</id><type>PROCESSOR</type></source><zIndex>0</zIndex></connections><connections><id>bc478874-9c71-4249-aa0d-bbedeacf5139</id><parentGroupId>bda7b936-7fbf-470d-add3-139146ddbe78</parentGroupId><backPressureDataSizeThreshold>0 MB</backPressureDataSizeThreshold><backPressureObjectThreshold>0</backPressureObjectThreshold><destination><groupId>bda7b936-7fbf-470d-add3-139146ddbe78</groupId><id>13189e84-9042-4efb-9d1f-520073bc9959</id><type>PROCESSOR</type></destination><flowFileExpiration>0 sec</flowFileExpiration><labelIndex>1</labelIndex><name></name><selectedRelationships>success</selectedRelationships><source><groupId>bda7b936-7fbf-470d-add3-139146ddbe78</groupId><id>c130147d-5f29-4aa4-9873-6fdefab6b926</id><type>PROCESSOR</type></source><zIndex>0</zIndex></connections><connections><id>9b8af563-70d0-4e7e-a606-c69376ddc317</id><parentGroupId>bda7b936-7fbf-470d-add3-139146ddbe78</parentGroupId><backPressureDataSizeThreshold>0 MB</backPressureDataSizeThreshold><backPressureObjectThreshold>0</backPressureObjectThreshold><destination><groupId>bda7b936-7fbf-470d-add3-139146ddbe78</groupId><id>c130147d-5f29-4aa4-9873-6fdefab6b926</id><type>PROCESSOR</type></destination><flowFileExpiration>0 sec</flowFileExpiration><labelIndex>1</labelIndex><name></name><selectedRelationships>success</selectedRelationships><source><groupId>bda7b936-7fbf-470d-add3-139146ddbe78</groupId><id>5093d42e-023d-4824-bf42-62a732a87723</id><type>PROCESSOR</type></source><zIndex>0</zIndex></connections><connections><id>62ea6dcc-3f13-48f2-a79d-57f0c0e978d4</id><parentGroupId>bda7b936-7fbf-470d-add3-139146ddbe78</parentGroupId><backPressureDataSizeThreshold>0 MB</backPressureDataSizeThreshold><backPressureObjectThreshold>0</backPressureObjectThreshold><destination><groupId>bda7b936-7fbf-470d-add3-139146ddbe78</groupId><id>f72662e6-4cd4-4ec5-8ffd-513eb5e55cfb</id><type>PROCESSOR</type></destination><flowFileExpiration>0 sec</flowFileExpiration><labelIndex>1</labelIndex><name></name><selectedRelationships>failure</selectedRelationships><source><groupId>bda7b936-7fbf-470d-add3-139146ddbe78</groupId><id>c130147d-5f29-4aa4-9873-6fdefab6b926</id><type>PROCESSOR</type></source><zIndex>0</zIndex></connections><processors><id>b7a3cefa-6549-4196-af64-7fda47dbec7d</id><parentGroupId>bda7b936-7fbf-470d-add3-139146ddbe78</parentGroupId><position><x>455.6163368302989</x><y>-86.88089636827658</y></position><config><bulletinLevel>WARN</bulletinLevel><comments></comments><concurrentlySchedulableTaskCount>1</concurrentlySchedulableTaskCount><defaultConcurrentTasks><entry><key>TIMER_DRIVEN</key><value>1</value></entry><entry><key>EVENT_DRIVEN</key><value>0</value></entry><entry><key>CRON_DRIVEN</key><value>1</value></entry></defaultConcurrentTasks><defaultSchedulingPeriod><entry><key>TIMER_DRIVEN</key><value>0 sec</value></entry><entry><key>CRON_DRIVEN</key><value>* * * * * ?</value></entry></defaultSchedulingPeriod><descriptors><entry><key>Keep Source File</key><value><allowableValues><displayName>true</displayName><value>true</value></allowableValues><allowableValues><displayName>false</displayName><value>false</value></allowableValues><defaultValue>false</defaultValue><description>If true, the file is not deleted after it has been copied to the Content Repository; this causes the file to be picked up continually and is useful for testing purposes.  If not keeping original NiFi will need write permissions on the directory it is pulling from otherwise it will ignore the file.</description><displayName>Keep Source File</displayName><dynamic>false</dynamic><name>Keep Source File</name><required>true</required><sensitive>false</sensitive><supportsEl>false</supportsEl></value></entry><entry><key>Batch Size</key><value><defaultValue>10</defaultValue><description>The maximum number of files to pull in each iteration</description><displayName>Batch Size</displayName><dynamic>false</dynamic><name>Batch Size</name><required>true</required><sensitive>false</sensitive><supportsEl>false</supportsEl></value></entry><entry><key>Minimum File Age</key><value><defaultValue>0 sec</defaultValue><description>The minimum age that a file must be in order to be pulled; any file younger than this amount of time (according to last modification date) will be ignored</description><displayName>Minimum File Age</displayName><dynamic>false</dynamic><name>Minimum File Age</name><required>true</required><sensitive>false</sensitive><supportsEl>false</supportsEl></value></entry><entry><key>Ignore Hidden Files</key><value><allowableValues><displayName>true</displayName><value>true</value></allowableValues><allowableValues><displayName>false</displayName><value>false</value></allowableValues><defaultValue>true</defaultValue><description>Indicates whether or not hidden files should be ignored</description><displayName>Ignore Hidden Files</displayName><dynamic>false</dynamic><name>Ignore Hidden Files</name><required>true</required><sensitive>false</sensitive><supportsEl>false</supportsEl></value></entry><entry><key>Maximum File Size</key><value><description>The maximum size that a file can be in order to be pulled</description><displayName>Maximum File Size</displayName><dynamic>false</dynamic><name>Maximum File Size</name><required>false</required><sensitive>false</sensitive><supportsEl>false</supportsEl></value></entry><entry><key>File Filter</key><value><defaultValue>[^\.].*</defaultValue><description>Only files whose names match the given regular expression will be picked up</description><displayName>File Filter</displayName><dynamic>false</dynamic><name>File Filter</name><required>true</required><sensitive>false</sensitive><supportsEl>false</supportsEl></value></entry><entry><key>Recurse Subdirectories</key><value><allowableValues><displayName>true</displayName><value>true</value></allowableValues><allowableValues><displayName>false</displayName><value>false</value></allowableValues><defaultValue>true</defaultValue><description>Indicates whether or not to pull files from subdirectories</description><displayName>Recurse Subdirectories</displayName><dynamic>false</dynamic><name>Recurse Subdirectories</name><required>true</required><sensitive>false</sensitive><supportsEl>false</supportsEl></value></entry><entry><key>Path Filter</key><value><description>When Recurse Subdirectories is true, then only subdirectories whose path matches the given regular expression will be scanned</description><displayName>Path Filter</displayName><dynamic>false</dynamic><name>Path Filter</name><required>false</required><sensitive>false</sensitive><supportsEl>false</supportsEl></value></entry><entry><key>Maximum File Age</key><value><description>The maximum age that a file must be in order to be pulled; any file older than this amount of time (according to last modification date) will be ignored</description><displayName>Maximum File Age</displayName><dynamic>false</dynamic><name>Maximum File Age</name><required>false</required><sensitive>false</sensitive><supportsEl>false</supportsEl></value></entry><entry><key>Minimum File Size</key><value><defaultValue>0 B</defaultValue><description>The minimum size that a file must be in order to be pulled</description><displayName>Minimum File Size</displayName><dynamic>false</dynamic><name>Minimum File Size</name><required>true</required><sensitive>false</sensitive><supportsEl>false</supportsEl></value></entry><entry><key>Input Directory</key><value><description>The input directory from which to pull files</description><displayName>Input Directory</displayName><dynamic>false</dynamic><name>Input Directory</name><required>true</required><sensitive>false</sensitive><supportsEl>true</supportsEl></value></entry><entry><key>Polling Interval</key><value><defaultValue>0 sec</defaultValue><description>Indicates how long to wait before performing a directory listing</description><displayName>Polling Interval</displayName><dynamic>false</dynamic><name>Polling Interval</name><required>true</required><sensitive>false</sensitive><supportsEl>false</supportsEl></value></entry></descriptors><lossTolerant>false</lossTolerant><penaltyDuration>30 sec</penaltyDuration><properties><entry><key>Keep Source File</key><value>true</value></entry><entry><key>Batch Size</key><value>10</value></entry><entry><key>Minimum File Age</key><value>0 sec</value></entry><entry><key>Ignore Hidden Files</key><value>true</value></entry><entry><key>Maximum File Size</key></entry><entry><key>File Filter</key><value>[^\.].*</value></entry><entry><key>Recurse Subdirectories</key><value>true</value></entry><entry><key>Path Filter</key></entry><entry><key>Maximum File Age</key></entry><entry><key>Minimum File Size</key><value>0 B</value></entry><entry><key>Input Directory</key><value>/tmp/getfile1</value></entry><entry><key>Polling Interval</key><value>0 sec</value></entry></properties><runDurationMillis>0</runDurationMillis><schedulingPeriod>10 sec</schedulingPeriod><schedulingStrategy>TIMER_DRIVEN</schedulingStrategy><yieldDuration>1 sec</yieldDuration></config><name>GetFile</name><relationships><autoTerminate>false</autoTerminate><description>All files are routed to success</description><name>success</name></relationships><state>STOPPED</state><style/><supportsEventDriven>false</supportsEventDriven><supportsParallelProcessing>true</supportsParallelProcessing><type>org.apache.nifi.processors.standard.GetFile</type></processors><processors><id>c130147d-5f29-4aa4-9873-6fdefab6b926</id><parentGroupId>bda7b936-7fbf-470d-add3-139146ddbe78</parentGroupId><position><x>1025.6832696713248</x><y>298.2714919927541</y></position><config><bulletinLevel>WARN</bulletinLevel><comments></comments><concurrentlySchedulableTaskCount>1</concurrentlySchedulableTaskCount><defaultConcurrentTasks><entry><key>TIMER_DRIVEN</key><value>1</value></entry><entry><key>EVENT_DRIVEN</key><value>0</value></entry><entry><key>CRON_DRIVEN</key><value>1</value></entry></defaultConcurrentTasks><defaultSchedulingPeriod><entry><key>TIMER_DRIVEN</key><value>0 sec</value></entry><entry><key>CRON_DRIVEN</key><value>* * * * * ?</value></entry></defaultSchedulingPeriod><descriptors><entry><key>Module Directory</key><value><description>Comma-separated list of paths to files and/or directories which contain modules required by the script.</description><displayName>Module Directory</displayName><dynamic>false</dynamic><name>Module Directory</name><required>false</required><sensitive>false</sensitive><supportsEl>false</supportsEl></value></entry><entry><key>Script Body</key><value><description>Body of script to execute. Only one of Script File or Script Body may be used</description><displayName>Script Body</displayName><dynamic>false</dynamic><name>Script Body</name><required>false</required><sensitive>false</sensitive><supportsEl>false</supportsEl></value></entry><entry><key>Script Engine</key><value><allowableValues><displayName>ECMAScript</displayName><value>ECMAScript</value></allowableValues><allowableValues><displayName>Groovy</displayName><value>Groovy</value></allowableValues><allowableValues><displayName>lua</displayName><value>lua</value></allowableValues><allowableValues><displayName>python</displayName><value>python</value></allowableValues><allowableValues><displayName>ruby</displayName><value>ruby</value></allowableValues><defaultValue>ECMAScript</defaultValue><description>The engine to execute scripts</description><displayName>Script Engine</displayName><dynamic>false</dynamic><name>Script Engine</name><required>true</required><sensitive>false</sensitive><supportsEl>false</supportsEl></value></entry><entry><key>Script File</key><value><description>Path to script file to execute. Only one of Script File or Script Body may be used</description><displayName>Script File</displayName><dynamic>false</dynamic><name>Script File</name><required>false</required><sensitive>false</sensitive><supportsEl>true</supportsEl></value></entry></descriptors><lossTolerant>false</lossTolerant><penaltyDuration>30 sec</penaltyDuration><properties><entry><key>Module Directory</key></entry><entry><key>Script Body</key><value>def flowFile = session.get()
if(!flowFile) return
def waitTimeStr = flowFile.getAttribute(&quot;Wait Time (sec)&quot;)

if(waitTimeStr != null &amp;&amp; !waitTimeStr.equals(&quot;&quot;)){
  def waitTime = waitTimeStr.toInteger() * 1000;
   sleep(waitTime)
}

session.transfer(flowFile, REL_SUCCESS)</value></entry><entry><key>Script Engine</key><value>Groovy</value></entry><entry><key>Script File</key></entry></properties><runDurationMillis>0</runDurationMillis><schedulingPeriod>0 sec</schedulingPeriod><schedulingStrategy>TIMER_DRIVEN</schedulingStrategy><yieldDuration>1 sec</yieldDuration></config><name>ExecuteScript</name><relationships><autoTerminate>false</autoTerminate><description>FlowFiles that failed to be processed</description><name>failure</name></relationships><relationships><autoTerminate>false</autoTerminate><description>FlowFiles that were successfully processed</description><name>success</name></relationships><state>STOPPED</state><style/><supportsEventDriven>false</supportsEventDriven><supportsParallelProcessing>false</supportsParallelProcessing><type>org.apache.nifi.processors.script.ExecuteScript</type></processors><processors><id>5093d42e-023d-4824-bf42-62a732a87723</id><parentGroupId>bda7b936-7fbf-470d-add3-139146ddbe78</parentGroupId><position><x>928.6163368302989</x><y>14.11910363172342</y></position><config><bulletinLevel>WARN</bulletinLevel><comments></comments><concurrentlySchedulableTaskCount>1</concurrentlySchedulableTaskCount><defaultConcurrentTasks><entry><key>TIMER_DRIVEN</key><value>1</value></entry><entry><key>EVENT_DRIVEN</key><value>0</value></entry><entry><key>CRON_DRIVEN</key><value>1</value></entry></defaultConcurrentTasks><defaultSchedulingPeriod><entry><key>TIMER_DRIVEN</key><value>0 sec</value></entry><entry><key>CRON_DRIVEN</key><value>* * * * * ?</value></entry></defaultSchedulingPeriod><descriptors><entry><key>Delete Attributes Expression</key><value><description>Regular expression for attributes to be deleted from flowfiles.</description><displayName>Delete Attributes Expression</displayName><dynamic>false</dynamic><name>Delete Attributes Expression</name><required>false</required><sensitive>false</sensitive><supportsEl>true</supportsEl></value></entry><entry><key>Wait Time (sec)</key><value><description></description><displayName>Wait Time (sec)</displayName><dynamic>true</dynamic><name>Wait Time (sec)</name><required>false</required><sensitive>false</sensitive><supportsEl>true</supportsEl></value></entry></descriptors><lossTolerant>false</lossTolerant><penaltyDuration>30 sec</penaltyDuration><properties><entry><key>Delete Attributes Expression</key></entry><entry><key>Wait Time (sec)</key><value>0</value></entry></properties><runDurationMillis>0</runDurationMillis><schedulingPeriod>0 sec</schedulingPeriod><schedulingStrategy>TIMER_DRIVEN</schedulingStrategy><yieldDuration>1 sec</yieldDuration></config><name>UpdateAttribute</name><relationships><autoTerminate>false</autoTerminate><description>All FlowFiles are routed to this relationship</description><name>success</name></relationships><state>STOPPED</state><style/><supportsEventDriven>true</supportsEventDriven><supportsParallelProcessing>true</supportsParallelProcessing><type>org.apache.nifi.processors.attributes.UpdateAttribute</type></processors><processors><id>13189e84-9042-4efb-9d1f-520073bc9959</id><parentGroupId>bda7b936-7fbf-470d-add3-139146ddbe78</parentGroupId><position><x>1520.1628227311778</x><y>149.70644494031717</y></position><config><bulletinLevel>WARN</bulletinLevel><comments></comments><concurrentlySchedulableTaskCount>1</concurrentlySchedulableTaskCount><defaultConcurrentTasks><entry><key>TIMER_DRIVEN</key><value>1</value></entry><entry><key>EVENT_DRIVEN</key><value>0</value></entry><entry><key>CRON_DRIVEN</key><value>1</value></entry></defaultConcurrentTasks><defaultSchedulingPeriod><entry><key>TIMER_DRIVEN</key><value>0 sec</value></entry><entry><key>CRON_DRIVEN</key><value>* * * * * ?</value></entry></defaultSchedulingPeriod><descriptors><entry><key>Owner</key><value><description>Sets the owner on the output file to the value of this attribute.  You may also use expression language such as ${file.owner}.</description><displayName>Owner</displayName><dynamic>false</dynamic><name>Owner</name><required>false</required><sensitive>false</sensitive><supportsEl>true</supportsEl></value></entry><entry><key>Last Modified Time</key><value><description>Sets the lastModifiedTime on the output file to the value of this attribute.  Format must be yyyy-MM-dd'T'HH:mm:ssZ.  You may also use expression language such as ${file.lastModifiedTime}.</description><displayName>Last Modified Time</displayName><dynamic>false</dynamic><name>Last Modified Time</name><required>false</required><sensitive>false</sensitive><supportsEl>true</supportsEl></value></entry><entry><key>Conflict Resolution Strategy</key><value><allowableValues><displayName>replace</displayName><value>replace</value></allowableValues><allowableValues><displayName>ignore</displayName><value>ignore</value></allowableValues><allowableValues><displayName>fail</displayName><value>fail</value></allowableValues><defaultValue>fail</defaultValue><description>Indicates what should happen when a file with the same name already exists in the output directory</description><displayName>Conflict Resolution Strategy</displayName><dynamic>false</dynamic><name>Conflict Resolution Strategy</name><required>true</required><sensitive>false</sensitive><supportsEl>false</supportsEl></value></entry><entry><key>Create Missing Directories</key><value><allowableValues><displayName>true</displayName><value>true</value></allowableValues><allowableValues><displayName>false</displayName><value>false</value></allowableValues><defaultValue>true</defaultValue><description>If true, then missing destination directories will be created. If false, flowfiles are penalized and sent to failure.</description><displayName>Create Missing Directories</displayName><dynamic>false</dynamic><name>Create Missing Directories</name><required>true</required><sensitive>false</sensitive><supportsEl>false</supportsEl></value></entry><entry><key>Permissions</key><value><description>Sets the permissions on the output file to the value of this attribute.  Format must be either UNIX rwxrwxrwx with a - in place of denied permissions (e.g. rw-r--r--) or an octal number (e.g. 644).  You may also use expression language such as ${file.permissions}.</description><displayName>Permissions</displayName><dynamic>false</dynamic><name>Permissions</name><required>false</required><sensitive>false</sensitive><supportsEl>true</supportsEl></value></entry><entry><key>Group</key><value><description>Sets the group on the output file to the value of this attribute.  You may also use expression language such as ${file.group}.</description><displayName>Group</displayName><dynamic>false</dynamic><name>Group</name><required>false</required><sensitive>false</sensitive><supportsEl>true</supportsEl></value></entry><entry><key>Directory</key><value><description>The directory to which files should be written. You may use expression language such as /aa/bb/${path}</description><displayName>Directory</displayName><dynamic>false</dynamic><name>Directory</name><required>true</required><sensitive>false</sensitive><supportsEl>true</supportsEl></value></entry><entry><key>Maximum File Count</key><value><description>Specifies the maximum number of files that can exist in the output directory</description><displayName>Maximum File Count</displayName><dynamic>false</dynamic><name>Maximum File Count</name><required>false</required><sensitive>false</sensitive><supportsEl>false</supportsEl></value></entry></descriptors><lossTolerant>false</lossTolerant><penaltyDuration>30 sec</penaltyDuration><properties><entry><key>Owner</key></entry><entry><key>Last Modified Time</key></entry><entry><key>Conflict Resolution Strategy</key><value>fail</value></entry><entry><key>Create Missing Directories</key><value>true</value></entry><entry><key>Permissions</key></entry><entry><key>Group</key></entry><entry><key>Directory</key><value>/tmp/putfile1</value></entry><entry><key>Maximum File Count</key></entry></properties><runDurationMillis>0</runDurationMillis><schedulingPeriod>0 sec</schedulingPeriod><schedulingStrategy>TIMER_DRIVEN</schedulingStrategy><yieldDuration>1 sec</yieldDuration></config><name>Success File</name><relationships><autoTerminate>true</autoTerminate><description>Files that could not be written to the output directory for some reason are transferred to this relationship</description><name>failure</name></relationships><relationships><autoTerminate>true</autoTerminate><description>Files that have been successfully written to the output directory are transferred to this relationship</description><name>success</name></relationships><state>STOPPED</state><style/><supportsEventDriven>false</supportsEventDriven><supportsParallelProcessing>true</supportsParallelProcessing><type>org.apache.nifi.processors.standard.PutFile</type></processors><processors><id>f72662e6-4cd4-4ec5-8ffd-513eb5e55cfb</id><parentGroupId>bda7b936-7fbf-470d-add3-139146ddbe78</parentGroupId><position><x>1010.2440931945061</x><y>515.7020267256046</y></position><config><bulletinLevel>WARN</bulletinLevel><comments></comments><concurrentlySchedulableTaskCount>1</concurrentlySchedulableTaskCount><defaultConcurrentTasks><entry><key>TIMER_DRIVEN</key><value>1</value></entry><entry><key>EVENT_DRIVEN</key><value>0</value></entry><entry><key>CRON_DRIVEN</key><value>1</value></entry></defaultConcurrentTasks><defaultSchedulingPeriod><entry><key>TIMER_DRIVEN</key><value>0 sec</value></entry><entry><key>CRON_DRIVEN</key><value>* * * * * ?</value></entry></defaultSchedulingPeriod><descriptors><entry><key>Owner</key><value><description>Sets the owner on the output file to the value of this attribute.  You may also use expression language such as ${file.owner}.</description><displayName>Owner</displayName><dynamic>false</dynamic><name>Owner</name><required>false</required><sensitive>false</sensitive><supportsEl>true</supportsEl></value></entry><entry><key>Last Modified Time</key><value><description>Sets the lastModifiedTime on the output file to the value of this attribute.  Format must be yyyy-MM-dd'T'HH:mm:ssZ.  You may also use expression language such as ${file.lastModifiedTime}.</description><displayName>Last Modified Time</displayName><dynamic>false</dynamic><name>Last Modified Time</name><required>false</required><sensitive>false</sensitive><supportsEl>true</supportsEl></value></entry><entry><key>Conflict Resolution Strategy</key><value><allowableValues><displayName>replace</displayName><value>replace</value></allowableValues><allowableValues><displayName>ignore</displayName><value>ignore</value></allowableValues><allowableValues><displayName>fail</displayName><value>fail</value></allowableValues><defaultValue>fail</defaultValue><description>Indicates what should happen when a file with the same name already exists in the output directory</description><displayName>Conflict Resolution Strategy</displayName><dynamic>false</dynamic><name>Conflict Resolution Strategy</name><required>true</required><sensitive>false</sensitive><supportsEl>false</supportsEl></value></entry><entry><key>Create Missing Directories</key><value><allowableValues><displayName>true</displayName><value>true</value></allowableValues><allowableValues><displayName>false</displayName><value>false</value></allowableValues><defaultValue>true</defaultValue><description>If true, then missing destination directories will be created. If false, flowfiles are penalized and sent to failure.</description><displayName>Create Missing Directories</displayName><dynamic>false</dynamic><name>Create Missing Directories</name><required>true</required><sensitive>false</sensitive><supportsEl>false</supportsEl></value></entry><entry><key>Permissions</key><value><description>Sets the permissions on the output file to the value of this attribute.  Format must be either UNIX rwxrwxrwx with a - in place of denied permissions (e.g. rw-r--r--) or an octal number (e.g. 644).  You may also use expression language such as ${file.permissions}.</description><displayName>Permissions</displayName><dynamic>false</dynamic><name>Permissions</name><required>false</required><sensitive>false</sensitive><supportsEl>true</supportsEl></value></entry><entry><key>Group</key><value><description>Sets the group on the output file to the value of this attribute.  You may also use expression language such as ${file.group}.</description><displayName>Group</displayName><dynamic>false</dynamic><name>Group</name><required>false</required><sensitive>false</sensitive><supportsEl>true</supportsEl></value></entry><entry><key>Directory</key><value><description>The directory to which files should be written. You may use expression language such as /aa/bb/${path}</description><displayName>Directory</displayName><dynamic>false</dynamic><name>Directory</name><required>true</required><sensitive>false</sensitive><supportsEl>true</supportsEl></value></entry><entry><key>Maximum File Count</key><value><description>Specifies the maximum number of files that can exist in the output directory</description><displayName>Maximum File Count</displayName><dynamic>false</dynamic><name>Maximum File Count</name><required>false</required><sensitive>false</sensitive><supportsEl>false</supportsEl></value></entry></descriptors><lossTolerant>false</lossTolerant><penaltyDuration>30 sec</penaltyDuration><properties><entry><key>Owner</key></entry><entry><key>Last Modified Time</key></entry><entry><key>Conflict Resolution Strategy</key><value>fail</value></entry><entry><key>Create Missing Directories</key><value>true</value></entry><entry><key>Permissions</key></entry><entry><key>Group</key></entry><entry><key>Directory</key><value>/tmp/failure1</value></entry><entry><key>Maximum File Count</key></entry></properties><runDurationMillis>0</runDurationMillis><schedulingPeriod>0 sec</schedulingPeriod><schedulingStrategy>TIMER_DRIVEN</schedulingStrategy><yieldDuration>1 sec</yieldDuration></config><name>Failed File</name><relationships><autoTerminate>true</autoTerminate><description>Files that could not be written to the output directory for some reason are transferred to this relationship</description><name>failure</name></relationships><relationships><autoTerminate>true</autoTerminate><description>Files that have been successfully written to the output directory are transferred to this relationship</description><name>success</name></relationships><state>STOPPED</state><style/><supportsEventDriven>false</supportsEventDriven><supportsParallelProcessing>true</supportsParallelProcessing><type>org.apache.nifi.processors.standard.PutFile</type></processors></snippet><timestamp>05/09/2016 18:14:29 UTC</timestamp></template>