{"properties":[{"processGroupName":"NiFi Flow","processorName":"GetFile","processorId":"b7a3cefa-6549-4196-af64-7fda47dbec7d","processGroupId":"bda7b936-7fbf-470d-add3-139146ddbe78","processorType":"org.apache.nifi.processors.standard.GetFile","key":"File Filter","value":"[^\\.].*","templateValue":"[^\\.].*","userEditable":true,"expressionProperties":null,"propertyDescriptor":{"name":"File Filter","displayName":"File Filter","description":"Only files whose names match the given regular expression will be picked up","defaultValue":"[^\\.].*","allowableValues":null,"required":true,"sensitive":false,"dynamic":false,"supportsEl":false,"identifiesControllerService":null},"renderType":"text","selected":true,"inputProperty":true,"templateProperty":null,"nameKey":"NiFi Flow-GetFile-File Filter","idKey":"bda7b936-7fbf-470d-add3-139146ddbe78-b7a3cefa-6549-4196-af64-7fda47dbec7d-File Filter"},{"processGroupName":"NiFi Flow","processorName":"GetFile","processorId":"b7a3cefa-6549-4196-af64-7fda47dbec7d","processGroupId":"bda7b936-7fbf-470d-add3-139146ddbe78","processorType":"org.apache.nifi.processors.standard.GetFile","key":"Input Directory","value":"/tmp/getfile1","templateValue":"/tmp/getfile1","userEditable":true,"expressionProperties":null,"propertyDescriptor":{"name":"Input Directory","displayName":"Input Directory","description":"The input directory from which to pull files","defaultValue":null,"allowableValues":null,"required":true,"sensitive":false,"dynamic":false,"supportsEl":true,"identifiesControllerService":null},"renderType":"text","selected":true,"inputProperty":true,"templateProperty":null,"nameKey":"NiFi Flow-GetFile-Input Directory","idKey":"bda7b936-7fbf-470d-add3-139146ddbe78-b7a3cefa-6549-4196-af64-7fda47dbec7d-Input Directory"},{"processGroupName":"NiFi Flow","processorName":"UpdateAttribute","processorId":"5093d42e-023d-4824-bf42-62a732a87723","processGroupId":"bda7b936-7fbf-470d-add3-139146ddbe78","processorType":"org.apache.nifi.processors.attributes.UpdateAttribute","key":"Wait Time (sec)","value":"0","templateValue":"0","userEditable":true,"expressionProperties":null,"propertyDescriptor":{"name":"Wait Time (sec)","displayName":"Wait Time (sec)","description":"","defaultValue":null,"allowableValues":null,"required":false,"sensitive":false,"dynamic":true,"supportsEl":true,"identifiesControllerService":null},"renderType":"text","selected":true,"inputProperty":false,"templateProperty":null,"nameKey":"NiFi Flow-UpdateAttribute-Wait Time (sec)","idKey":"bda7b936-7fbf-470d-add3-139146ddbe78-5093d42e-023d-4824-bf42-62a732a87723-Wait Time (sec)"}],"id":"0b4f9819-5dbc-4136-b88a-f000bc190d2f","nifiTemplateId":"072bd9b7-f4fb-4a3a-87b0-dbd5ceeb2818","templateName":"Get and Put File with Wait v2","updateDate":1463069351000,"createDate":1463094552000,"icon":"forward","iconColor":"#FF5252","description":"Get a file, wait for some time, then put the file","defineTable":false,"reusableTemplate":false,"reusableTemplateConnections":[],"allowPreconditions":false,"dataTransformation":true}