{"id":"7225e769-b590-43f6-96ff-4de5543051c5","feedId":"7225e769-b590-43f6-96ff-4de5543051c5","templateId":"d8ca466a-8275-4e47-bc6f-1227c5d7c4f1","inputProcessorType":"org.apache.nifi.processors.standard.GetJMSTopic","templateName":"Index Schema Service","properties":[{"processGroupName":"index_schema_service","processorName":"Query Hive Table Schema","processorId":"2bd64d86-2b1f-1ef0-b30d-1bffd3b53446","processGroupId":"2bd64da7-2b1f-1ef0-85a9-4b8b4156e8e6","processorType":"org.apache.nifi.processors.standard.ExecuteSQL","key":"SQL select query","value":"SELECT d.NAME DATABASE_NAME, d.OWNER_NAME OWNER, t.CREATE_TIME, t.TBL_NAME, t.TBL_TYPE,\n    c.COLUMN_NAME, c.TYPE_NAME\n    FROM hive.COLUMNS_V2 c\n    JOIN hive.SDS s on s.CD_ID = c.CD_ID\n    JOIN  hive.TBLS t ON s.SD_ID=t.SD_ID\n    JOIN  hive.DBS d on d.DB_ID = t.DB_ID\n    where d.name = '${category}'and t.tbl_name = '${feed}';","templateValue":"SELECT d.NAME DATABASE_NAME, d.OWNER_NAME OWNER, t.CREATE_TIME, t.TBL_NAME, t.TBL_TYPE,\n    c.COLUMN_NAME, c.TYPE_NAME\n    FROM ${config.hive.schema}.COLUMNS_V2 c\n    JOIN ${config.hive.schema}.SDS s on s.CD_ID = c.CD_ID\n    JOIN  ${config.hive.schema}.TBLS t ON s.SD_ID=t.SD_ID\n    JOIN  ${config.hive.schema}.DBS d on d.DB_ID = t.DB_ID\n    where d.name = '${category}'and t.tbl_name = '${feed}';","userEditable":false,"expressionProperties":null,"propertyDescriptor":{"name":"SQL select query","displayName":null,"description":null,"defaultValue":null,"allowableValues":null,"required":null,"sensitive":null,"dynamic":null,"supportsEl":null,"identifiesControllerService":null},"renderType":"text","renderOptions":{},"selected":true,"inputProperty":false,"templateProperty":{"processGroupName":"NiFi Flow","processorName":"org.apache.nifi.processors.standard.ExecuteSQL","processorId":"2bd64d86-2b1f-1ef0-0000-000000000000","processGroupId":"7c664aaf-3d33-447e-0000-000000000000","processorType":null,"key":"SQL select query","value":"SELECT d.NAME DATABASE_NAME, d.OWNER_NAME OWNER, t.CREATE_TIME, t.TBL_NAME, t.TBL_TYPE,\n    c.COLUMN_NAME, c.TYPE_NAME\n    FROM hive.COLUMNS_V2 c\n    JOIN hive.SDS s on s.CD_ID = c.CD_ID\n    JOIN  hive.TBLS t ON s.SD_ID=t.SD_ID\n    JOIN  hive.DBS d on d.DB_ID = t.DB_ID\n    where d.name = '${category}'and t.tbl_name = '${feed}';","templateValue":"SELECT d.NAME DATABASE_NAME, d.OWNER_NAME OWNER, t.CREATE_TIME, t.TBL_NAME, t.TBL_TYPE,\n    c.COLUMN_NAME, c.TYPE_NAME\n    FROM ${config.hive.schema}.COLUMNS_V2 c\n    JOIN ${config.hive.schema}.SDS s on s.CD_ID = c.CD_ID\n    JOIN  ${config.hive.schema}.TBLS t ON s.SD_ID=t.SD_ID\n    JOIN  ${config.hive.schema}.DBS d on d.DB_ID = t.DB_ID\n    where d.name = '${category}'and t.tbl_name = '${feed}';","userEditable":false,"expressionProperties":null,"propertyDescriptor":{"name":"SQL select query","displayName":null,"description":null,"defaultValue":null,"allowableValues":null,"required":null,"sensitive":null,"dynamic":null,"supportsEl":null,"identifiesControllerService":null},"renderType":"text","renderOptions":null,"selected":true,"inputProperty":false,"templateProperty":null,"idKey":"7c664aaf-3d33-447e-0000-000000000000-2bd64d86-2b1f-1ef0-0000-000000000000-SQL select query","nameKey":"NiFi Flow-org.apache.nifi.processors.standard.ExecuteSQL-SQL select query"},"idKey":"2bd64da7-2b1f-1ef0-85a9-4b8b4156e8e6-2bd64d86-2b1f-1ef0-b30d-1bffd3b53446-SQL select query","nameKey":"index_schema_service-Query Hive Table Schema-SQL select query"}],"schedule":{"schedulingPeriod":"1 sec","schedulingStrategy":"TIMER_DRIVEN","concurrentTasks":1,"preconditions":null},"feedName":"Index Schema Service","systemFeedName":"index_schema_service","description":null,"tags":[],"dataOwner":"","category":{"id":"41d37975-0a35-4d75-92a7-cbd4bd150823","name":"System","systemName":"system","icon":"cloud","iconColor":"#FFCA28","description":"System Data","securityGroups":null,"userFields":null,"userProperties":null,"relatedFeeds":0,"createDate":1466629796580,"updateDate":1478211708115},"table":{"tableSchema":{"name":null,"schemaName":null,"description":"","fields":[],"delim":null,"escape":null,"quote":null,"hiveRecordFormat":null},"sourceTableSchema":{"name":null,"schemaName":null,"description":"","fields":[],"delim":null,"escape":null,"quote":null,"hiveRecordFormat":null},"method":"MANUAL","description":"","fieldPolicies":[],"partitions":[],"tableType":null,"incrementalDateField":null,"sourceTableIncrementalDateField":null,"options":{"compress":false,"auditLogging":true,"encrypt":false,"trackHistory":false,"compressionFormat":null},"feedFormat":"ROW FORMAT SERDE 'org.apache.hadoop.hive.serde2.OpenCSVSerde' WITH SERDEPROPERTIES ( 'separatorChar' = ',' ,'escapeChar' = '\\' ,'quoteChar' = '\"') STORED AS TEXTFILE","targetFormat":null,"targetTblProperties":"","targetMergeStrategy":"DEDUPE_AND_MERGE","fieldPoliciesJson":"[]","fieldIndexString":"","partitionStructure":"","partitionSpecs":"","fieldStructure":"","fieldsString":"","sourceFields":"","existingTableName":null,"nullableFields":"","primaryKeyFields":""},"createDate":1478211649715,"updateDate":1478211649715,"dataTransformation":{"chartViewModel":null,"dataTransformScript":null,"sql":null,"states":[]},"active":true,"state":"ENABLED","nifiProcessGroupId":"2bd64da7-2b1f-1ef0-85a9-4b8b4156e8e6","options":{"skipHeader":false},"version":0,"versionName":"1.0","registeredTemplate":{"properties":[{"processGroupName":"NiFi Flow","processorName":"Query Hive Table Schema","processorId":"2bd64d86-2b1f-1ef0-0000-000000000000","processGroupId":"7c664aaf-3d33-447e-0000-000000000000","processorType":"org.apache.nifi.processors.standard.ExecuteSQL","key":"SQL select query","value":"SELECT d.NAME DATABASE_NAME, d.OWNER_NAME OWNER, t.CREATE_TIME, t.TBL_NAME, t.TBL_TYPE,\n    c.COLUMN_NAME, c.TYPE_NAME\n    FROM ${config.hive.schema}.COLUMNS_V2 c\n    JOIN ${config.hive.schema}.SDS s on s.CD_ID = c.CD_ID\n    JOIN  ${config.hive.schema}.TBLS t ON s.SD_ID=t.SD_ID\n    JOIN  ${config.hive.schema}.DBS d on d.DB_ID = t.DB_ID\n    where d.name = '${category}'and t.tbl_name = '${feed}';","templateValue":"SELECT d.NAME DATABASE_NAME, d.OWNER_NAME OWNER, t.CREATE_TIME, t.TBL_NAME, t.TBL_TYPE,\n    c.COLUMN_NAME, c.TYPE_NAME\n    FROM ${config.hive.schema}.COLUMNS_V2 c\n    JOIN ${config.hive.schema}.SDS s on s.CD_ID = c.CD_ID\n    JOIN  ${config.hive.schema}.TBLS t ON s.SD_ID=t.SD_ID\n    JOIN  ${config.hive.schema}.DBS d on d.DB_ID = t.DB_ID\n    where d.name = '${category}'and t.tbl_name = '${feed}';","userEditable":false,"expressionProperties":null,"propertyDescriptor":{"name":"SQL select query","displayName":null,"description":null,"defaultValue":null,"allowableValues":null,"required":null,"sensitive":null,"dynamic":null,"supportsEl":null,"identifiesControllerService":null},"renderType":"text","renderOptions":{},"selected":true,"inputProperty":false,"templateProperty":null,"idKey":"7c664aaf-3d33-447e-0000-000000000000-2bd64d86-2b1f-1ef0-0000-000000000000-SQL select query","nameKey":"NiFi Flow-Query Hive Table Schema-SQL select query"}],"nonInputProcessors":null,"inputProcessors":[{"type":"org.apache.nifi.processors.standard.GetJMSTopic","name":"Receive schema index request","id":"2bd64d8a-2b1f-1ef0-0000-000000000000","groupName":null,"groupId":"7c664aaf-3d33-447e-0000-000000000000","inputProcessor":true,"userDefinedInputProcessor":false,"properties":[]}],"id":"d8ca466a-8275-4e47-bc6f-1227c5d7c4f1","nifiTemplateId":"4d68fca3-fdf6-4981-838e-9283ec640e57","templateName":"Index Schema Service","updateDate":1478211649715,"createDate":1478211564366,"icon":"message","iconColor":"#80CBC4","description":"Global Schema Index Service","defineTable":false,"reusableTemplate":false,"reusableTemplateConnections":[],"allowPreconditions":false,"dataTransformation":false},"userProperties":[{"description":"Organizational unit","displayName":"Business Unit","order":0,"required":false,"systemName":"businessUnit","locked":true,"value":null}],"hadoopSecurityGroups":null,"hadoopAuthorizationType":null,"securityGroups":[],"categoryIconColor":"#FFCA28","categoryIcon":"cloud","categoryId":"41d37975-0a35-4d75-92a7-cbd4bd150823","systemCategoryName":"system","new":false,"categoryAndFeedDisplayName":"System.Index Schema Service","categoryName":"System","reusableFeed":false}