{"id":"f5e60482-1361-4fc0-9da9-4cfb46bf07c7","feedId":"f5e60482-1361-4fc0-9da9-4cfb46bf07c7","templateId":"c033f4cb-d9ac-4cc4-9b40-8191e7f93102","inputProcessorType":"org.apache.nifi.processors.standard.GetJMSTopic","templateName":"Index Schema Service","properties":[{"processGroupName":"index_schema_service","processorName":"Query Hive Table Schema","processorId":"2bd64d86-2b1f-1ef0-aa5f-4e388c01fe7d","processGroupId":"25400121-015b-1000-965c-f1702cae3b3e","processorType":"org.apache.nifi.processors.standard.ExecuteSQL","key":"SQL select query","value":"SELECT d.NAME DATABASE_NAME, d.OWNER_NAME OWNER, t.CREATE_TIME, t.TBL_NAME, t.TBL_TYPE,\n    c.COLUMN_NAME, c.TYPE_NAME\n    FROM ${config.hive.schema}.COLUMNS_V2 c\n    JOIN ${config.hive.schema}.SDS s on s.CD_ID = c.CD_ID\n    JOIN  ${config.hive.schema}.TBLS t ON s.SD_ID=t.SD_ID\n    JOIN  ${config.hive.schema}.DBS d on d.DB_ID = t.DB_ID\n    where d.name = '${category}'and t.tbl_name = '${feed}';","expressionProperties":null,"propertyDescriptor":{"name":"SQL select query","displayName":null,"description":null,"defaultValue":null,"allowableValues":null,"required":null,"sensitive":null,"dynamic":null,"supportsEl":null,"identifiesControllerService":null},"templateValue":"SELECT d.NAME DATABASE_NAME, d.OWNER_NAME OWNER, t.CREATE_TIME, t.TBL_NAME, t.TBL_TYPE,\n    c.COLUMN_NAME, c.TYPE_NAME\n    FROM ${config.hive.schema}.COLUMNS_V2 c\n    JOIN ${config.hive.schema}.SDS s on s.CD_ID = c.CD_ID\n    JOIN  ${config.hive.schema}.TBLS t ON s.SD_ID=t.SD_ID\n    JOIN  ${config.hive.schema}.DBS d on d.DB_ID = t.DB_ID\n    where d.name = '${category}'and t.tbl_name = '${feed}';","userEditable":false,"renderType":"text","renderOptions":{},"selected":true,"inputProperty":false,"containsConfigurationVariables":false,"sensitive":false,"required":false,"templateProperty":{"processGroupName":"NiFi Flow","processorName":"org.apache.nifi.processors.standard.ExecuteSQL","processorId":"2bd64d86-2b1f-1ef0-0000-000000000000","processGroupId":"7c664aaf-3d33-447e-0000-000000000000","processorType":null,"key":"SQL select query","value":"SELECT d.NAME DATABASE_NAME, d.OWNER_NAME OWNER, t.CREATE_TIME, t.TBL_NAME, t.TBL_TYPE,\n    c.COLUMN_NAME, c.TYPE_NAME\n    FROM ${config.hive.schema}.COLUMNS_V2 c\n    JOIN ${config.hive.schema}.SDS s on s.CD_ID = c.CD_ID\n    JOIN  ${config.hive.schema}.TBLS t ON s.SD_ID=t.SD_ID\n    JOIN  ${config.hive.schema}.DBS d on d.DB_ID = t.DB_ID\n    where d.name = '${category}'and t.tbl_name = '${feed}';","expressionProperties":null,"propertyDescriptor":{"name":"SQL select query","displayName":null,"description":null,"defaultValue":null,"allowableValues":null,"required":null,"sensitive":null,"dynamic":null,"supportsEl":null,"identifiesControllerService":null},"templateValue":"SELECT d.NAME DATABASE_NAME, d.OWNER_NAME OWNER, t.CREATE_TIME, t.TBL_NAME, t.TBL_TYPE,\n    c.COLUMN_NAME, c.TYPE_NAME\n    FROM ${config.hive.schema}.COLUMNS_V2 c\n    JOIN ${config.hive.schema}.SDS s on s.CD_ID = c.CD_ID\n    JOIN  ${config.hive.schema}.TBLS t ON s.SD_ID=t.SD_ID\n    JOIN  ${config.hive.schema}.DBS d on d.DB_ID = t.DB_ID\n    where d.name = '${category}'and t.tbl_name = '${feed}';","userEditable":false,"renderType":"text","renderOptions":null,"selected":true,"inputProperty":false,"containsConfigurationVariables":false,"sensitive":false,"required":false,"templateProperty":null,"nameKey":"NiFi Flow-org.apache.nifi.processors.standard.ExecuteSQL-SQL select query","processorNameTypeKey":"org.apache.nifi.processors.standard.ExecuteSQL-null-SQL select query","idKey":"7c664aaf-3d33-447e-0000-000000000000-2bd64d86-2b1f-1ef0-0000-000000000000-SQL select query"},"nameKey":"index_schema_service-Query Hive Table Schema-SQL select query","processorNameTypeKey":"Query Hive Table Schema-org.apache.nifi.processors.standard.ExecuteSQL-SQL select query","idKey":"25400121-015b-1000-965c-f1702cae3b3e-2bd64d86-2b1f-1ef0-aa5f-4e388c01fe7d-SQL select query"}],"schedule":{"schedulingPeriod":"1 sec","schedulingStrategy":"TIMER_DRIVEN","concurrentTasks":1,"preconditions":null},"feedName":"Index Schema Service","systemFeedName":"index_schema_service","description":null,"tags":[],"dataOwner":"","category":{"id":"95edcbc6-025f-4017-9dbe-669d44f5a15e","name":"System","systemName":"system","icon":"cloud","iconColor":"#FFCA28","description":"System Data","securityGroups":null,"userFields":null,"userProperties":null,"relatedFeeds":0,"createDate":1490829958393,"updateDate":1490978603702},"table":{"fieldStructure":"","existingTableName":null,"tableSchema":{"name":null,"description":"","charset":null,"properties":{},"fields":[],"schemaName":null,"databaseName":null,"id":"15536d0f-2c1e-4ebb-9e2e-be69dbc02505"},"sourceTableSchema":{"name":"NA","description":"","charset":null,"properties":{},"fields":[],"schemaName":null,"databaseName":null,"id":"9e16f185-426e-4e02-a2be-d28298a95bb4"},"feedTableSchema":null,"method":"MANUAL","description":"","fieldPolicies":[],"partitions":[],"tableType":null,"incrementalDateField":null,"sourceTableIncrementalDateField":null,"options":{"compress":false,"auditLogging":true,"encrypt":false,"trackHistory":false,"compressionFormat":null},"feedFormat":"ROW FORMAT SERDE 'org.apache.hadoop.hive.serde2.OpenCSVSerde' WITH SERDEPROPERTIES ( 'separatorChar' = ',' ,'escapeChar' = '\\' ,'quoteChar' = '\"') STORED AS TEXTFILE","targetFormat":null,"targetTblProperties":"","targetMergeStrategy":"DEDUPE_AND_MERGE","fieldPoliciesJson":"[]","fieldIndexString":"","partitionStructure":"","partitionSpecs":"","fieldsString":"","sourceFields":"NA","sourceFieldsCommaString":"NA","feedFieldStructure":"","nullableFields":"","primaryKeyFields":""},"createDate":1490978603702,"updateDate":1490978604043,"dataTransformation":{"chartViewModel":null,"dataTransformScript":null,"sql":null,"states":[]},"active":true,"state":"ENABLED","nifiProcessGroupId":"25400121-015b-1000-965c-f1702cae3b3e","options":{"skipHeader":false},"version":0,"versionName":null,"registeredTemplate":{"properties":[{"processGroupName":"NiFi Flow","processorName":"Query Hive Table Schema","processorId":"2bd64d86-2b1f-1ef0-0000-000000000000","processGroupId":"7c664aaf-3d33-447e-0000-000000000000","processorType":"org.apache.nifi.processors.standard.ExecuteSQL","key":"SQL select query","value":"SELECT d.NAME DATABASE_NAME, d.OWNER_NAME OWNER, t.CREATE_TIME, t.TBL_NAME, t.TBL_TYPE,\n    c.COLUMN_NAME, c.TYPE_NAME\n    FROM ${config.hive.schema}.COLUMNS_V2 c\n    JOIN ${config.hive.schema}.SDS s on s.CD_ID = c.CD_ID\n    JOIN  ${config.hive.schema}.TBLS t ON s.SD_ID=t.SD_ID\n    JOIN  ${config.hive.schema}.DBS d on d.DB_ID = t.DB_ID\n    where d.name = '${category}'and t.tbl_name = '${feed}';","expressionProperties":null,"propertyDescriptor":{"name":"SQL select query","displayName":null,"description":null,"defaultValue":null,"allowableValues":null,"required":null,"sensitive":null,"dynamic":null,"supportsEl":null,"identifiesControllerService":null},"templateValue":"SELECT d.NAME DATABASE_NAME, d.OWNER_NAME OWNER, t.CREATE_TIME, t.TBL_NAME, t.TBL_TYPE,\n    c.COLUMN_NAME, c.TYPE_NAME\n    FROM ${config.hive.schema}.COLUMNS_V2 c\n    JOIN ${config.hive.schema}.SDS s on s.CD_ID = c.CD_ID\n    JOIN  ${config.hive.schema}.TBLS t ON s.SD_ID=t.SD_ID\n    JOIN  ${config.hive.schema}.DBS d on d.DB_ID = t.DB_ID\n    where d.name = '${category}'and t.tbl_name = '${feed}';","userEditable":false,"renderType":"text","renderOptions":{},"selected":true,"inputProperty":false,"containsConfigurationVariables":false,"sensitive":false,"required":false,"templateProperty":null,"nameKey":"NiFi Flow-Query Hive Table Schema-SQL select query","processorNameTypeKey":"Query Hive Table Schema-org.apache.nifi.processors.standard.ExecuteSQL-SQL select query","idKey":"7c664aaf-3d33-447e-0000-000000000000-2bd64d86-2b1f-1ef0-0000-000000000000-SQL select query"}],"nonInputProcessors":[{"properties":[{"processGroupName":"NiFi Flow","processorName":"Query Hive Table Schema","processorId":"2bd64d86-2b1f-1ef0-0000-000000000000","processGroupId":"7c664aaf-3d33-447e-0000-000000000000","processorType":"org.apache.nifi.processors.standard.ExecuteSQL","key":"SQL select query","value":"SELECT d.NAME DATABASE_NAME, d.OWNER_NAME OWNER, t.CREATE_TIME, t.TBL_NAME, t.TBL_TYPE,\n    c.COLUMN_NAME, c.TYPE_NAME\n    FROM ${config.hive.schema}.COLUMNS_V2 c\n    JOIN ${config.hive.schema}.SDS s on s.CD_ID = c.CD_ID\n    JOIN  ${config.hive.schema}.TBLS t ON s.SD_ID=t.SD_ID\n    JOIN  ${config.hive.schema}.DBS d on d.DB_ID = t.DB_ID\n    where d.name = '${category}'and t.tbl_name = '${feed}';","expressionProperties":null,"propertyDescriptor":{"name":"SQL select query","displayName":null,"description":null,"defaultValue":null,"allowableValues":null,"required":null,"sensitive":null,"dynamic":null,"supportsEl":null,"identifiesControllerService":null},"templateValue":"SELECT d.NAME DATABASE_NAME, d.OWNER_NAME OWNER, t.CREATE_TIME, t.TBL_NAME, t.TBL_TYPE,\n    c.COLUMN_NAME, c.TYPE_NAME\n    FROM ${config.hive.schema}.COLUMNS_V2 c\n    JOIN ${config.hive.schema}.SDS s on s.CD_ID = c.CD_ID\n    JOIN  ${config.hive.schema}.TBLS t ON s.SD_ID=t.SD_ID\n    JOIN  ${config.hive.schema}.DBS d on d.DB_ID = t.DB_ID\n    where d.name = '${category}'and t.tbl_name = '${feed}';","userEditable":false,"renderType":"text","renderOptions":{},"selected":true,"inputProperty":false,"containsConfigurationVariables":false,"sensitive":false,"required":false,"templateProperty":null,"nameKey":"NiFi Flow-Query Hive Table Schema-SQL select query","processorNameTypeKey":"Query Hive Table Schema-org.apache.nifi.processors.standard.ExecuteSQL-SQL select query","idKey":"7c664aaf-3d33-447e-0000-000000000000-2bd64d86-2b1f-1ef0-0000-000000000000-SQL select query"}],"type":"org.apache.nifi.processors.standard.ExecuteSQL","name":"Query Hive Table Schema","id":"2bd64d86-2b1f-1ef0-0000-000000000000","groupName":"NiFi Flow","groupId":"7c664aaf-3d33-447e-0000-000000000000","inputProcessor":false,"userDefinedInputProcessor":false}],"inputProcessors":[{"properties":[],"type":"org.apache.nifi.jms.processors.ConsumeJMS","name":"Receive Schema Index Request","id":"764c577c-0159-1000-0000-000000000000","groupName":null,"groupId":"b2bbc157-0159-1000-0000-000000000000","inputProcessor":true,"userDefinedInputProcessor":false}],"id":"c033f4cb-d9ac-4cc4-9b40-8191e7f93102","nifiTemplateId":"e3bcdf5a-5ae2-455d-9e86-20f2873275a7","templateName":"Index Schema Service","updateDate":1490978603702,"createDate":1490829958188,"icon":"message","iconColor":"#80CBC4","description":"Global Schema Index Service","state":"ENABLED","defineTable":false,"reusableTemplate":false,"reusableTemplateConnections":[],"registeredDatasourceDefinitions":[],"order":1,"templateOrder":null,"feedsCount":1,"stream":false,"configurationProperties":[],"sensitiveProperties":[],"allowPreconditions":false,"dataTransformation":false,"isStream":false},"userProperties":[],"hadoopSecurityGroups":null,"hadoopAuthorizationType":null,"securityGroups":[],"usedByFeeds":[],"categoryIcon":"cloud","categoryId":"95edcbc6-025f-4017-9dbe-669d44f5a15e","configurationProperties":[],"categoryIconColor":"#FFCA28","new":false,"categoryAndFeedDisplayName":"System.Index Schema Service","categoryName":"System","sensitiveProperties":[],"systemCategoryName":"system","reusableFeed":false}