{"id":"7133a694-8c48-44cb-9838-4cf96d778f3d","feedId":"7133a694-8c48-44cb-9838-4cf96d778f3d","templateId":"2e0d55dd-f4c7-4b3c-b93d-85d448cfb756","inputProcessorType":"org.apache.nifi.processors.standard.GetJMSTopic","templateName":"Index Schema Service","properties":[{"processGroupName":"index_schema_service","processorName":"Query Hive Table Schema","processorId":"2bd64d86-2b1f-1ef0-0c90-97872496f5ec","processGroupId":"b2cbc5dc-0159-1000-ce9c-30b41b1dee08","processorType":"org.apache.nifi.processors.standard.ExecuteSQL","key":"SQL select query","value":"SELECT d.NAME DATABASE_NAME, d.OWNER_NAME OWNER, t.CREATE_TIME, t.TBL_NAME, t.TBL_TYPE,\n    c.COLUMN_NAME, c.TYPE_NAME\n    FROM hive.COLUMNS_V2 c\n    JOIN hive.SDS s on s.CD_ID = c.CD_ID\n    JOIN  hive.TBLS t ON s.SD_ID=t.SD_ID\n    JOIN  hive.DBS d on d.DB_ID = t.DB_ID\n    where d.name = '${category}'and t.tbl_name = '${feed}';","templateValue":"SELECT d.NAME DATABASE_NAME, d.OWNER_NAME OWNER, t.CREATE_TIME, t.TBL_NAME, t.TBL_TYPE,\n    c.COLUMN_NAME, c.TYPE_NAME\n    FROM ${config.hive.schema}.COLUMNS_V2 c\n    JOIN ${config.hive.schema}.SDS s on s.CD_ID = c.CD_ID\n    JOIN  ${config.hive.schema}.TBLS t ON s.SD_ID=t.SD_ID\n    JOIN  ${config.hive.schema}.DBS d on d.DB_ID = t.DB_ID\n    where d.name = '${category}'and t.tbl_name = '${feed}';","userEditable":false,"expressionProperties":null,"propertyDescriptor":{"name":"SQL select query","displayName":null,"description":null,"defaultValue":null,"allowableValues":null,"required":null,"sensitive":null,"dynamic":null,"supportsEl":null,"identifiesControllerService":null},"renderType":"text","renderOptions":{},"selected":true,"inputProperty":false,"templateProperty":{"processGroupName":"NiFi Flow","processorName":"org.apache.nifi.processors.standard.ExecuteSQL","processorId":"2bd64d86-2b1f-1ef0-0000-000000000000","processGroupId":"7c664aaf-3d33-447e-0000-000000000000","processorType":null,"key":"SQL select query","value":"SELECT d.NAME DATABASE_NAME, d.OWNER_NAME OWNER, t.CREATE_TIME, t.TBL_NAME, t.TBL_TYPE,\n    c.COLUMN_NAME, c.TYPE_NAME\n    FROM hive.COLUMNS_V2 c\n    JOIN hive.SDS s on s.CD_ID = c.CD_ID\n    JOIN  hive.TBLS t ON s.SD_ID=t.SD_ID\n    JOIN  hive.DBS d on d.DB_ID = t.DB_ID\n    where d.name = '${category}'and t.tbl_name = '${feed}';","templateValue":"SELECT d.NAME DATABASE_NAME, d.OWNER_NAME OWNER, t.CREATE_TIME, t.TBL_NAME, t.TBL_TYPE,\n    c.COLUMN_NAME, c.TYPE_NAME\n    FROM ${config.hive.schema}.COLUMNS_V2 c\n    JOIN ${config.hive.schema}.SDS s on s.CD_ID = c.CD_ID\n    JOIN  ${config.hive.schema}.TBLS t ON s.SD_ID=t.SD_ID\n    JOIN  ${config.hive.schema}.DBS d on d.DB_ID = t.DB_ID\n    where d.name = '${category}'and t.tbl_name = '${feed}';","userEditable":false,"expressionProperties":null,"propertyDescriptor":{"name":"SQL select query","displayName":null,"description":null,"defaultValue":null,"allowableValues":null,"required":null,"sensitive":null,"dynamic":null,"supportsEl":null,"identifiesControllerService":null},"renderType":"text","renderOptions":null,"selected":true,"inputProperty":false,"templateProperty":null,"idKey":"7c664aaf-3d33-447e-0000-000000000000-2bd64d86-2b1f-1ef0-0000-000000000000-SQL select query","nameKey":"NiFi Flow-org.apache.nifi.processors.standard.ExecuteSQL-SQL select query"},"idKey":"b2cbc5dc-0159-1000-ce9c-30b41b1dee08-2bd64d86-2b1f-1ef0-0c90-97872496f5ec-SQL select query","nameKey":"index_schema_service-Query Hive Table Schema-SQL select query"}],"schedule":{"schedulingPeriod":"1 sec","schedulingStrategy":"TIMER_DRIVEN","concurrentTasks":1,"preconditions":null},"feedName":"Index Schema Service","systemFeedName":"index_schema_service","tags":[],"dataOwner":"","category":{"id":"6461030f-0932-4271-81ac-fe3f50ca53b0","name":"System","systemName":"system","icon":"cloud","iconColor":"#FFCA28","description":"System Data","securityGroups":null,"userFields":null,"userProperties":null,"relatedFeeds":0,"createDate":1484763415645,"updateDate":1484763416858},"table":{"tableSchema":{"name":null,"description":"","charset":null,"properties":{},"fields":[],"schemaName":null,"databaseName":null,"id":"b5febd0f-31df-4f20-8cf1-c2ccfa0a543e"},"sourceTableSchema":{"name":"NA","description":"","charset":null,"properties":{},"fields":[],"schemaName":null,"databaseName":null,"id":"0a9fcd60-5557-48c5-ae01-51a1ab6fc71f"},"feedTableSchema":null,"method":"MANUAL","description":"","fieldPolicies":[],"partitions":[],"tableType":null,"incrementalDateField":null,"sourceTableIncrementalDateField":null,"options":{"compress":false,"auditLogging":true,"encrypt":false,"trackHistory":false,"compressionFormat":null},"feedFormat":"ROW FORMAT SERDE 'org.apache.hadoop.hive.serde2.OpenCSVSerde' WITH SERDEPROPERTIES ( 'separatorChar' = ',' ,'escapeChar' = '\\' ,'quoteChar' = '\"') STORED AS TEXTFILE","targetFormat":null,"targetTblProperties":"","targetMergeStrategy":"DEDUPE_AND_MERGE","fieldPoliciesJson":"[]","fieldIndexString":"","partitionStructure":"","partitionSpecs":"","fieldStructure":"","fieldsString":"","sourceFields":"NA","sourceFieldsCommaString":"NA","feedFieldStructure":"","existingTableName":null,"nullableFields":"","primaryKeyFields":""},"createDate":1484763416858,"updateDate":1484763417403,"dataTransformation":{"chartViewModel":null,"dataTransformScript":null,"sql":null,"states":[]},"active":true,"state":"ENABLED","nifiProcessGroupId":"b2cbc5dc-0159-1000-ce9c-30b41b1dee08","options":{"skipHeader":false},"version":0,"registeredTemplate":{"properties":[{"processGroupName":"NiFi Flow","processorName":"Query Hive Table Schema","processorId":"2bd64d86-2b1f-1ef0-0000-000000000000","processGroupId":"7c664aaf-3d33-447e-0000-000000000000","processorType":"org.apache.nifi.processors.standard.ExecuteSQL","key":"SQL select query","value":"SELECT d.NAME DATABASE_NAME, d.OWNER_NAME OWNER, t.CREATE_TIME, t.TBL_NAME, t.TBL_TYPE,\n    c.COLUMN_NAME, c.TYPE_NAME\n    FROM ${config.hive.schema}.COLUMNS_V2 c\n    JOIN ${config.hive.schema}.SDS s on s.CD_ID = c.CD_ID\n    JOIN  ${config.hive.schema}.TBLS t ON s.SD_ID=t.SD_ID\n    JOIN  ${config.hive.schema}.DBS d on d.DB_ID = t.DB_ID\n    where d.name = '${category}'and t.tbl_name = '${feed}';","templateValue":"SELECT d.NAME DATABASE_NAME, d.OWNER_NAME OWNER, t.CREATE_TIME, t.TBL_NAME, t.TBL_TYPE,\n    c.COLUMN_NAME, c.TYPE_NAME\n    FROM ${config.hive.schema}.COLUMNS_V2 c\n    JOIN ${config.hive.schema}.SDS s on s.CD_ID = c.CD_ID\n    JOIN  ${config.hive.schema}.TBLS t ON s.SD_ID=t.SD_ID\n    JOIN  ${config.hive.schema}.DBS d on d.DB_ID = t.DB_ID\n    where d.name = '${category}'and t.tbl_name = '${feed}';","userEditable":false,"expressionProperties":null,"propertyDescriptor":{"name":"SQL select query","displayName":null,"description":null,"defaultValue":null,"allowableValues":null,"required":null,"sensitive":null,"dynamic":null,"supportsEl":null,"identifiesControllerService":null},"renderType":"text","renderOptions":{},"selected":true,"inputProperty":false,"templateProperty":null,"idKey":"7c664aaf-3d33-447e-0000-000000000000-2bd64d86-2b1f-1ef0-0000-000000000000-SQL select query","nameKey":"NiFi Flow-Query Hive Table Schema-SQL select query"}],"nonInputProcessors":[{"type":"org.apache.nifi.processors.standard.ExecuteSQL","name":"Query Hive Table Schema","id":"2bd64d86-2b1f-1ef0-0000-000000000000","groupName":"NiFi Flow","groupId":"7c664aaf-3d33-447e-0000-000000000000","inputProcessor":false,"userDefinedInputProcessor":false,"properties":[{"processGroupName":"NiFi Flow","processorName":"Query Hive Table Schema","processorId":"2bd64d86-2b1f-1ef0-0000-000000000000","processGroupId":"7c664aaf-3d33-447e-0000-000000000000","processorType":"org.apache.nifi.processors.standard.ExecuteSQL","key":"SQL select query","value":"SELECT d.NAME DATABASE_NAME, d.OWNER_NAME OWNER, t.CREATE_TIME, t.TBL_NAME, t.TBL_TYPE,\n    c.COLUMN_NAME, c.TYPE_NAME\n    FROM ${config.hive.schema}.COLUMNS_V2 c\n    JOIN ${config.hive.schema}.SDS s on s.CD_ID = c.CD_ID\n    JOIN  ${config.hive.schema}.TBLS t ON s.SD_ID=t.SD_ID\n    JOIN  ${config.hive.schema}.DBS d on d.DB_ID = t.DB_ID\n    where d.name = '${category}'and t.tbl_name = '${feed}';","templateValue":"SELECT d.NAME DATABASE_NAME, d.OWNER_NAME OWNER, t.CREATE_TIME, t.TBL_NAME, t.TBL_TYPE,\n    c.COLUMN_NAME, c.TYPE_NAME\n    FROM ${config.hive.schema}.COLUMNS_V2 c\n    JOIN ${config.hive.schema}.SDS s on s.CD_ID = c.CD_ID\n    JOIN  ${config.hive.schema}.TBLS t ON s.SD_ID=t.SD_ID\n    JOIN  ${config.hive.schema}.DBS d on d.DB_ID = t.DB_ID\n    where d.name = '${category}'and t.tbl_name = '${feed}';","userEditable":false,"expressionProperties":null,"propertyDescriptor":{"name":"SQL select query","displayName":null,"description":null,"defaultValue":null,"allowableValues":null,"required":null,"sensitive":null,"dynamic":null,"supportsEl":null,"identifiesControllerService":null},"renderType":"text","renderOptions":{},"selected":true,"inputProperty":false,"templateProperty":null,"idKey":"7c664aaf-3d33-447e-0000-000000000000-2bd64d86-2b1f-1ef0-0000-000000000000-SQL select query","nameKey":"NiFi Flow-Query Hive Table Schema-SQL select query"}]}],"inputProcessors":[{"type":"org.apache.nifi.jms.processors.ConsumeJMS","name":"Receive Schema Index Request","id":"764c577c-0159-1000-0000-000000000000","groupName":null,"groupId":"22e95f53-0159-1000-0000-000000000000","inputProcessor":true,"userDefinedInputProcessor":false,"properties":[]}],"id":"2e0d55dd-f4c7-4b3c-b93d-85d448cfb756","nifiTemplateId":"3d6b4f17-5bf4-42fe-8dc6-7fcadc69feb0","templateName":"Index Schema Service","updateDate":1484763416858,"createDate":1484763415307,"icon":"message","iconColor":"#80CBC4","description":"Global Schema Index Service","state":"ENABLED","defineTable":false,"reusableTemplate":false,"reusableTemplateConnections":[],"registeredDatasourceDefinitions":[],"order":1,"templateOrder":null,"processorFlowTypesMap":{},"feedsCount":1,"stream":false,"allowPreconditions":false,"dataTransformation":false,"isStream":false},"userProperties":[],"securityGroups":[],"usedByFeeds":[],"categoryId":"6461030f-0932-4271-81ac-fe3f50ca53b0","categoryIcon":"cloud","categoryIconColor":"#FFCA28","new":false,"categoryAndFeedDisplayName":"System.Index Schema Service","categoryName":"System","systemCategoryName":"system","reusableFeed":false}