<?xml version="1.0" ?>
<template encoding-version="1.0">
  <description></description>
  <groupId>22e95f53-0159-1000-775b-aa058fd9dc3a</groupId>
  <name>Index Schema Service</name>
  <snippet>
    <connections>
      <id>2bd64d8c-2b1f-1ef0-0000-000000000000</id>
      <parentGroupId>22e95f53-0159-1000-0000-000000000000</parentGroupId>
      <backPressureDataSizeThreshold>0 MB</backPressureDataSizeThreshold>
      <backPressureObjectThreshold>0</backPressureObjectThreshold>
      <destination>
        <groupId>22e95f53-0159-1000-0000-000000000000</groupId>
        <id>2bd64d89-2b1f-1ef0-0000-000000000000</id>
        <type>PROCESSOR</type>
      </destination>
      <flowFileExpiration>0 sec</flowFileExpiration>
      <labelIndex>1</labelIndex>
      <name></name>
      <selectedRelationships>success</selectedRelationships>
      <source>
        <groupId>22e95f53-0159-1000-0000-000000000000</groupId>
        <id>2bd64d88-2b1f-1ef0-0000-000000000000</id>
        <type>PROCESSOR</type>
      </source>
      <zIndex>0</zIndex>
    </connections>
    <connections>
      <id>2bd64d8d-2b1f-1ef0-0000-000000000000</id>
      <parentGroupId>22e95f53-0159-1000-0000-000000000000</parentGroupId>
      <backPressureDataSizeThreshold>0 MB</backPressureDataSizeThreshold>
      <backPressureObjectThreshold>0</backPressureObjectThreshold>
      <destination>
        <groupId>22e95f53-0159-1000-0000-000000000000</groupId>
        <id>2bd64d88-2b1f-1ef0-0000-000000000000</id>
        <type>PROCESSOR</type>
      </destination>
      <flowFileExpiration>0 sec</flowFileExpiration>
      <labelIndex>1</labelIndex>
      <name></name>
      <selectedRelationships>success</selectedRelationships>
      <source>
        <groupId>22e95f53-0159-1000-0000-000000000000</groupId>
        <id>2bd64d87-2b1f-1ef0-0000-000000000000</id>
        <type>PROCESSOR</type>
      </source>
      <zIndex>0</zIndex>
    </connections>
    <connections>
      <id>2bd64d90-2b1f-1ef0-0000-000000000000</id>
      <parentGroupId>22e95f53-0159-1000-0000-000000000000</parentGroupId>
      <backPressureDataSizeThreshold>0 MB</backPressureDataSizeThreshold>
      <backPressureObjectThreshold>0</backPressureObjectThreshold>
      <destination>
        <groupId>22e95f53-0159-1000-0000-000000000000</groupId>
        <id>2bd64d87-2b1f-1ef0-0000-000000000000</id>
        <type>PROCESSOR</type>
      </destination>
      <flowFileExpiration>0 sec</flowFileExpiration>
      <labelIndex>1</labelIndex>
      <name></name>
      <selectedRelationships>success</selectedRelationships>
      <source>
        <groupId>22e95f53-0159-1000-0000-000000000000</groupId>
        <id>2bd64d86-2b1f-1ef0-0000-000000000000</id>
        <type>PROCESSOR</type>
      </source>
      <zIndex>0</zIndex>
    </connections>
    <connections>
      <id>764cff75-0159-1000-0000-000000000000</id>
      <parentGroupId>22e95f53-0159-1000-0000-000000000000</parentGroupId>
      <backPressureDataSizeThreshold>1 GB</backPressureDataSizeThreshold>
      <backPressureObjectThreshold>10000</backPressureObjectThreshold>
      <destination>
        <groupId>22e95f53-0159-1000-0000-000000000000</groupId>
        <id>764b9a62-0159-1000-0000-000000000000</id>
        <type>PROCESSOR</type>
      </destination>
      <flowFileExpiration>0 sec</flowFileExpiration>
      <labelIndex>1</labelIndex>
      <name></name>
      <selectedRelationships>success</selectedRelationships>
      <source>
        <groupId>22e95f53-0159-1000-0000-000000000000</groupId>
        <id>764c577c-0159-1000-0000-000000000000</id>
        <type>PROCESSOR</type>
      </source>
      <zIndex>0</zIndex>
    </connections>
    <connections>
      <id>764d14f1-0159-1000-0000-000000000000</id>
      <parentGroupId>22e95f53-0159-1000-0000-000000000000</parentGroupId>
      <backPressureDataSizeThreshold>1 GB</backPressureDataSizeThreshold>
      <backPressureObjectThreshold>10000</backPressureObjectThreshold>
      <destination>
        <groupId>22e95f53-0159-1000-0000-000000000000</groupId>
        <id>2bd64d86-2b1f-1ef0-0000-000000000000</id>
        <type>PROCESSOR</type>
      </destination>
      <flowFileExpiration>0 sec</flowFileExpiration>
      <labelIndex>1</labelIndex>
      <name></name>
      <selectedRelationships>matched</selectedRelationships>
      <source>
        <groupId>22e95f53-0159-1000-0000-000000000000</groupId>
        <id>764b9a62-0159-1000-0000-000000000000</id>
        <type>PROCESSOR</type>
      </source>
      <zIndex>0</zIndex>
    </connections>
    <controllerServices>
      <id>22eda3cd-0159-1000-0000-000000000000</id>
      <parentGroupId>22e95f53-0159-1000-0000-000000000000</parentGroupId>
      <comments></comments>
      <descriptors>
        <entry>
          <key>Database Connection URL</key>
          <value>
            <name>Database Connection URL</name>
          </value>
        </entry>
        <entry>
          <key>Database Driver Class Name</key>
          <value>
            <name>Database Driver Class Name</name>
          </value>
        </entry>
        <entry>
          <key>database-driver-locations</key>
          <value>
            <name>database-driver-locations</name>
          </value>
        </entry>
        <entry>
          <key>Database User</key>
          <value>
            <name>Database User</name>
          </value>
        </entry>
        <entry>
          <key>Password</key>
          <value>
            <name>Password</name>
          </value>
        </entry>
        <entry>
          <key>Max Wait Time</key>
          <value>
            <name>Max Wait Time</name>
          </value>
        </entry>
        <entry>
          <key>Max Total Connections</key>
          <value>
            <name>Max Total Connections</name>
          </value>
        </entry>
      </descriptors>
      <name>MySQL</name>
      <properties>
        <entry>
          <key>Database Connection URL</key>
          <value>jdbc:mysql://localhost</value>
        </entry>
        <entry>
          <key>Database Driver Class Name</key>
          <value>com.mysql.jdbc.Driver</value>
        </entry>
        <entry>
          <key>database-driver-locations</key>
          <value>file:///opt/nifi/mysql/mysql-connector-java-5.1.32.jar</value>
        </entry>
        <entry>
          <key>Database User</key>
          <value>root</value>
        </entry>
        <entry>
          <key>Password</key>
        </entry>
        <entry>
          <key>Max Wait Time</key>
          <value>500 millis</value>
        </entry>
        <entry>
          <key>Max Total Connections</key>
          <value>8</value>
        </entry>
      </properties>
      <state>ENABLED</state>
      <type>org.apache.nifi.dbcp.DBCPConnectionPool</type>
    </controllerServices>
    <controllerServices>
      <id>747122a8-0159-1000-0000-000000000000</id>
      <parentGroupId>22e95f53-0159-1000-0000-000000000000</parentGroupId>
      <comments></comments>
      <descriptors>
        <entry>
          <key>cf</key>
          <value>
            <name>cf</name>
          </value>
        </entry>
        <entry>
          <key>cflib</key>
          <value>
            <name>cflib</name>
          </value>
        </entry>
        <entry>
          <key>broker</key>
          <value>
            <name>broker</name>
          </value>
        </entry>
        <entry>
          <key>SSL Context Service</key>
          <value>
            <identifiesControllerService>org.apache.nifi.ssl.SSLContextService</identifiesControllerService>
            <name>SSL Context Service</name>
          </value>
        </entry>
      </descriptors>
      <name>JMSConnectionFactoryProvider</name>
      <properties>
        <entry>
          <key>cf</key>
          <value>org.apache.activemq.ActiveMQConnectionFactory</value>
        </entry>
        <entry>
          <key>cflib</key>
          <value>/opt/thinkbig/thinkbig-services/lib</value>
        </entry>
        <entry>
          <key>broker</key>
          <value>tcp://localhost:61616</value>
        </entry>
        <entry>
          <key>SSL Context Service</key>
        </entry>
      </properties>
      <state>ENABLED</state>
      <type>org.apache.nifi.jms.cf.JMSConnectionFactoryProvider</type>
    </controllerServices>
    <processors>
      <id>2bd64d86-2b1f-1ef0-0000-000000000000</id>
      <parentGroupId>22e95f53-0159-1000-0000-000000000000</parentGroupId>
      <position>
        <x>1072.40570643887</x>
        <y>0.0</y>
      </position>
      <config>
        <bulletinLevel>WARN</bulletinLevel>
        <comments></comments>
        <concurrentlySchedulableTaskCount>1</concurrentlySchedulableTaskCount>
        <descriptors>
          <entry>
            <key>Database Connection Pooling Service</key>
            <value>
              <identifiesControllerService>org.apache.nifi.dbcp.DBCPService</identifiesControllerService>
              <name>Database Connection Pooling Service</name>
            </value>
          </entry>
          <entry>
            <key>SQL select query</key>
            <value>
              <name>SQL select query</name>
            </value>
          </entry>
          <entry>
            <key>Max Wait Time</key>
            <value>
              <name>Max Wait Time</name>
            </value>
          </entry>
        </descriptors>
        <lossTolerant>false</lossTolerant>
        <penaltyDuration>30 sec</penaltyDuration>
        <properties>
          <entry>
            <key>Database Connection Pooling Service</key>
            <value>22eda3cd-0159-1000-0000-000000000000</value>
          </entry>
          <entry>
            <key>SQL select query</key>
            <value>SELECT d.NAME DATABASE_NAME, d.OWNER_NAME OWNER, t.CREATE_TIME, t.TBL_NAME, t.TBL_TYPE,
    c.COLUMN_NAME, c.TYPE_NAME
    FROM ${config.hive.schema}.COLUMNS_V2 c
    JOIN ${config.hive.schema}.SDS s on s.CD_ID = c.CD_ID
    JOIN  ${config.hive.schema}.TBLS t ON s.SD_ID=t.SD_ID
    JOIN  ${config.hive.schema}.DBS d on d.DB_ID = t.DB_ID
    where d.name = '${category}' and t.tbl_name = '${feed}';</value>
          </entry>
          <entry>
            <key>Max Wait Time</key>
            <value>0 seconds</value>
          </entry>
        </properties>
        <runDurationMillis>0</runDurationMillis>
        <schedulingPeriod>0 sec</schedulingPeriod>
        <schedulingStrategy>TIMER_DRIVEN</schedulingStrategy>
        <yieldDuration>1 sec</yieldDuration>
      </config>
      <name>Query Hive Table Schema</name>
      <relationships>
        <autoTerminate>true</autoTerminate>
        <name>failure</name>
      </relationships>
      <relationships>
        <autoTerminate>false</autoTerminate>
        <name>success</name>
      </relationships>
      <style></style>
      <type>org.apache.nifi.processors.standard.ExecuteSQL</type>
    </processors>
    <processors>
      <id>2bd64d87-2b1f-1ef0-0000-000000000000</id>
      <parentGroupId>22e95f53-0159-1000-0000-000000000000</parentGroupId>
      <position>
        <x>1072.727929229832</x>
        <y>207.48655757279357</y>
      </position>
      <config>
        <bulletinLevel>WARN</bulletinLevel>
        <comments></comments>
        <concurrentlySchedulableTaskCount>1</concurrentlySchedulableTaskCount>
        <descriptors>
          <entry>
            <key>JSON container options</key>
            <value>
              <name>JSON container options</name>
            </value>
          </entry>
          <entry>
            <key>Wrap Single Record</key>
            <value>
              <name>Wrap Single Record</name>
            </value>
          </entry>
          <entry>
            <key>Avro schema</key>
            <value>
              <name>Avro schema</name>
            </value>
          </entry>
        </descriptors>
        <lossTolerant>false</lossTolerant>
        <penaltyDuration>30 sec</penaltyDuration>
        <properties>
          <entry>
            <key>JSON container options</key>
            <value>array</value>
          </entry>
          <entry>
            <key>Wrap Single Record</key>
            <value>true</value>
          </entry>
          <entry>
            <key>Avro schema</key>
          </entry>
        </properties>
        <runDurationMillis>0</runDurationMillis>
        <schedulingPeriod>0 sec</schedulingPeriod>
        <schedulingStrategy>TIMER_DRIVEN</schedulingStrategy>
        <yieldDuration>1 sec</yieldDuration>
      </config>
      <name>Convert Metadata SQL to JSON</name>
      <relationships>
        <autoTerminate>true</autoTerminate>
        <name>failure</name>
      </relationships>
      <relationships>
        <autoTerminate>false</autoTerminate>
        <name>success</name>
      </relationships>
      <style></style>
      <type>org.apache.nifi.processors.avro.ConvertAvroToJSON</type>
    </processors>
    <processors>
      <id>2bd64d88-2b1f-1ef0-0000-000000000000</id>
      <parentGroupId>22e95f53-0159-1000-0000-000000000000</parentGroupId>
      <position>
        <x>1079.4888696799092</x>
        <y>400.5004678634591</y>
      </position>
      <config>
        <bulletinLevel>WARN</bulletinLevel>
        <comments></comments>
        <concurrentlySchedulableTaskCount>1</concurrentlySchedulableTaskCount>
        <descriptors>
          <entry>
            <key>Database Name Field</key>
            <value>
              <name>Database Name Field</name>
            </value>
          </entry>
          <entry>
            <key>Database Owner Field</key>
            <value>
              <name>Database Owner Field</name>
            </value>
          </entry>
          <entry>
            <key>Table Create Time Field</key>
            <value>
              <name>Table Create Time Field</name>
            </value>
          </entry>
          <entry>
            <key>Table Name Field</key>
            <value>
              <name>Table Name Field</name>
            </value>
          </entry>
          <entry>
            <key>Table Type Field</key>
            <value>
              <name>Table Type Field</name>
            </value>
          </entry>
          <entry>
            <key>Column Name Field</key>
            <value>
              <name>Column Name Field</name>
            </value>
          </entry>
          <entry>
            <key>Column Type Field</key>
            <value>
              <name>Column Type Field</name>
            </value>
          </entry>
        </descriptors>
        <lossTolerant>false</lossTolerant>
        <penaltyDuration>30 sec</penaltyDuration>
        <properties>
          <entry>
            <key>Database Name Field</key>
            <value>NAME</value>
          </entry>
          <entry>
            <key>Database Owner Field</key>
            <value>OWNER_NAME</value>
          </entry>
          <entry>
            <key>Table Create Time Field</key>
            <value>CREATE_TIME</value>
          </entry>
          <entry>
            <key>Table Name Field</key>
            <value>TBL_NAME</value>
          </entry>
          <entry>
            <key>Table Type Field</key>
            <value>TBL_TYPE</value>
          </entry>
          <entry>
            <key>Column Name Field</key>
            <value>COLUMN_NAME</value>
          </entry>
          <entry>
            <key>Column Type Field</key>
            <value>TYPE_NAME</value>
          </entry>
        </properties>
        <runDurationMillis>0</runDurationMillis>
        <schedulingPeriod>0 sec</schedulingPeriod>
        <schedulingStrategy>TIMER_DRIVEN</schedulingStrategy>
        <yieldDuration>1 sec</yieldDuration>
      </config>
      <name>Merge Metadata Columns</name>
      <relationships>
        <autoTerminate>true</autoTerminate>
        <name>failure</name>
      </relationships>
      <relationships>
        <autoTerminate>false</autoTerminate>
        <name>success</name>
      </relationships>
      <style></style>
      <type>com.thinkbiganalytics.nifi.v2.elasticsearch.MergeHiveTableMetadata</type>
    </processors>
    <processors>
      <id>2bd64d89-2b1f-1ef0-0000-000000000000</id>
      <parentGroupId>22e95f53-0159-1000-0000-000000000000</parentGroupId>
      <position>
        <x>1082.9453032579815</x>
        <y>596.4545839511952</y>
      </position>
      <config>
        <bulletinLevel>WARN</bulletinLevel>
        <comments></comments>
        <concurrentlySchedulableTaskCount>1</concurrentlySchedulableTaskCount>
        <descriptors>
          <entry>
            <key>IndexName</key>
            <value>
              <name>IndexName</name>
            </value>
          </entry>
          <entry>
            <key>Type</key>
            <value>
              <name>Type</name>
            </value>
          </entry>
          <entry>
            <key>HostName</key>
            <value>
              <name>HostName</name>
            </value>
          </entry>
          <entry>
            <key>ClusterName</key>
            <value>
              <name>ClusterName</name>
            </value>
          </entry>
          <entry>
            <key>IdField</key>
            <value>
              <name>IdField</name>
            </value>
          </entry>
        </descriptors>
        <lossTolerant>false</lossTolerant>
        <penaltyDuration>30 sec</penaltyDuration>
        <properties>
          <entry>
            <key>IndexName</key>
            <value>metadata</value>
          </entry>
          <entry>
            <key>Type</key>
            <value>hive-tables</value>
          </entry>
          <entry>
            <key>HostName</key>
            <value>localhost</value>
          </entry>
          <entry>
            <key>ClusterName</key>
            <value>demo-cluster</value>
          </entry>
          <entry>
            <key>IdField</key>
          </entry>
        </properties>
        <runDurationMillis>0</runDurationMillis>
        <schedulingPeriod>0 sec</schedulingPeriod>
        <schedulingStrategy>TIMER_DRIVEN</schedulingStrategy>
        <yieldDuration>1 sec</yieldDuration>
      </config>
      <name>Index Metadata Elasticsearch</name>
      <relationships>
        <autoTerminate>true</autoTerminate>
        <name>failure</name>
      </relationships>
      <relationships>
        <autoTerminate>true</autoTerminate>
        <name>success</name>
      </relationships>
      <style></style>
      <type>com.thinkbiganalytics.nifi.v2.elasticsearch.IndexElasticSearch</type>
    </processors>
    <processors>
      <id>764b9a62-0159-1000-0000-000000000000</id>
      <parentGroupId>22e95f53-0159-1000-0000-000000000000</parentGroupId>
      <position>
        <x>524.4655650116291</x>
        <y>8.844667433116228</y>
      </position>
      <config>
        <bulletinLevel>WARN</bulletinLevel>
        <comments></comments>
        <concurrentlySchedulableTaskCount>1</concurrentlySchedulableTaskCount>
        <descriptors>
          <entry>
            <key>Destination</key>
            <value>
              <name>Destination</name>
            </value>
          </entry>
          <entry>
            <key>Return Type</key>
            <value>
              <name>Return Type</name>
            </value>
          </entry>
          <entry>
            <key>Path Not Found Behavior</key>
            <value>
              <name>Path Not Found Behavior</name>
            </value>
          </entry>
          <entry>
            <key>Null Value Representation</key>
            <value>
              <name>Null Value Representation</name>
            </value>
          </entry>
          <entry>
            <key>category</key>
            <value>
              <name>category</name>
            </value>
          </entry>
          <entry>
            <key>feed</key>
            <value>
              <name>feed</name>
            </value>
          </entry>
        </descriptors>
        <lossTolerant>false</lossTolerant>
        <penaltyDuration>30 sec</penaltyDuration>
        <properties>
          <entry>
            <key>Destination</key>
            <value>flowfile-attribute</value>
          </entry>
          <entry>
            <key>Return Type</key>
            <value>auto-detect</value>
          </entry>
          <entry>
            <key>Path Not Found Behavior</key>
            <value>warn</value>
          </entry>
          <entry>
            <key>Null Value Representation</key>
            <value>empty string</value>
          </entry>
          <entry>
            <key>category</key>
            <value>$.category</value>
          </entry>
          <entry>
            <key>feed</key>
            <value>$.feed</value>
          </entry>
        </properties>
        <runDurationMillis>0</runDurationMillis>
        <schedulingPeriod>0 sec</schedulingPeriod>
        <schedulingStrategy>TIMER_DRIVEN</schedulingStrategy>
        <yieldDuration>1 sec</yieldDuration>
      </config>
      <name>Extract Request Parameters</name>
      <relationships>
        <autoTerminate>true</autoTerminate>
        <name>failure</name>
      </relationships>
      <relationships>
        <autoTerminate>false</autoTerminate>
        <name>matched</name>
      </relationships>
      <relationships>
        <autoTerminate>true</autoTerminate>
        <name>unmatched</name>
      </relationships>
      <style></style>
      <type>org.apache.nifi.processors.standard.EvaluateJsonPath</type>
    </processors>
    <processors>
      <id>764c577c-0159-1000-0000-000000000000</id>
      <parentGroupId>22e95f53-0159-1000-0000-000000000000</parentGroupId>
      <position>
        <x>0.0</x>
        <y>10.396184333266774</y>
      </position>
      <config>
        <bulletinLevel>WARN</bulletinLevel>
        <comments></comments>
        <concurrentlySchedulableTaskCount>1</concurrentlySchedulableTaskCount>
        <descriptors>
          <entry>
            <key>User Name</key>
            <value>
              <name>User Name</name>
            </value>
          </entry>
          <entry>
            <key>Password</key>
            <value>
              <name>Password</name>
            </value>
          </entry>
          <entry>
            <key>Destination Name</key>
            <value>
              <name>Destination Name</name>
            </value>
          </entry>
          <entry>
            <key>Destination Type</key>
            <value>
              <name>Destination Type</name>
            </value>
          </entry>
          <entry>
            <key>Session Cache size</key>
            <value>
              <name>Session Cache size</name>
            </value>
          </entry>
          <entry>
            <key>Connection Factory Service</key>
            <value>
              <identifiesControllerService>org.apache.nifi.jms.cf.JMSConnectionFactoryProviderDefinition</identifiesControllerService>
              <name>Connection Factory Service</name>
            </value>
          </entry>
        </descriptors>
        <lossTolerant>false</lossTolerant>
        <penaltyDuration>30 sec</penaltyDuration>
        <properties>
          <entry>
            <key>User Name</key>
          </entry>
          <entry>
            <key>Password</key>
          </entry>
          <entry>
            <key>Destination Name</key>
            <value>thinkbig.nifi.index.registration</value>
          </entry>
          <entry>
            <key>Destination Type</key>
            <value>QUEUE</value>
          </entry>
          <entry>
            <key>Session Cache size</key>
            <value>1</value>
          </entry>
          <entry>
            <key>Connection Factory Service</key>
            <value>747122a8-0159-1000-0000-000000000000</value>
          </entry>
        </properties>
        <runDurationMillis>0</runDurationMillis>
        <schedulingPeriod>0 sec</schedulingPeriod>
        <schedulingStrategy>TIMER_DRIVEN</schedulingStrategy>
        <yieldDuration>1 sec</yieldDuration>
      </config>
      <name>Receive Schema Index Request</name>
      <relationships>
        <autoTerminate>false</autoTerminate>
        <name>success</name>
      </relationships>
      <style></style>
      <type>org.apache.nifi.jms.processors.ConsumeJMS</type>
    </processors>
  </snippet>
  <timestamp>01/07/2017 00:22:41 UTC</timestamp>
</template>