<?xml version="1.0" ?>
<template encoding-version="1.0">
  <description></description>
  <groupId>7c664aaf-3d33-447e-89d1-457b0feb68e9</groupId>
  <name>Index Schema Service</name>
  <snippet>
    <connections>
      <id>2bd64d8c-2b1f-1ef0-0000-000000000000</id>
      <parentGroupId>7c664aaf-3d33-447e-0000-000000000000</parentGroupId>
      <backPressureDataSizeThreshold>0 MB</backPressureDataSizeThreshold>
      <backPressureObjectThreshold>0</backPressureObjectThreshold>
      <destination>
        <groupId>7c664aaf-3d33-447e-0000-000000000000</groupId>
        <id>2bd64d89-2b1f-1ef0-0000-000000000000</id>
        <type>PROCESSOR</type>
      </destination>
      <flowFileExpiration>0 sec</flowFileExpiration>
      <labelIndex>1</labelIndex>
      <name></name>
      <selectedRelationships>success</selectedRelationships>
      <source>
        <groupId>7c664aaf-3d33-447e-0000-000000000000</groupId>
        <id>2bd64d88-2b1f-1ef0-0000-000000000000</id>
        <type>PROCESSOR</type>
      </source>
      <zIndex>0</zIndex>
    </connections>
    <connections>
      <id>2bd64d8d-2b1f-1ef0-0000-000000000000</id>
      <parentGroupId>7c664aaf-3d33-447e-0000-000000000000</parentGroupId>
      <backPressureDataSizeThreshold>0 MB</backPressureDataSizeThreshold>
      <backPressureObjectThreshold>0</backPressureObjectThreshold>
      <destination>
        <groupId>7c664aaf-3d33-447e-0000-000000000000</groupId>
        <id>2bd64d88-2b1f-1ef0-0000-000000000000</id>
        <type>PROCESSOR</type>
      </destination>
      <flowFileExpiration>0 sec</flowFileExpiration>
      <labelIndex>1</labelIndex>
      <name></name>
      <selectedRelationships>success</selectedRelationships>
      <source>
        <groupId>7c664aaf-3d33-447e-0000-000000000000</groupId>
        <id>2bd64d87-2b1f-1ef0-0000-000000000000</id>
        <type>PROCESSOR</type>
      </source>
      <zIndex>0</zIndex>
    </connections>
    <connections>
      <id>2bd64d8e-2b1f-1ef0-0000-000000000000</id>
      <parentGroupId>7c664aaf-3d33-447e-0000-000000000000</parentGroupId>
      <backPressureDataSizeThreshold>1 GB</backPressureDataSizeThreshold>
      <backPressureObjectThreshold>10000</backPressureObjectThreshold>
      <destination>
        <groupId>7c664aaf-3d33-447e-0000-000000000000</groupId>
        <id>2bd64d8b-2b1f-1ef0-0000-000000000000</id>
        <type>PROCESSOR</type>
      </destination>
      <flowFileExpiration>0 sec</flowFileExpiration>
      <labelIndex>1</labelIndex>
      <name></name>
      <selectedRelationships>success</selectedRelationships>
      <source>
        <groupId>7c664aaf-3d33-447e-0000-000000000000</groupId>
        <id>2bd64d8a-2b1f-1ef0-0000-000000000000</id>
        <type>PROCESSOR</type>
      </source>
      <zIndex>0</zIndex>
    </connections>
    <connections>
      <id>2bd64d8f-2b1f-1ef0-0000-000000000000</id>
      <parentGroupId>7c664aaf-3d33-447e-0000-000000000000</parentGroupId>
      <backPressureDataSizeThreshold>1 GB</backPressureDataSizeThreshold>
      <backPressureObjectThreshold>10000</backPressureObjectThreshold>
      <destination>
        <groupId>7c664aaf-3d33-447e-0000-000000000000</groupId>
        <id>2bd64d86-2b1f-1ef0-0000-000000000000</id>
        <type>PROCESSOR</type>
      </destination>
      <flowFileExpiration>0 sec</flowFileExpiration>
      <labelIndex>1</labelIndex>
      <name></name>
      <selectedRelationships>success</selectedRelationships>
      <source>
        <groupId>7c664aaf-3d33-447e-0000-000000000000</groupId>
        <id>2bd64d8b-2b1f-1ef0-0000-000000000000</id>
        <type>PROCESSOR</type>
      </source>
      <zIndex>0</zIndex>
    </connections>
    <connections>
      <id>2bd64d90-2b1f-1ef0-0000-000000000000</id>
      <parentGroupId>7c664aaf-3d33-447e-0000-000000000000</parentGroupId>
      <backPressureDataSizeThreshold>0 MB</backPressureDataSizeThreshold>
      <backPressureObjectThreshold>0</backPressureObjectThreshold>
      <destination>
        <groupId>7c664aaf-3d33-447e-0000-000000000000</groupId>
        <id>2bd64d87-2b1f-1ef0-0000-000000000000</id>
        <type>PROCESSOR</type>
      </destination>
      <flowFileExpiration>0 sec</flowFileExpiration>
      <labelIndex>1</labelIndex>
      <name></name>
      <selectedRelationships>success</selectedRelationships>
      <source>
        <groupId>7c664aaf-3d33-447e-0000-000000000000</groupId>
        <id>2bd64d86-2b1f-1ef0-0000-000000000000</id>
        <type>PROCESSOR</type>
      </source>
      <zIndex>0</zIndex>
    </connections>
    <controllerServices>
      <id>0478ba50-0158-1000-0000-000000000000</id>
      <parentGroupId>7c664aaf-3d33-447e-0000-000000000000</parentGroupId>
      <comments></comments>
      <descriptors>
        <entry>
          <key>Database Connection URL</key>
          <value>
            <name>Database Connection URL</name>
          </value>
        </entry>
        <entry>
          <key>Max Wait Time</key>
          <value>
            <name>Max Wait Time</name>
          </value>
        </entry>
        <entry>
          <key>Database Driver Class Name</key>
          <value>
            <name>Database Driver Class Name</name>
          </value>
        </entry>
        <entry>
          <key>Database User</key>
          <value>
            <name>Database User</name>
          </value>
        </entry>
        <entry>
          <key>database-driver-locations</key>
          <value>
            <name>database-driver-locations</name>
          </value>
        </entry>
        <entry>
          <key>Max Total Connections</key>
          <value>
            <name>Max Total Connections</name>
          </value>
        </entry>
        <entry>
          <key>Password</key>
          <value>
            <name>Password</name>
          </value>
        </entry>
      </descriptors>
      <name>MySQL</name>
      <properties>
        <entry>
          <key>Database Connection URL</key>
          <value>jdbc:mysql://localhost</value>
        </entry>
        <entry>
          <key>Max Wait Time</key>
          <value>500 millis</value>
        </entry>
        <entry>
          <key>Database Driver Class Name</key>
          <value>com.mysql.jdbc.Driver</value>
        </entry>
        <entry>
          <key>Database User</key>
          <value>root</value>
        </entry>
        <entry>
          <key>database-driver-locations</key>
          <value>file:///opt/nifi/mysql/mysql-connector-java-5.1.32.jar</value>
        </entry>
        <entry>
          <key>Max Total Connections</key>
          <value>8</value>
        </entry>
        <entry>
          <key>Password</key>
        </entry>
      </properties>
      <state>ENABLED</state>
      <type>org.apache.nifi.dbcp.DBCPConnectionPool</type>
    </controllerServices>
    <processors>
      <id>2bd64d86-2b1f-1ef0-0000-000000000000</id>
      <parentGroupId>7c664aaf-3d33-447e-0000-000000000000</parentGroupId>
      <position>
        <x>1176.3678845315433</x>
        <y>6.672235339179679</y>
      </position>
      <config>
        <bulletinLevel>WARN</bulletinLevel>
        <comments></comments>
        <concurrentlySchedulableTaskCount>1</concurrentlySchedulableTaskCount>
        <descriptors>
          <entry>
            <key>SQL select query</key>
            <value>
              <name>SQL select query</name>
            </value>
          </entry>
          <entry>
            <key>Max Wait Time</key>
            <value>
              <name>Max Wait Time</name>
            </value>
          </entry>
          <entry>
            <key>Database Connection Pooling Service</key>
            <value>
              <identifiesControllerService>org.apache.nifi.dbcp.DBCPService</identifiesControllerService>
              <name>Database Connection Pooling Service</name>
            </value>
          </entry>
        </descriptors>
        <lossTolerant>false</lossTolerant>
        <penaltyDuration>30 sec</penaltyDuration>
        <properties>
          <entry>
            <key>SQL select query</key>
            <value>SELECT d.NAME DATABASE_NAME, d.OWNER_NAME OWNER, t.CREATE_TIME, t.TBL_NAME, t.TBL_TYPE,
    c.COLUMN_NAME, c.TYPE_NAME
    FROM ${config.hive.schema}.COLUMNS_V2 c
    JOIN ${config.hive.schema}.SDS s on s.CD_ID = c.CD_ID
    JOIN  ${config.hive.schema}.TBLS t ON s.SD_ID=t.SD_ID
    JOIN  ${config.hive.schema}.DBS d on d.DB_ID = t.DB_ID
    where d.name = '${category}'and t.tbl_name = '${feed}';</value>
          </entry>
          <entry>
            <key>Max Wait Time</key>
            <value>0 seconds</value>
          </entry>
          <entry>
            <key>Database Connection Pooling Service</key>
            <value>0478ba50-0158-1000-0000-000000000000</value>
          </entry>
        </properties>
        <runDurationMillis>0</runDurationMillis>
        <schedulingPeriod>0 sec</schedulingPeriod>
        <schedulingStrategy>TIMER_DRIVEN</schedulingStrategy>
        <yieldDuration>1 sec</yieldDuration>
      </config>
      <name>Query Hive Table Schema</name>
      <relationships>
        <autoTerminate>true</autoTerminate>
        <name>failure</name>
      </relationships>
      <relationships>
        <autoTerminate>false</autoTerminate>
        <name>success</name>
      </relationships>
      <style></style>
      <type>org.apache.nifi.processors.standard.ExecuteSQL</type>
    </processors>
    <processors>
      <id>2bd64d87-2b1f-1ef0-0000-000000000000</id>
      <parentGroupId>7c664aaf-3d33-447e-0000-000000000000</parentGroupId>
      <position>
        <x>1176.6901073225051</x>
        <y>214.15879291197325</y>
      </position>
      <config>
        <bulletinLevel>WARN</bulletinLevel>
        <comments></comments>
        <concurrentlySchedulableTaskCount>1</concurrentlySchedulableTaskCount>
        <descriptors>
          <entry>
            <key>JSON container options</key>
            <value>
              <name>JSON container options</name>
            </value>
          </entry>
          <entry>
            <key>Wrap Single Record</key>
            <value>
              <name>Wrap Single Record</name>
            </value>
          </entry>
          <entry>
            <key>Avro schema</key>
            <value>
              <name>Avro schema</name>
            </value>
          </entry>
        </descriptors>
        <lossTolerant>false</lossTolerant>
        <penaltyDuration>30 sec</penaltyDuration>
        <properties>
          <entry>
            <key>JSON container options</key>
            <value>array</value>
          </entry>
          <entry>
            <key>Wrap Single Record</key>
            <value>true</value>
          </entry>
          <entry>
            <key>Avro schema</key>
          </entry>
        </properties>
        <runDurationMillis>0</runDurationMillis>
        <schedulingPeriod>0 sec</schedulingPeriod>
        <schedulingStrategy>TIMER_DRIVEN</schedulingStrategy>
        <yieldDuration>1 sec</yieldDuration>
      </config>
      <name>Convert Metadata SQL to JSON</name>
      <relationships>
        <autoTerminate>true</autoTerminate>
        <name>failure</name>
      </relationships>
      <relationships>
        <autoTerminate>false</autoTerminate>
        <name>success</name>
      </relationships>
      <style></style>
      <type>org.apache.nifi.processors.avro.ConvertAvroToJSON</type>
    </processors>
    <processors>
      <id>2bd64d88-2b1f-1ef0-0000-000000000000</id>
      <parentGroupId>7c664aaf-3d33-447e-0000-000000000000</parentGroupId>
      <position>
        <x>1183.4510477725823</x>
        <y>407.1727032026388</y>
      </position>
      <config>
        <bulletinLevel>WARN</bulletinLevel>
        <comments></comments>
        <concurrentlySchedulableTaskCount>1</concurrentlySchedulableTaskCount>
        <descriptors>
          <entry>
            <key>Table Name Field</key>
            <value>
              <name>Table Name Field</name>
            </value>
          </entry>
          <entry>
            <key>Column Type Field</key>
            <value>
              <name>Column Type Field</name>
            </value>
          </entry>
          <entry>
            <key>Table Create Time Field</key>
            <value>
              <name>Table Create Time Field</name>
            </value>
          </entry>
          <entry>
            <key>Database Name Field</key>
            <value>
              <name>Database Name Field</name>
            </value>
          </entry>
          <entry>
            <key>Table Type Field</key>
            <value>
              <name>Table Type Field</name>
            </value>
          </entry>
          <entry>
            <key>Column Name Field</key>
            <value>
              <name>Column Name Field</name>
            </value>
          </entry>
          <entry>
            <key>Database Owner Field</key>
            <value>
              <name>Database Owner Field</name>
            </value>
          </entry>
        </descriptors>
        <lossTolerant>false</lossTolerant>
        <penaltyDuration>30 sec</penaltyDuration>
        <properties>
          <entry>
            <key>Table Name Field</key>
            <value>TBL_NAME</value>
          </entry>
          <entry>
            <key>Column Type Field</key>
            <value>TYPE_NAME</value>
          </entry>
          <entry>
            <key>Table Create Time Field</key>
            <value>CREATE_TIME</value>
          </entry>
          <entry>
            <key>Database Name Field</key>
            <value>NAME</value>
          </entry>
          <entry>
            <key>Table Type Field</key>
            <value>TBL_TYPE</value>
          </entry>
          <entry>
            <key>Column Name Field</key>
            <value>COLUMN_NAME</value>
          </entry>
          <entry>
            <key>Database Owner Field</key>
            <value>OWNER_NAME</value>
          </entry>
        </properties>
        <runDurationMillis>0</runDurationMillis>
        <schedulingPeriod>0 sec</schedulingPeriod>
        <schedulingStrategy>TIMER_DRIVEN</schedulingStrategy>
        <yieldDuration>1 sec</yieldDuration>
      </config>
      <name>Merge Metadata Columns</name>
      <relationships>
        <autoTerminate>true</autoTerminate>
        <name>failure</name>
      </relationships>
      <relationships>
        <autoTerminate>false</autoTerminate>
        <name>success</name>
      </relationships>
      <style></style>
      <type>com.thinkbiganalytics.nifi.v2.elasticsearch.MergeHiveTableMetadata</type>
    </processors>
    <processors>
      <id>2bd64d89-2b1f-1ef0-0000-000000000000</id>
      <parentGroupId>7c664aaf-3d33-447e-0000-000000000000</parentGroupId>
      <position>
        <x>1186.9074813506547</x>
        <y>603.1268192903749</y>
      </position>
      <config>
        <bulletinLevel>WARN</bulletinLevel>
        <comments></comments>
        <concurrentlySchedulableTaskCount>1</concurrentlySchedulableTaskCount>
        <descriptors>
          <entry>
            <key>IndexName</key>
            <value>
              <name>IndexName</name>
            </value>
          </entry>
          <entry>
            <key>Type</key>
            <value>
              <name>Type</name>
            </value>
          </entry>
          <entry>
            <key>IdField</key>
            <value>
              <name>IdField</name>
            </value>
          </entry>
          <entry>
            <key>ClusterName</key>
            <value>
              <name>ClusterName</name>
            </value>
          </entry>
          <entry>
            <key>HostName</key>
            <value>
              <name>HostName</name>
            </value>
          </entry>
        </descriptors>
        <lossTolerant>false</lossTolerant>
        <penaltyDuration>30 sec</penaltyDuration>
        <properties>
          <entry>
            <key>IndexName</key>
            <value>metadata</value>
          </entry>
          <entry>
            <key>Type</key>
            <value>hive-tables</value>
          </entry>
          <entry>
            <key>IdField</key>
          </entry>
          <entry>
            <key>ClusterName</key>
            <value>demo-cluster</value>
          </entry>
          <entry>
            <key>HostName</key>
            <value>localhost</value>
          </entry>
        </properties>
        <runDurationMillis>0</runDurationMillis>
        <schedulingPeriod>0 sec</schedulingPeriod>
        <schedulingStrategy>TIMER_DRIVEN</schedulingStrategy>
        <yieldDuration>1 sec</yieldDuration>
      </config>
      <name>Index Metadata Elasticsearch</name>
      <relationships>
        <autoTerminate>true</autoTerminate>
        <name>failure</name>
      </relationships>
      <relationships>
        <autoTerminate>true</autoTerminate>
        <name>success</name>
      </relationships>
      <style></style>
      <type>com.thinkbiganalytics.nifi.v2.elasticsearch.IndexElasticSearch</type>
    </processors>
    <processors>
      <id>2bd64d8a-2b1f-1ef0-0000-000000000000</id>
      <parentGroupId>7c664aaf-3d33-447e-0000-000000000000</parentGroupId>
      <position>
        <x>0.0</x>
        <y>0.0</y>
      </position>
      <config>
        <bulletinLevel>WARN</bulletinLevel>
        <comments></comments>
        <concurrentlySchedulableTaskCount>1</concurrentlySchedulableTaskCount>
        <descriptors>
          <entry>
            <key>Copy JMS Properties to Attributes</key>
            <value>
              <name>Copy JMS Properties to Attributes</name>
            </value>
          </entry>
          <entry>
            <key>Destination Name</key>
            <value>
              <name>Destination Name</name>
            </value>
          </entry>
          <entry>
            <key>URL</key>
            <value>
              <name>URL</name>
            </value>
          </entry>
          <entry>
            <key>Message Selector</key>
            <value>
              <name>Message Selector</name>
            </value>
          </entry>
          <entry>
            <key>SSL Context Service</key>
            <value>
              <identifiesControllerService>org.apache.nifi.ssl.SSLContextService</identifiesControllerService>
              <name>SSL Context Service</name>
            </value>
          </entry>
          <entry>
            <key>Username</key>
            <value>
              <name>Username</name>
            </value>
          </entry>
          <entry>
            <key>Communications Timeout</key>
            <value>
              <name>Communications Timeout</name>
            </value>
          </entry>
          <entry>
            <key>Message Batch Size</key>
            <value>
              <name>Message Batch Size</name>
            </value>
          </entry>
          <entry>
            <key>Acknowledgement Mode</key>
            <value>
              <name>Acknowledgement Mode</name>
            </value>
          </entry>
          <entry>
            <key>Use Durable Subscription</key>
            <value>
              <name>Use Durable Subscription</name>
            </value>
          </entry>
          <entry>
            <key>Client ID Prefix</key>
            <value>
              <name>Client ID Prefix</name>
            </value>
          </entry>
          <entry>
            <key>JMS Provider</key>
            <value>
              <name>JMS Provider</name>
            </value>
          </entry>
          <entry>
            <key>Password</key>
            <value>
              <name>Password</name>
            </value>
          </entry>
        </descriptors>
        <lossTolerant>false</lossTolerant>
        <penaltyDuration>30 sec</penaltyDuration>
        <properties>
          <entry>
            <key>Copy JMS Properties to Attributes</key>
            <value>true</value>
          </entry>
          <entry>
            <key>Destination Name</key>
            <value>thinkbig.nifi.index.registration</value>
          </entry>
          <entry>
            <key>URL</key>
            <value>tcp://localhost:61616</value>
          </entry>
          <entry>
            <key>Message Selector</key>
          </entry>
          <entry>
            <key>SSL Context Service</key>
          </entry>
          <entry>
            <key>Username</key>
          </entry>
          <entry>
            <key>Communications Timeout</key>
            <value>30 sec</value>
          </entry>
          <entry>
            <key>Message Batch Size</key>
            <value>10</value>
          </entry>
          <entry>
            <key>Acknowledgement Mode</key>
            <value>Client Acknowledge</value>
          </entry>
          <entry>
            <key>Use Durable Subscription</key>
            <value>true</value>
          </entry>
          <entry>
            <key>Client ID Prefix</key>
          </entry>
          <entry>
            <key>JMS Provider</key>
            <value>ActiveMQ</value>
          </entry>
          <entry>
            <key>Password</key>
          </entry>
        </properties>
        <runDurationMillis>0</runDurationMillis>
        <schedulingPeriod>1 sec</schedulingPeriod>
        <schedulingStrategy>TIMER_DRIVEN</schedulingStrategy>
        <yieldDuration>1 sec</yieldDuration>
      </config>
      <name>Receive schema index request</name>
      <relationships>
        <autoTerminate>false</autoTerminate>
        <name>success</name>
      </relationships>
      <style></style>
      <type>org.apache.nifi.processors.standard.GetJMSTopic</type>
    </processors>
    <processors>
      <id>2bd64d8b-2b1f-1ef0-0000-000000000000</id>
      <parentGroupId>7c664aaf-3d33-447e-0000-000000000000</parentGroupId>
      <position>
        <x>591.590579330136</x>
        <y>2.238979832950463</y>
      </position>
      <config>
        <bulletinLevel>WARN</bulletinLevel>
        <comments></comments>
        <concurrentlySchedulableTaskCount>1</concurrentlySchedulableTaskCount>
        <descriptors>
          <entry>
            <key>feed</key>
            <value>
              <name>feed</name>
            </value>
          </entry>
          <entry>
            <key>Delete Attributes Expression</key>
            <value>
              <name>Delete Attributes Expression</name>
            </value>
          </entry>
          <entry>
            <key>category</key>
            <value>
              <name>category</name>
            </value>
          </entry>
        </descriptors>
        <lossTolerant>false</lossTolerant>
        <penaltyDuration>30 sec</penaltyDuration>
        <properties>
          <entry>
            <key>feed</key>
            <value>${jms.feed}</value>
          </entry>
          <entry>
            <key>Delete Attributes Expression</key>
          </entry>
          <entry>
            <key>category</key>
            <value>${jms.category}</value>
          </entry>
        </properties>
        <runDurationMillis>0</runDurationMillis>
        <schedulingPeriod>0 sec</schedulingPeriod>
        <schedulingStrategy>TIMER_DRIVEN</schedulingStrategy>
        <yieldDuration>1 sec</yieldDuration>
      </config>
      <name>Extract Request Parameters</name>
      <relationships>
        <autoTerminate>false</autoTerminate>
        <name>success</name>
      </relationships>
      <style></style>
      <type>org.apache.nifi.processors.attributes.UpdateAttribute</type>
    </processors>
  </snippet>
  <timestamp>11/03/2016 22:18:15 UTC</timestamp>
</template>