{"properties":[{"processGroupName":"NiFi Flow","processorName":"Query Hive Table Schema","processorId":"2bd64d86-2b1f-1ef0-0000-000000000000","processGroupId":"7c664aaf-3d33-447e-0000-000000000000","processorType":"org.apache.nifi.processors.standard.ExecuteSQL","key":"SQL select query","value":"SELECT d.NAME DATABASE_NAME, d.OWNER_NAME OWNER, t.CREATE_TIME, t.TBL_NAME, t.TBL_TYPE,\n    c.COLUMN_NAME, c.TYPE_NAME\n    FROM ${config.hive.schema}.COLUMNS_V2 c\n    JOIN ${config.hive.schema}.SDS s on s.CD_ID = c.CD_ID\n    JOIN  ${config.hive.schema}.TBLS t ON s.SD_ID=t.SD_ID\n    JOIN  ${config.hive.schema}.DBS d on d.DB_ID = t.DB_ID\n    where d.name = '${category}'and t.tbl_name = '${feed}';","templateValue":"SELECT d.NAME DATABASE_NAME, d.OWNER_NAME OWNER, t.CREATE_TIME, t.TBL_NAME, t.TBL_TYPE,\n    c.COLUMN_NAME, c.TYPE_NAME\n    FROM ${config.hive.schema}.COLUMNS_V2 c\n    JOIN ${config.hive.schema}.SDS s on s.CD_ID = c.CD_ID\n    JOIN  ${config.hive.schema}.TBLS t ON s.SD_ID=t.SD_ID\n    JOIN  ${config.hive.schema}.DBS d on d.DB_ID = t.DB_ID\n    where d.name = '${category}'and t.tbl_name = '${feed}';","userEditable":false,"expressionProperties":null,"propertyDescriptor":{"name":"SQL select query","displayName":null,"description":null,"defaultValue":null,"allowableValues":null,"required":null,"sensitive":null,"dynamic":null,"supportsEl":null,"identifiesControllerService":null},"renderType":"text","renderOptions":{},"selected":true,"inputProperty":false,"templateProperty":null,"idKey":"7c664aaf-3d33-447e-0000-000000000000-2bd64d86-2b1f-1ef0-0000-000000000000-SQL select query","nameKey":"NiFi Flow-Query Hive Table Schema-SQL select query"}],"nonInputProcessors":[{"type":"org.apache.nifi.processors.standard.ExecuteSQL","name":"Query Hive Table Schema","id":"2bd64d86-2b1f-1ef0-0000-000000000000","groupName":"NiFi Flow","groupId":"7c664aaf-3d33-447e-0000-000000000000","inputProcessor":false,"userDefinedInputProcessor":false,"properties":[{"processGroupName":"NiFi Flow","processorName":"Query Hive Table Schema","processorId":"2bd64d86-2b1f-1ef0-0000-000000000000","processGroupId":"7c664aaf-3d33-447e-0000-000000000000","processorType":"org.apache.nifi.processors.standard.ExecuteSQL","key":"SQL select query","value":"SELECT d.NAME DATABASE_NAME, d.OWNER_NAME OWNER, t.CREATE_TIME, t.TBL_NAME, t.TBL_TYPE,\n    c.COLUMN_NAME, c.TYPE_NAME\n    FROM ${config.hive.schema}.COLUMNS_V2 c\n    JOIN ${config.hive.schema}.SDS s on s.CD_ID = c.CD_ID\n    JOIN  ${config.hive.schema}.TBLS t ON s.SD_ID=t.SD_ID\n    JOIN  ${config.hive.schema}.DBS d on d.DB_ID = t.DB_ID\n    where d.name = '${category}'and t.tbl_name = '${feed}';","templateValue":"SELECT d.NAME DATABASE_NAME, d.OWNER_NAME OWNER, t.CREATE_TIME, t.TBL_NAME, t.TBL_TYPE,\n    c.COLUMN_NAME, c.TYPE_NAME\n    FROM ${config.hive.schema}.COLUMNS_V2 c\n    JOIN ${config.hive.schema}.SDS s on s.CD_ID = c.CD_ID\n    JOIN  ${config.hive.schema}.TBLS t ON s.SD_ID=t.SD_ID\n    JOIN  ${config.hive.schema}.DBS d on d.DB_ID = t.DB_ID\n    where d.name = '${category}'and t.tbl_name = '${feed}';","userEditable":false,"expressionProperties":null,"propertyDescriptor":{"name":"SQL select query","displayName":null,"description":null,"defaultValue":null,"allowableValues":null,"required":null,"sensitive":null,"dynamic":null,"supportsEl":null,"identifiesControllerService":null},"renderType":"text","renderOptions":{},"selected":true,"inputProperty":false,"templateProperty":null,"idKey":"7c664aaf-3d33-447e-0000-000000000000-2bd64d86-2b1f-1ef0-0000-000000000000-SQL select query","nameKey":"NiFi Flow-Query Hive Table Schema-SQL select query"}]}],"inputProcessors":[],"id":"2e0d55dd-f4c7-4b3c-b93d-85d448cfb756","nifiTemplateId":"a0fd3208-c20d-4fb6-9937-6c2216a1898d","templateName":"Index Schema Service","updateDate":1484763416858,"createDate":1484763415307,"icon":"message","iconColor":"#80CBC4","description":"Global Schema Index Service","state":"ENABLED","defineTable":false,"reusableTemplate":false,"reusableTemplateConnections":[],"registeredDatasourceDefinitions":[],"order":1,"templateOrder":null,"processorFlowTypesMap":{},"feedsCount":1,"stream":false,"allowPreconditions":false,"dataTransformation":false,"isStream":false}