<?xml version="1.0" ?>
<template encoding-version="1.0">
  <description></description>
  <groupId>4d8a7e07-015c-1000-15cb-fe3bad89c9b5</groupId>
  <name>S3 Data Ingest</name>
  <snippet>
    <connections>
      <id>e6d2d631-015c-1000-0000-000000000000</id>
      <parentGroupId>4d8a7e07-015c-1000-0000-000000000000</parentGroupId>
      <backPressureDataSizeThreshold>1 GB</backPressureDataSizeThreshold>
      <backPressureObjectThreshold>10000</backPressureObjectThreshold>
      <destination>
        <groupId>4d8a7e07-015c-1000-0000-000000000000</groupId>
        <id>73651c62-4538-1d3a-0000-000000000000</id>
        <type>OUTPUT_PORT</type>
      </destination>
      <flowFileExpiration>0 sec</flowFileExpiration>
      <labelIndex>1</labelIndex>
      <name></name>
      <selectedRelationships>unmatched</selectedRelationships>
      <source>
        <groupId>4d8a7e07-015c-1000-0000-000000000000</groupId>
        <id>e6113133-015c-1000-0000-000000000000</id>
        <type>PROCESSOR</type>
      </source>
      <zIndex>0</zIndex>
    </connections>
    <connections>
      <id>e6d48321-015c-1000-0000-000000000000</id>
      <parentGroupId>4d8a7e07-015c-1000-0000-000000000000</parentGroupId>
      <backPressureDataSizeThreshold>1 GB</backPressureDataSizeThreshold>
      <backPressureObjectThreshold>10000</backPressureObjectThreshold>
      <destination>
        <groupId>4d8a7e07-015c-1000-0000-000000000000</groupId>
        <id>73651c62-4541-1d3a-0000-000000000000</id>
        <type>PROCESSOR</type>
      </destination>
      <flowFileExpiration>0 sec</flowFileExpiration>
      <labelIndex>1</labelIndex>
      <name></name>
      <selectedRelationships>success</selectedRelationships>
      <source>
        <groupId>4d8a7e07-015c-1000-0000-000000000000</groupId>
        <id>73651c62-453c-1d3a-0000-000000000000</id>
        <type>PROCESSOR</type>
      </source>
      <zIndex>0</zIndex>
    </connections>
    <connections>
      <id>73651c62-4542-1d3a-0000-000000000000</id>
      <parentGroupId>4d8a7e07-015c-1000-0000-000000000000</parentGroupId>
      <backPressureDataSizeThreshold>1 GB</backPressureDataSizeThreshold>
      <backPressureObjectThreshold>10000</backPressureObjectThreshold>
      <destination>
        <groupId>4d8a7e07-015c-1000-0000-000000000000</groupId>
        <id>73651c62-453a-1d3a-0000-000000000000</id>
        <type>PROCESSOR</type>
      </destination>
      <flowFileExpiration>0 sec</flowFileExpiration>
      <labelIndex>1</labelIndex>
      <name></name>
      <selectedRelationships>Success</selectedRelationships>
      <source>
        <groupId>4d8a7e07-015c-1000-0000-000000000000</groupId>
        <id>73651c62-4539-1d3a-0000-000000000000</id>
        <type>PROCESSOR</type>
      </source>
      <zIndex>0</zIndex>
    </connections>
    <connections>
      <id>73651c62-4543-1d3a-0000-000000000000</id>
      <parentGroupId>4d8a7e07-015c-1000-0000-000000000000</parentGroupId>
      <backPressureDataSizeThreshold>1 GB</backPressureDataSizeThreshold>
      <backPressureObjectThreshold>10000</backPressureObjectThreshold>
      <destination>
        <groupId>4d8a7e07-015c-1000-0000-000000000000</groupId>
        <id>73651c62-4537-1d3a-0000-000000000000</id>
        <type>OUTPUT_PORT</type>
      </destination>
      <flowFileExpiration>0 sec</flowFileExpiration>
      <labelIndex>1</labelIndex>
      <name></name>
      <selectedRelationships>success</selectedRelationships>
      <source>
        <groupId>4d8a7e07-015c-1000-0000-000000000000</groupId>
        <id>73651c62-453a-1d3a-0000-000000000000</id>
        <type>PROCESSOR</type>
      </source>
      <zIndex>0</zIndex>
    </connections>
    <connections>
      <id>73651c62-454a-1d3a-0000-000000000000</id>
      <parentGroupId>4d8a7e07-015c-1000-0000-000000000000</parentGroupId>
      <backPressureDataSizeThreshold>1 GB</backPressureDataSizeThreshold>
      <backPressureObjectThreshold>10000</backPressureObjectThreshold>
      <destination>
        <groupId>4d8a7e07-015c-1000-0000-000000000000</groupId>
        <id>e6113133-015c-1000-0000-000000000000</id>
        <type>PROCESSOR</type>
      </destination>
      <flowFileExpiration>0 sec</flowFileExpiration>
      <labelIndex>1</labelIndex>
      <name></name>
      <selectedRelationships>success</selectedRelationships>
      <source>
        <groupId>4d8a7e07-015c-1000-0000-000000000000</groupId>
        <id>73651c62-4541-1d3a-0000-000000000000</id>
        <type>PROCESSOR</type>
      </source>
      <zIndex>0</zIndex>
    </connections>
    <controllerServices>
      <id>ea75db4a-015c-1000-0000-000000000000</id>
      <parentGroupId>4d8a7e07-015c-1000-0000-000000000000</parentGroupId>
      <descriptors>
        <entry>
          <key>profile-name</key>
          <value>
            <name>profile-name</name>
          </value>
        </entry>
        <entry>
          <key>Assume Role Session Name</key>
          <value>
            <name>Assume Role Session Name</name>
          </value>
        </entry>
        <entry>
          <key>Access Key</key>
          <value>
            <name>Access Key</name>
          </value>
        </entry>
        <entry>
          <key>Secret Key</key>
          <value>
            <name>Secret Key</name>
          </value>
        </entry>
        <entry>
          <key>Credentials File</key>
          <value>
            <name>Credentials File</name>
          </value>
        </entry>
        <entry>
          <key>default-credentials</key>
          <value>
            <name>default-credentials</name>
          </value>
        </entry>
        <entry>
          <key>Session Time</key>
          <value>
            <name>Session Time</name>
          </value>
        </entry>
        <entry>
          <key>assume-role-external-id</key>
          <value>
            <name>assume-role-external-id</name>
          </value>
        </entry>
        <entry>
          <key>Assume Role ARN</key>
          <value>
            <name>Assume Role ARN</name>
          </value>
        </entry>
        <entry>
          <key>anonymous-credentials</key>
          <value>
            <name>anonymous-credentials</name>
          </value>
        </entry>
      </descriptors>
      <name>AWSCredentialsProviderControllerService</name>
      <properties>
        <entry>
          <key>profile-name</key>
        </entry>
        <entry>
          <key>Assume Role Session Name</key>
        </entry>
        <entry>
          <key>Access Key</key>
        </entry>
        <entry>
          <key>Secret Key</key>
        </entry>
        <entry>
          <key>Credentials File</key>
        </entry>
        <entry>
          <key>default-credentials</key>
          <value>false</value>
        </entry>
        <entry>
          <key>Session Time</key>
          <value>3600</value>
        </entry>
        <entry>
          <key>assume-role-external-id</key>
        </entry>
        <entry>
          <key>Assume Role ARN</key>
        </entry>
        <entry>
          <key>anonymous-credentials</key>
          <value>false</value>
        </entry>
      </properties>
      <state>DISABLED</state>
      <type>org.apache.nifi.processors.aws.credentials.provider.service.AWSCredentialsProviderControllerService</type>
    </controllerServices>
    <controllerServices>
      <id>4d92dea0-015c-1000-0000-000000000000</id>
      <parentGroupId>4d8a7e07-015c-1000-0000-000000000000</parentGroupId>
      <comments></comments>
      <descriptors>
        <entry>
          <key>client-password</key>
          <value>
            <name>client-password</name>
          </value>
        </entry>
        <entry>
          <key>SSL Context Service</key>
          <value>
            <identifiesControllerService>org.apache.nifi.ssl.SSLContextService</identifiesControllerService>
            <name>SSL Context Service</name>
          </value>
        </entry>
        <entry>
          <key>client-username</key>
          <value>
            <name>client-username</name>
          </value>
        </entry>
        <entry>
          <key>Implementation</key>
          <value>
            <name>Implementation</name>
          </value>
        </entry>
        <entry>
          <key>rest-client-url</key>
          <value>
            <name>rest-client-url</name>
          </value>
        </entry>
      </descriptors>
      <name>Kylo Metadata Service</name>
      <properties>
        <entry>
          <key>client-password</key>
        </entry>
        <entry>
          <key>SSL Context Service</key>
        </entry>
        <entry>
          <key>client-username</key>
          <value>dladmin</value>
        </entry>
        <entry>
          <key>Implementation</key>
          <value>REMOTE</value>
        </entry>
        <entry>
          <key>rest-client-url</key>
          <value>http://localhost:8400/proxy/v1/metadata</value>
        </entry>
      </properties>
      <state>DISABLED</state>
      <type>com.thinkbiganalytics.nifi.v2.core.metadata.MetadataProviderSelectorService</type>
    </controllerServices>
    <controllerServices>
      <id>4d9313da-015c-1000-0000-000000000000</id>
      <parentGroupId>4d8a7e07-015c-1000-0000-000000000000</parentGroupId>
      <comments></comments>
      <descriptors>
        <entry>
          <key>Spring Context Service</key>
          <value>
            <identifiesControllerService>com.thinkbiganalytics.nifi.core.api.spring.SpringContextService</identifiesControllerService>
            <name>Spring Context Service</name>
          </value>
        </entry>
      </descriptors>
      <name>Kylo Cleanup Service</name>
      <properties>
        <entry>
          <key>Spring Context Service</key>
          <value>4d9313e8-015c-1000-0000-000000000000</value>
        </entry>
      </properties>
      <state>DISABLED</state>
      <type>com.thinkbiganalytics.nifi.v2.core.cleanup.JmsCleanupEventService</type>
    </controllerServices>
    <controllerServices>
      <id>4d9313e8-015c-1000-0000-000000000000</id>
      <parentGroupId>4d8a7e07-015c-1000-0000-000000000000</parentGroupId>
      <comments></comments>
      <descriptors>
        <entry>
          <key>Configuraton Classes</key>
          <value>
            <name>Configuraton Classes</name>
          </value>
        </entry>
      </descriptors>
      <name>SpringContextLoaderService</name>
      <properties>
        <entry>
          <key>Configuraton Classes</key>
        </entry>
      </properties>
      <state>DISABLED</state>
      <type>com.thinkbiganalytics.nifi.v2.core.spring.SpringContextLoaderService</type>
    </controllerServices>
    <labels>
      <id>73651c62-4536-1d3a-0000-000000000000</id>
      <parentGroupId>4d8a7e07-015c-1000-0000-000000000000</parentGroupId>
      <position>
        <x>5.927801779256697</x>
        <y>250.58963186958204</y>
      </position>
      <height>172.5148162841797</height>
      <label>Cleanup</label>
      <style>
        <entry>
          <key>background-color</key>
          <value>#dbdbdb</value>
        </entry>
        <entry>
          <key>font-size</key>
          <value>18px</value>
        </entry>
      </style>
      <width>1538.88671875</width>
    </labels>
    <outputPorts>
      <id>73651c62-4537-1d3a-0000-000000000000</id>
      <parentGroupId>4d8a7e07-015c-1000-0000-000000000000</parentGroupId>
      <position>
        <x>1226.4662792777026</x>
        <y>295.7438745812685</y>
      </position>
      <comments></comments>
      <concurrentlySchedulableTaskCount>1</concurrentlySchedulableTaskCount>
      <name>to-standard-cleanup-s3</name>
      <state>STOPPED</state>
      <transmitting>false</transmitting>
      <type>OUTPUT_PORT</type>
    </outputPorts>
    <outputPorts>
      <id>73651c62-4538-1d3a-0000-000000000000</id>
      <parentGroupId>4d8a7e07-015c-1000-0000-000000000000</parentGroupId>
      <position>
        <x>1763.355697452128</x>
        <y>35.8989482523607</y>
      </position>
      <comments></comments>
      <concurrentlySchedulableTaskCount>1</concurrentlySchedulableTaskCount>
      <name>to-reuseable-ingest-s3</name>
      <state>STOPPED</state>
      <transmitting>false</transmitting>
      <type>OUTPUT_PORT</type>
    </outputPorts>
    <processors>
      <id>e6113133-015c-1000-0000-000000000000</id>
      <parentGroupId>4d8a7e07-015c-1000-0000-000000000000</parentGroupId>
      <position>
        <x>1137.8544311719625</x>
        <y>0.0</y>
      </position>
      <config>
        <bulletinLevel>WARN</bulletinLevel>
        <comments></comments>
        <concurrentlySchedulableTaskCount>1</concurrentlySchedulableTaskCount>
        <descriptors>
          <entry>
            <key>Routing Strategy</key>
            <value>
              <name>Routing Strategy</name>
            </value>
          </entry>
          <entry>
            <key>badFilename</key>
            <value>
              <name>badFilename</name>
            </value>
          </entry>
        </descriptors>
        <lossTolerant>false</lossTolerant>
        <penaltyDuration>30 sec</penaltyDuration>
        <properties>
          <entry>
            <key>Routing Strategy</key>
            <value>Route to 'match' if any matches</value>
          </entry>
          <entry>
            <key>badFilename</key>
            <value>${filename:equals("${feed}/")}</value>
          </entry>
        </properties>
        <runDurationMillis>0</runDurationMillis>
        <schedulingPeriod>0 sec</schedulingPeriod>
        <schedulingStrategy>TIMER_DRIVEN</schedulingStrategy>
        <yieldDuration>1 sec</yieldDuration>
      </config>
      <name>DropInvalidFlowFile</name>
      <relationships>
        <autoTerminate>true</autoTerminate>
        <name>matched</name>
      </relationships>
      <relationships>
        <autoTerminate>false</autoTerminate>
        <name>unmatched</name>
      </relationships>
      <style></style>
      <type>org.apache.nifi.processors.standard.RouteOnAttribute</type>
    </processors>
    <processors>
      <id>73651c62-4539-1d3a-0000-000000000000</id>
      <parentGroupId>4d8a7e07-015c-1000-0000-000000000000</parentGroupId>
      <position>
        <x>65.69976567879348</x>
        <y>276.373932109145</y>
      </position>
      <config>
        <bulletinLevel>WARN</bulletinLevel>
        <comments></comments>
        <concurrentlySchedulableTaskCount>1</concurrentlySchedulableTaskCount>
        <descriptors>
          <entry>
            <key>Metadata Provider Service</key>
            <value>
              <identifiesControllerService>com.thinkbiganalytics.nifi.core.api.metadata.MetadataProviderService</identifiesControllerService>
              <name>Metadata Provider Service</name>
            </value>
          </entry>
          <entry>
            <key>System feed category</key>
            <value>
              <name>System feed category</name>
            </value>
          </entry>
          <entry>
            <key>Feed Cleanup Event Service</key>
            <value>
              <identifiesControllerService>com.thinkbiganalytics.nifi.core.api.cleanup.CleanupEventService</identifiesControllerService>
              <name>Feed Cleanup Event Service</name>
            </value>
          </entry>
          <entry>
            <key>System feed name</key>
            <value>
              <name>System feed name</name>
            </value>
          </entry>
        </descriptors>
        <lossTolerant>false</lossTolerant>
        <penaltyDuration>30 sec</penaltyDuration>
        <properties>
          <entry>
            <key>Metadata Provider Service</key>
            <value>4d92dea0-015c-1000-0000-000000000000</value>
          </entry>
          <entry>
            <key>System feed category</key>
            <value>${metadata.category.systemName}</value>
          </entry>
          <entry>
            <key>Feed Cleanup Event Service</key>
            <value>4d9313da-015c-1000-0000-000000000000</value>
          </entry>
          <entry>
            <key>System feed name</key>
            <value>${metadata.systemFeedName}</value>
          </entry>
        </properties>
        <runDurationMillis>0</runDurationMillis>
        <schedulingPeriod>0 sec</schedulingPeriod>
        <schedulingStrategy>TIMER_DRIVEN</schedulingStrategy>
        <yieldDuration>1 sec</yieldDuration>
      </config>
      <name>TriggerCleanup</name>
      <relationships>
        <autoTerminate>false</autoTerminate>
        <name>Success</name>
      </relationships>
      <style>
        <entry>
          <key>background-color</key>
          <value>#ff9900</value>
        </entry>
      </style>
      <type>com.thinkbiganalytics.nifi.v2.metadata.TriggerCleanup</type>
    </processors>
    <processors>
      <id>73651c62-453a-1d3a-0000-000000000000</id>
      <parentGroupId>4d8a7e07-015c-1000-0000-000000000000</parentGroupId>
      <position>
        <x>642.2329678321976</x>
        <y>268.8457931129949</y>
      </position>
      <config>
        <bulletinLevel>WARN</bulletinLevel>
        <comments></comments>
        <concurrentlySchedulableTaskCount>1</concurrentlySchedulableTaskCount>
        <descriptors>
          <entry>
            <key>feed</key>
            <value>
              <name>feed</name>
            </value>
          </entry>
          <entry>
            <key>hive.profile.root</key>
            <value>
              <name>hive.profile.root</name>
            </value>
          </entry>
          <entry>
            <key>s3ingest.hiveBucket</key>
            <value>
              <name>s3ingest.hiveBucket</name>
            </value>
          </entry>
          <entry>
            <key>hdfs.ingest.root</key>
            <value>
              <name>hdfs.ingest.root</name>
            </value>
          </entry>
          <entry>
            <key>Delete Attributes Expression</key>
            <value>
              <name>Delete Attributes Expression</name>
            </value>
          </entry>
          <entry>
            <key>category</key>
            <value>
              <name>category</name>
            </value>
          </entry>
          <entry>
            <key>hive.ingest.root</key>
            <value>
              <name>hive.ingest.root</name>
            </value>
          </entry>
          <entry>
            <key>hive.master.root</key>
            <value>
              <name>hive.master.root</name>
            </value>
          </entry>
        </descriptors>
        <lossTolerant>false</lossTolerant>
        <penaltyDuration>30 sec</penaltyDuration>
        <properties>
          <entry>
            <key>feed</key>
            <value>${metadata.systemFeedName}</value>
          </entry>
          <entry>
            <key>hive.profile.root</key>
            <value>${config.hive.profile.root}</value>
          </entry>
          <entry>
            <key>s3ingest.hiveBucket</key>
            <value>${config.s3ingest.hiveBucket}</value>
          </entry>
          <entry>
            <key>hdfs.ingest.root</key>
            <value>${config.hdfs.ingest.root}</value>
          </entry>
          <entry>
            <key>Delete Attributes Expression</key>
          </entry>
          <entry>
            <key>category</key>
            <value>${metadata.category.systemName}</value>
          </entry>
          <entry>
            <key>hive.ingest.root</key>
            <value>${config.hive.ingest.root}</value>
          </entry>
          <entry>
            <key>hive.master.root</key>
            <value>${config.hive.master.root}</value>
          </entry>
        </properties>
        <runDurationMillis>0</runDurationMillis>
        <schedulingPeriod>0 sec</schedulingPeriod>
        <schedulingStrategy>TIMER_DRIVEN</schedulingStrategy>
        <yieldDuration>1 sec</yieldDuration>
      </config>
      <name>Initialize Cleanup Parameters</name>
      <relationships>
        <autoTerminate>false</autoTerminate>
        <name>success</name>
      </relationships>
      <style>
        <entry>
          <key>background-color</key>
          <value>#11f237</value>
        </entry>
      </style>
      <type>org.apache.nifi.processors.attributes.UpdateAttribute</type>
    </processors>
    <processors>
      <id>73651c62-453c-1d3a-0000-000000000000</id>
      <parentGroupId>4d8a7e07-015c-1000-0000-000000000000</parentGroupId>
      <position>
        <x>0.0</x>
        <y>5.615808428801756</y>
      </position>
      <config>
        <bulletinLevel>WARN</bulletinLevel>
        <comments></comments>
        <concurrentlySchedulableTaskCount>1</concurrentlySchedulableTaskCount>
        <descriptors>
          <entry>
            <key>Proxy Host</key>
            <value>
              <name>Proxy Host</name>
            </value>
          </entry>
          <entry>
            <key>Access Key</key>
            <value>
              <name>Access Key</name>
            </value>
          </entry>
          <entry>
            <key>prefix</key>
            <value>
              <name>prefix</name>
            </value>
          </entry>
          <entry>
            <key>Endpoint Override URL</key>
            <value>
              <name>Endpoint Override URL</name>
            </value>
          </entry>
          <entry>
            <key>AWS Credentials Provider service</key>
            <value>
              <identifiesControllerService>org.apache.nifi.processors.aws.credentials.provider.service.AWSCredentialsProviderService</identifiesControllerService>
              <name>AWS Credentials Provider service</name>
            </value>
          </entry>
          <entry>
            <key>SSL Context Service</key>
            <value>
              <identifiesControllerService>org.apache.nifi.ssl.SSLContextService</identifiesControllerService>
              <name>SSL Context Service</name>
            </value>
          </entry>
          <entry>
            <key>Bucket</key>
            <value>
              <name>Bucket</name>
            </value>
          </entry>
          <entry>
            <key>delimiter</key>
            <value>
              <name>delimiter</name>
            </value>
          </entry>
          <entry>
            <key>Communications Timeout</key>
            <value>
              <name>Communications Timeout</name>
            </value>
          </entry>
          <entry>
            <key>Region</key>
            <value>
              <name>Region</name>
            </value>
          </entry>
          <entry>
            <key>Secret Key</key>
            <value>
              <name>Secret Key</name>
            </value>
          </entry>
          <entry>
            <key>Credentials File</key>
            <value>
              <name>Credentials File</name>
            </value>
          </entry>
          <entry>
            <key>Proxy Host Port</key>
            <value>
              <name>Proxy Host Port</name>
            </value>
          </entry>
        </descriptors>
        <lossTolerant>false</lossTolerant>
        <penaltyDuration>30 sec</penaltyDuration>
        <properties>
          <entry>
            <key>Proxy Host</key>
          </entry>
          <entry>
            <key>Access Key</key>
          </entry>
          <entry>
            <key>prefix</key>
            <value>${metadata.systemFeedName}/</value>
          </entry>
          <entry>
            <key>Endpoint Override URL</key>
          </entry>
          <entry>
            <key>AWS Credentials Provider service</key>
            <value>ea75db4a-015c-1000-0000-000000000000</value>
          </entry>
          <entry>
            <key>SSL Context Service</key>
          </entry>
          <entry>
            <key>Bucket</key>
            <value>input-bucket</value>
          </entry>
          <entry>
            <key>delimiter</key>
          </entry>
          <entry>
            <key>Communications Timeout</key>
            <value>30 secs</value>
          </entry>
          <entry>
            <key>Region</key>
            <value>us-east-1</value>
          </entry>
          <entry>
            <key>Secret Key</key>
          </entry>
          <entry>
            <key>Credentials File</key>
          </entry>
          <entry>
            <key>Proxy Host Port</key>
          </entry>
        </properties>
        <runDurationMillis>0</runDurationMillis>
        <schedulingPeriod>5 days</schedulingPeriod>
        <schedulingStrategy>TIMER_DRIVEN</schedulingStrategy>
        <yieldDuration>1 sec</yieldDuration>
      </config>
      <name>S3</name>
      <relationships>
        <autoTerminate>false</autoTerminate>
        <name>success</name>
      </relationships>
      <style>
        <entry>
          <key>background-color</key>
          <value>#ad9897</value>
        </entry>
      </style>
      <type>org.apache.nifi.processors.aws.s3.ListS3</type>
    </processors>
    <processors>
      <id>73651c62-4541-1d3a-0000-000000000000</id>
      <parentGroupId>4d8a7e07-015c-1000-0000-000000000000</parentGroupId>
      <position>
        <x>575.5774502540726</x>
        <y>4.864141806841872</y>
      </position>
      <config>
        <bulletinLevel>WARN</bulletinLevel>
        <comments></comments>
        <concurrentlySchedulableTaskCount>1</concurrentlySchedulableTaskCount>
        <descriptors>
          <entry>
            <key>hive.profile.root</key>
            <value>
              <name>hive.profile.root</name>
            </value>
          </entry>
          <entry>
            <key>spark.input_folder</key>
            <value>
              <name>spark.input_folder</name>
            </value>
          </entry>
          <entry>
            <key>archiveId</key>
            <value>
              <name>archiveId</name>
            </value>
          </entry>
          <entry>
            <key>metadata.table.fieldPoliciesJson</key>
            <value>
              <name>metadata.table.fieldPoliciesJson</name>
            </value>
          </entry>
          <entry>
            <key>s3ingest.es.nodes</key>
            <value>
              <name>s3ingest.es.nodes</name>
            </value>
          </entry>
          <entry>
            <key>s3ingest.hiveBucket</key>
            <value>
              <name>s3ingest.hiveBucket</name>
            </value>
          </entry>
          <entry>
            <key>Delete Attributes Expression</key>
            <value>
              <name>Delete Attributes Expression</name>
            </value>
          </entry>
          <entry>
            <key>metadata.table.targetTblProperties</key>
            <value>
              <name>metadata.table.targetTblProperties</name>
            </value>
          </entry>
          <entry>
            <key>InputFolderName</key>
            <value>
              <name>InputFolderName</name>
            </value>
          </entry>
          <entry>
            <key>kylo.tmp.baseFolder</key>
            <value>
              <name>kylo.tmp.baseFolder</name>
            </value>
          </entry>
          <entry>
            <key>metadata.table.feedFieldStructure</key>
            <value>
              <name>metadata.table.feedFieldStructure</name>
            </value>
          </entry>
          <entry>
            <key>metadata.table.partitionStructure</key>
            <value>
              <name>metadata.table.partitionStructure</name>
            </value>
          </entry>
          <entry>
            <key>hive.ingest.root</key>
            <value>
              <name>hive.ingest.root</name>
            </value>
          </entry>
          <entry>
            <key>hive.master.root</key>
            <value>
              <name>hive.master.root</name>
            </value>
          </entry>
          <entry>
            <key>s3ingest.es.jar_url</key>
            <value>
              <name>s3ingest.es.jar_url</name>
            </value>
          </entry>
          <entry>
            <key>metadata.table.fieldIndexString</key>
            <value>
              <name>metadata.table.fieldIndexString</name>
            </value>
          </entry>
          <entry>
            <key>metadata.table.targetFormat</key>
            <value>
              <name>metadata.table.targetFormat</name>
            </value>
          </entry>
          <entry>
            <key>s3ingest.s3.protocol</key>
            <value>
              <name>s3ingest.s3.protocol</name>
            </value>
          </entry>
          <entry>
            <key>metadata.table.fieldStructure</key>
            <value>
              <name>metadata.table.fieldStructure</name>
            </value>
          </entry>
          <entry>
            <key>skipHeader</key>
            <value>
              <name>skipHeader</name>
            </value>
          </entry>
          <entry>
            <key>s3ingest.apache-commons.jar_url</key>
            <value>
              <name>s3ingest.apache-commons.jar_url</name>
            </value>
          </entry>
          <entry>
            <key>metadata.table.partitionSpecs</key>
            <value>
              <name>metadata.table.partitionSpecs</name>
            </value>
          </entry>
          <entry>
            <key>feed</key>
            <value>
              <name>feed</name>
            </value>
          </entry>
          <entry>
            <key>hdfs.ingest.root</key>
            <value>
              <name>hdfs.ingest.root</name>
            </value>
          </entry>
          <entry>
            <key>s3ingest.sqs.url</key>
            <value>
              <name>s3ingest.sqs.url</name>
            </value>
          </entry>
          <entry>
            <key>category</key>
            <value>
              <name>category</name>
            </value>
          </entry>
          <entry>
            <key>metadata.table.targetMergeStrategy</key>
            <value>
              <name>metadata.table.targetMergeStrategy</name>
            </value>
          </entry>
          <entry>
            <key>metadata.table.feedFormat</key>
            <value>
              <name>metadata.table.feedFormat</name>
            </value>
          </entry>
        </descriptors>
        <lossTolerant>false</lossTolerant>
        <penaltyDuration>30 sec</penaltyDuration>
        <properties>
          <entry>
            <key>hive.profile.root</key>
            <value>${config.hive.profile.root}</value>
          </entry>
          <entry>
            <key>spark.input_folder</key>
            <value>/tmp/kylo-nifi/spark</value>
          </entry>
          <entry>
            <key>archiveId</key>
            <value>${now():format('yyyyMMddHHmmss')}_${UUID()}</value>
          </entry>
          <entry>
            <key>metadata.table.fieldPoliciesJson</key>
            <value>${metadata.table.fieldPoliciesJson}</value>
          </entry>
          <entry>
            <key>s3ingest.es.nodes</key>
            <value>${config.s3ingest.es.nodes}</value>
          </entry>
          <entry>
            <key>s3ingest.hiveBucket</key>
            <value>${config.s3ingest.hiveBucket}</value>
          </entry>
          <entry>
            <key>Delete Attributes Expression</key>
          </entry>
          <entry>
            <key>metadata.table.targetTblProperties</key>
            <value>${metadata.table.targetTblProperties}</value>
          </entry>
          <entry>
            <key>InputFolderName</key>
            <value>${filename:substringBeforeLast('/')}</value>
          </entry>
          <entry>
            <key>kylo.tmp.baseFolder</key>
            <value>/tmp/kylo-nifi</value>
          </entry>
          <entry>
            <key>metadata.table.feedFieldStructure</key>
            <value>${metadata.table.feedFieldStructure}</value>
          </entry>
          <entry>
            <key>metadata.table.partitionStructure</key>
            <value>${metadata.table.partitionStructure}</value>
          </entry>
          <entry>
            <key>hive.ingest.root</key>
            <value>${config.hive.ingest.root}</value>
          </entry>
          <entry>
            <key>hive.master.root</key>
            <value>${config.hive.master.root}</value>
          </entry>
          <entry>
            <key>s3ingest.es.jar_url</key>
            <value>${config.s3ingest.es.jar_url}</value>
          </entry>
          <entry>
            <key>metadata.table.fieldIndexString</key>
            <value>${metadata.table.fieldIndexString}</value>
          </entry>
          <entry>
            <key>metadata.table.targetFormat</key>
            <value>${metadata.table.targetFormat}</value>
          </entry>
          <entry>
            <key>s3ingest.s3.protocol</key>
            <value>${config.s3ingest.s3.protocol}</value>
          </entry>
          <entry>
            <key>metadata.table.fieldStructure</key>
            <value>${metadata.table.fieldStructure}</value>
          </entry>
          <entry>
            <key>skipHeader</key>
            <value>${metadata.options.skipHeader}</value>
          </entry>
          <entry>
            <key>s3ingest.apache-commons.jar_url</key>
            <value>${config.s3ingest.apache-commons.jar_url}</value>
          </entry>
          <entry>
            <key>metadata.table.partitionSpecs</key>
            <value>${metadata.table.partitionSpecs}</value>
          </entry>
          <entry>
            <key>feed</key>
            <value>${metadata.systemFeedName}</value>
          </entry>
          <entry>
            <key>hdfs.ingest.root</key>
            <value>${config.hdfs.ingest.root}</value>
          </entry>
          <entry>
            <key>s3ingest.sqs.url</key>
            <value>${config.s3ingest.sqs.url}</value>
          </entry>
          <entry>
            <key>category</key>
            <value>${metadata.category.systemName}</value>
          </entry>
          <entry>
            <key>metadata.table.targetMergeStrategy</key>
            <value>${metadata.table.targetMergeStrategy}</value>
          </entry>
          <entry>
            <key>metadata.table.feedFormat</key>
            <value>${metadata.table.feedFormat}</value>
          </entry>
        </properties>
        <runDurationMillis>0</runDurationMillis>
        <schedulingPeriod>0 sec</schedulingPeriod>
        <schedulingStrategy>TIMER_DRIVEN</schedulingStrategy>
        <yieldDuration>1 sec</yieldDuration>
      </config>
      <name>Initialize Feed Parameters</name>
      <relationships>
        <autoTerminate>false</autoTerminate>
        <name>success</name>
      </relationships>
      <style>
        <entry>
          <key>background-color</key>
          <value>#11f237</value>
        </entry>
      </style>
      <type>org.apache.nifi.processors.attributes.UpdateAttribute</type>
    </processors>
  </snippet>
  <timestamp>07/10/2017 16:15:37 UTC</timestamp>
</template>