<?xml version="1.0" encoding="UTF-8" standalone="yes"?>
<template encoding-version="1.2">
    <description></description>
    <groupId>636da11c-0166-1000-02db-e90e3815be6c</groupId>
    <name>S3 Data Ingest</name>
    <snippet>
        <connections>
            <id>94253a47-ed15-3ddb-0000-000000000000</id>
            <parentGroupId>0a579f33-8a91-3234-0000-000000000000</parentGroupId>
            <backPressureDataSizeThreshold>1 GB</backPressureDataSizeThreshold>
            <backPressureObjectThreshold>10000</backPressureObjectThreshold>
            <destination>
                <groupId>0a579f33-8a91-3234-0000-000000000000</groupId>
                <id>e968cf15-7d90-3d5d-0000-000000000000</id>
                <type>PROCESSOR</type>
            </destination>
            <flowFileExpiration>0 sec</flowFileExpiration>
            <labelIndex>1</labelIndex>
            <name></name>
            <selectedRelationships>success</selectedRelationships>
            <source>
                <groupId>0a579f33-8a91-3234-0000-000000000000</groupId>
                <id>40a1dd37-a24e-3006-0000-000000000000</id>
                <type>PROCESSOR</type>
            </source>
            <zIndex>0</zIndex>
        </connections>
        <connections>
            <id>9995ebe8-fae3-3635-0000-000000000000</id>
            <parentGroupId>0a579f33-8a91-3234-0000-000000000000</parentGroupId>
            <backPressureDataSizeThreshold>1 GB</backPressureDataSizeThreshold>
            <backPressureObjectThreshold>10000</backPressureObjectThreshold>
            <destination>
                <groupId>0a579f33-8a91-3234-0000-000000000000</groupId>
                <id>24d27ca8-2cbc-33dc-0000-000000000000</id>
                <type>OUTPUT_PORT</type>
            </destination>
            <flowFileExpiration>0 sec</flowFileExpiration>
            <labelIndex>1</labelIndex>
            <name></name>
            <selectedRelationships>unmatched</selectedRelationships>
            <source>
                <groupId>0a579f33-8a91-3234-0000-000000000000</groupId>
                <id>e968cf15-7d90-3d5d-0000-000000000000</id>
                <type>PROCESSOR</type>
            </source>
            <zIndex>0</zIndex>
        </connections>
        <connections>
            <id>4e1fde84-3f90-3598-0000-000000000000</id>
            <parentGroupId>0a579f33-8a91-3234-0000-000000000000</parentGroupId>
            <backPressureDataSizeThreshold>1 GB</backPressureDataSizeThreshold>
            <backPressureObjectThreshold>10000</backPressureObjectThreshold>
            <destination>
                <groupId>0a579f33-8a91-3234-0000-000000000000</groupId>
                <id>65ea8afa-f3e4-3c74-0000-000000000000</id>
                <type>PROCESSOR</type>
            </destination>
            <flowFileExpiration>0 sec</flowFileExpiration>
            <labelIndex>1</labelIndex>
            <name></name>
            <selectedRelationships>Success</selectedRelationships>
            <source>
                <groupId>0a579f33-8a91-3234-0000-000000000000</groupId>
                <id>539f0c20-ca20-394b-0000-000000000000</id>
                <type>PROCESSOR</type>
            </source>
            <zIndex>0</zIndex>
        </connections>
        <connections>
            <id>6ebc65ce-e5e3-3e55-0000-000000000000</id>
            <parentGroupId>0a579f33-8a91-3234-0000-000000000000</parentGroupId>
            <backPressureDataSizeThreshold>1 GB</backPressureDataSizeThreshold>
            <backPressureObjectThreshold>10000</backPressureObjectThreshold>
            <destination>
                <groupId>0a579f33-8a91-3234-0000-000000000000</groupId>
                <id>4c56db6e-c4a1-35d4-0000-000000000000</id>
                <type>OUTPUT_PORT</type>
            </destination>
            <flowFileExpiration>0 sec</flowFileExpiration>
            <labelIndex>1</labelIndex>
            <name></name>
            <selectedRelationships>success</selectedRelationships>
            <source>
                <groupId>0a579f33-8a91-3234-0000-000000000000</groupId>
                <id>65ea8afa-f3e4-3c74-0000-000000000000</id>
                <type>PROCESSOR</type>
            </source>
            <zIndex>0</zIndex>
        </connections>
        <connections>
            <id>762ce80c-aa19-371c-0000-000000000000</id>
            <parentGroupId>0a579f33-8a91-3234-0000-000000000000</parentGroupId>
            <backPressureDataSizeThreshold>1 GB</backPressureDataSizeThreshold>
            <backPressureObjectThreshold>10000</backPressureObjectThreshold>
            <destination>
                <groupId>0a579f33-8a91-3234-0000-000000000000</groupId>
                <id>40a1dd37-a24e-3006-0000-000000000000</id>
                <type>PROCESSOR</type>
            </destination>
            <flowFileExpiration>0 sec</flowFileExpiration>
            <labelIndex>1</labelIndex>
            <name></name>
            <selectedRelationships>success</selectedRelationships>
            <source>
                <groupId>0a579f33-8a91-3234-0000-000000000000</groupId>
                <id>08bd2807-bb03-3af8-0000-000000000000</id>
                <type>PROCESSOR</type>
            </source>
            <zIndex>0</zIndex>
        </connections>
        <controllerServices>
            <id>8197e5da-55ce-3a96-0000-000000000000</id>
            <parentGroupId>0a579f33-8a91-3234-0000-000000000000</parentGroupId>
            <bundle>
                <artifact>kylo-nifi-core-service-v1.2-nar</artifact>
                <group>default</group>
                <version>unversioned</version>
            </bundle>
            <comments></comments>
            <descriptors>
                <entry>
                    <key>Implementation</key>
                    <value>
                        <name>Implementation</name>
                    </value>
                </entry>
                <entry>
                    <key>rest-client-url</key>
                    <value>
                        <name>rest-client-url</name>
                    </value>
                </entry>
                <entry>
                    <key>client-username</key>
                    <value>
                        <name>client-username</name>
                    </value>
                </entry>
                <entry>
                    <key>client-password</key>
                    <value>
                        <name>client-password</name>
                    </value>
                </entry>
                <entry>
                    <key>Spring Context Service</key>
                    <value>
                        <identifiesControllerService>com.thinkbiganalytics.nifi.core.api.spring.SpringContextService</identifiesControllerService>
                        <name>Spring Context Service</name>
                    </value>
                </entry>
                <entry>
                    <key>Cleanup Event Service</key>
                    <value>
                        <identifiesControllerService>com.thinkbiganalytics.nifi.core.api.cleanup.CleanupEventService</identifiesControllerService>
                        <name>Cleanup Event Service</name>
                    </value>
                </entry>
                <entry>
                    <key>SSL Context Service</key>
                    <value>
                        <identifiesControllerService>org.apache.nifi.ssl.SSLContextService</identifiesControllerService>
                        <name>SSL Context Service</name>
                    </value>
                </entry>
            </descriptors>
            <name>Kylo Metadata Service</name>
            <persistsState>false</persistsState>
            <properties>
                <entry>
                    <key>Implementation</key>
                    <value>REMOTE</value>
                </entry>
                <entry>
                    <key>rest-client-url</key>
                    <value>http://10.0.2.2:8400/proxy/v1/metadata</value>
                </entry>
                <entry>
                    <key>client-username</key>
                    <value>dladmin</value>
                </entry>
                <entry>
                    <key>client-password</key>
                </entry>
                <entry>
                    <key>Spring Context Service</key>
                </entry>
                <entry>
                    <key>Cleanup Event Service</key>
                </entry>
                <entry>
                    <key>SSL Context Service</key>
                </entry>
            </properties>
            <state>ENABLED</state>
            <type>com.thinkbiganalytics.nifi.v2.core.metadata.MetadataProviderSelectorService</type>
        </controllerServices>
        <controllerServices>
            <id>a20a2b9e-4ae5-3d7f-0000-000000000000</id>
            <parentGroupId>0a579f33-8a91-3234-0000-000000000000</parentGroupId>
            <bundle>
                <artifact>kylo-nifi-core-service-v1.2-nar</artifact>
                <group>default</group>
                <version>unversioned</version>
            </bundle>
            <comments></comments>
            <descriptors>
                <entry>
                    <key>Configuraton Classes</key>
                    <value>
                        <name>Configuraton Classes</name>
                    </value>
                </entry>
            </descriptors>
            <name>SpringContextLoaderService</name>
            <persistsState>false</persistsState>
            <properties>
                <entry>
                    <key>Configuraton Classes</key>
                </entry>
            </properties>
            <state>ENABLED</state>
            <type>com.thinkbiganalytics.nifi.v2.core.spring.SpringContextLoaderService</type>
        </controllerServices>
        <controllerServices>
            <id>adcc1862-9c03-3c9c-0000-000000000000</id>
            <parentGroupId>0a579f33-8a91-3234-0000-000000000000</parentGroupId>
            <bundle>
                <artifact>nifi-aws-nar</artifact>
                <group>org.apache.nifi</group>
                <version>1.6.0</version>
            </bundle>
            <comments></comments>
            <descriptors>
                <entry>
                    <key>default-credentials</key>
                    <value>
                        <name>default-credentials</name>
                    </value>
                </entry>
                <entry>
                    <key>Access Key</key>
                    <value>
                        <name>Access Key</name>
                    </value>
                </entry>
                <entry>
                    <key>Secret Key</key>
                    <value>
                        <name>Secret Key</name>
                    </value>
                </entry>
                <entry>
                    <key>Credentials File</key>
                    <value>
                        <name>Credentials File</name>
                    </value>
                </entry>
                <entry>
                    <key>profile-name</key>
                    <value>
                        <name>profile-name</name>
                    </value>
                </entry>
                <entry>
                    <key>anonymous-credentials</key>
                    <value>
                        <name>anonymous-credentials</name>
                    </value>
                </entry>
                <entry>
                    <key>Assume Role ARN</key>
                    <value>
                        <name>Assume Role ARN</name>
                    </value>
                </entry>
                <entry>
                    <key>Assume Role Session Name</key>
                    <value>
                        <name>Assume Role Session Name</name>
                    </value>
                </entry>
                <entry>
                    <key>Session Time</key>
                    <value>
                        <name>Session Time</name>
                    </value>
                </entry>
                <entry>
                    <key>assume-role-external-id</key>
                    <value>
                        <name>assume-role-external-id</name>
                    </value>
                </entry>
                <entry>
                    <key>assume-role-proxy-host</key>
                    <value>
                        <name>assume-role-proxy-host</name>
                    </value>
                </entry>
                <entry>
                    <key>assume-role-proxy-port</key>
                    <value>
                        <name>assume-role-proxy-port</name>
                    </value>
                </entry>
            </descriptors>
            <name>AWSCredentialsProviderControllerService</name>
            <persistsState>false</persistsState>
            <properties>
                <entry>
                    <key>default-credentials</key>
                    <value>false</value>
                </entry>
                <entry>
                    <key>Access Key</key>
                </entry>
                <entry>
                    <key>Secret Key</key>
                </entry>
                <entry>
                    <key>Credentials File</key>
                </entry>
                <entry>
                    <key>profile-name</key>
                </entry>
                <entry>
                    <key>anonymous-credentials</key>
                    <value>false</value>
                </entry>
                <entry>
                    <key>Assume Role ARN</key>
                </entry>
                <entry>
                    <key>Assume Role Session Name</key>
                </entry>
                <entry>
                    <key>Session Time</key>
                    <value>3600</value>
                </entry>
                <entry>
                    <key>assume-role-external-id</key>
                </entry>
                <entry>
                    <key>assume-role-proxy-host</key>
                </entry>
                <entry>
                    <key>assume-role-proxy-port</key>
                </entry>
            </properties>
            <state>ENABLED</state>
            <type>org.apache.nifi.processors.aws.credentials.provider.service.AWSCredentialsProviderControllerService</type>
        </controllerServices>
        <controllerServices>
            <id>33c3663b-1373-300f-0000-000000000000</id>
            <parentGroupId>0a579f33-8a91-3234-0000-000000000000</parentGroupId>
            <bundle>
                <artifact>kylo-nifi-core-service-v1.2-nar</artifact>
                <group>default</group>
                <version>unversioned</version>
            </bundle>
            <comments></comments>
            <descriptors>
                <entry>
                    <key>Spring Context Service</key>
                    <value>
                        <identifiesControllerService>com.thinkbiganalytics.nifi.core.api.spring.SpringContextService</identifiesControllerService>
                        <name>Spring Context Service</name>
                    </value>
                </entry>
            </descriptors>
            <name>Kylo Cleanup Service</name>
            <persistsState>false</persistsState>
            <properties>
                <entry>
                    <key>Spring Context Service</key>
                    <value>a20a2b9e-4ae5-3d7f-0000-000000000000</value>
                </entry>
            </properties>
            <state>ENABLED</state>
            <type>com.thinkbiganalytics.nifi.v2.core.cleanup.JmsCleanupEventService</type>
        </controllerServices>
        <labels>
            <id>a10bea8f-922e-3db5-0000-000000000000</id>
            <parentGroupId>0a579f33-8a91-3234-0000-000000000000</parentGroupId>
            <position>
                <x>5.927801779256697</x>
                <y>250.58963186958226</y>
            </position>
            <height>172.5148162841797</height>
            <label>Cleanup</label>
            <style>
                <entry>
                    <key>background-color</key>
                    <value>#dbdbdb</value>
                </entry>
                <entry>
                    <key>font-size</key>
                    <value>18px</value>
                </entry>
            </style>
            <width>1538.88671875</width>
        </labels>
        <outputPorts>
            <id>24d27ca8-2cbc-33dc-0000-000000000000</id>
            <parentGroupId>0a579f33-8a91-3234-0000-000000000000</parentGroupId>
            <position>
                <x>1763.355697452128</x>
                <y>35.8989482523607</y>
            </position>
            <comments></comments>
            <concurrentlySchedulableTaskCount>1</concurrentlySchedulableTaskCount>
            <name>to-reuseable-ingest-s3</name>
            <state>STOPPED</state>
            <transmitting>false</transmitting>
            <type>OUTPUT_PORT</type>
        </outputPorts>
        <outputPorts>
            <id>4c56db6e-c4a1-35d4-0000-000000000000</id>
            <parentGroupId>0a579f33-8a91-3234-0000-000000000000</parentGroupId>
            <position>
                <x>1226.4662792777026</x>
                <y>295.74387458126876</y>
            </position>
            <comments></comments>
            <concurrentlySchedulableTaskCount>1</concurrentlySchedulableTaskCount>
            <name>to-standard-cleanup-s3</name>
            <state>STOPPED</state>
            <transmitting>false</transmitting>
            <type>OUTPUT_PORT</type>
        </outputPorts>
        <processors>
            <id>e968cf15-7d90-3d5d-0000-000000000000</id>
            <parentGroupId>0a579f33-8a91-3234-0000-000000000000</parentGroupId>
            <position>
                <x>1137.8544311719625</x>
                <y>0.0</y>
            </position>
            <bundle>
                <artifact>nifi-standard-nar</artifact>
                <group>org.apache.nifi</group>
                <version>1.6.0</version>
            </bundle>
            <config>
                <bulletinLevel>WARN</bulletinLevel>
                <comments></comments>
                <concurrentlySchedulableTaskCount>1</concurrentlySchedulableTaskCount>
                <descriptors>
                    <entry>
                        <key>Routing Strategy</key>
                        <value>
                            <name>Routing Strategy</name>
                        </value>
                    </entry>
                    <entry>
                        <key>badFilename</key>
                        <value>
                            <name>badFilename</name>
                        </value>
                    </entry>
                </descriptors>
                <executionNode>ALL</executionNode>
                <lossTolerant>false</lossTolerant>
                <penaltyDuration>30 sec</penaltyDuration>
                <properties>
                    <entry>
                        <key>Routing Strategy</key>
                        <value>Route to 'match' if any matches</value>
                    </entry>
                    <entry>
                        <key>badFilename</key>
                        <value>${filename:equals("${feed}/")}</value>
                    </entry>
                </properties>
                <runDurationMillis>0</runDurationMillis>
                <schedulingPeriod>0 sec</schedulingPeriod>
                <schedulingStrategy>TIMER_DRIVEN</schedulingStrategy>
                <yieldDuration>1 sec</yieldDuration>
            </config>
            <name>DropInvalidFlowFile</name>
            <relationships>
                <autoTerminate>true</autoTerminate>
                <name>matched</name>
            </relationships>
            <relationships>
                <autoTerminate>false</autoTerminate>
                <name>unmatched</name>
            </relationships>
            <state>STOPPED</state>
            <style/>
            <type>org.apache.nifi.processors.standard.RouteOnAttribute</type>
        </processors>
        <processors>
            <id>08bd2807-bb03-3af8-0000-000000000000</id>
            <parentGroupId>0a579f33-8a91-3234-0000-000000000000</parentGroupId>
            <position>
                <x>0.0</x>
                <y>5.615808428801756</y>
            </position>
            <bundle>
                <artifact>nifi-aws-nar</artifact>
                <group>org.apache.nifi</group>
                <version>1.6.0</version>
            </bundle>
            <config>
                <bulletinLevel>WARN</bulletinLevel>
                <comments></comments>
                <concurrentlySchedulableTaskCount>1</concurrentlySchedulableTaskCount>
                <descriptors>
                    <entry>
                        <key>Bucket</key>
                        <value>
                            <name>Bucket</name>
                        </value>
                    </entry>
                    <entry>
                        <key>Region</key>
                        <value>
                            <name>Region</name>
                        </value>
                    </entry>
                    <entry>
                        <key>Access Key</key>
                        <value>
                            <name>Access Key</name>
                        </value>
                    </entry>
                    <entry>
                        <key>Secret Key</key>
                        <value>
                            <name>Secret Key</name>
                        </value>
                    </entry>
                    <entry>
                        <key>Credentials File</key>
                        <value>
                            <name>Credentials File</name>
                        </value>
                    </entry>
                    <entry>
                        <key>AWS Credentials Provider service</key>
                        <value>
                            <identifiesControllerService>org.apache.nifi.processors.aws.credentials.provider.service.AWSCredentialsProviderService</identifiesControllerService>
                            <name>AWS Credentials Provider service</name>
                        </value>
                    </entry>
                    <entry>
                        <key>Communications Timeout</key>
                        <value>
                            <name>Communications Timeout</name>
                        </value>
                    </entry>
                    <entry>
                        <key>SSL Context Service</key>
                        <value>
                            <identifiesControllerService>org.apache.nifi.ssl.SSLContextService</identifiesControllerService>
                            <name>SSL Context Service</name>
                        </value>
                    </entry>
                    <entry>
                        <key>Endpoint Override URL</key>
                        <value>
                            <name>Endpoint Override URL</name>
                        </value>
                    </entry>
                    <entry>
                        <key>Signer Override</key>
                        <value>
                            <name>Signer Override</name>
                        </value>
                    </entry>
                    <entry>
                        <key>Proxy Host</key>
                        <value>
                            <name>Proxy Host</name>
                        </value>
                    </entry>
                    <entry>
                        <key>Proxy Host Port</key>
                        <value>
                            <name>Proxy Host Port</name>
                        </value>
                    </entry>
                    <entry>
                        <key>delimiter</key>
                        <value>
                            <name>delimiter</name>
                        </value>
                    </entry>
                    <entry>
                        <key>prefix</key>
                        <value>
                            <name>prefix</name>
                        </value>
                    </entry>
                    <entry>
                        <key>use-versions</key>
                        <value>
                            <name>use-versions</name>
                        </value>
                    </entry>
                    <entry>
                        <key>list-type</key>
                        <value>
                            <name>list-type</name>
                        </value>
                    </entry>
                    <entry>
                        <key>min-age</key>
                        <value>
                            <name>min-age</name>
                        </value>
                    </entry>
                </descriptors>
                <executionNode>ALL</executionNode>
                <lossTolerant>false</lossTolerant>
                <penaltyDuration>30 sec</penaltyDuration>
                <properties>
                    <entry>
                        <key>Bucket</key>
                        <value>input-bucket</value>
                    </entry>
                    <entry>
                        <key>Region</key>
                        <value>us-east-1</value>
                    </entry>
                    <entry>
                        <key>Access Key</key>
                    </entry>
                    <entry>
                        <key>Secret Key</key>
                    </entry>
                    <entry>
                        <key>Credentials File</key>
                    </entry>
                    <entry>
                        <key>AWS Credentials Provider service</key>
                        <value>adcc1862-9c03-3c9c-0000-000000000000</value>
                    </entry>
                    <entry>
                        <key>Communications Timeout</key>
                        <value>30 secs</value>
                    </entry>
                    <entry>
                        <key>SSL Context Service</key>
                    </entry>
                    <entry>
                        <key>Endpoint Override URL</key>
                    </entry>
                    <entry>
                        <key>Signer Override</key>
                        <value>Default Signature</value>
                    </entry>
                    <entry>
                        <key>Proxy Host</key>
                    </entry>
                    <entry>
                        <key>Proxy Host Port</key>
                    </entry>
                    <entry>
                        <key>delimiter</key>
                    </entry>
                    <entry>
                        <key>prefix</key>
                        <value>${metadata.systemFeedName}/</value>
                    </entry>
                    <entry>
                        <key>use-versions</key>
                        <value>false</value>
                    </entry>
                    <entry>
                        <key>list-type</key>
                        <value>1</value>
                    </entry>
                    <entry>
                        <key>min-age</key>
                        <value>0 sec</value>
                    </entry>
                </properties>
                <runDurationMillis>0</runDurationMillis>
                <schedulingPeriod>5 days</schedulingPeriod>
                <schedulingStrategy>TIMER_DRIVEN</schedulingStrategy>
                <yieldDuration>1 sec</yieldDuration>
            </config>
            <name>S3</name>
            <relationships>
                <autoTerminate>false</autoTerminate>
                <name>success</name>
            </relationships>
            <state>STOPPED</state>
            <style>
                <entry>
                    <key>background-color</key>
                    <value>#ad9897</value>
                </entry>
            </style>
            <type>org.apache.nifi.processors.aws.s3.ListS3</type>
        </processors>
        <processors>
            <id>40a1dd37-a24e-3006-0000-000000000000</id>
            <parentGroupId>0a579f33-8a91-3234-0000-000000000000</parentGroupId>
            <position>
                <x>575.5774502540726</x>
                <y>4.864141806841872</y>
            </position>
            <bundle>
                <artifact>nifi-update-attribute-nar</artifact>
                <group>org.apache.nifi</group>
                <version>1.6.0</version>
            </bundle>
            <config>
                <bulletinLevel>WARN</bulletinLevel>
                <comments></comments>
                <concurrentlySchedulableTaskCount>1</concurrentlySchedulableTaskCount>
                <descriptors>
                    <entry>
                        <key>Delete Attributes Expression</key>
                        <value>
                            <name>Delete Attributes Expression</name>
                        </value>
                    </entry>
                    <entry>
                        <key>Store State</key>
                        <value>
                            <name>Store State</name>
                        </value>
                    </entry>
                    <entry>
                        <key>Stateful Variables Initial Value</key>
                        <value>
                            <name>Stateful Variables Initial Value</name>
                        </value>
                    </entry>
                    <entry>
                        <key>archiveId</key>
                        <value>
                            <name>archiveId</name>
                        </value>
                    </entry>
                    <entry>
                        <key>category</key>
                        <value>
                            <name>category</name>
                        </value>
                    </entry>
                    <entry>
                        <key>feed</key>
                        <value>
                            <name>feed</name>
                        </value>
                    </entry>
                    <entry>
                        <key>hdfs.ingest.root</key>
                        <value>
                            <name>hdfs.ingest.root</name>
                        </value>
                    </entry>
                    <entry>
                        <key>hive.ingest.root</key>
                        <value>
                            <name>hive.ingest.root</name>
                        </value>
                    </entry>
                    <entry>
                        <key>hive.master.root</key>
                        <value>
                            <name>hive.master.root</name>
                        </value>
                    </entry>
                    <entry>
                        <key>hive.profile.root</key>
                        <value>
                            <name>hive.profile.root</name>
                        </value>
                    </entry>
                    <entry>
                        <key>InputFolderName</key>
                        <value>
                            <name>InputFolderName</name>
                        </value>
                    </entry>
                    <entry>
                        <key>kylo.tmp.baseFolder</key>
                        <value>
                            <name>kylo.tmp.baseFolder</name>
                        </value>
                    </entry>
                    <entry>
                        <key>metadata.table.feedFieldStructure</key>
                        <value>
                            <name>metadata.table.feedFieldStructure</name>
                        </value>
                    </entry>
                    <entry>
                        <key>metadata.table.feedFormat</key>
                        <value>
                            <name>metadata.table.feedFormat</name>
                        </value>
                    </entry>
                    <entry>
                        <key>metadata.table.fieldIndexString</key>
                        <value>
                            <name>metadata.table.fieldIndexString</name>
                        </value>
                    </entry>
                    <entry>
                        <key>metadata.table.fieldPoliciesJson</key>
                        <value>
                            <name>metadata.table.fieldPoliciesJson</name>
                        </value>
                    </entry>
                    <entry>
                        <key>metadata.table.fieldStructure</key>
                        <value>
                            <name>metadata.table.fieldStructure</name>
                        </value>
                    </entry>
                    <entry>
                        <key>metadata.table.partitionSpecs</key>
                        <value>
                            <name>metadata.table.partitionSpecs</name>
                        </value>
                    </entry>
                    <entry>
                        <key>metadata.table.partitionStructure</key>
                        <value>
                            <name>metadata.table.partitionStructure</name>
                        </value>
                    </entry>
                    <entry>
                        <key>metadata.table.targetFormat</key>
                        <value>
                            <name>metadata.table.targetFormat</name>
                        </value>
                    </entry>
                    <entry>
                        <key>metadata.table.targetMergeStrategy</key>
                        <value>
                            <name>metadata.table.targetMergeStrategy</name>
                        </value>
                    </entry>
                    <entry>
                        <key>metadata.table.targetTblProperties</key>
                        <value>
                            <name>metadata.table.targetTblProperties</name>
                        </value>
                    </entry>
                    <entry>
                        <key>s3ingest.apache-commons.jar_url</key>
                        <value>
                            <name>s3ingest.apache-commons.jar_url</name>
                        </value>
                    </entry>
                    <entry>
                        <key>s3ingest.es.jar_url</key>
                        <value>
                            <name>s3ingest.es.jar_url</name>
                        </value>
                    </entry>
                    <entry>
                        <key>s3ingest.es.nodes</key>
                        <value>
                            <name>s3ingest.es.nodes</name>
                        </value>
                    </entry>
                    <entry>
                        <key>s3ingest.hive.metastore_warehouse_location</key>
                        <value>
                            <name>s3ingest.hive.metastore_warehouse_location</name>
                        </value>
                    </entry>
                    <entry>
                        <key>s3ingest.hiveBucket</key>
                        <value>
                            <name>s3ingest.hiveBucket</name>
                        </value>
                    </entry>
                    <entry>
                        <key>s3ingest.s3.protocol</key>
                        <value>
                            <name>s3ingest.s3.protocol</name>
                        </value>
                    </entry>
                    <entry>
                        <key>skipHeader</key>
                        <value>
                            <name>skipHeader</name>
                        </value>
                    </entry>
                    <entry>
                        <key>spark.input_folder</key>
                        <value>
                            <name>spark.input_folder</name>
                        </value>
                    </entry>
                </descriptors>
                <executionNode>ALL</executionNode>
                <lossTolerant>false</lossTolerant>
                <penaltyDuration>30 sec</penaltyDuration>
                <properties>
                    <entry>
                        <key>Delete Attributes Expression</key>
                    </entry>
                    <entry>
                        <key>Store State</key>
                        <value>Do not store state</value>
                    </entry>
                    <entry>
                        <key>Stateful Variables Initial Value</key>
                    </entry>
                    <entry>
                        <key>archiveId</key>
                        <value>${now():format('yyyyMMddHHmmss')}_${UUID()}</value>
                    </entry>
                    <entry>
                        <key>category</key>
                        <value>${metadata.category.systemName}</value>
                    </entry>
                    <entry>
                        <key>feed</key>
                        <value>${metadata.systemFeedName}</value>
                    </entry>
                    <entry>
                        <key>hdfs.ingest.root</key>
                        <value>${config.hdfs.ingest.root}</value>
                    </entry>
                    <entry>
                        <key>hive.ingest.root</key>
                        <value>${config.hive.ingest.root}</value>
                    </entry>
                    <entry>
                        <key>hive.master.root</key>
                        <value>${config.hive.master.root}</value>
                    </entry>
                    <entry>
                        <key>hive.profile.root</key>
                        <value>${config.hive.profile.root}</value>
                    </entry>
                    <entry>
                        <key>InputFolderName</key>
                        <value>${filename:substringBeforeLast('/')}</value>
                    </entry>
                    <entry>
                        <key>kylo.tmp.baseFolder</key>
                        <value>/tmp/kylo-nifi</value>
                    </entry>
                    <entry>
                        <key>metadata.table.feedFieldStructure</key>
                        <value>${metadata.table.feedFieldStructure}</value>
                    </entry>
                    <entry>
                        <key>metadata.table.feedFormat</key>
                        <value>${metadata.table.feedFormat}</value>
                    </entry>
                    <entry>
                        <key>metadata.table.fieldIndexString</key>
                        <value>${metadata.table.fieldIndexString}</value>
                    </entry>
                    <entry>
                        <key>metadata.table.fieldPoliciesJson</key>
                        <value>${metadata.table.fieldPoliciesJson}</value>
                    </entry>
                    <entry>
                        <key>metadata.table.fieldStructure</key>
                        <value>${metadata.table.fieldStructure}</value>
                    </entry>
                    <entry>
                        <key>metadata.table.partitionSpecs</key>
                        <value>${metadata.table.partitionSpecs}</value>
                    </entry>
                    <entry>
                        <key>metadata.table.partitionStructure</key>
                        <value>${metadata.table.partitionStructure}</value>
                    </entry>
                    <entry>
                        <key>metadata.table.targetFormat</key>
                        <value>${metadata.table.targetFormat}</value>
                    </entry>
                    <entry>
                        <key>metadata.table.targetMergeStrategy</key>
                        <value>${metadata.table.targetMergeStrategy}</value>
                    </entry>
                    <entry>
                        <key>metadata.table.targetTblProperties</key>
                        <value>${metadata.table.targetTblProperties}</value>
                    </entry>
                    <entry>
                        <key>s3ingest.apache-commons.jar_url</key>
                        <value>${config.s3ingest.apache-commons.jar_url}</value>
                    </entry>
                    <entry>
                        <key>s3ingest.es.jar_url</key>
                        <value>${config.s3ingest.es.jar_url}</value>
                    </entry>
                    <entry>
                        <key>s3ingest.es.nodes</key>
                        <value>${config.s3ingest.es.nodes}</value>
                    </entry>
                    <entry>
                        <key>s3ingest.hive.metastore_warehouse_location</key>
                        <value>config.s3ingest.hive.metastore_warehouse_location</value>
                    </entry>
                    <entry>
                        <key>s3ingest.hiveBucket</key>
                        <value>${config.s3ingest.hiveBucket}</value>
                    </entry>
                    <entry>
                        <key>s3ingest.s3.protocol</key>
                        <value>${config.s3ingest.s3.protocol}</value>
                    </entry>
                    <entry>
                        <key>skipHeader</key>
                        <value>${metadata.options.skipHeader}</value>
                    </entry>
                    <entry>
                        <key>spark.input_folder</key>
                        <value>/tmp/kylo-nifi/spark</value>
                    </entry>
                </properties>
                <runDurationMillis>0</runDurationMillis>
                <schedulingPeriod>0 sec</schedulingPeriod>
                <schedulingStrategy>TIMER_DRIVEN</schedulingStrategy>
                <yieldDuration>1 sec</yieldDuration>
            </config>
            <name>Initialize Feed Parameters</name>
            <relationships>
                <autoTerminate>false</autoTerminate>
                <name>success</name>
            </relationships>
            <state>STOPPED</state>
            <style>
                <entry>
                    <key>background-color</key>
                    <value>#11f237</value>
                </entry>
            </style>
            <type>org.apache.nifi.processors.attributes.UpdateAttribute</type>
        </processors>
        <processors>
            <id>539f0c20-ca20-394b-0000-000000000000</id>
            <parentGroupId>0a579f33-8a91-3234-0000-000000000000</parentGroupId>
            <position>
                <x>65.69976567879348</x>
                <y>276.37393210914524</y>
            </position>
            <bundle>
                <artifact>kylo-nifi-core-v1.2-nar</artifact>
                <group>default</group>
                <version>unversioned</version>
            </bundle>
            <config>
                <bulletinLevel>WARN</bulletinLevel>
                <comments></comments>
                <concurrentlySchedulableTaskCount>1</concurrentlySchedulableTaskCount>
                <descriptors>
                    <entry>
                        <key>Feed Cleanup Event Service</key>
                        <value>
                            <identifiesControllerService>com.thinkbiganalytics.nifi.core.api.cleanup.CleanupEventService</identifiesControllerService>
                            <name>Feed Cleanup Event Service</name>
                        </value>
                    </entry>
                    <entry>
                        <key>Metadata Provider Service</key>
                        <value>
                            <identifiesControllerService>com.thinkbiganalytics.nifi.core.api.metadata.MetadataProviderService</identifiesControllerService>
                            <name>Metadata Provider Service</name>
                        </value>
                    </entry>
                    <entry>
                        <key>System feed category</key>
                        <value>
                            <name>System feed category</name>
                        </value>
                    </entry>
                    <entry>
                        <key>System feed name</key>
                        <value>
                            <name>System feed name</name>
                        </value>
                    </entry>
                </descriptors>
                <executionNode>ALL</executionNode>
                <lossTolerant>false</lossTolerant>
                <penaltyDuration>30 sec</penaltyDuration>
                <properties>
                    <entry>
                        <key>Feed Cleanup Event Service</key>
                        <value>33c3663b-1373-300f-0000-000000000000</value>
                    </entry>
                    <entry>
                        <key>Metadata Provider Service</key>
                        <value>8197e5da-55ce-3a96-0000-000000000000</value>
                    </entry>
                    <entry>
                        <key>System feed category</key>
                        <value>${metadata.category.systemName}</value>
                    </entry>
                    <entry>
                        <key>System feed name</key>
                        <value>${metadata.systemFeedName}</value>
                    </entry>
                </properties>
                <runDurationMillis>0</runDurationMillis>
                <schedulingPeriod>0 sec</schedulingPeriod>
                <schedulingStrategy>TIMER_DRIVEN</schedulingStrategy>
                <yieldDuration>1 sec</yieldDuration>
            </config>
            <name>TriggerCleanup</name>
            <relationships>
                <autoTerminate>false</autoTerminate>
                <name>Success</name>
            </relationships>
            <state>STOPPED</state>
            <style>
                <entry>
                    <key>background-color</key>
                    <value>#ff9900</value>
                </entry>
            </style>
            <type>com.thinkbiganalytics.nifi.v2.metadata.TriggerCleanup</type>
        </processors>
        <processors>
            <id>65ea8afa-f3e4-3c74-0000-000000000000</id>
            <parentGroupId>0a579f33-8a91-3234-0000-000000000000</parentGroupId>
            <position>
                <x>642.2329678321976</x>
                <y>267.2044356911201</y>
            </position>
            <bundle>
                <artifact>nifi-update-attribute-nar</artifact>
                <group>org.apache.nifi</group>
                <version>1.6.0</version>
            </bundle>
            <config>
                <bulletinLevel>WARN</bulletinLevel>
                <comments></comments>
                <concurrentlySchedulableTaskCount>1</concurrentlySchedulableTaskCount>
                <descriptors>
                    <entry>
                        <key>Delete Attributes Expression</key>
                        <value>
                            <name>Delete Attributes Expression</name>
                        </value>
                    </entry>
                    <entry>
                        <key>Store State</key>
                        <value>
                            <name>Store State</name>
                        </value>
                    </entry>
                    <entry>
                        <key>Stateful Variables Initial Value</key>
                        <value>
                            <name>Stateful Variables Initial Value</name>
                        </value>
                    </entry>
                    <entry>
                        <key>category</key>
                        <value>
                            <name>category</name>
                        </value>
                    </entry>
                    <entry>
                        <key>feed</key>
                        <value>
                            <name>feed</name>
                        </value>
                    </entry>
                    <entry>
                        <key>hdfs.ingest.root</key>
                        <value>
                            <name>hdfs.ingest.root</name>
                        </value>
                    </entry>
                    <entry>
                        <key>hive.ingest.root</key>
                        <value>
                            <name>hive.ingest.root</name>
                        </value>
                    </entry>
                    <entry>
                        <key>hive.master.root</key>
                        <value>
                            <name>hive.master.root</name>
                        </value>
                    </entry>
                    <entry>
                        <key>hive.profile.root</key>
                        <value>
                            <name>hive.profile.root</name>
                        </value>
                    </entry>
                    <entry>
                        <key>s3ingest.apache-commons.jar_url</key>
                        <value>
                            <name>s3ingest.apache-commons.jar_url</name>
                        </value>
                    </entry>
                    <entry>
                        <key>s3ingest.es.jar_url</key>
                        <value>
                            <name>s3ingest.es.jar_url</name>
                        </value>
                    </entry>
                    <entry>
                        <key>s3ingest.hiveBucket</key>
                        <value>
                            <name>s3ingest.hiveBucket</name>
                        </value>
                    </entry>
                </descriptors>
                <executionNode>ALL</executionNode>
                <lossTolerant>false</lossTolerant>
                <penaltyDuration>30 sec</penaltyDuration>
                <properties>
                    <entry>
                        <key>Delete Attributes Expression</key>
                    </entry>
                    <entry>
                        <key>Store State</key>
                        <value>Do not store state</value>
                    </entry>
                    <entry>
                        <key>Stateful Variables Initial Value</key>
                    </entry>
                    <entry>
                        <key>category</key>
                        <value>${metadata.category.systemName}</value>
                    </entry>
                    <entry>
                        <key>feed</key>
                        <value>${metadata.systemFeedName}</value>
                    </entry>
                    <entry>
                        <key>hdfs.ingest.root</key>
                        <value>${config.hdfs.ingest.root}</value>
                    </entry>
                    <entry>
                        <key>hive.ingest.root</key>
                        <value>${config.hive.ingest.root}</value>
                    </entry>
                    <entry>
                        <key>hive.master.root</key>
                        <value>${config.hive.master.root}</value>
                    </entry>
                    <entry>
                        <key>hive.profile.root</key>
                        <value>${config.hive.profile.root}</value>
                    </entry>
                    <entry>
                        <key>s3ingest.apache-commons.jar_url</key>
                        <value>${config.s3ingest.apache-commons.jar_url}</value>
                    </entry>
                    <entry>
                        <key>s3ingest.es.jar_url</key>
                        <value>${config.s3ingest.es.jar_url}</value>
                    </entry>
                    <entry>
                        <key>s3ingest.hiveBucket</key>
                        <value>${config.s3ingest.hiveBucket}</value>
                    </entry>
                </properties>
                <runDurationMillis>0</runDurationMillis>
                <schedulingPeriod>0 sec</schedulingPeriod>
                <schedulingStrategy>TIMER_DRIVEN</schedulingStrategy>
                <yieldDuration>1 sec</yieldDuration>
            </config>
            <name>Initialize Cleanup Parameters</name>
            <relationships>
                <autoTerminate>false</autoTerminate>
                <name>success</name>
            </relationships>
            <state>STOPPED</state>
            <style>
                <entry>
                    <key>background-color</key>
                    <value>#11f237</value>
                </entry>
            </style>
            <type>org.apache.nifi.processors.attributes.UpdateAttribute</type>
        </processors>
    </snippet>
    <timestamp>10/11/2018 15:09:40 UTC</timestamp>
</template>
