{"owner":{"displayName":"Data Lake Administrator","email":null,"enabled":true,"groups":["admin","user"],"systemName":"dladmin"},"allowedActions":{"actions":[{"systemName":"accessTemplate","actions":[{"systemName":"editTemplate"},{"systemName":"deleteTemplate"},{"systemName":"exportTemplate"},{"systemName":"createFeedFromTemplate"},{"systemName":"changeTemplatePermissions"}]}]},"roleMemberships":[],"properties":[{"processGroupName":"NiFi Flow","processorName":"S3","processorId":"73651c62-453c-1d3a-54db-14c610d18f27","processGroupId":"2d494034-015d-1000-435e-2c0b99cc17f0","processorType":"org.apache.nifi.processors.aws.s3.ListS3","key":"Bucket","value":"hive-bucket","expressionProperties":null,"propertyDescriptor":{"name":"Bucket","displayName":"Bucket","description":"","defaultValue":null,"allowableValues":null,"required":true,"sensitive":false,"dynamic":false,"supportsEl":true,"identifiesControllerService":null},"templateValue":"hive-bucket","userEditable":true,"renderType":"text","renderOptions":{},"selected":true,"inputProperty":true,"containsConfigurationVariables":false,"sensitive":false,"required":true,"templateProperty":null,"processorNameTypeKey":"S3-org.apache.nifi.processors.aws.s3.ListS3-Bucket","idKey":"2d494034-015d-1000-435e-2c0b99cc17f0-73651c62-453c-1d3a-54db-14c610d18f27-Bucket","nameKey":"NiFi Flow-S3-Bucket"},{"processGroupName":"NiFi Flow","processorName":"S3","processorId":"73651c62-453c-1d3a-54db-14c610d18f27","processGroupId":"2d494034-015d-1000-435e-2c0b99cc17f0","processorType":"org.apache.nifi.processors.aws.s3.ListS3","key":"Region","value":"us-east-1","expressionProperties":null,"propertyDescriptor":{"name":"Region","displayName":"Region","description":"","defaultValue":"us-west-2","allowableValues":[{"displayName":"us-gov-west-1","value":"us-gov-west-1","description":"us-gov-west-1"},{"displayName":"us-east-1","value":"us-east-1","description":"us-east-1"},{"displayName":"us-west-1","value":"us-west-1","description":"us-west-1"},{"displayName":"us-west-2","value":"us-west-2","description":"us-west-2"},{"displayName":"eu-west-1","value":"eu-west-1","description":"eu-west-1"},{"displayName":"eu-central-1","value":"eu-central-1","description":"eu-central-1"},{"displayName":"ap-southeast-1","value":"ap-southeast-1","description":"ap-southeast-1"},{"displayName":"ap-southeast-2","value":"ap-southeast-2","description":"ap-southeast-2"},{"displayName":"ap-northeast-1","value":"ap-northeast-1","description":"ap-northeast-1"},{"displayName":"ap-northeast-2","value":"ap-northeast-2","description":"ap-northeast-2"},{"displayName":"sa-east-1","value":"sa-east-1","description":"sa-east-1"},{"displayName":"cn-north-1","value":"cn-north-1","description":"cn-north-1"}],"required":true,"sensitive":false,"dynamic":false,"supportsEl":false,"identifiesControllerService":null},"templateValue":"us-east-1","userEditable":true,"renderType":"select","renderOptions":{},"selected":true,"inputProperty":true,"containsConfigurationVariables":false,"sensitive":false,"required":true,"templateProperty":null,"processorNameTypeKey":"S3-org.apache.nifi.processors.aws.s3.ListS3-Region","idKey":"2d494034-015d-1000-435e-2c0b99cc17f0-73651c62-453c-1d3a-54db-14c610d18f27-Region","nameKey":"NiFi Flow-S3-Region"},{"processGroupName":"NiFi Flow","processorName":"S3","processorId":"73651c62-453c-1d3a-54db-14c610d18f27","processGroupId":"2d494034-015d-1000-435e-2c0b99cc17f0","processorType":"org.apache.nifi.processors.aws.s3.ListS3","key":"prefix","value":"${metadata.systemFeedName}/","expressionProperties":null,"propertyDescriptor":{"name":"prefix","displayName":"Prefix","description":"The prefix used to filter the object list. In most cases, it should end with a forward slash ('/').","defaultValue":null,"allowableValues":null,"required":false,"sensitive":false,"dynamic":false,"supportsEl":true,"identifiesControllerService":null},"templateValue":"${metadata.systemFeedName}/","userEditable":true,"renderType":"text","renderOptions":{},"selected":true,"inputProperty":true,"containsConfigurationVariables":false,"sensitive":false,"required":true,"templateProperty":null,"processorNameTypeKey":"S3-org.apache.nifi.processors.aws.s3.ListS3-prefix","idKey":"2d494034-015d-1000-435e-2c0b99cc17f0-73651c62-453c-1d3a-54db-14c610d18f27-prefix","nameKey":"NiFi Flow-S3-prefix"},{"processGroupName":"NiFi Flow","processorName":"TriggerCleanup","processorId":"73651c62-4539-1d3a-d921-8cf81860df8c","processGroupId":"2d494034-015d-1000-435e-2c0b99cc17f0","processorType":"com.thinkbiganalytics.nifi.v2.metadata.TriggerCleanup","key":"System feed category","value":"${metadata.category.systemName}","expressionProperties":null,"propertyDescriptor":{"name":"System feed category","displayName":"System feed category","description":"The category name of this feed. The default is to have this name automatically set when the feed is created. Normally you do not need to change the default value.","defaultValue":"${metadata.category.systemName}","allowableValues":null,"required":true,"sensitive":false,"dynamic":false,"supportsEl":false,"identifiesControllerService":null},"templateValue":"${metadata.category.systemName}","userEditable":false,"renderType":"text","renderOptions":{},"selected":true,"inputProperty":true,"containsConfigurationVariables":false,"sensitive":false,"required":true,"templateProperty":null,"processorNameTypeKey":"TriggerCleanup-com.thinkbiganalytics.nifi.v2.metadata.TriggerCleanup-System feed category","idKey":"2d494034-015d-1000-435e-2c0b99cc17f0-73651c62-4539-1d3a-d921-8cf81860df8c-System feed category","nameKey":"NiFi Flow-TriggerCleanup-System feed category"},{"processGroupName":"NiFi Flow","processorName":"TriggerCleanup","processorId":"73651c62-4539-1d3a-d921-8cf81860df8c","processGroupId":"2d494034-015d-1000-435e-2c0b99cc17f0","processorType":"com.thinkbiganalytics.nifi.v2.metadata.TriggerCleanup","key":"System feed name","value":"${metadata.systemFeedName}","expressionProperties":null,"propertyDescriptor":{"name":"System feed name","displayName":"System feed name","description":"The system name of this feed. The default is to have this name automatically set when the feed is created. Normally you do not need to change the default value.","defaultValue":"${metadata.systemFeedName}","allowableValues":null,"required":true,"sensitive":false,"dynamic":false,"supportsEl":false,"identifiesControllerService":null},"templateValue":"${metadata.systemFeedName}","userEditable":false,"renderType":"text","renderOptions":{},"selected":true,"inputProperty":true,"containsConfigurationVariables":false,"sensitive":false,"required":true,"templateProperty":null,"processorNameTypeKey":"TriggerCleanup-com.thinkbiganalytics.nifi.v2.metadata.TriggerCleanup-System feed name","idKey":"2d494034-015d-1000-435e-2c0b99cc17f0-73651c62-4539-1d3a-d921-8cf81860df8c-System feed name","nameKey":"NiFi Flow-TriggerCleanup-System feed name"},{"processGroupName":"NiFi Flow","processorName":"Initialize Cleanup Parameters","processorId":"73651c62-453a-1d3a-5da9-7bcde547c264","processGroupId":"2d494034-015d-1000-435e-2c0b99cc17f0","processorType":"org.apache.nifi.processors.attributes.UpdateAttribute","key":"category","value":"${metadata.category.systemName}","expressionProperties":null,"propertyDescriptor":{"name":"category","displayName":"category","description":"","defaultValue":null,"allowableValues":null,"required":false,"sensitive":false,"dynamic":true,"supportsEl":true,"identifiesControllerService":null},"templateValue":"${metadata.category.systemName}","userEditable":false,"renderType":"text","renderOptions":{},"selected":true,"inputProperty":false,"containsConfigurationVariables":false,"sensitive":false,"required":false,"templateProperty":null,"processorNameTypeKey":"Initialize Cleanup Parameters-org.apache.nifi.processors.attributes.UpdateAttribute-category","idKey":"2d494034-015d-1000-435e-2c0b99cc17f0-73651c62-453a-1d3a-5da9-7bcde547c264-category","nameKey":"NiFi Flow-Initialize Cleanup Parameters-category"},{"processGroupName":"NiFi Flow","processorName":"Initialize Cleanup Parameters","processorId":"73651c62-453a-1d3a-5da9-7bcde547c264","processGroupId":"2d494034-015d-1000-435e-2c0b99cc17f0","processorType":"org.apache.nifi.processors.attributes.UpdateAttribute","key":"feed","value":"${metadata.systemFeedName}","expressionProperties":null,"propertyDescriptor":{"name":"feed","displayName":"feed","description":"","defaultValue":null,"allowableValues":null,"required":false,"sensitive":false,"dynamic":true,"supportsEl":true,"identifiesControllerService":null},"templateValue":"${metadata.systemFeedName}","userEditable":false,"renderType":"text","renderOptions":{},"selected":true,"inputProperty":false,"containsConfigurationVariables":false,"sensitive":false,"required":false,"templateProperty":null,"processorNameTypeKey":"Initialize Cleanup Parameters-org.apache.nifi.processors.attributes.UpdateAttribute-feed","idKey":"2d494034-015d-1000-435e-2c0b99cc17f0-73651c62-453a-1d3a-5da9-7bcde547c264-feed","nameKey":"NiFi Flow-Initialize Cleanup Parameters-feed"},{"processGroupName":"NiFi Flow","processorName":"Initialize Cleanup Parameters","processorId":"73651c62-453a-1d3a-5da9-7bcde547c264","processGroupId":"2d494034-015d-1000-435e-2c0b99cc17f0","processorType":"org.apache.nifi.processors.attributes.UpdateAttribute","key":"hdfs.ingest.root","value":"${config.hdfs.ingest.root}","expressionProperties":null,"propertyDescriptor":{"name":"hdfs.ingest.root","displayName":"hdfs.ingest.root","description":"","defaultValue":null,"allowableValues":null,"required":false,"sensitive":false,"dynamic":true,"supportsEl":true,"identifiesControllerService":null},"templateValue":"${config.hdfs.ingest.root}","userEditable":false,"renderType":"text","renderOptions":{},"selected":true,"inputProperty":false,"containsConfigurationVariables":false,"sensitive":false,"required":false,"templateProperty":null,"processorNameTypeKey":"Initialize Cleanup Parameters-org.apache.nifi.processors.attributes.UpdateAttribute-hdfs.ingest.root","idKey":"2d494034-015d-1000-435e-2c0b99cc17f0-73651c62-453a-1d3a-5da9-7bcde547c264-hdfs.ingest.root","nameKey":"NiFi Flow-Initialize Cleanup Parameters-hdfs.ingest.root"},{"processGroupName":"NiFi Flow","processorName":"Initialize Cleanup Parameters","processorId":"73651c62-453a-1d3a-5da9-7bcde547c264","processGroupId":"2d494034-015d-1000-435e-2c0b99cc17f0","processorType":"org.apache.nifi.processors.attributes.UpdateAttribute","key":"hive.ingest.root","value":"${config.hive.ingest.root}","expressionProperties":null,"propertyDescriptor":{"name":"hive.ingest.root","displayName":"hive.ingest.root","description":"","defaultValue":null,"allowableValues":null,"required":false,"sensitive":false,"dynamic":true,"supportsEl":true,"identifiesControllerService":null},"templateValue":"${config.hive.ingest.root}","userEditable":false,"renderType":"text","renderOptions":{},"selected":true,"inputProperty":false,"containsConfigurationVariables":false,"sensitive":false,"required":false,"templateProperty":null,"processorNameTypeKey":"Initialize Cleanup Parameters-org.apache.nifi.processors.attributes.UpdateAttribute-hive.ingest.root","idKey":"2d494034-015d-1000-435e-2c0b99cc17f0-73651c62-453a-1d3a-5da9-7bcde547c264-hive.ingest.root","nameKey":"NiFi Flow-Initialize Cleanup Parameters-hive.ingest.root"},{"processGroupName":"NiFi Flow","processorName":"Initialize Cleanup Parameters","processorId":"73651c62-453a-1d3a-5da9-7bcde547c264","processGroupId":"2d494034-015d-1000-435e-2c0b99cc17f0","processorType":"org.apache.nifi.processors.attributes.UpdateAttribute","key":"hive.master.root","value":"${config.hive.master.root}","expressionProperties":null,"propertyDescriptor":{"name":"hive.master.root","displayName":"hive.master.root","description":"","defaultValue":null,"allowableValues":null,"required":false,"sensitive":false,"dynamic":true,"supportsEl":true,"identifiesControllerService":null},"templateValue":"${config.hive.master.root}","userEditable":false,"renderType":"text","renderOptions":{},"selected":true,"inputProperty":false,"containsConfigurationVariables":false,"sensitive":false,"required":false,"templateProperty":null,"processorNameTypeKey":"Initialize Cleanup Parameters-org.apache.nifi.processors.attributes.UpdateAttribute-hive.master.root","idKey":"2d494034-015d-1000-435e-2c0b99cc17f0-73651c62-453a-1d3a-5da9-7bcde547c264-hive.master.root","nameKey":"NiFi Flow-Initialize Cleanup Parameters-hive.master.root"},{"processGroupName":"NiFi Flow","processorName":"Initialize Cleanup Parameters","processorId":"73651c62-453a-1d3a-5da9-7bcde547c264","processGroupId":"2d494034-015d-1000-435e-2c0b99cc17f0","processorType":"org.apache.nifi.processors.attributes.UpdateAttribute","key":"hive.profile.root","value":"${config.hive.profile.root}","expressionProperties":null,"propertyDescriptor":{"name":"hive.profile.root","displayName":"hive.profile.root","description":"","defaultValue":null,"allowableValues":null,"required":false,"sensitive":false,"dynamic":true,"supportsEl":true,"identifiesControllerService":null},"templateValue":"${config.hive.profile.root}","userEditable":false,"renderType":"text","renderOptions":{},"selected":true,"inputProperty":false,"containsConfigurationVariables":false,"sensitive":false,"required":false,"templateProperty":null,"processorNameTypeKey":"Initialize Cleanup Parameters-org.apache.nifi.processors.attributes.UpdateAttribute-hive.profile.root","idKey":"2d494034-015d-1000-435e-2c0b99cc17f0-73651c62-453a-1d3a-5da9-7bcde547c264-hive.profile.root","nameKey":"NiFi Flow-Initialize Cleanup Parameters-hive.profile.root"},{"processGroupName":"NiFi Flow","processorName":"Initialize Cleanup Parameters","processorId":"73651c62-453a-1d3a-5da9-7bcde547c264","processGroupId":"2d494034-015d-1000-435e-2c0b99cc17f0","processorType":"org.apache.nifi.processors.attributes.UpdateAttribute","key":"s3ingest.hiveBucket","value":"${config.s3ingest.hiveBucket}","expressionProperties":null,"propertyDescriptor":{"name":"s3ingest.hiveBucket","displayName":"s3ingest.hiveBucket","description":"","defaultValue":null,"allowableValues":null,"required":false,"sensitive":false,"dynamic":true,"supportsEl":true,"identifiesControllerService":null},"templateValue":"${config.s3ingest.hiveBucket}","userEditable":true,"renderType":"text","renderOptions":{},"selected":true,"inputProperty":false,"containsConfigurationVariables":false,"sensitive":false,"required":false,"templateProperty":null,"processorNameTypeKey":"Initialize Cleanup Parameters-org.apache.nifi.processors.attributes.UpdateAttribute-s3ingest.hiveBucket","idKey":"2d494034-015d-1000-435e-2c0b99cc17f0-73651c62-453a-1d3a-5da9-7bcde547c264-s3ingest.hiveBucket","nameKey":"NiFi Flow-Initialize Cleanup Parameters-s3ingest.hiveBucket"},{"processGroupName":"NiFi Flow","processorName":"Initialize Feed Parameters","processorId":"73651c62-4541-1d3a-ce66-80e96da50b06","processGroupId":"2d494034-015d-1000-435e-2c0b99cc17f0","processorType":"org.apache.nifi.processors.attributes.UpdateAttribute","key":"category","value":"${metadata.category.systemName}","expressionProperties":null,"propertyDescriptor":{"name":"category","displayName":"category","description":"","defaultValue":null,"allowableValues":null,"required":false,"sensitive":false,"dynamic":true,"supportsEl":true,"identifiesControllerService":null},"templateValue":"${metadata.category.systemName}","userEditable":false,"renderType":"text","renderOptions":{},"selected":true,"inputProperty":false,"containsConfigurationVariables":false,"sensitive":false,"required":false,"templateProperty":null,"processorNameTypeKey":"Initialize Feed Parameters-org.apache.nifi.processors.attributes.UpdateAttribute-category","idKey":"2d494034-015d-1000-435e-2c0b99cc17f0-73651c62-4541-1d3a-ce66-80e96da50b06-category","nameKey":"NiFi Flow-Initialize Feed Parameters-category"},{"processGroupName":"NiFi Flow","processorName":"Initialize Feed Parameters","processorId":"73651c62-4541-1d3a-ce66-80e96da50b06","processGroupId":"2d494034-015d-1000-435e-2c0b99cc17f0","processorType":"org.apache.nifi.processors.attributes.UpdateAttribute","key":"feed","value":"${metadata.systemFeedName}","expressionProperties":null,"propertyDescriptor":{"name":"feed","displayName":"feed","description":"","defaultValue":null,"allowableValues":null,"required":false,"sensitive":false,"dynamic":true,"supportsEl":true,"identifiesControllerService":null},"templateValue":"${metadata.systemFeedName}","userEditable":false,"renderType":"text","renderOptions":{},"selected":true,"inputProperty":false,"containsConfigurationVariables":false,"sensitive":false,"required":false,"templateProperty":null,"processorNameTypeKey":"Initialize Feed Parameters-org.apache.nifi.processors.attributes.UpdateAttribute-feed","idKey":"2d494034-015d-1000-435e-2c0b99cc17f0-73651c62-4541-1d3a-ce66-80e96da50b06-feed","nameKey":"NiFi Flow-Initialize Feed Parameters-feed"},{"processGroupName":"NiFi Flow","processorName":"Initialize Feed Parameters","processorId":"73651c62-4541-1d3a-ce66-80e96da50b06","processGroupId":"2d494034-015d-1000-435e-2c0b99cc17f0","processorType":"org.apache.nifi.processors.attributes.UpdateAttribute","key":"hdfs.ingest.root","value":"${config.hdfs.ingest.root}","expressionProperties":null,"propertyDescriptor":{"name":"hdfs.ingest.root","displayName":"hdfs.ingest.root","description":"","defaultValue":null,"allowableValues":null,"required":false,"sensitive":false,"dynamic":true,"supportsEl":true,"identifiesControllerService":null},"templateValue":"${config.hdfs.ingest.root}","userEditable":false,"renderType":"text","renderOptions":{},"selected":true,"inputProperty":false,"containsConfigurationVariables":false,"sensitive":false,"required":false,"templateProperty":null,"processorNameTypeKey":"Initialize Feed Parameters-org.apache.nifi.processors.attributes.UpdateAttribute-hdfs.ingest.root","idKey":"2d494034-015d-1000-435e-2c0b99cc17f0-73651c62-4541-1d3a-ce66-80e96da50b06-hdfs.ingest.root","nameKey":"NiFi Flow-Initialize Feed Parameters-hdfs.ingest.root"},{"processGroupName":"NiFi Flow","processorName":"Initialize Feed Parameters","processorId":"73651c62-4541-1d3a-ce66-80e96da50b06","processGroupId":"2d494034-015d-1000-435e-2c0b99cc17f0","processorType":"org.apache.nifi.processors.attributes.UpdateAttribute","key":"hive.ingest.root","value":"${config.hive.ingest.root}","expressionProperties":null,"propertyDescriptor":{"name":"hive.ingest.root","displayName":"hive.ingest.root","description":"","defaultValue":null,"allowableValues":null,"required":false,"sensitive":false,"dynamic":true,"supportsEl":true,"identifiesControllerService":null},"templateValue":"${config.hive.ingest.root}","userEditable":false,"renderType":"text","renderOptions":{},"selected":true,"inputProperty":false,"containsConfigurationVariables":false,"sensitive":false,"required":false,"templateProperty":null,"processorNameTypeKey":"Initialize Feed Parameters-org.apache.nifi.processors.attributes.UpdateAttribute-hive.ingest.root","idKey":"2d494034-015d-1000-435e-2c0b99cc17f0-73651c62-4541-1d3a-ce66-80e96da50b06-hive.ingest.root","nameKey":"NiFi Flow-Initialize Feed Parameters-hive.ingest.root"},{"processGroupName":"NiFi Flow","processorName":"Initialize Feed Parameters","processorId":"73651c62-4541-1d3a-ce66-80e96da50b06","processGroupId":"2d494034-015d-1000-435e-2c0b99cc17f0","processorType":"org.apache.nifi.processors.attributes.UpdateAttribute","key":"hive.master.root","value":"${config.hive.master.root}","expressionProperties":null,"propertyDescriptor":{"name":"hive.master.root","displayName":"hive.master.root","description":"","defaultValue":null,"allowableValues":null,"required":false,"sensitive":false,"dynamic":true,"supportsEl":true,"identifiesControllerService":null},"templateValue":"${config.hive.master.root}","userEditable":false,"renderType":"text","renderOptions":{},"selected":true,"inputProperty":false,"containsConfigurationVariables":false,"sensitive":false,"required":false,"templateProperty":null,"processorNameTypeKey":"Initialize Feed Parameters-org.apache.nifi.processors.attributes.UpdateAttribute-hive.master.root","idKey":"2d494034-015d-1000-435e-2c0b99cc17f0-73651c62-4541-1d3a-ce66-80e96da50b06-hive.master.root","nameKey":"NiFi Flow-Initialize Feed Parameters-hive.master.root"},{"processGroupName":"NiFi Flow","processorName":"Initialize Feed Parameters","processorId":"73651c62-4541-1d3a-ce66-80e96da50b06","processGroupId":"2d494034-015d-1000-435e-2c0b99cc17f0","processorType":"org.apache.nifi.processors.attributes.UpdateAttribute","key":"hive.profile.root","value":"${config.hive.profile.root}","expressionProperties":null,"propertyDescriptor":{"name":"hive.profile.root","displayName":"hive.profile.root","description":"","defaultValue":null,"allowableValues":null,"required":false,"sensitive":false,"dynamic":true,"supportsEl":true,"identifiesControllerService":null},"templateValue":"${config.hive.profile.root}","userEditable":false,"renderType":"text","renderOptions":{},"selected":true,"inputProperty":false,"containsConfigurationVariables":false,"sensitive":false,"required":false,"templateProperty":null,"processorNameTypeKey":"Initialize Feed Parameters-org.apache.nifi.processors.attributes.UpdateAttribute-hive.profile.root","idKey":"2d494034-015d-1000-435e-2c0b99cc17f0-73651c62-4541-1d3a-ce66-80e96da50b06-hive.profile.root","nameKey":"NiFi Flow-Initialize Feed Parameters-hive.profile.root"},{"processGroupName":"NiFi Flow","processorName":"Initialize Feed Parameters","processorId":"73651c62-4541-1d3a-ce66-80e96da50b06","processGroupId":"2d494034-015d-1000-435e-2c0b99cc17f0","processorType":"org.apache.nifi.processors.attributes.UpdateAttribute","key":"metadata.table.feedFieldStructure","value":"${metadata.table.feedFieldStructure}","expressionProperties":null,"propertyDescriptor":{"name":"metadata.table.feedFieldStructure","displayName":"metadata.table.feedFieldStructure","description":"","defaultValue":null,"allowableValues":null,"required":false,"sensitive":false,"dynamic":true,"supportsEl":true,"identifiesControllerService":null},"templateValue":"${metadata.table.feedFieldStructure}","userEditable":false,"renderType":"text","renderOptions":{},"selected":true,"inputProperty":false,"containsConfigurationVariables":false,"sensitive":false,"required":false,"templateProperty":null,"processorNameTypeKey":"Initialize Feed Parameters-org.apache.nifi.processors.attributes.UpdateAttribute-metadata.table.feedFieldStructure","idKey":"2d494034-015d-1000-435e-2c0b99cc17f0-73651c62-4541-1d3a-ce66-80e96da50b06-metadata.table.feedFieldStructure","nameKey":"NiFi Flow-Initialize Feed Parameters-metadata.table.feedFieldStructure"},{"processGroupName":"NiFi Flow","processorName":"Initialize Feed Parameters","processorId":"73651c62-4541-1d3a-ce66-80e96da50b06","processGroupId":"2d494034-015d-1000-435e-2c0b99cc17f0","processorType":"org.apache.nifi.processors.attributes.UpdateAttribute","key":"metadata.table.feedFormat","value":"${metadata.table.feedFormat}","expressionProperties":null,"propertyDescriptor":{"name":"metadata.table.feedFormat","displayName":"metadata.table.feedFormat","description":"","defaultValue":null,"allowableValues":null,"required":false,"sensitive":false,"dynamic":true,"supportsEl":true,"identifiesControllerService":null},"templateValue":"${metadata.table.feedFormat}","userEditable":false,"renderType":"text","renderOptions":{},"selected":true,"inputProperty":false,"containsConfigurationVariables":false,"sensitive":false,"required":false,"templateProperty":null,"processorNameTypeKey":"Initialize Feed Parameters-org.apache.nifi.processors.attributes.UpdateAttribute-metadata.table.feedFormat","idKey":"2d494034-015d-1000-435e-2c0b99cc17f0-73651c62-4541-1d3a-ce66-80e96da50b06-metadata.table.feedFormat","nameKey":"NiFi Flow-Initialize Feed Parameters-metadata.table.feedFormat"},{"processGroupName":"NiFi Flow","processorName":"Initialize Feed Parameters","processorId":"73651c62-4541-1d3a-ce66-80e96da50b06","processGroupId":"2d494034-015d-1000-435e-2c0b99cc17f0","processorType":"org.apache.nifi.processors.attributes.UpdateAttribute","key":"metadata.table.fieldIndexString","value":"${metadata.table.fieldIndexString}","expressionProperties":null,"propertyDescriptor":{"name":"metadata.table.fieldIndexString","displayName":"metadata.table.fieldIndexString","description":"","defaultValue":null,"allowableValues":null,"required":false,"sensitive":false,"dynamic":true,"supportsEl":true,"identifiesControllerService":null},"templateValue":"${metadata.table.fieldIndexString}","userEditable":false,"renderType":"text","renderOptions":{},"selected":true,"inputProperty":false,"containsConfigurationVariables":false,"sensitive":false,"required":false,"templateProperty":null,"processorNameTypeKey":"Initialize Feed Parameters-org.apache.nifi.processors.attributes.UpdateAttribute-metadata.table.fieldIndexString","idKey":"2d494034-015d-1000-435e-2c0b99cc17f0-73651c62-4541-1d3a-ce66-80e96da50b06-metadata.table.fieldIndexString","nameKey":"NiFi Flow-Initialize Feed Parameters-metadata.table.fieldIndexString"},{"processGroupName":"NiFi Flow","processorName":"Initialize Feed Parameters","processorId":"73651c62-4541-1d3a-ce66-80e96da50b06","processGroupId":"2d494034-015d-1000-435e-2c0b99cc17f0","processorType":"org.apache.nifi.processors.attributes.UpdateAttribute","key":"metadata.table.fieldPoliciesJson","value":"${metadata.table.fieldPoliciesJson}","expressionProperties":null,"propertyDescriptor":{"name":"metadata.table.fieldPoliciesJson","displayName":"metadata.table.fieldPoliciesJson","description":"","defaultValue":null,"allowableValues":null,"required":false,"sensitive":false,"dynamic":true,"supportsEl":true,"identifiesControllerService":null},"templateValue":"${metadata.table.fieldPoliciesJson}","userEditable":false,"renderType":"text","renderOptions":{},"selected":true,"inputProperty":false,"containsConfigurationVariables":false,"sensitive":false,"required":false,"templateProperty":null,"processorNameTypeKey":"Initialize Feed Parameters-org.apache.nifi.processors.attributes.UpdateAttribute-metadata.table.fieldPoliciesJson","idKey":"2d494034-015d-1000-435e-2c0b99cc17f0-73651c62-4541-1d3a-ce66-80e96da50b06-metadata.table.fieldPoliciesJson","nameKey":"NiFi Flow-Initialize Feed Parameters-metadata.table.fieldPoliciesJson"},{"processGroupName":"NiFi Flow","processorName":"Initialize Feed Parameters","processorId":"73651c62-4541-1d3a-ce66-80e96da50b06","processGroupId":"2d494034-015d-1000-435e-2c0b99cc17f0","processorType":"org.apache.nifi.processors.attributes.UpdateAttribute","key":"metadata.table.fieldStructure","value":"${metadata.table.fieldStructure}","expressionProperties":null,"propertyDescriptor":{"name":"metadata.table.fieldStructure","displayName":"metadata.table.fieldStructure","description":"","defaultValue":null,"allowableValues":null,"required":false,"sensitive":false,"dynamic":true,"supportsEl":true,"identifiesControllerService":null},"templateValue":"${metadata.table.fieldStructure}","userEditable":false,"renderType":"text","renderOptions":{},"selected":true,"inputProperty":false,"containsConfigurationVariables":false,"sensitive":false,"required":false,"templateProperty":null,"processorNameTypeKey":"Initialize Feed Parameters-org.apache.nifi.processors.attributes.UpdateAttribute-metadata.table.fieldStructure","idKey":"2d494034-015d-1000-435e-2c0b99cc17f0-73651c62-4541-1d3a-ce66-80e96da50b06-metadata.table.fieldStructure","nameKey":"NiFi Flow-Initialize Feed Parameters-metadata.table.fieldStructure"},{"processGroupName":"NiFi Flow","processorName":"Initialize Feed Parameters","processorId":"73651c62-4541-1d3a-ce66-80e96da50b06","processGroupId":"2d494034-015d-1000-435e-2c0b99cc17f0","processorType":"org.apache.nifi.processors.attributes.UpdateAttribute","key":"metadata.table.partitionSpecs","value":"${metadata.table.partitionSpecs}","expressionProperties":null,"propertyDescriptor":{"name":"metadata.table.partitionSpecs","displayName":"metadata.table.partitionSpecs","description":"","defaultValue":null,"allowableValues":null,"required":false,"sensitive":false,"dynamic":true,"supportsEl":true,"identifiesControllerService":null},"templateValue":"${metadata.table.partitionSpecs}","userEditable":false,"renderType":"text","renderOptions":{},"selected":true,"inputProperty":false,"containsConfigurationVariables":false,"sensitive":false,"required":false,"templateProperty":null,"processorNameTypeKey":"Initialize Feed Parameters-org.apache.nifi.processors.attributes.UpdateAttribute-metadata.table.partitionSpecs","idKey":"2d494034-015d-1000-435e-2c0b99cc17f0-73651c62-4541-1d3a-ce66-80e96da50b06-metadata.table.partitionSpecs","nameKey":"NiFi Flow-Initialize Feed Parameters-metadata.table.partitionSpecs"},{"processGroupName":"NiFi Flow","processorName":"Initialize Feed Parameters","processorId":"73651c62-4541-1d3a-ce66-80e96da50b06","processGroupId":"2d494034-015d-1000-435e-2c0b99cc17f0","processorType":"org.apache.nifi.processors.attributes.UpdateAttribute","key":"metadata.table.partitionStructure","value":"${metadata.table.partitionStructure}","expressionProperties":null,"propertyDescriptor":{"name":"metadata.table.partitionStructure","displayName":"metadata.table.partitionStructure","description":"","defaultValue":null,"allowableValues":null,"required":false,"sensitive":false,"dynamic":true,"supportsEl":true,"identifiesControllerService":null},"templateValue":"${metadata.table.partitionStructure}","userEditable":false,"renderType":"text","renderOptions":{},"selected":true,"inputProperty":false,"containsConfigurationVariables":false,"sensitive":false,"required":false,"templateProperty":null,"processorNameTypeKey":"Initialize Feed Parameters-org.apache.nifi.processors.attributes.UpdateAttribute-metadata.table.partitionStructure","idKey":"2d494034-015d-1000-435e-2c0b99cc17f0-73651c62-4541-1d3a-ce66-80e96da50b06-metadata.table.partitionStructure","nameKey":"NiFi Flow-Initialize Feed Parameters-metadata.table.partitionStructure"},{"processGroupName":"NiFi Flow","processorName":"Initialize Feed Parameters","processorId":"73651c62-4541-1d3a-ce66-80e96da50b06","processGroupId":"2d494034-015d-1000-435e-2c0b99cc17f0","processorType":"org.apache.nifi.processors.attributes.UpdateAttribute","key":"metadata.table.targetFormat","value":"${metadata.table.targetFormat}","expressionProperties":null,"propertyDescriptor":{"name":"metadata.table.targetFormat","displayName":"metadata.table.targetFormat","description":"","defaultValue":null,"allowableValues":null,"required":false,"sensitive":false,"dynamic":true,"supportsEl":true,"identifiesControllerService":null},"templateValue":"${metadata.table.targetFormat}","userEditable":false,"renderType":"text","renderOptions":{},"selected":true,"inputProperty":false,"containsConfigurationVariables":false,"sensitive":false,"required":false,"templateProperty":null,"processorNameTypeKey":"Initialize Feed Parameters-org.apache.nifi.processors.attributes.UpdateAttribute-metadata.table.targetFormat","idKey":"2d494034-015d-1000-435e-2c0b99cc17f0-73651c62-4541-1d3a-ce66-80e96da50b06-metadata.table.targetFormat","nameKey":"NiFi Flow-Initialize Feed Parameters-metadata.table.targetFormat"},{"processGroupName":"NiFi Flow","processorName":"Initialize Feed Parameters","processorId":"73651c62-4541-1d3a-ce66-80e96da50b06","processGroupId":"2d494034-015d-1000-435e-2c0b99cc17f0","processorType":"org.apache.nifi.processors.attributes.UpdateAttribute","key":"metadata.table.targetMergeStrategy","value":"${metadata.table.targetMergeStrategy}","expressionProperties":null,"propertyDescriptor":{"name":"metadata.table.targetMergeStrategy","displayName":"metadata.table.targetMergeStrategy","description":"","defaultValue":null,"allowableValues":null,"required":false,"sensitive":false,"dynamic":true,"supportsEl":true,"identifiesControllerService":null},"templateValue":"${metadata.table.targetMergeStrategy}","userEditable":false,"renderType":"text","renderOptions":{},"selected":true,"inputProperty":false,"containsConfigurationVariables":false,"sensitive":false,"required":false,"templateProperty":null,"processorNameTypeKey":"Initialize Feed Parameters-org.apache.nifi.processors.attributes.UpdateAttribute-metadata.table.targetMergeStrategy","idKey":"2d494034-015d-1000-435e-2c0b99cc17f0-73651c62-4541-1d3a-ce66-80e96da50b06-metadata.table.targetMergeStrategy","nameKey":"NiFi Flow-Initialize Feed Parameters-metadata.table.targetMergeStrategy"},{"processGroupName":"NiFi Flow","processorName":"Initialize Feed Parameters","processorId":"73651c62-4541-1d3a-ce66-80e96da50b06","processGroupId":"2d494034-015d-1000-435e-2c0b99cc17f0","processorType":"org.apache.nifi.processors.attributes.UpdateAttribute","key":"metadata.table.targetTblProperties","value":"${metadata.table.targetTblProperties}","expressionProperties":null,"propertyDescriptor":{"name":"metadata.table.targetTblProperties","displayName":"metadata.table.targetTblProperties","description":"","defaultValue":null,"allowableValues":null,"required":false,"sensitive":false,"dynamic":true,"supportsEl":true,"identifiesControllerService":null},"templateValue":"${metadata.table.targetTblProperties}","userEditable":false,"renderType":"text","renderOptions":{},"selected":true,"inputProperty":false,"containsConfigurationVariables":false,"sensitive":false,"required":false,"templateProperty":null,"processorNameTypeKey":"Initialize Feed Parameters-org.apache.nifi.processors.attributes.UpdateAttribute-metadata.table.targetTblProperties","idKey":"2d494034-015d-1000-435e-2c0b99cc17f0-73651c62-4541-1d3a-ce66-80e96da50b06-metadata.table.targetTblProperties","nameKey":"NiFi Flow-Initialize Feed Parameters-metadata.table.targetTblProperties"},{"processGroupName":"NiFi Flow","processorName":"Initialize Feed Parameters","processorId":"73651c62-4541-1d3a-ce66-80e96da50b06","processGroupId":"2d494034-015d-1000-435e-2c0b99cc17f0","processorType":"org.apache.nifi.processors.attributes.UpdateAttribute","key":"s3ingest.apache-commons.jar_url","value":"${config.s3ingest.apache-commons.jar_url}","expressionProperties":null,"propertyDescriptor":{"name":"s3ingest.apache-commons.jar_url","displayName":"s3ingest.apache-commons.jar_url","description":"","defaultValue":null,"allowableValues":null,"required":false,"sensitive":false,"dynamic":true,"supportsEl":true,"identifiesControllerService":null},"templateValue":"${config.s3ingest.apache-commons.jar_url}","userEditable":false,"renderType":"text","renderOptions":{},"selected":true,"inputProperty":false,"containsConfigurationVariables":false,"sensitive":false,"required":false,"templateProperty":null,"processorNameTypeKey":"Initialize Feed Parameters-org.apache.nifi.processors.attributes.UpdateAttribute-s3ingest.apache-commons.jar_url","idKey":"2d494034-015d-1000-435e-2c0b99cc17f0-73651c62-4541-1d3a-ce66-80e96da50b06-s3ingest.apache-commons.jar_url","nameKey":"NiFi Flow-Initialize Feed Parameters-s3ingest.apache-commons.jar_url"},{"processGroupName":"NiFi Flow","processorName":"Initialize Feed Parameters","processorId":"73651c62-4541-1d3a-ce66-80e96da50b06","processGroupId":"2d494034-015d-1000-435e-2c0b99cc17f0","processorType":"org.apache.nifi.processors.attributes.UpdateAttribute","key":"s3ingest.es.jar_url","value":"${config.s3ingest.es.jar_url}","expressionProperties":null,"propertyDescriptor":{"name":"s3ingest.es.jar_url","displayName":"s3ingest.es.jar_url","description":"","defaultValue":null,"allowableValues":null,"required":false,"sensitive":false,"dynamic":true,"supportsEl":true,"identifiesControllerService":null},"templateValue":"${config.s3ingest.es.jar_url}","userEditable":false,"renderType":"text","renderOptions":{},"selected":true,"inputProperty":false,"containsConfigurationVariables":false,"sensitive":false,"required":false,"templateProperty":null,"processorNameTypeKey":"Initialize Feed Parameters-org.apache.nifi.processors.attributes.UpdateAttribute-s3ingest.es.jar_url","idKey":"2d494034-015d-1000-435e-2c0b99cc17f0-73651c62-4541-1d3a-ce66-80e96da50b06-s3ingest.es.jar_url","nameKey":"NiFi Flow-Initialize Feed Parameters-s3ingest.es.jar_url"},{"processGroupName":"NiFi Flow","processorName":"Initialize Feed Parameters","processorId":"73651c62-4541-1d3a-ce66-80e96da50b06","processGroupId":"2d494034-015d-1000-435e-2c0b99cc17f0","processorType":"org.apache.nifi.processors.attributes.UpdateAttribute","key":"s3ingest.es.nodes","value":"${config.s3ingest.es.nodes}","expressionProperties":null,"propertyDescriptor":{"name":"s3ingest.es.nodes","displayName":"s3ingest.es.nodes","description":"","defaultValue":null,"allowableValues":null,"required":false,"sensitive":false,"dynamic":true,"supportsEl":true,"identifiesControllerService":null},"templateValue":"${config.s3ingest.es.nodes}","userEditable":false,"renderType":"text","renderOptions":{},"selected":true,"inputProperty":false,"containsConfigurationVariables":false,"sensitive":false,"required":false,"templateProperty":null,"processorNameTypeKey":"Initialize Feed Parameters-org.apache.nifi.processors.attributes.UpdateAttribute-s3ingest.es.nodes","idKey":"2d494034-015d-1000-435e-2c0b99cc17f0-73651c62-4541-1d3a-ce66-80e96da50b06-s3ingest.es.nodes","nameKey":"NiFi Flow-Initialize Feed Parameters-s3ingest.es.nodes"},{"processGroupName":"NiFi Flow","processorName":"Initialize Feed Parameters","processorId":"73651c62-4541-1d3a-ce66-80e96da50b06","processGroupId":"2d494034-015d-1000-435e-2c0b99cc17f0","processorType":"org.apache.nifi.processors.attributes.UpdateAttribute","key":"s3ingest.hiveBucket","value":"${config.s3ingest.hiveBucket}","expressionProperties":null,"propertyDescriptor":{"name":"s3ingest.hiveBucket","displayName":"s3ingest.hiveBucket","description":"","defaultValue":null,"allowableValues":null,"required":false,"sensitive":false,"dynamic":true,"supportsEl":true,"identifiesControllerService":null},"templateValue":"${config.s3ingest.hiveBucket}","userEditable":true,"renderType":"text","renderOptions":{},"selected":true,"inputProperty":false,"containsConfigurationVariables":false,"sensitive":false,"required":false,"templateProperty":null,"processorNameTypeKey":"Initialize Feed Parameters-org.apache.nifi.processors.attributes.UpdateAttribute-s3ingest.hiveBucket","idKey":"2d494034-015d-1000-435e-2c0b99cc17f0-73651c62-4541-1d3a-ce66-80e96da50b06-s3ingest.hiveBucket","nameKey":"NiFi Flow-Initialize Feed Parameters-s3ingest.hiveBucket"},{"processGroupName":"NiFi Flow","processorName":"Initialize Feed Parameters","processorId":"73651c62-4541-1d3a-ce66-80e96da50b06","processGroupId":"2d494034-015d-1000-435e-2c0b99cc17f0","processorType":"org.apache.nifi.processors.attributes.UpdateAttribute","key":"s3ingest.s3.protocol","value":"${config.s3ingest.s3.protocol}","expressionProperties":null,"propertyDescriptor":{"name":"s3ingest.s3.protocol","displayName":"s3ingest.s3.protocol","description":"","defaultValue":null,"allowableValues":null,"required":false,"sensitive":false,"dynamic":true,"supportsEl":true,"identifiesControllerService":null},"templateValue":"${config.s3ingest.s3.protocol}","userEditable":false,"renderType":"text","renderOptions":{},"selected":true,"inputProperty":false,"containsConfigurationVariables":false,"sensitive":false,"required":false,"templateProperty":null,"processorNameTypeKey":"Initialize Feed Parameters-org.apache.nifi.processors.attributes.UpdateAttribute-s3ingest.s3.protocol","idKey":"2d494034-015d-1000-435e-2c0b99cc17f0-73651c62-4541-1d3a-ce66-80e96da50b06-s3ingest.s3.protocol","nameKey":"NiFi Flow-Initialize Feed Parameters-s3ingest.s3.protocol"},{"processGroupName":"NiFi Flow","processorName":"Initialize Feed Parameters","processorId":"73651c62-4541-1d3a-ce66-80e96da50b06","processGroupId":"2d494034-015d-1000-435e-2c0b99cc17f0","processorType":"org.apache.nifi.processors.attributes.UpdateAttribute","key":"s3ingest.sqs.url","value":"${config.s3ingest.sqs.url}","expressionProperties":null,"propertyDescriptor":{"name":"s3ingest.sqs.url","displayName":"s3ingest.sqs.url","description":"","defaultValue":null,"allowableValues":null,"required":false,"sensitive":false,"dynamic":true,"supportsEl":true,"identifiesControllerService":null},"templateValue":"${config.s3ingest.sqs.url}","userEditable":false,"renderType":"text","renderOptions":{},"selected":true,"inputProperty":false,"containsConfigurationVariables":false,"sensitive":false,"required":false,"templateProperty":null,"processorNameTypeKey":"Initialize Feed Parameters-org.apache.nifi.processors.attributes.UpdateAttribute-s3ingest.sqs.url","idKey":"2d494034-015d-1000-435e-2c0b99cc17f0-73651c62-4541-1d3a-ce66-80e96da50b06-s3ingest.sqs.url","nameKey":"NiFi Flow-Initialize Feed Parameters-s3ingest.sqs.url"},{"processGroupName":"NiFi Flow","processorName":"Initialize Feed Parameters","processorId":"73651c62-4541-1d3a-ce66-80e96da50b06","processGroupId":"2d494034-015d-1000-435e-2c0b99cc17f0","processorType":"org.apache.nifi.processors.attributes.UpdateAttribute","key":"skipHeader","value":"${metadata.options.skipHeader}","expressionProperties":null,"propertyDescriptor":{"name":"skipHeader","displayName":"skipHeader","description":"","defaultValue":null,"allowableValues":null,"required":false,"sensitive":false,"dynamic":true,"supportsEl":true,"identifiesControllerService":null},"templateValue":"${metadata.options.skipHeader}","userEditable":false,"renderType":"text","renderOptions":{},"selected":true,"inputProperty":false,"containsConfigurationVariables":false,"sensitive":false,"required":false,"templateProperty":null,"processorNameTypeKey":"Initialize Feed Parameters-org.apache.nifi.processors.attributes.UpdateAttribute-skipHeader","idKey":"2d494034-015d-1000-435e-2c0b99cc17f0-73651c62-4541-1d3a-ce66-80e96da50b06-skipHeader","nameKey":"NiFi Flow-Initialize Feed Parameters-skipHeader"}],"nonInputProcessors":[{"properties":[{"processGroupName":"NiFi Flow","processorName":"Initialize Cleanup Parameters","processorId":"73651c62-453a-1d3a-5da9-7bcde547c264","processGroupId":"2d494034-015d-1000-435e-2c0b99cc17f0","processorType":"org.apache.nifi.processors.attributes.UpdateAttribute","key":"category","value":"${metadata.category.systemName}","expressionProperties":null,"propertyDescriptor":{"name":"category","displayName":"category","description":"","defaultValue":null,"allowableValues":null,"required":false,"sensitive":false,"dynamic":true,"supportsEl":true,"identifiesControllerService":null},"templateValue":"${metadata.category.systemName}","userEditable":false,"renderType":"text","renderOptions":{},"selected":true,"inputProperty":false,"containsConfigurationVariables":false,"sensitive":false,"required":false,"templateProperty":null,"processorNameTypeKey":"Initialize Cleanup Parameters-org.apache.nifi.processors.attributes.UpdateAttribute-category","idKey":"2d494034-015d-1000-435e-2c0b99cc17f0-73651c62-453a-1d3a-5da9-7bcde547c264-category","nameKey":"NiFi Flow-Initialize Cleanup Parameters-category"},{"processGroupName":"NiFi Flow","processorName":"Initialize Cleanup Parameters","processorId":"73651c62-453a-1d3a-5da9-7bcde547c264","processGroupId":"2d494034-015d-1000-435e-2c0b99cc17f0","processorType":"org.apache.nifi.processors.attributes.UpdateAttribute","key":"feed","value":"${metadata.systemFeedName}","expressionProperties":null,"propertyDescriptor":{"name":"feed","displayName":"feed","description":"","defaultValue":null,"allowableValues":null,"required":false,"sensitive":false,"dynamic":true,"supportsEl":true,"identifiesControllerService":null},"templateValue":"${metadata.systemFeedName}","userEditable":false,"renderType":"text","renderOptions":{},"selected":true,"inputProperty":false,"containsConfigurationVariables":false,"sensitive":false,"required":false,"templateProperty":null,"processorNameTypeKey":"Initialize Cleanup Parameters-org.apache.nifi.processors.attributes.UpdateAttribute-feed","idKey":"2d494034-015d-1000-435e-2c0b99cc17f0-73651c62-453a-1d3a-5da9-7bcde547c264-feed","nameKey":"NiFi Flow-Initialize Cleanup Parameters-feed"},{"processGroupName":"NiFi Flow","processorName":"Initialize Cleanup Parameters","processorId":"73651c62-453a-1d3a-5da9-7bcde547c264","processGroupId":"2d494034-015d-1000-435e-2c0b99cc17f0","processorType":"org.apache.nifi.processors.attributes.UpdateAttribute","key":"hdfs.ingest.root","value":"${config.hdfs.ingest.root}","expressionProperties":null,"propertyDescriptor":{"name":"hdfs.ingest.root","displayName":"hdfs.ingest.root","description":"","defaultValue":null,"allowableValues":null,"required":false,"sensitive":false,"dynamic":true,"supportsEl":true,"identifiesControllerService":null},"templateValue":"${config.hdfs.ingest.root}","userEditable":false,"renderType":"text","renderOptions":{},"selected":true,"inputProperty":false,"containsConfigurationVariables":false,"sensitive":false,"required":false,"templateProperty":null,"processorNameTypeKey":"Initialize Cleanup Parameters-org.apache.nifi.processors.attributes.UpdateAttribute-hdfs.ingest.root","idKey":"2d494034-015d-1000-435e-2c0b99cc17f0-73651c62-453a-1d3a-5da9-7bcde547c264-hdfs.ingest.root","nameKey":"NiFi Flow-Initialize Cleanup Parameters-hdfs.ingest.root"},{"processGroupName":"NiFi Flow","processorName":"Initialize Cleanup Parameters","processorId":"73651c62-453a-1d3a-5da9-7bcde547c264","processGroupId":"2d494034-015d-1000-435e-2c0b99cc17f0","processorType":"org.apache.nifi.processors.attributes.UpdateAttribute","key":"hive.ingest.root","value":"${config.hive.ingest.root}","expressionProperties":null,"propertyDescriptor":{"name":"hive.ingest.root","displayName":"hive.ingest.root","description":"","defaultValue":null,"allowableValues":null,"required":false,"sensitive":false,"dynamic":true,"supportsEl":true,"identifiesControllerService":null},"templateValue":"${config.hive.ingest.root}","userEditable":false,"renderType":"text","renderOptions":{},"selected":true,"inputProperty":false,"containsConfigurationVariables":false,"sensitive":false,"required":false,"templateProperty":null,"processorNameTypeKey":"Initialize Cleanup Parameters-org.apache.nifi.processors.attributes.UpdateAttribute-hive.ingest.root","idKey":"2d494034-015d-1000-435e-2c0b99cc17f0-73651c62-453a-1d3a-5da9-7bcde547c264-hive.ingest.root","nameKey":"NiFi Flow-Initialize Cleanup Parameters-hive.ingest.root"},{"processGroupName":"NiFi Flow","processorName":"Initialize Cleanup Parameters","processorId":"73651c62-453a-1d3a-5da9-7bcde547c264","processGroupId":"2d494034-015d-1000-435e-2c0b99cc17f0","processorType":"org.apache.nifi.processors.attributes.UpdateAttribute","key":"hive.master.root","value":"${config.hive.master.root}","expressionProperties":null,"propertyDescriptor":{"name":"hive.master.root","displayName":"hive.master.root","description":"","defaultValue":null,"allowableValues":null,"required":false,"sensitive":false,"dynamic":true,"supportsEl":true,"identifiesControllerService":null},"templateValue":"${config.hive.master.root}","userEditable":false,"renderType":"text","renderOptions":{},"selected":true,"inputProperty":false,"containsConfigurationVariables":false,"sensitive":false,"required":false,"templateProperty":null,"processorNameTypeKey":"Initialize Cleanup Parameters-org.apache.nifi.processors.attributes.UpdateAttribute-hive.master.root","idKey":"2d494034-015d-1000-435e-2c0b99cc17f0-73651c62-453a-1d3a-5da9-7bcde547c264-hive.master.root","nameKey":"NiFi Flow-Initialize Cleanup Parameters-hive.master.root"},{"processGroupName":"NiFi Flow","processorName":"Initialize Cleanup Parameters","processorId":"73651c62-453a-1d3a-5da9-7bcde547c264","processGroupId":"2d494034-015d-1000-435e-2c0b99cc17f0","processorType":"org.apache.nifi.processors.attributes.UpdateAttribute","key":"hive.profile.root","value":"${config.hive.profile.root}","expressionProperties":null,"propertyDescriptor":{"name":"hive.profile.root","displayName":"hive.profile.root","description":"","defaultValue":null,"allowableValues":null,"required":false,"sensitive":false,"dynamic":true,"supportsEl":true,"identifiesControllerService":null},"templateValue":"${config.hive.profile.root}","userEditable":false,"renderType":"text","renderOptions":{},"selected":true,"inputProperty":false,"containsConfigurationVariables":false,"sensitive":false,"required":false,"templateProperty":null,"processorNameTypeKey":"Initialize Cleanup Parameters-org.apache.nifi.processors.attributes.UpdateAttribute-hive.profile.root","idKey":"2d494034-015d-1000-435e-2c0b99cc17f0-73651c62-453a-1d3a-5da9-7bcde547c264-hive.profile.root","nameKey":"NiFi Flow-Initialize Cleanup Parameters-hive.profile.root"},{"processGroupName":"NiFi Flow","processorName":"Initialize Cleanup Parameters","processorId":"73651c62-453a-1d3a-5da9-7bcde547c264","processGroupId":"2d494034-015d-1000-435e-2c0b99cc17f0","processorType":"org.apache.nifi.processors.attributes.UpdateAttribute","key":"s3ingest.hiveBucket","value":"${config.s3ingest.hiveBucket}","expressionProperties":null,"propertyDescriptor":{"name":"s3ingest.hiveBucket","displayName":"s3ingest.hiveBucket","description":"","defaultValue":null,"allowableValues":null,"required":false,"sensitive":false,"dynamic":true,"supportsEl":true,"identifiesControllerService":null},"templateValue":"${config.s3ingest.hiveBucket}","userEditable":true,"renderType":"text","renderOptions":{},"selected":true,"inputProperty":false,"containsConfigurationVariables":false,"sensitive":false,"required":false,"templateProperty":null,"processorNameTypeKey":"Initialize Cleanup Parameters-org.apache.nifi.processors.attributes.UpdateAttribute-s3ingest.hiveBucket","idKey":"2d494034-015d-1000-435e-2c0b99cc17f0-73651c62-453a-1d3a-5da9-7bcde547c264-s3ingest.hiveBucket","nameKey":"NiFi Flow-Initialize Cleanup Parameters-s3ingest.hiveBucket"}],"type":"org.apache.nifi.processors.attributes.UpdateAttribute","name":"Initialize Cleanup Parameters","id":"73651c62-453a-1d3a-5da9-7bcde547c264","groupName":"NiFi Flow","groupId":"2d494034-015d-1000-435e-2c0b99cc17f0","inputProcessor":false,"userDefinedInputProcessor":false},{"properties":[{"processGroupName":"NiFi Flow","processorName":"Initialize Feed Parameters","processorId":"73651c62-4541-1d3a-ce66-80e96da50b06","processGroupId":"2d494034-015d-1000-435e-2c0b99cc17f0","processorType":"org.apache.nifi.processors.attributes.UpdateAttribute","key":"category","value":"${metadata.category.systemName}","expressionProperties":null,"propertyDescriptor":{"name":"category","displayName":"category","description":"","defaultValue":null,"allowableValues":null,"required":false,"sensitive":false,"dynamic":true,"supportsEl":true,"identifiesControllerService":null},"templateValue":"${metadata.category.systemName}","userEditable":false,"renderType":"text","renderOptions":{},"selected":true,"inputProperty":false,"containsConfigurationVariables":false,"sensitive":false,"required":false,"templateProperty":null,"processorNameTypeKey":"Initialize Feed Parameters-org.apache.nifi.processors.attributes.UpdateAttribute-category","idKey":"2d494034-015d-1000-435e-2c0b99cc17f0-73651c62-4541-1d3a-ce66-80e96da50b06-category","nameKey":"NiFi Flow-Initialize Feed Parameters-category"},{"processGroupName":"NiFi Flow","processorName":"Initialize Feed Parameters","processorId":"73651c62-4541-1d3a-ce66-80e96da50b06","processGroupId":"2d494034-015d-1000-435e-2c0b99cc17f0","processorType":"org.apache.nifi.processors.attributes.UpdateAttribute","key":"feed","value":"${metadata.systemFeedName}","expressionProperties":null,"propertyDescriptor":{"name":"feed","displayName":"feed","description":"","defaultValue":null,"allowableValues":null,"required":false,"sensitive":false,"dynamic":true,"supportsEl":true,"identifiesControllerService":null},"templateValue":"${metadata.systemFeedName}","userEditable":false,"renderType":"text","renderOptions":{},"selected":true,"inputProperty":false,"containsConfigurationVariables":false,"sensitive":false,"required":false,"templateProperty":null,"processorNameTypeKey":"Initialize Feed Parameters-org.apache.nifi.processors.attributes.UpdateAttribute-feed","idKey":"2d494034-015d-1000-435e-2c0b99cc17f0-73651c62-4541-1d3a-ce66-80e96da50b06-feed","nameKey":"NiFi Flow-Initialize Feed Parameters-feed"},{"processGroupName":"NiFi Flow","processorName":"Initialize Feed Parameters","processorId":"73651c62-4541-1d3a-ce66-80e96da50b06","processGroupId":"2d494034-015d-1000-435e-2c0b99cc17f0","processorType":"org.apache.nifi.processors.attributes.UpdateAttribute","key":"hdfs.ingest.root","value":"${config.hdfs.ingest.root}","expressionProperties":null,"propertyDescriptor":{"name":"hdfs.ingest.root","displayName":"hdfs.ingest.root","description":"","defaultValue":null,"allowableValues":null,"required":false,"sensitive":false,"dynamic":true,"supportsEl":true,"identifiesControllerService":null},"templateValue":"${config.hdfs.ingest.root}","userEditable":false,"renderType":"text","renderOptions":{},"selected":true,"inputProperty":false,"containsConfigurationVariables":false,"sensitive":false,"required":false,"templateProperty":null,"processorNameTypeKey":"Initialize Feed Parameters-org.apache.nifi.processors.attributes.UpdateAttribute-hdfs.ingest.root","idKey":"2d494034-015d-1000-435e-2c0b99cc17f0-73651c62-4541-1d3a-ce66-80e96da50b06-hdfs.ingest.root","nameKey":"NiFi Flow-Initialize Feed Parameters-hdfs.ingest.root"},{"processGroupName":"NiFi Flow","processorName":"Initialize Feed Parameters","processorId":"73651c62-4541-1d3a-ce66-80e96da50b06","processGroupId":"2d494034-015d-1000-435e-2c0b99cc17f0","processorType":"org.apache.nifi.processors.attributes.UpdateAttribute","key":"hive.ingest.root","value":"${config.hive.ingest.root}","expressionProperties":null,"propertyDescriptor":{"name":"hive.ingest.root","displayName":"hive.ingest.root","description":"","defaultValue":null,"allowableValues":null,"required":false,"sensitive":false,"dynamic":true,"supportsEl":true,"identifiesControllerService":null},"templateValue":"${config.hive.ingest.root}","userEditable":false,"renderType":"text","renderOptions":{},"selected":true,"inputProperty":false,"containsConfigurationVariables":false,"sensitive":false,"required":false,"templateProperty":null,"processorNameTypeKey":"Initialize Feed Parameters-org.apache.nifi.processors.attributes.UpdateAttribute-hive.ingest.root","idKey":"2d494034-015d-1000-435e-2c0b99cc17f0-73651c62-4541-1d3a-ce66-80e96da50b06-hive.ingest.root","nameKey":"NiFi Flow-Initialize Feed Parameters-hive.ingest.root"},{"processGroupName":"NiFi Flow","processorName":"Initialize Feed Parameters","processorId":"73651c62-4541-1d3a-ce66-80e96da50b06","processGroupId":"2d494034-015d-1000-435e-2c0b99cc17f0","processorType":"org.apache.nifi.processors.attributes.UpdateAttribute","key":"hive.master.root","value":"${config.hive.master.root}","expressionProperties":null,"propertyDescriptor":{"name":"hive.master.root","displayName":"hive.master.root","description":"","defaultValue":null,"allowableValues":null,"required":false,"sensitive":false,"dynamic":true,"supportsEl":true,"identifiesControllerService":null},"templateValue":"${config.hive.master.root}","userEditable":false,"renderType":"text","renderOptions":{},"selected":true,"inputProperty":false,"containsConfigurationVariables":false,"sensitive":false,"required":false,"templateProperty":null,"processorNameTypeKey":"Initialize Feed Parameters-org.apache.nifi.processors.attributes.UpdateAttribute-hive.master.root","idKey":"2d494034-015d-1000-435e-2c0b99cc17f0-73651c62-4541-1d3a-ce66-80e96da50b06-hive.master.root","nameKey":"NiFi Flow-Initialize Feed Parameters-hive.master.root"},{"processGroupName":"NiFi Flow","processorName":"Initialize Feed Parameters","processorId":"73651c62-4541-1d3a-ce66-80e96da50b06","processGroupId":"2d494034-015d-1000-435e-2c0b99cc17f0","processorType":"org.apache.nifi.processors.attributes.UpdateAttribute","key":"hive.profile.root","value":"${config.hive.profile.root}","expressionProperties":null,"propertyDescriptor":{"name":"hive.profile.root","displayName":"hive.profile.root","description":"","defaultValue":null,"allowableValues":null,"required":false,"sensitive":false,"dynamic":true,"supportsEl":true,"identifiesControllerService":null},"templateValue":"${config.hive.profile.root}","userEditable":false,"renderType":"text","renderOptions":{},"selected":true,"inputProperty":false,"containsConfigurationVariables":false,"sensitive":false,"required":false,"templateProperty":null,"processorNameTypeKey":"Initialize Feed Parameters-org.apache.nifi.processors.attributes.UpdateAttribute-hive.profile.root","idKey":"2d494034-015d-1000-435e-2c0b99cc17f0-73651c62-4541-1d3a-ce66-80e96da50b06-hive.profile.root","nameKey":"NiFi Flow-Initialize Feed Parameters-hive.profile.root"},{"processGroupName":"NiFi Flow","processorName":"Initialize Feed Parameters","processorId":"73651c62-4541-1d3a-ce66-80e96da50b06","processGroupId":"2d494034-015d-1000-435e-2c0b99cc17f0","processorType":"org.apache.nifi.processors.attributes.UpdateAttribute","key":"metadata.table.feedFieldStructure","value":"${metadata.table.feedFieldStructure}","expressionProperties":null,"propertyDescriptor":{"name":"metadata.table.feedFieldStructure","displayName":"metadata.table.feedFieldStructure","description":"","defaultValue":null,"allowableValues":null,"required":false,"sensitive":false,"dynamic":true,"supportsEl":true,"identifiesControllerService":null},"templateValue":"${metadata.table.feedFieldStructure}","userEditable":false,"renderType":"text","renderOptions":{},"selected":true,"inputProperty":false,"containsConfigurationVariables":false,"sensitive":false,"required":false,"templateProperty":null,"processorNameTypeKey":"Initialize Feed Parameters-org.apache.nifi.processors.attributes.UpdateAttribute-metadata.table.feedFieldStructure","idKey":"2d494034-015d-1000-435e-2c0b99cc17f0-73651c62-4541-1d3a-ce66-80e96da50b06-metadata.table.feedFieldStructure","nameKey":"NiFi Flow-Initialize Feed Parameters-metadata.table.feedFieldStructure"},{"processGroupName":"NiFi Flow","processorName":"Initialize Feed Parameters","processorId":"73651c62-4541-1d3a-ce66-80e96da50b06","processGroupId":"2d494034-015d-1000-435e-2c0b99cc17f0","processorType":"org.apache.nifi.processors.attributes.UpdateAttribute","key":"metadata.table.feedFormat","value":"${metadata.table.feedFormat}","expressionProperties":null,"propertyDescriptor":{"name":"metadata.table.feedFormat","displayName":"metadata.table.feedFormat","description":"","defaultValue":null,"allowableValues":null,"required":false,"sensitive":false,"dynamic":true,"supportsEl":true,"identifiesControllerService":null},"templateValue":"${metadata.table.feedFormat}","userEditable":false,"renderType":"text","renderOptions":{},"selected":true,"inputProperty":false,"containsConfigurationVariables":false,"sensitive":false,"required":false,"templateProperty":null,"processorNameTypeKey":"Initialize Feed Parameters-org.apache.nifi.processors.attributes.UpdateAttribute-metadata.table.feedFormat","idKey":"2d494034-015d-1000-435e-2c0b99cc17f0-73651c62-4541-1d3a-ce66-80e96da50b06-metadata.table.feedFormat","nameKey":"NiFi Flow-Initialize Feed Parameters-metadata.table.feedFormat"},{"processGroupName":"NiFi Flow","processorName":"Initialize Feed Parameters","processorId":"73651c62-4541-1d3a-ce66-80e96da50b06","processGroupId":"2d494034-015d-1000-435e-2c0b99cc17f0","processorType":"org.apache.nifi.processors.attributes.UpdateAttribute","key":"metadata.table.fieldIndexString","value":"${metadata.table.fieldIndexString}","expressionProperties":null,"propertyDescriptor":{"name":"metadata.table.fieldIndexString","displayName":"metadata.table.fieldIndexString","description":"","defaultValue":null,"allowableValues":null,"required":false,"sensitive":false,"dynamic":true,"supportsEl":true,"identifiesControllerService":null},"templateValue":"${metadata.table.fieldIndexString}","userEditable":false,"renderType":"text","renderOptions":{},"selected":true,"inputProperty":false,"containsConfigurationVariables":false,"sensitive":false,"required":false,"templateProperty":null,"processorNameTypeKey":"Initialize Feed Parameters-org.apache.nifi.processors.attributes.UpdateAttribute-metadata.table.fieldIndexString","idKey":"2d494034-015d-1000-435e-2c0b99cc17f0-73651c62-4541-1d3a-ce66-80e96da50b06-metadata.table.fieldIndexString","nameKey":"NiFi Flow-Initialize Feed Parameters-metadata.table.fieldIndexString"},{"processGroupName":"NiFi Flow","processorName":"Initialize Feed Parameters","processorId":"73651c62-4541-1d3a-ce66-80e96da50b06","processGroupId":"2d494034-015d-1000-435e-2c0b99cc17f0","processorType":"org.apache.nifi.processors.attributes.UpdateAttribute","key":"metadata.table.fieldPoliciesJson","value":"${metadata.table.fieldPoliciesJson}","expressionProperties":null,"propertyDescriptor":{"name":"metadata.table.fieldPoliciesJson","displayName":"metadata.table.fieldPoliciesJson","description":"","defaultValue":null,"allowableValues":null,"required":false,"sensitive":false,"dynamic":true,"supportsEl":true,"identifiesControllerService":null},"templateValue":"${metadata.table.fieldPoliciesJson}","userEditable":false,"renderType":"text","renderOptions":{},"selected":true,"inputProperty":false,"containsConfigurationVariables":false,"sensitive":false,"required":false,"templateProperty":null,"processorNameTypeKey":"Initialize Feed Parameters-org.apache.nifi.processors.attributes.UpdateAttribute-metadata.table.fieldPoliciesJson","idKey":"2d494034-015d-1000-435e-2c0b99cc17f0-73651c62-4541-1d3a-ce66-80e96da50b06-metadata.table.fieldPoliciesJson","nameKey":"NiFi Flow-Initialize Feed Parameters-metadata.table.fieldPoliciesJson"},{"processGroupName":"NiFi Flow","processorName":"Initialize Feed Parameters","processorId":"73651c62-4541-1d3a-ce66-80e96da50b06","processGroupId":"2d494034-015d-1000-435e-2c0b99cc17f0","processorType":"org.apache.nifi.processors.attributes.UpdateAttribute","key":"metadata.table.fieldStructure","value":"${metadata.table.fieldStructure}","expressionProperties":null,"propertyDescriptor":{"name":"metadata.table.fieldStructure","displayName":"metadata.table.fieldStructure","description":"","defaultValue":null,"allowableValues":null,"required":false,"sensitive":false,"dynamic":true,"supportsEl":true,"identifiesControllerService":null},"templateValue":"${metadata.table.fieldStructure}","userEditable":false,"renderType":"text","renderOptions":{},"selected":true,"inputProperty":false,"containsConfigurationVariables":false,"sensitive":false,"required":false,"templateProperty":null,"processorNameTypeKey":"Initialize Feed Parameters-org.apache.nifi.processors.attributes.UpdateAttribute-metadata.table.fieldStructure","idKey":"2d494034-015d-1000-435e-2c0b99cc17f0-73651c62-4541-1d3a-ce66-80e96da50b06-metadata.table.fieldStructure","nameKey":"NiFi Flow-Initialize Feed Parameters-metadata.table.fieldStructure"},{"processGroupName":"NiFi Flow","processorName":"Initialize Feed Parameters","processorId":"73651c62-4541-1d3a-ce66-80e96da50b06","processGroupId":"2d494034-015d-1000-435e-2c0b99cc17f0","processorType":"org.apache.nifi.processors.attributes.UpdateAttribute","key":"metadata.table.partitionSpecs","value":"${metadata.table.partitionSpecs}","expressionProperties":null,"propertyDescriptor":{"name":"metadata.table.partitionSpecs","displayName":"metadata.table.partitionSpecs","description":"","defaultValue":null,"allowableValues":null,"required":false,"sensitive":false,"dynamic":true,"supportsEl":true,"identifiesControllerService":null},"templateValue":"${metadata.table.partitionSpecs}","userEditable":false,"renderType":"text","renderOptions":{},"selected":true,"inputProperty":false,"containsConfigurationVariables":false,"sensitive":false,"required":false,"templateProperty":null,"processorNameTypeKey":"Initialize Feed Parameters-org.apache.nifi.processors.attributes.UpdateAttribute-metadata.table.partitionSpecs","idKey":"2d494034-015d-1000-435e-2c0b99cc17f0-73651c62-4541-1d3a-ce66-80e96da50b06-metadata.table.partitionSpecs","nameKey":"NiFi Flow-Initialize Feed Parameters-metadata.table.partitionSpecs"},{"processGroupName":"NiFi Flow","processorName":"Initialize Feed Parameters","processorId":"73651c62-4541-1d3a-ce66-80e96da50b06","processGroupId":"2d494034-015d-1000-435e-2c0b99cc17f0","processorType":"org.apache.nifi.processors.attributes.UpdateAttribute","key":"metadata.table.partitionStructure","value":"${metadata.table.partitionStructure}","expressionProperties":null,"propertyDescriptor":{"name":"metadata.table.partitionStructure","displayName":"metadata.table.partitionStructure","description":"","defaultValue":null,"allowableValues":null,"required":false,"sensitive":false,"dynamic":true,"supportsEl":true,"identifiesControllerService":null},"templateValue":"${metadata.table.partitionStructure}","userEditable":false,"renderType":"text","renderOptions":{},"selected":true,"inputProperty":false,"containsConfigurationVariables":false,"sensitive":false,"required":false,"templateProperty":null,"processorNameTypeKey":"Initialize Feed Parameters-org.apache.nifi.processors.attributes.UpdateAttribute-metadata.table.partitionStructure","idKey":"2d494034-015d-1000-435e-2c0b99cc17f0-73651c62-4541-1d3a-ce66-80e96da50b06-metadata.table.partitionStructure","nameKey":"NiFi Flow-Initialize Feed Parameters-metadata.table.partitionStructure"},{"processGroupName":"NiFi Flow","processorName":"Initialize Feed Parameters","processorId":"73651c62-4541-1d3a-ce66-80e96da50b06","processGroupId":"2d494034-015d-1000-435e-2c0b99cc17f0","processorType":"org.apache.nifi.processors.attributes.UpdateAttribute","key":"metadata.table.targetFormat","value":"${metadata.table.targetFormat}","expressionProperties":null,"propertyDescriptor":{"name":"metadata.table.targetFormat","displayName":"metadata.table.targetFormat","description":"","defaultValue":null,"allowableValues":null,"required":false,"sensitive":false,"dynamic":true,"supportsEl":true,"identifiesControllerService":null},"templateValue":"${metadata.table.targetFormat}","userEditable":false,"renderType":"text","renderOptions":{},"selected":true,"inputProperty":false,"containsConfigurationVariables":false,"sensitive":false,"required":false,"templateProperty":null,"processorNameTypeKey":"Initialize Feed Parameters-org.apache.nifi.processors.attributes.UpdateAttribute-metadata.table.targetFormat","idKey":"2d494034-015d-1000-435e-2c0b99cc17f0-73651c62-4541-1d3a-ce66-80e96da50b06-metadata.table.targetFormat","nameKey":"NiFi Flow-Initialize Feed Parameters-metadata.table.targetFormat"},{"processGroupName":"NiFi Flow","processorName":"Initialize Feed Parameters","processorId":"73651c62-4541-1d3a-ce66-80e96da50b06","processGroupId":"2d494034-015d-1000-435e-2c0b99cc17f0","processorType":"org.apache.nifi.processors.attributes.UpdateAttribute","key":"metadata.table.targetMergeStrategy","value":"${metadata.table.targetMergeStrategy}","expressionProperties":null,"propertyDescriptor":{"name":"metadata.table.targetMergeStrategy","displayName":"metadata.table.targetMergeStrategy","description":"","defaultValue":null,"allowableValues":null,"required":false,"sensitive":false,"dynamic":true,"supportsEl":true,"identifiesControllerService":null},"templateValue":"${metadata.table.targetMergeStrategy}","userEditable":false,"renderType":"text","renderOptions":{},"selected":true,"inputProperty":false,"containsConfigurationVariables":false,"sensitive":false,"required":false,"templateProperty":null,"processorNameTypeKey":"Initialize Feed Parameters-org.apache.nifi.processors.attributes.UpdateAttribute-metadata.table.targetMergeStrategy","idKey":"2d494034-015d-1000-435e-2c0b99cc17f0-73651c62-4541-1d3a-ce66-80e96da50b06-metadata.table.targetMergeStrategy","nameKey":"NiFi Flow-Initialize Feed Parameters-metadata.table.targetMergeStrategy"},{"processGroupName":"NiFi Flow","processorName":"Initialize Feed Parameters","processorId":"73651c62-4541-1d3a-ce66-80e96da50b06","processGroupId":"2d494034-015d-1000-435e-2c0b99cc17f0","processorType":"org.apache.nifi.processors.attributes.UpdateAttribute","key":"metadata.table.targetTblProperties","value":"${metadata.table.targetTblProperties}","expressionProperties":null,"propertyDescriptor":{"name":"metadata.table.targetTblProperties","displayName":"metadata.table.targetTblProperties","description":"","defaultValue":null,"allowableValues":null,"required":false,"sensitive":false,"dynamic":true,"supportsEl":true,"identifiesControllerService":null},"templateValue":"${metadata.table.targetTblProperties}","userEditable":false,"renderType":"text","renderOptions":{},"selected":true,"inputProperty":false,"containsConfigurationVariables":false,"sensitive":false,"required":false,"templateProperty":null,"processorNameTypeKey":"Initialize Feed Parameters-org.apache.nifi.processors.attributes.UpdateAttribute-metadata.table.targetTblProperties","idKey":"2d494034-015d-1000-435e-2c0b99cc17f0-73651c62-4541-1d3a-ce66-80e96da50b06-metadata.table.targetTblProperties","nameKey":"NiFi Flow-Initialize Feed Parameters-metadata.table.targetTblProperties"},{"processGroupName":"NiFi Flow","processorName":"Initialize Feed Parameters","processorId":"73651c62-4541-1d3a-ce66-80e96da50b06","processGroupId":"2d494034-015d-1000-435e-2c0b99cc17f0","processorType":"org.apache.nifi.processors.attributes.UpdateAttribute","key":"s3ingest.apache-commons.jar_url","value":"${config.s3ingest.apache-commons.jar_url}","expressionProperties":null,"propertyDescriptor":{"name":"s3ingest.apache-commons.jar_url","displayName":"s3ingest.apache-commons.jar_url","description":"","defaultValue":null,"allowableValues":null,"required":false,"sensitive":false,"dynamic":true,"supportsEl":true,"identifiesControllerService":null},"templateValue":"${config.s3ingest.apache-commons.jar_url}","userEditable":false,"renderType":"text","renderOptions":{},"selected":true,"inputProperty":false,"containsConfigurationVariables":false,"sensitive":false,"required":false,"templateProperty":null,"processorNameTypeKey":"Initialize Feed Parameters-org.apache.nifi.processors.attributes.UpdateAttribute-s3ingest.apache-commons.jar_url","idKey":"2d494034-015d-1000-435e-2c0b99cc17f0-73651c62-4541-1d3a-ce66-80e96da50b06-s3ingest.apache-commons.jar_url","nameKey":"NiFi Flow-Initialize Feed Parameters-s3ingest.apache-commons.jar_url"},{"processGroupName":"NiFi Flow","processorName":"Initialize Feed Parameters","processorId":"73651c62-4541-1d3a-ce66-80e96da50b06","processGroupId":"2d494034-015d-1000-435e-2c0b99cc17f0","processorType":"org.apache.nifi.processors.attributes.UpdateAttribute","key":"s3ingest.es.jar_url","value":"${config.s3ingest.es.jar_url}","expressionProperties":null,"propertyDescriptor":{"name":"s3ingest.es.jar_url","displayName":"s3ingest.es.jar_url","description":"","defaultValue":null,"allowableValues":null,"required":false,"sensitive":false,"dynamic":true,"supportsEl":true,"identifiesControllerService":null},"templateValue":"${config.s3ingest.es.jar_url}","userEditable":false,"renderType":"text","renderOptions":{},"selected":true,"inputProperty":false,"containsConfigurationVariables":false,"sensitive":false,"required":false,"templateProperty":null,"processorNameTypeKey":"Initialize Feed Parameters-org.apache.nifi.processors.attributes.UpdateAttribute-s3ingest.es.jar_url","idKey":"2d494034-015d-1000-435e-2c0b99cc17f0-73651c62-4541-1d3a-ce66-80e96da50b06-s3ingest.es.jar_url","nameKey":"NiFi Flow-Initialize Feed Parameters-s3ingest.es.jar_url"},{"processGroupName":"NiFi Flow","processorName":"Initialize Feed Parameters","processorId":"73651c62-4541-1d3a-ce66-80e96da50b06","processGroupId":"2d494034-015d-1000-435e-2c0b99cc17f0","processorType":"org.apache.nifi.processors.attributes.UpdateAttribute","key":"s3ingest.es.nodes","value":"${config.s3ingest.es.nodes}","expressionProperties":null,"propertyDescriptor":{"name":"s3ingest.es.nodes","displayName":"s3ingest.es.nodes","description":"","defaultValue":null,"allowableValues":null,"required":false,"sensitive":false,"dynamic":true,"supportsEl":true,"identifiesControllerService":null},"templateValue":"${config.s3ingest.es.nodes}","userEditable":false,"renderType":"text","renderOptions":{},"selected":true,"inputProperty":false,"containsConfigurationVariables":false,"sensitive":false,"required":false,"templateProperty":null,"processorNameTypeKey":"Initialize Feed Parameters-org.apache.nifi.processors.attributes.UpdateAttribute-s3ingest.es.nodes","idKey":"2d494034-015d-1000-435e-2c0b99cc17f0-73651c62-4541-1d3a-ce66-80e96da50b06-s3ingest.es.nodes","nameKey":"NiFi Flow-Initialize Feed Parameters-s3ingest.es.nodes"},{"processGroupName":"NiFi Flow","processorName":"Initialize Feed Parameters","processorId":"73651c62-4541-1d3a-ce66-80e96da50b06","processGroupId":"2d494034-015d-1000-435e-2c0b99cc17f0","processorType":"org.apache.nifi.processors.attributes.UpdateAttribute","key":"s3ingest.hiveBucket","value":"${config.s3ingest.hiveBucket}","expressionProperties":null,"propertyDescriptor":{"name":"s3ingest.hiveBucket","displayName":"s3ingest.hiveBucket","description":"","defaultValue":null,"allowableValues":null,"required":false,"sensitive":false,"dynamic":true,"supportsEl":true,"identifiesControllerService":null},"templateValue":"${config.s3ingest.hiveBucket}","userEditable":true,"renderType":"text","renderOptions":{},"selected":true,"inputProperty":false,"containsConfigurationVariables":false,"sensitive":false,"required":false,"templateProperty":null,"processorNameTypeKey":"Initialize Feed Parameters-org.apache.nifi.processors.attributes.UpdateAttribute-s3ingest.hiveBucket","idKey":"2d494034-015d-1000-435e-2c0b99cc17f0-73651c62-4541-1d3a-ce66-80e96da50b06-s3ingest.hiveBucket","nameKey":"NiFi Flow-Initialize Feed Parameters-s3ingest.hiveBucket"},{"processGroupName":"NiFi Flow","processorName":"Initialize Feed Parameters","processorId":"73651c62-4541-1d3a-ce66-80e96da50b06","processGroupId":"2d494034-015d-1000-435e-2c0b99cc17f0","processorType":"org.apache.nifi.processors.attributes.UpdateAttribute","key":"s3ingest.s3.protocol","value":"${config.s3ingest.s3.protocol}","expressionProperties":null,"propertyDescriptor":{"name":"s3ingest.s3.protocol","displayName":"s3ingest.s3.protocol","description":"","defaultValue":null,"allowableValues":null,"required":false,"sensitive":false,"dynamic":true,"supportsEl":true,"identifiesControllerService":null},"templateValue":"${config.s3ingest.s3.protocol}","userEditable":false,"renderType":"text","renderOptions":{},"selected":true,"inputProperty":false,"containsConfigurationVariables":false,"sensitive":false,"required":false,"templateProperty":null,"processorNameTypeKey":"Initialize Feed Parameters-org.apache.nifi.processors.attributes.UpdateAttribute-s3ingest.s3.protocol","idKey":"2d494034-015d-1000-435e-2c0b99cc17f0-73651c62-4541-1d3a-ce66-80e96da50b06-s3ingest.s3.protocol","nameKey":"NiFi Flow-Initialize Feed Parameters-s3ingest.s3.protocol"},{"processGroupName":"NiFi Flow","processorName":"Initialize Feed Parameters","processorId":"73651c62-4541-1d3a-ce66-80e96da50b06","processGroupId":"2d494034-015d-1000-435e-2c0b99cc17f0","processorType":"org.apache.nifi.processors.attributes.UpdateAttribute","key":"s3ingest.sqs.url","value":"${config.s3ingest.sqs.url}","expressionProperties":null,"propertyDescriptor":{"name":"s3ingest.sqs.url","displayName":"s3ingest.sqs.url","description":"","defaultValue":null,"allowableValues":null,"required":false,"sensitive":false,"dynamic":true,"supportsEl":true,"identifiesControllerService":null},"templateValue":"${config.s3ingest.sqs.url}","userEditable":false,"renderType":"text","renderOptions":{},"selected":true,"inputProperty":false,"containsConfigurationVariables":false,"sensitive":false,"required":false,"templateProperty":null,"processorNameTypeKey":"Initialize Feed Parameters-org.apache.nifi.processors.attributes.UpdateAttribute-s3ingest.sqs.url","idKey":"2d494034-015d-1000-435e-2c0b99cc17f0-73651c62-4541-1d3a-ce66-80e96da50b06-s3ingest.sqs.url","nameKey":"NiFi Flow-Initialize Feed Parameters-s3ingest.sqs.url"},{"processGroupName":"NiFi Flow","processorName":"Initialize Feed Parameters","processorId":"73651c62-4541-1d3a-ce66-80e96da50b06","processGroupId":"2d494034-015d-1000-435e-2c0b99cc17f0","processorType":"org.apache.nifi.processors.attributes.UpdateAttribute","key":"skipHeader","value":"${metadata.options.skipHeader}","expressionProperties":null,"propertyDescriptor":{"name":"skipHeader","displayName":"skipHeader","description":"","defaultValue":null,"allowableValues":null,"required":false,"sensitive":false,"dynamic":true,"supportsEl":true,"identifiesControllerService":null},"templateValue":"${metadata.options.skipHeader}","userEditable":false,"renderType":"text","renderOptions":{},"selected":true,"inputProperty":false,"containsConfigurationVariables":false,"sensitive":false,"required":false,"templateProperty":null,"processorNameTypeKey":"Initialize Feed Parameters-org.apache.nifi.processors.attributes.UpdateAttribute-skipHeader","idKey":"2d494034-015d-1000-435e-2c0b99cc17f0-73651c62-4541-1d3a-ce66-80e96da50b06-skipHeader","nameKey":"NiFi Flow-Initialize Feed Parameters-skipHeader"}],"type":"org.apache.nifi.processors.attributes.UpdateAttribute","name":"Initialize Feed Parameters","id":"73651c62-4541-1d3a-ce66-80e96da50b06","groupName":"NiFi Flow","groupId":"2d494034-015d-1000-435e-2c0b99cc17f0","inputProcessor":false,"userDefinedInputProcessor":false}],"inputProcessors":[{"properties":[{"processGroupName":"NiFi Flow","processorName":"S3","processorId":"73651c62-453c-1d3a-54db-14c610d18f27","processGroupId":"2d494034-015d-1000-435e-2c0b99cc17f0","processorType":"org.apache.nifi.processors.aws.s3.ListS3","key":"Bucket","value":"hive-bucket","expressionProperties":null,"propertyDescriptor":{"name":"Bucket","displayName":"Bucket","description":"","defaultValue":null,"allowableValues":null,"required":true,"sensitive":false,"dynamic":false,"supportsEl":true,"identifiesControllerService":null},"templateValue":"hive-bucket","userEditable":true,"renderType":"text","renderOptions":{},"selected":true,"inputProperty":true,"containsConfigurationVariables":false,"sensitive":false,"required":true,"templateProperty":null,"processorNameTypeKey":"S3-org.apache.nifi.processors.aws.s3.ListS3-Bucket","idKey":"2d494034-015d-1000-435e-2c0b99cc17f0-73651c62-453c-1d3a-54db-14c610d18f27-Bucket","nameKey":"NiFi Flow-S3-Bucket"},{"processGroupName":"NiFi Flow","processorName":"S3","processorId":"73651c62-453c-1d3a-54db-14c610d18f27","processGroupId":"2d494034-015d-1000-435e-2c0b99cc17f0","processorType":"org.apache.nifi.processors.aws.s3.ListS3","key":"Region","value":"us-east-1","expressionProperties":null,"propertyDescriptor":{"name":"Region","displayName":"Region","description":"","defaultValue":"us-west-2","allowableValues":[{"displayName":"us-gov-west-1","value":"us-gov-west-1","description":"us-gov-west-1"},{"displayName":"us-east-1","value":"us-east-1","description":"us-east-1"},{"displayName":"us-west-1","value":"us-west-1","description":"us-west-1"},{"displayName":"us-west-2","value":"us-west-2","description":"us-west-2"},{"displayName":"eu-west-1","value":"eu-west-1","description":"eu-west-1"},{"displayName":"eu-central-1","value":"eu-central-1","description":"eu-central-1"},{"displayName":"ap-southeast-1","value":"ap-southeast-1","description":"ap-southeast-1"},{"displayName":"ap-southeast-2","value":"ap-southeast-2","description":"ap-southeast-2"},{"displayName":"ap-northeast-1","value":"ap-northeast-1","description":"ap-northeast-1"},{"displayName":"ap-northeast-2","value":"ap-northeast-2","description":"ap-northeast-2"},{"displayName":"sa-east-1","value":"sa-east-1","description":"sa-east-1"},{"displayName":"cn-north-1","value":"cn-north-1","description":"cn-north-1"}],"required":true,"sensitive":false,"dynamic":false,"supportsEl":false,"identifiesControllerService":null},"templateValue":"us-east-1","userEditable":true,"renderType":"select","renderOptions":{},"selected":true,"inputProperty":true,"containsConfigurationVariables":false,"sensitive":false,"required":true,"templateProperty":null,"processorNameTypeKey":"S3-org.apache.nifi.processors.aws.s3.ListS3-Region","idKey":"2d494034-015d-1000-435e-2c0b99cc17f0-73651c62-453c-1d3a-54db-14c610d18f27-Region","nameKey":"NiFi Flow-S3-Region"},{"processGroupName":"NiFi Flow","processorName":"S3","processorId":"73651c62-453c-1d3a-54db-14c610d18f27","processGroupId":"2d494034-015d-1000-435e-2c0b99cc17f0","processorType":"org.apache.nifi.processors.aws.s3.ListS3","key":"prefix","value":"${metadata.systemFeedName}/","expressionProperties":null,"propertyDescriptor":{"name":"prefix","displayName":"Prefix","description":"The prefix used to filter the object list. In most cases, it should end with a forward slash ('/').","defaultValue":null,"allowableValues":null,"required":false,"sensitive":false,"dynamic":false,"supportsEl":true,"identifiesControllerService":null},"templateValue":"${metadata.systemFeedName}/","userEditable":true,"renderType":"text","renderOptions":{},"selected":true,"inputProperty":true,"containsConfigurationVariables":false,"sensitive":false,"required":true,"templateProperty":null,"processorNameTypeKey":"S3-org.apache.nifi.processors.aws.s3.ListS3-prefix","idKey":"2d494034-015d-1000-435e-2c0b99cc17f0-73651c62-453c-1d3a-54db-14c610d18f27-prefix","nameKey":"NiFi Flow-S3-prefix"}],"type":"org.apache.nifi.processors.aws.s3.ListS3","name":"S3","id":"73651c62-453c-1d3a-54db-14c610d18f27","groupName":"NiFi Flow","groupId":"2d494034-015d-1000-435e-2c0b99cc17f0","inputProcessor":true,"userDefinedInputProcessor":false}],"id":"2fa3b5fc-f3a8-43a8-8ce7-34844f7655b3","nifiTemplateId":"43887381-af8c-416e-ab33-95b49494e8b4","templateName":"S3 Data Ingest","updateDate":1499786535203,"createDate":1499701794835,"icon":"amazon","iconColor":"#FFF176","description":null,"state":"ENABLED","defineTable":true,"reusableTemplate":false,"reusableTemplateConnections":[{"feedOutputPortName":"to-reuseable-ingest-s3","reusableTemplateInputPortName":"Standard-Ingest-S3","inputPortDisplayName":"Standard-Ingest-S3"},{"feedOutputPortName":"to-standard-cleanup-s3","reusableTemplateInputPortName":"Standard-Ingest-S3-Cleanup","inputPortDisplayName":"Standard-Ingest-S3-Cleanup"}],"registeredDatasourceDefinitions":[{"processorType":"org.apache.nifi.processors.aws.s3.ListS3","processorName":"S3","processorId":"73651c62-453c-1d3a-0000-000000000000","datasourceDefinition":{"processorType":"org.apache.nifi.processors.aws.s3.ListS3","connectionType":"SOURCE","datasourcePropertyKeys":["Bucket","Region"],"datasourceType":"S3Datasource","identityString":"${Bucket},${Region}","description":null,"title":"${Bucket},${Region}"}},{"processorType":"org.apache.nifi.processors.standard.PutFile","processorName":"Failed Flow","processorId":"454a1d3a-1c78-1365-b9e3-dbe98c0dbe74","datasourceDefinition":{"processorType":"org.apache.nifi.processors.standard.PutFile","connectionType":"DESTINATION","datasourcePropertyKeys":["Directory"],"datasourceType":"DirectoryDatasource","identityString":"${Directory}","description":null,"title":"${Directory}"}},{"processorType":"com.thinkbiganalytics.nifi.v2.ingest.MergeTable","processorName":"Merge Table","processorId":"454a1d3a-1c7c-1365-2e4f-d2d54684734c","datasourceDefinition":{"processorType":"com.thinkbiganalytics.nifi.v2.ingest.MergeTable","connectionType":"DESTINATION","datasourcePropertyKeys":["Target schema","Target table"],"datasourceType":"HiveDatasource","identityString":"${Target schema}.${Target table}","description":null,"title":"${Target schema}.${Target table}"}}],"order":1,"templateOrder":null,"feedsCount":1,"templateTableOption":"DEFINE_TABLE","timeBetweenStartingBatchJobs":1000,"stream":false,"allowPreconditions":false,"dataTransformation":false,"isStream":false}