{"owner":{"displayName":"Data Lake Administrator","email":null,"enabled":true,"groups":["admin","user"],"systemName":"dladmin"},"allowedActions":{"actions":[{"systemName":"accessTemplate","actions":[{"systemName":"editTemplate"},{"systemName":"deleteTemplate"},{"systemName":"exportTemplate"},{"systemName":"createFeedFromTemplate"},{"systemName":"changeTemplatePermissions"}]}]},"roleMemberships":[],"feedRoleMemberships":[],"properties":[{"processGroupName":"NiFi Flow","processorName":"S3","processorId":"73651c62-453c-1d3a-ba01-fe3555248316","processGroupId":"015d100f-33a8-1d2c-33fb-4d2ef30e1a66","processorType":"org.apache.nifi.processors.aws.s3.ListS3","key":"Bucket","value":"input-bucket","expressionProperties":null,"propertyDescriptor":{"name":"Bucket","displayName":"Bucket","description":"","defaultValue":null,"allowableValues":null,"required":true,"sensitive":false,"dynamic":false,"supportsEl":true,"identifiesControllerService":null,"hidden":false},"registrationChangeInfo":null,"templateValue":"input-bucket","userEditable":true,"renderType":"text","renderOptions":{},"selected":true,"inputProperty":true,"containsConfigurationVariables":false,"sensitive":false,"required":true,"templateProperty":null,"hidden":false,"nameKey":"NiFi Flow-S3-Bucket","idKey":"015d100f-33a8-1d2c-33fb-4d2ef30e1a66-73651c62-453c-1d3a-ba01-fe3555248316-Bucket","processorNameTypeKey":"S3-org.apache.nifi.processors.aws.s3.ListS3-Bucket","remoteProcessGroupProperty":false},{"processGroupName":"NiFi Flow","processorName":"S3","processorId":"73651c62-453c-1d3a-ba01-fe3555248316","processGroupId":"015d100f-33a8-1d2c-33fb-4d2ef30e1a66","processorType":"org.apache.nifi.processors.aws.s3.ListS3","key":"Region","value":"us-east-1","expressionProperties":null,"propertyDescriptor":{"name":"Region","displayName":"Region","description":"","defaultValue":"us-west-2","allowableValues":[{"displayName":"us-gov-west-1","value":"us-gov-west-1","description":"us-gov-west-1"},{"displayName":"us-east-1","value":"us-east-1","description":"us-east-1"},{"displayName":"us-west-1","value":"us-west-1","description":"us-west-1"},{"displayName":"us-west-2","value":"us-west-2","description":"us-west-2"},{"displayName":"eu-west-1","value":"eu-west-1","description":"eu-west-1"},{"displayName":"eu-central-1","value":"eu-central-1","description":"eu-central-1"},{"displayName":"ap-southeast-1","value":"ap-southeast-1","description":"ap-southeast-1"},{"displayName":"ap-southeast-2","value":"ap-southeast-2","description":"ap-southeast-2"},{"displayName":"ap-northeast-1","value":"ap-northeast-1","description":"ap-northeast-1"},{"displayName":"ap-northeast-2","value":"ap-northeast-2","description":"ap-northeast-2"},{"displayName":"sa-east-1","value":"sa-east-1","description":"sa-east-1"},{"displayName":"cn-north-1","value":"cn-north-1","description":"cn-north-1"}],"required":true,"sensitive":false,"dynamic":false,"supportsEl":false,"identifiesControllerService":null,"hidden":false},"registrationChangeInfo":null,"templateValue":"us-east-1","userEditable":true,"renderType":"select","renderOptions":{},"selected":true,"inputProperty":true,"containsConfigurationVariables":false,"sensitive":false,"required":true,"templateProperty":null,"hidden":false,"nameKey":"NiFi Flow-S3-Region","idKey":"015d100f-33a8-1d2c-33fb-4d2ef30e1a66-73651c62-453c-1d3a-ba01-fe3555248316-Region","processorNameTypeKey":"S3-org.apache.nifi.processors.aws.s3.ListS3-Region","remoteProcessGroupProperty":false},{"processGroupName":"NiFi Flow","processorName":"S3","processorId":"73651c62-453c-1d3a-ba01-fe3555248316","processGroupId":"015d100f-33a8-1d2c-33fb-4d2ef30e1a66","processorType":"org.apache.nifi.processors.aws.s3.ListS3","key":"prefix","value":"${metadata.systemFeedName}/","expressionProperties":null,"propertyDescriptor":{"name":"prefix","displayName":"Prefix","description":"The prefix used to filter the object list. In most cases, it should end with a forward slash ('/').","defaultValue":null,"allowableValues":null,"required":false,"sensitive":false,"dynamic":false,"supportsEl":true,"identifiesControllerService":null,"hidden":false},"registrationChangeInfo":null,"templateValue":"${metadata.systemFeedName}/","userEditable":true,"renderType":"text","renderOptions":{},"selected":true,"inputProperty":true,"containsConfigurationVariables":false,"sensitive":false,"required":true,"templateProperty":null,"hidden":false,"nameKey":"NiFi Flow-S3-prefix","idKey":"015d100f-33a8-1d2c-33fb-4d2ef30e1a66-73651c62-453c-1d3a-ba01-fe3555248316-prefix","processorNameTypeKey":"S3-org.apache.nifi.processors.aws.s3.ListS3-prefix","remoteProcessGroupProperty":false},{"processGroupName":"NiFi Flow","processorName":"TriggerCleanup","processorId":"73651c62-4539-1d3a-103f-5cdf49ef00c1","processGroupId":"015d100f-33a8-1d2c-33fb-4d2ef30e1a66","processorType":"com.thinkbiganalytics.nifi.v2.metadata.TriggerCleanup","key":"System feed category","value":"${metadata.category.systemName}","expressionProperties":null,"propertyDescriptor":{"name":"System feed category","displayName":"System feed category","description":"The category name of this feed. The default is to have this name automatically set when the feed is created. Normally you do not need to change the default value.","defaultValue":"${metadata.category.systemName}","allowableValues":null,"required":true,"sensitive":false,"dynamic":false,"supportsEl":false,"identifiesControllerService":null,"hidden":false},"registrationChangeInfo":null,"templateValue":"${metadata.category.systemName}","userEditable":false,"renderType":"text","renderOptions":{},"selected":true,"inputProperty":true,"containsConfigurationVariables":false,"sensitive":false,"required":true,"templateProperty":null,"hidden":false,"nameKey":"NiFi Flow-TriggerCleanup-System feed category","idKey":"015d100f-33a8-1d2c-33fb-4d2ef30e1a66-73651c62-4539-1d3a-103f-5cdf49ef00c1-System feed category","processorNameTypeKey":"TriggerCleanup-com.thinkbiganalytics.nifi.v2.metadata.TriggerCleanup-System feed category","remoteProcessGroupProperty":false},{"processGroupName":"NiFi Flow","processorName":"TriggerCleanup","processorId":"73651c62-4539-1d3a-103f-5cdf49ef00c1","processGroupId":"015d100f-33a8-1d2c-33fb-4d2ef30e1a66","processorType":"com.thinkbiganalytics.nifi.v2.metadata.TriggerCleanup","key":"System feed name","value":"${metadata.systemFeedName}","expressionProperties":null,"propertyDescriptor":{"name":"System feed name","displayName":"System feed name","description":"The system name of this feed. The default is to have this name automatically set when the feed is created. Normally you do not need to change the default value.","defaultValue":"${metadata.systemFeedName}","allowableValues":null,"required":true,"sensitive":false,"dynamic":false,"supportsEl":false,"identifiesControllerService":null,"hidden":false},"registrationChangeInfo":null,"templateValue":"${metadata.systemFeedName}","userEditable":false,"renderType":"text","renderOptions":{},"selected":true,"inputProperty":true,"containsConfigurationVariables":false,"sensitive":false,"required":true,"templateProperty":null,"hidden":false,"nameKey":"NiFi Flow-TriggerCleanup-System feed name","idKey":"015d100f-33a8-1d2c-33fb-4d2ef30e1a66-73651c62-4539-1d3a-103f-5cdf49ef00c1-System feed name","processorNameTypeKey":"TriggerCleanup-com.thinkbiganalytics.nifi.v2.metadata.TriggerCleanup-System feed name","remoteProcessGroupProperty":false},{"processGroupName":"NiFi Flow","processorName":"Initialize Cleanup Parameters","processorId":"73651c62-453a-1d3a-9677-f2b406ca347b","processGroupId":"015d100f-33a8-1d2c-33fb-4d2ef30e1a66","processorType":"org.apache.nifi.processors.attributes.UpdateAttribute","key":"category","value":"${metadata.category.systemName}","expressionProperties":null,"propertyDescriptor":{"name":"category","displayName":"category","description":"","defaultValue":null,"allowableValues":null,"required":false,"sensitive":false,"dynamic":true,"supportsEl":true,"identifiesControllerService":null,"hidden":false},"registrationChangeInfo":null,"templateValue":"${metadata.category.systemName}","userEditable":false,"renderType":"text","renderOptions":{},"selected":true,"inputProperty":false,"containsConfigurationVariables":false,"sensitive":false,"required":false,"templateProperty":null,"hidden":false,"nameKey":"NiFi Flow-Initialize Cleanup Parameters-category","idKey":"015d100f-33a8-1d2c-33fb-4d2ef30e1a66-73651c62-453a-1d3a-9677-f2b406ca347b-category","processorNameTypeKey":"Initialize Cleanup Parameters-org.apache.nifi.processors.attributes.UpdateAttribute-category","remoteProcessGroupProperty":false},{"processGroupName":"NiFi Flow","processorName":"Initialize Cleanup Parameters","processorId":"73651c62-453a-1d3a-9677-f2b406ca347b","processGroupId":"015d100f-33a8-1d2c-33fb-4d2ef30e1a66","processorType":"org.apache.nifi.processors.attributes.UpdateAttribute","key":"feed","value":"${metadata.systemFeedName}","expressionProperties":null,"propertyDescriptor":{"name":"feed","displayName":"feed","description":"","defaultValue":null,"allowableValues":null,"required":false,"sensitive":false,"dynamic":true,"supportsEl":true,"identifiesControllerService":null,"hidden":false},"registrationChangeInfo":null,"templateValue":"${metadata.systemFeedName}","userEditable":false,"renderType":"text","renderOptions":{},"selected":true,"inputProperty":false,"containsConfigurationVariables":false,"sensitive":false,"required":false,"templateProperty":null,"hidden":false,"nameKey":"NiFi Flow-Initialize Cleanup Parameters-feed","idKey":"015d100f-33a8-1d2c-33fb-4d2ef30e1a66-73651c62-453a-1d3a-9677-f2b406ca347b-feed","processorNameTypeKey":"Initialize Cleanup Parameters-org.apache.nifi.processors.attributes.UpdateAttribute-feed","remoteProcessGroupProperty":false},{"processGroupName":"NiFi Flow","processorName":"Initialize Cleanup Parameters","processorId":"73651c62-453a-1d3a-9677-f2b406ca347b","processGroupId":"015d100f-33a8-1d2c-33fb-4d2ef30e1a66","processorType":"org.apache.nifi.processors.attributes.UpdateAttribute","key":"hdfs.ingest.root","value":"${config.hdfs.ingest.root}","expressionProperties":null,"propertyDescriptor":{"name":"hdfs.ingest.root","displayName":"hdfs.ingest.root","description":"","defaultValue":null,"allowableValues":null,"required":false,"sensitive":false,"dynamic":true,"supportsEl":true,"identifiesControllerService":null,"hidden":false},"registrationChangeInfo":null,"templateValue":"${config.hdfs.ingest.root}","userEditable":false,"renderType":"text","renderOptions":{},"selected":true,"inputProperty":false,"containsConfigurationVariables":false,"sensitive":false,"required":false,"templateProperty":null,"hidden":false,"nameKey":"NiFi Flow-Initialize Cleanup Parameters-hdfs.ingest.root","idKey":"015d100f-33a8-1d2c-33fb-4d2ef30e1a66-73651c62-453a-1d3a-9677-f2b406ca347b-hdfs.ingest.root","processorNameTypeKey":"Initialize Cleanup Parameters-org.apache.nifi.processors.attributes.UpdateAttribute-hdfs.ingest.root","remoteProcessGroupProperty":false},{"processGroupName":"NiFi Flow","processorName":"Initialize Cleanup Parameters","processorId":"73651c62-453a-1d3a-9677-f2b406ca347b","processGroupId":"015d100f-33a8-1d2c-33fb-4d2ef30e1a66","processorType":"org.apache.nifi.processors.attributes.UpdateAttribute","key":"hive.ingest.root","value":"${config.hive.ingest.root}","expressionProperties":null,"propertyDescriptor":{"name":"hive.ingest.root","displayName":"hive.ingest.root","description":"","defaultValue":null,"allowableValues":null,"required":false,"sensitive":false,"dynamic":true,"supportsEl":true,"identifiesControllerService":null,"hidden":false},"registrationChangeInfo":null,"templateValue":"${config.hive.ingest.root}","userEditable":false,"renderType":"text","renderOptions":{},"selected":true,"inputProperty":false,"containsConfigurationVariables":false,"sensitive":false,"required":false,"templateProperty":null,"hidden":false,"nameKey":"NiFi Flow-Initialize Cleanup Parameters-hive.ingest.root","idKey":"015d100f-33a8-1d2c-33fb-4d2ef30e1a66-73651c62-453a-1d3a-9677-f2b406ca347b-hive.ingest.root","processorNameTypeKey":"Initialize Cleanup Parameters-org.apache.nifi.processors.attributes.UpdateAttribute-hive.ingest.root","remoteProcessGroupProperty":false},{"processGroupName":"NiFi Flow","processorName":"Initialize Cleanup Parameters","processorId":"73651c62-453a-1d3a-9677-f2b406ca347b","processGroupId":"015d100f-33a8-1d2c-33fb-4d2ef30e1a66","processorType":"org.apache.nifi.processors.attributes.UpdateAttribute","key":"hive.master.root","value":"${config.hive.master.root}","expressionProperties":null,"propertyDescriptor":{"name":"hive.master.root","displayName":"hive.master.root","description":"","defaultValue":null,"allowableValues":null,"required":false,"sensitive":false,"dynamic":true,"supportsEl":true,"identifiesControllerService":null,"hidden":false},"registrationChangeInfo":null,"templateValue":"${config.hive.master.root}","userEditable":false,"renderType":"text","renderOptions":{},"selected":true,"inputProperty":false,"containsConfigurationVariables":false,"sensitive":false,"required":false,"templateProperty":null,"hidden":false,"nameKey":"NiFi Flow-Initialize Cleanup Parameters-hive.master.root","idKey":"015d100f-33a8-1d2c-33fb-4d2ef30e1a66-73651c62-453a-1d3a-9677-f2b406ca347b-hive.master.root","processorNameTypeKey":"Initialize Cleanup Parameters-org.apache.nifi.processors.attributes.UpdateAttribute-hive.master.root","remoteProcessGroupProperty":false},{"processGroupName":"NiFi Flow","processorName":"Initialize Cleanup Parameters","processorId":"73651c62-453a-1d3a-9677-f2b406ca347b","processGroupId":"015d100f-33a8-1d2c-33fb-4d2ef30e1a66","processorType":"org.apache.nifi.processors.attributes.UpdateAttribute","key":"hive.profile.root","value":"${config.hive.profile.root}","expressionProperties":null,"propertyDescriptor":{"name":"hive.profile.root","displayName":"hive.profile.root","description":"","defaultValue":null,"allowableValues":null,"required":false,"sensitive":false,"dynamic":true,"supportsEl":true,"identifiesControllerService":null,"hidden":false},"registrationChangeInfo":null,"templateValue":"${config.hive.profile.root}","userEditable":false,"renderType":"text","renderOptions":{},"selected":true,"inputProperty":false,"containsConfigurationVariables":false,"sensitive":false,"required":false,"templateProperty":null,"hidden":false,"nameKey":"NiFi Flow-Initialize Cleanup Parameters-hive.profile.root","idKey":"015d100f-33a8-1d2c-33fb-4d2ef30e1a66-73651c62-453a-1d3a-9677-f2b406ca347b-hive.profile.root","processorNameTypeKey":"Initialize Cleanup Parameters-org.apache.nifi.processors.attributes.UpdateAttribute-hive.profile.root","remoteProcessGroupProperty":false},{"processGroupName":"NiFi Flow","processorName":"Initialize Cleanup Parameters","processorId":"73651c62-453a-1d3a-9677-f2b406ca347b","processGroupId":"015d100f-33a8-1d2c-33fb-4d2ef30e1a66","processorType":"org.apache.nifi.processors.attributes.UpdateAttribute","key":"s3ingest.apache-commons.jar_url","value":"${config.s3ingest.apache-commons.jar_url}","expressionProperties":null,"propertyDescriptor":{"name":"s3ingest.apache-commons.jar_url","displayName":"s3ingest.apache-commons.jar_url","description":"","defaultValue":null,"allowableValues":null,"required":false,"sensitive":false,"dynamic":true,"supportsEl":true,"identifiesControllerService":null,"hidden":false},"registrationChangeInfo":null,"templateValue":"${config.s3ingest.apache-commons.jar_url}","userEditable":false,"renderType":"text","renderOptions":{},"selected":true,"inputProperty":false,"containsConfigurationVariables":false,"sensitive":false,"required":false,"templateProperty":null,"hidden":false,"nameKey":"NiFi Flow-Initialize Cleanup Parameters-s3ingest.apache-commons.jar_url","idKey":"015d100f-33a8-1d2c-33fb-4d2ef30e1a66-73651c62-453a-1d3a-9677-f2b406ca347b-s3ingest.apache-commons.jar_url","processorNameTypeKey":"Initialize Cleanup Parameters-org.apache.nifi.processors.attributes.UpdateAttribute-s3ingest.apache-commons.jar_url","remoteProcessGroupProperty":false},{"processGroupName":"NiFi Flow","processorName":"Initialize Cleanup Parameters","processorId":"73651c62-453a-1d3a-9677-f2b406ca347b","processGroupId":"015d100f-33a8-1d2c-33fb-4d2ef30e1a66","processorType":"org.apache.nifi.processors.attributes.UpdateAttribute","key":"s3ingest.es.jar_url","value":"${config.s3ingest.es.jar_url}","expressionProperties":null,"propertyDescriptor":{"name":"s3ingest.es.jar_url","displayName":"s3ingest.es.jar_url","description":"","defaultValue":null,"allowableValues":null,"required":false,"sensitive":false,"dynamic":true,"supportsEl":true,"identifiesControllerService":null,"hidden":false},"registrationChangeInfo":null,"templateValue":"${config.s3ingest.es.jar_url}","userEditable":false,"renderType":"text","renderOptions":{},"selected":true,"inputProperty":false,"containsConfigurationVariables":false,"sensitive":false,"required":false,"templateProperty":null,"hidden":false,"nameKey":"NiFi Flow-Initialize Cleanup Parameters-s3ingest.es.jar_url","idKey":"015d100f-33a8-1d2c-33fb-4d2ef30e1a66-73651c62-453a-1d3a-9677-f2b406ca347b-s3ingest.es.jar_url","processorNameTypeKey":"Initialize Cleanup Parameters-org.apache.nifi.processors.attributes.UpdateAttribute-s3ingest.es.jar_url","remoteProcessGroupProperty":false},{"processGroupName":"NiFi Flow","processorName":"Initialize Cleanup Parameters","processorId":"73651c62-453a-1d3a-9677-f2b406ca347b","processGroupId":"015d100f-33a8-1d2c-33fb-4d2ef30e1a66","processorType":"org.apache.nifi.processors.attributes.UpdateAttribute","key":"s3ingest.hiveBucket","value":"${config.s3ingest.hiveBucket}","expressionProperties":null,"propertyDescriptor":{"name":"s3ingest.hiveBucket","displayName":"s3ingest.hiveBucket","description":"","defaultValue":null,"allowableValues":null,"required":false,"sensitive":false,"dynamic":true,"supportsEl":true,"identifiesControllerService":null,"hidden":false},"registrationChangeInfo":null,"templateValue":"${config.s3ingest.hiveBucket}","userEditable":true,"renderType":"text","renderOptions":{},"selected":true,"inputProperty":false,"containsConfigurationVariables":false,"sensitive":false,"required":false,"templateProperty":null,"hidden":false,"nameKey":"NiFi Flow-Initialize Cleanup Parameters-s3ingest.hiveBucket","idKey":"015d100f-33a8-1d2c-33fb-4d2ef30e1a66-73651c62-453a-1d3a-9677-f2b406ca347b-s3ingest.hiveBucket","processorNameTypeKey":"Initialize Cleanup Parameters-org.apache.nifi.processors.attributes.UpdateAttribute-s3ingest.hiveBucket","remoteProcessGroupProperty":false},{"processGroupName":"NiFi Flow","processorName":"Initialize Feed Parameters","processorId":"73651c62-4541-1d3a-0c0b-7299a671e33a","processGroupId":"015d100f-33a8-1d2c-33fb-4d2ef30e1a66","processorType":"org.apache.nifi.processors.attributes.UpdateAttribute","key":"category","value":"${metadata.category.systemName}","expressionProperties":null,"propertyDescriptor":{"name":"category","displayName":"category","description":"","defaultValue":null,"allowableValues":null,"required":false,"sensitive":false,"dynamic":true,"supportsEl":true,"identifiesControllerService":null,"hidden":false},"registrationChangeInfo":null,"templateValue":"${metadata.category.systemName}","userEditable":false,"renderType":"text","renderOptions":{},"selected":true,"inputProperty":false,"containsConfigurationVariables":false,"sensitive":false,"required":false,"templateProperty":null,"hidden":false,"nameKey":"NiFi Flow-Initialize Feed Parameters-category","idKey":"015d100f-33a8-1d2c-33fb-4d2ef30e1a66-73651c62-4541-1d3a-0c0b-7299a671e33a-category","processorNameTypeKey":"Initialize Feed Parameters-org.apache.nifi.processors.attributes.UpdateAttribute-category","remoteProcessGroupProperty":false},{"processGroupName":"NiFi Flow","processorName":"Initialize Feed Parameters","processorId":"73651c62-4541-1d3a-0c0b-7299a671e33a","processGroupId":"015d100f-33a8-1d2c-33fb-4d2ef30e1a66","processorType":"org.apache.nifi.processors.attributes.UpdateAttribute","key":"feed","value":"${metadata.systemFeedName}","expressionProperties":null,"propertyDescriptor":{"name":"feed","displayName":"feed","description":"","defaultValue":null,"allowableValues":null,"required":false,"sensitive":false,"dynamic":true,"supportsEl":true,"identifiesControllerService":null,"hidden":false},"registrationChangeInfo":null,"templateValue":"${metadata.systemFeedName}","userEditable":false,"renderType":"text","renderOptions":{},"selected":true,"inputProperty":false,"containsConfigurationVariables":false,"sensitive":false,"required":false,"templateProperty":null,"hidden":false,"nameKey":"NiFi Flow-Initialize Feed Parameters-feed","idKey":"015d100f-33a8-1d2c-33fb-4d2ef30e1a66-73651c62-4541-1d3a-0c0b-7299a671e33a-feed","processorNameTypeKey":"Initialize Feed Parameters-org.apache.nifi.processors.attributes.UpdateAttribute-feed","remoteProcessGroupProperty":false},{"processGroupName":"NiFi Flow","processorName":"Initialize Feed Parameters","processorId":"73651c62-4541-1d3a-0c0b-7299a671e33a","processGroupId":"015d100f-33a8-1d2c-33fb-4d2ef30e1a66","processorType":"org.apache.nifi.processors.attributes.UpdateAttribute","key":"hdfs.ingest.root","value":"${config.hdfs.ingest.root}","expressionProperties":null,"propertyDescriptor":{"name":"hdfs.ingest.root","displayName":"hdfs.ingest.root","description":"","defaultValue":null,"allowableValues":null,"required":false,"sensitive":false,"dynamic":true,"supportsEl":true,"identifiesControllerService":null,"hidden":false},"registrationChangeInfo":null,"templateValue":"${config.hdfs.ingest.root}","userEditable":false,"renderType":"text","renderOptions":{},"selected":true,"inputProperty":false,"containsConfigurationVariables":false,"sensitive":false,"required":false,"templateProperty":null,"hidden":false,"nameKey":"NiFi Flow-Initialize Feed Parameters-hdfs.ingest.root","idKey":"015d100f-33a8-1d2c-33fb-4d2ef30e1a66-73651c62-4541-1d3a-0c0b-7299a671e33a-hdfs.ingest.root","processorNameTypeKey":"Initialize Feed Parameters-org.apache.nifi.processors.attributes.UpdateAttribute-hdfs.ingest.root","remoteProcessGroupProperty":false},{"processGroupName":"NiFi Flow","processorName":"Initialize Feed Parameters","processorId":"73651c62-4541-1d3a-0c0b-7299a671e33a","processGroupId":"015d100f-33a8-1d2c-33fb-4d2ef30e1a66","processorType":"org.apache.nifi.processors.attributes.UpdateAttribute","key":"hive.ingest.root","value":"${config.hive.ingest.root}","expressionProperties":null,"propertyDescriptor":{"name":"hive.ingest.root","displayName":"hive.ingest.root","description":"","defaultValue":null,"allowableValues":null,"required":false,"sensitive":false,"dynamic":true,"supportsEl":true,"identifiesControllerService":null,"hidden":false},"registrationChangeInfo":null,"templateValue":"${config.hive.ingest.root}","userEditable":false,"renderType":"text","renderOptions":{},"selected":true,"inputProperty":false,"containsConfigurationVariables":false,"sensitive":false,"required":false,"templateProperty":null,"hidden":false,"nameKey":"NiFi Flow-Initialize Feed Parameters-hive.ingest.root","idKey":"015d100f-33a8-1d2c-33fb-4d2ef30e1a66-73651c62-4541-1d3a-0c0b-7299a671e33a-hive.ingest.root","processorNameTypeKey":"Initialize Feed Parameters-org.apache.nifi.processors.attributes.UpdateAttribute-hive.ingest.root","remoteProcessGroupProperty":false},{"processGroupName":"NiFi Flow","processorName":"Initialize Feed Parameters","processorId":"73651c62-4541-1d3a-0c0b-7299a671e33a","processGroupId":"015d100f-33a8-1d2c-33fb-4d2ef30e1a66","processorType":"org.apache.nifi.processors.attributes.UpdateAttribute","key":"hive.master.root","value":"${config.hive.master.root}","expressionProperties":null,"propertyDescriptor":{"name":"hive.master.root","displayName":"hive.master.root","description":"","defaultValue":null,"allowableValues":null,"required":false,"sensitive":false,"dynamic":true,"supportsEl":true,"identifiesControllerService":null,"hidden":false},"registrationChangeInfo":null,"templateValue":"${config.hive.master.root}","userEditable":false,"renderType":"text","renderOptions":{},"selected":true,"inputProperty":false,"containsConfigurationVariables":false,"sensitive":false,"required":false,"templateProperty":null,"hidden":false,"nameKey":"NiFi Flow-Initialize Feed Parameters-hive.master.root","idKey":"015d100f-33a8-1d2c-33fb-4d2ef30e1a66-73651c62-4541-1d3a-0c0b-7299a671e33a-hive.master.root","processorNameTypeKey":"Initialize Feed Parameters-org.apache.nifi.processors.attributes.UpdateAttribute-hive.master.root","remoteProcessGroupProperty":false},{"processGroupName":"NiFi Flow","processorName":"Initialize Feed Parameters","processorId":"73651c62-4541-1d3a-0c0b-7299a671e33a","processGroupId":"015d100f-33a8-1d2c-33fb-4d2ef30e1a66","processorType":"org.apache.nifi.processors.attributes.UpdateAttribute","key":"hive.profile.root","value":"${config.hive.profile.root}","expressionProperties":null,"propertyDescriptor":{"name":"hive.profile.root","displayName":"hive.profile.root","description":"","defaultValue":null,"allowableValues":null,"required":false,"sensitive":false,"dynamic":true,"supportsEl":true,"identifiesControllerService":null,"hidden":false},"registrationChangeInfo":null,"templateValue":"${config.hive.profile.root}","userEditable":false,"renderType":"text","renderOptions":{},"selected":true,"inputProperty":false,"containsConfigurationVariables":false,"sensitive":false,"required":false,"templateProperty":null,"hidden":false,"nameKey":"NiFi Flow-Initialize Feed Parameters-hive.profile.root","idKey":"015d100f-33a8-1d2c-33fb-4d2ef30e1a66-73651c62-4541-1d3a-0c0b-7299a671e33a-hive.profile.root","processorNameTypeKey":"Initialize Feed Parameters-org.apache.nifi.processors.attributes.UpdateAttribute-hive.profile.root","remoteProcessGroupProperty":false},{"processGroupName":"NiFi Flow","processorName":"Initialize Feed Parameters","processorId":"73651c62-4541-1d3a-0c0b-7299a671e33a","processGroupId":"015d100f-33a8-1d2c-33fb-4d2ef30e1a66","processorType":"org.apache.nifi.processors.attributes.UpdateAttribute","key":"metadata.table.feedFieldStructure","value":"${metadata.table.feedFieldStructure}","expressionProperties":null,"propertyDescriptor":{"name":"metadata.table.feedFieldStructure","displayName":"metadata.table.feedFieldStructure","description":"","defaultValue":null,"allowableValues":null,"required":false,"sensitive":false,"dynamic":true,"supportsEl":true,"identifiesControllerService":null,"hidden":false},"registrationChangeInfo":null,"templateValue":"${metadata.table.feedFieldStructure}","userEditable":false,"renderType":"text","renderOptions":{},"selected":true,"inputProperty":false,"containsConfigurationVariables":false,"sensitive":false,"required":false,"templateProperty":null,"hidden":false,"nameKey":"NiFi Flow-Initialize Feed Parameters-metadata.table.feedFieldStructure","idKey":"015d100f-33a8-1d2c-33fb-4d2ef30e1a66-73651c62-4541-1d3a-0c0b-7299a671e33a-metadata.table.feedFieldStructure","processorNameTypeKey":"Initialize Feed Parameters-org.apache.nifi.processors.attributes.UpdateAttribute-metadata.table.feedFieldStructure","remoteProcessGroupProperty":false},{"processGroupName":"NiFi Flow","processorName":"Initialize Feed Parameters","processorId":"73651c62-4541-1d3a-0c0b-7299a671e33a","processGroupId":"015d100f-33a8-1d2c-33fb-4d2ef30e1a66","processorType":"org.apache.nifi.processors.attributes.UpdateAttribute","key":"metadata.table.feedFormat","value":"${metadata.table.feedFormat}","expressionProperties":null,"propertyDescriptor":{"name":"metadata.table.feedFormat","displayName":"metadata.table.feedFormat","description":"","defaultValue":null,"allowableValues":null,"required":false,"sensitive":false,"dynamic":true,"supportsEl":true,"identifiesControllerService":null,"hidden":false},"registrationChangeInfo":null,"templateValue":"${metadata.table.feedFormat}","userEditable":false,"renderType":"text","renderOptions":{},"selected":true,"inputProperty":false,"containsConfigurationVariables":false,"sensitive":false,"required":false,"templateProperty":null,"hidden":false,"nameKey":"NiFi Flow-Initialize Feed Parameters-metadata.table.feedFormat","idKey":"015d100f-33a8-1d2c-33fb-4d2ef30e1a66-73651c62-4541-1d3a-0c0b-7299a671e33a-metadata.table.feedFormat","processorNameTypeKey":"Initialize Feed Parameters-org.apache.nifi.processors.attributes.UpdateAttribute-metadata.table.feedFormat","remoteProcessGroupProperty":false},{"processGroupName":"NiFi Flow","processorName":"Initialize Feed Parameters","processorId":"73651c62-4541-1d3a-0c0b-7299a671e33a","processGroupId":"015d100f-33a8-1d2c-33fb-4d2ef30e1a66","processorType":"org.apache.nifi.processors.attributes.UpdateAttribute","key":"metadata.table.fieldIndexString","value":"${metadata.table.fieldIndexString}","expressionProperties":null,"propertyDescriptor":{"name":"metadata.table.fieldIndexString","displayName":"metadata.table.fieldIndexString","description":"","defaultValue":null,"allowableValues":null,"required":false,"sensitive":false,"dynamic":true,"supportsEl":true,"identifiesControllerService":null,"hidden":false},"registrationChangeInfo":null,"templateValue":"${metadata.table.fieldIndexString}","userEditable":false,"renderType":"text","renderOptions":{},"selected":true,"inputProperty":false,"containsConfigurationVariables":false,"sensitive":false,"required":false,"templateProperty":null,"hidden":false,"nameKey":"NiFi Flow-Initialize Feed Parameters-metadata.table.fieldIndexString","idKey":"015d100f-33a8-1d2c-33fb-4d2ef30e1a66-73651c62-4541-1d3a-0c0b-7299a671e33a-metadata.table.fieldIndexString","processorNameTypeKey":"Initialize Feed Parameters-org.apache.nifi.processors.attributes.UpdateAttribute-metadata.table.fieldIndexString","remoteProcessGroupProperty":false},{"processGroupName":"NiFi Flow","processorName":"Initialize Feed Parameters","processorId":"73651c62-4541-1d3a-0c0b-7299a671e33a","processGroupId":"015d100f-33a8-1d2c-33fb-4d2ef30e1a66","processorType":"org.apache.nifi.processors.attributes.UpdateAttribute","key":"metadata.table.fieldPoliciesJson","value":"${metadata.table.fieldPoliciesJson}","expressionProperties":null,"propertyDescriptor":{"name":"metadata.table.fieldPoliciesJson","displayName":"metadata.table.fieldPoliciesJson","description":"","defaultValue":null,"allowableValues":null,"required":false,"sensitive":false,"dynamic":true,"supportsEl":true,"identifiesControllerService":null,"hidden":false},"registrationChangeInfo":null,"templateValue":"${metadata.table.fieldPoliciesJson}","userEditable":false,"renderType":"text","renderOptions":{},"selected":true,"inputProperty":false,"containsConfigurationVariables":false,"sensitive":false,"required":false,"templateProperty":null,"hidden":false,"nameKey":"NiFi Flow-Initialize Feed Parameters-metadata.table.fieldPoliciesJson","idKey":"015d100f-33a8-1d2c-33fb-4d2ef30e1a66-73651c62-4541-1d3a-0c0b-7299a671e33a-metadata.table.fieldPoliciesJson","processorNameTypeKey":"Initialize Feed Parameters-org.apache.nifi.processors.attributes.UpdateAttribute-metadata.table.fieldPoliciesJson","remoteProcessGroupProperty":false},{"processGroupName":"NiFi Flow","processorName":"Initialize Feed Parameters","processorId":"73651c62-4541-1d3a-0c0b-7299a671e33a","processGroupId":"015d100f-33a8-1d2c-33fb-4d2ef30e1a66","processorType":"org.apache.nifi.processors.attributes.UpdateAttribute","key":"metadata.table.fieldStructure","value":"${metadata.table.fieldStructure}","expressionProperties":null,"propertyDescriptor":{"name":"metadata.table.fieldStructure","displayName":"metadata.table.fieldStructure","description":"","defaultValue":null,"allowableValues":null,"required":false,"sensitive":false,"dynamic":true,"supportsEl":true,"identifiesControllerService":null,"hidden":false},"registrationChangeInfo":null,"templateValue":"${metadata.table.fieldStructure}","userEditable":false,"renderType":"text","renderOptions":{},"selected":true,"inputProperty":false,"containsConfigurationVariables":false,"sensitive":false,"required":false,"templateProperty":null,"hidden":false,"nameKey":"NiFi Flow-Initialize Feed Parameters-metadata.table.fieldStructure","idKey":"015d100f-33a8-1d2c-33fb-4d2ef30e1a66-73651c62-4541-1d3a-0c0b-7299a671e33a-metadata.table.fieldStructure","processorNameTypeKey":"Initialize Feed Parameters-org.apache.nifi.processors.attributes.UpdateAttribute-metadata.table.fieldStructure","remoteProcessGroupProperty":false},{"processGroupName":"NiFi Flow","processorName":"Initialize Feed Parameters","processorId":"73651c62-4541-1d3a-0c0b-7299a671e33a","processGroupId":"015d100f-33a8-1d2c-33fb-4d2ef30e1a66","processorType":"org.apache.nifi.processors.attributes.UpdateAttribute","key":"metadata.table.partitionSpecs","value":"${metadata.table.partitionSpecs}","expressionProperties":null,"propertyDescriptor":{"name":"metadata.table.partitionSpecs","displayName":"metadata.table.partitionSpecs","description":"","defaultValue":null,"allowableValues":null,"required":false,"sensitive":false,"dynamic":true,"supportsEl":true,"identifiesControllerService":null,"hidden":false},"registrationChangeInfo":null,"templateValue":"${metadata.table.partitionSpecs}","userEditable":false,"renderType":"text","renderOptions":{},"selected":true,"inputProperty":false,"containsConfigurationVariables":false,"sensitive":false,"required":false,"templateProperty":null,"hidden":false,"nameKey":"NiFi Flow-Initialize Feed Parameters-metadata.table.partitionSpecs","idKey":"015d100f-33a8-1d2c-33fb-4d2ef30e1a66-73651c62-4541-1d3a-0c0b-7299a671e33a-metadata.table.partitionSpecs","processorNameTypeKey":"Initialize Feed Parameters-org.apache.nifi.processors.attributes.UpdateAttribute-metadata.table.partitionSpecs","remoteProcessGroupProperty":false},{"processGroupName":"NiFi Flow","processorName":"Initialize Feed Parameters","processorId":"73651c62-4541-1d3a-0c0b-7299a671e33a","processGroupId":"015d100f-33a8-1d2c-33fb-4d2ef30e1a66","processorType":"org.apache.nifi.processors.attributes.UpdateAttribute","key":"metadata.table.partitionStructure","value":"${metadata.table.partitionStructure}","expressionProperties":null,"propertyDescriptor":{"name":"metadata.table.partitionStructure","displayName":"metadata.table.partitionStructure","description":"","defaultValue":null,"allowableValues":null,"required":false,"sensitive":false,"dynamic":true,"supportsEl":true,"identifiesControllerService":null,"hidden":false},"registrationChangeInfo":null,"templateValue":"${metadata.table.partitionStructure}","userEditable":false,"renderType":"text","renderOptions":{},"selected":true,"inputProperty":false,"containsConfigurationVariables":false,"sensitive":false,"required":false,"templateProperty":null,"hidden":false,"nameKey":"NiFi Flow-Initialize Feed Parameters-metadata.table.partitionStructure","idKey":"015d100f-33a8-1d2c-33fb-4d2ef30e1a66-73651c62-4541-1d3a-0c0b-7299a671e33a-metadata.table.partitionStructure","processorNameTypeKey":"Initialize Feed Parameters-org.apache.nifi.processors.attributes.UpdateAttribute-metadata.table.partitionStructure","remoteProcessGroupProperty":false},{"processGroupName":"NiFi Flow","processorName":"Initialize Feed Parameters","processorId":"73651c62-4541-1d3a-0c0b-7299a671e33a","processGroupId":"015d100f-33a8-1d2c-33fb-4d2ef30e1a66","processorType":"org.apache.nifi.processors.attributes.UpdateAttribute","key":"metadata.table.targetFormat","value":"${metadata.table.targetFormat}","expressionProperties":null,"propertyDescriptor":{"name":"metadata.table.targetFormat","displayName":"metadata.table.targetFormat","description":"","defaultValue":null,"allowableValues":null,"required":false,"sensitive":false,"dynamic":true,"supportsEl":true,"identifiesControllerService":null,"hidden":false},"registrationChangeInfo":null,"templateValue":"${metadata.table.targetFormat}","userEditable":false,"renderType":"text","renderOptions":{},"selected":true,"inputProperty":false,"containsConfigurationVariables":false,"sensitive":false,"required":false,"templateProperty":null,"hidden":false,"nameKey":"NiFi Flow-Initialize Feed Parameters-metadata.table.targetFormat","idKey":"015d100f-33a8-1d2c-33fb-4d2ef30e1a66-73651c62-4541-1d3a-0c0b-7299a671e33a-metadata.table.targetFormat","processorNameTypeKey":"Initialize Feed Parameters-org.apache.nifi.processors.attributes.UpdateAttribute-metadata.table.targetFormat","remoteProcessGroupProperty":false},{"processGroupName":"NiFi Flow","processorName":"Initialize Feed Parameters","processorId":"73651c62-4541-1d3a-0c0b-7299a671e33a","processGroupId":"015d100f-33a8-1d2c-33fb-4d2ef30e1a66","processorType":"org.apache.nifi.processors.attributes.UpdateAttribute","key":"metadata.table.targetMergeStrategy","value":"${metadata.table.targetMergeStrategy}","expressionProperties":null,"propertyDescriptor":{"name":"metadata.table.targetMergeStrategy","displayName":"metadata.table.targetMergeStrategy","description":"","defaultValue":null,"allowableValues":null,"required":false,"sensitive":false,"dynamic":true,"supportsEl":true,"identifiesControllerService":null,"hidden":false},"registrationChangeInfo":null,"templateValue":"${metadata.table.targetMergeStrategy}","userEditable":false,"renderType":"text","renderOptions":{},"selected":true,"inputProperty":false,"containsConfigurationVariables":false,"sensitive":false,"required":false,"templateProperty":null,"hidden":false,"nameKey":"NiFi Flow-Initialize Feed Parameters-metadata.table.targetMergeStrategy","idKey":"015d100f-33a8-1d2c-33fb-4d2ef30e1a66-73651c62-4541-1d3a-0c0b-7299a671e33a-metadata.table.targetMergeStrategy","processorNameTypeKey":"Initialize Feed Parameters-org.apache.nifi.processors.attributes.UpdateAttribute-metadata.table.targetMergeStrategy","remoteProcessGroupProperty":false},{"processGroupName":"NiFi Flow","processorName":"Initialize Feed Parameters","processorId":"73651c62-4541-1d3a-0c0b-7299a671e33a","processGroupId":"015d100f-33a8-1d2c-33fb-4d2ef30e1a66","processorType":"org.apache.nifi.processors.attributes.UpdateAttribute","key":"metadata.table.targetTblProperties","value":"${metadata.table.targetTblProperties}","expressionProperties":null,"propertyDescriptor":{"name":"metadata.table.targetTblProperties","displayName":"metadata.table.targetTblProperties","description":"","defaultValue":null,"allowableValues":null,"required":false,"sensitive":false,"dynamic":true,"supportsEl":true,"identifiesControllerService":null,"hidden":false},"registrationChangeInfo":null,"templateValue":"${metadata.table.targetTblProperties}","userEditable":false,"renderType":"text","renderOptions":{},"selected":true,"inputProperty":false,"containsConfigurationVariables":false,"sensitive":false,"required":false,"templateProperty":null,"hidden":false,"nameKey":"NiFi Flow-Initialize Feed Parameters-metadata.table.targetTblProperties","idKey":"015d100f-33a8-1d2c-33fb-4d2ef30e1a66-73651c62-4541-1d3a-0c0b-7299a671e33a-metadata.table.targetTblProperties","processorNameTypeKey":"Initialize Feed Parameters-org.apache.nifi.processors.attributes.UpdateAttribute-metadata.table.targetTblProperties","remoteProcessGroupProperty":false},{"processGroupName":"NiFi Flow","processorName":"Initialize Feed Parameters","processorId":"73651c62-4541-1d3a-0c0b-7299a671e33a","processGroupId":"015d100f-33a8-1d2c-33fb-4d2ef30e1a66","processorType":"org.apache.nifi.processors.attributes.UpdateAttribute","key":"s3ingest.apache-commons.jar_url","value":"${config.s3ingest.apache-commons.jar_url}","expressionProperties":null,"propertyDescriptor":{"name":"s3ingest.apache-commons.jar_url","displayName":"s3ingest.apache-commons.jar_url","description":"","defaultValue":null,"allowableValues":null,"required":false,"sensitive":false,"dynamic":true,"supportsEl":true,"identifiesControllerService":null,"hidden":false},"registrationChangeInfo":null,"templateValue":"${config.s3ingest.apache-commons.jar_url}","userEditable":false,"renderType":"text","renderOptions":{},"selected":true,"inputProperty":false,"containsConfigurationVariables":false,"sensitive":false,"required":false,"templateProperty":null,"hidden":false,"nameKey":"NiFi Flow-Initialize Feed Parameters-s3ingest.apache-commons.jar_url","idKey":"015d100f-33a8-1d2c-33fb-4d2ef30e1a66-73651c62-4541-1d3a-0c0b-7299a671e33a-s3ingest.apache-commons.jar_url","processorNameTypeKey":"Initialize Feed Parameters-org.apache.nifi.processors.attributes.UpdateAttribute-s3ingest.apache-commons.jar_url","remoteProcessGroupProperty":false},{"processGroupName":"NiFi Flow","processorName":"Initialize Feed Parameters","processorId":"73651c62-4541-1d3a-0c0b-7299a671e33a","processGroupId":"015d100f-33a8-1d2c-33fb-4d2ef30e1a66","processorType":"org.apache.nifi.processors.attributes.UpdateAttribute","key":"s3ingest.es.jar_url","value":"${config.s3ingest.es.jar_url}","expressionProperties":null,"propertyDescriptor":{"name":"s3ingest.es.jar_url","displayName":"s3ingest.es.jar_url","description":"","defaultValue":null,"allowableValues":null,"required":false,"sensitive":false,"dynamic":true,"supportsEl":true,"identifiesControllerService":null,"hidden":false},"registrationChangeInfo":null,"templateValue":"${config.s3ingest.es.jar_url}","userEditable":false,"renderType":"text","renderOptions":{},"selected":true,"inputProperty":false,"containsConfigurationVariables":false,"sensitive":false,"required":false,"templateProperty":null,"hidden":false,"nameKey":"NiFi Flow-Initialize Feed Parameters-s3ingest.es.jar_url","idKey":"015d100f-33a8-1d2c-33fb-4d2ef30e1a66-73651c62-4541-1d3a-0c0b-7299a671e33a-s3ingest.es.jar_url","processorNameTypeKey":"Initialize Feed Parameters-org.apache.nifi.processors.attributes.UpdateAttribute-s3ingest.es.jar_url","remoteProcessGroupProperty":false},{"processGroupName":"NiFi Flow","processorName":"Initialize Feed Parameters","processorId":"73651c62-4541-1d3a-0c0b-7299a671e33a","processGroupId":"015d100f-33a8-1d2c-33fb-4d2ef30e1a66","processorType":"org.apache.nifi.processors.attributes.UpdateAttribute","key":"s3ingest.es.nodes","value":"${config.s3ingest.es.nodes}","expressionProperties":null,"propertyDescriptor":{"name":"s3ingest.es.nodes","displayName":"s3ingest.es.nodes","description":"","defaultValue":null,"allowableValues":null,"required":false,"sensitive":false,"dynamic":true,"supportsEl":true,"identifiesControllerService":null,"hidden":false},"registrationChangeInfo":null,"templateValue":"${config.s3ingest.es.nodes}","userEditable":false,"renderType":"text","renderOptions":{},"selected":true,"inputProperty":false,"containsConfigurationVariables":false,"sensitive":false,"required":false,"templateProperty":null,"hidden":false,"nameKey":"NiFi Flow-Initialize Feed Parameters-s3ingest.es.nodes","idKey":"015d100f-33a8-1d2c-33fb-4d2ef30e1a66-73651c62-4541-1d3a-0c0b-7299a671e33a-s3ingest.es.nodes","processorNameTypeKey":"Initialize Feed Parameters-org.apache.nifi.processors.attributes.UpdateAttribute-s3ingest.es.nodes","remoteProcessGroupProperty":false},{"processGroupName":"NiFi Flow","processorName":"Initialize Feed Parameters","processorId":"73651c62-4541-1d3a-0c0b-7299a671e33a","processGroupId":"015d100f-33a8-1d2c-33fb-4d2ef30e1a66","processorType":"org.apache.nifi.processors.attributes.UpdateAttribute","key":"s3ingest.hiveBucket","value":"${config.s3ingest.hiveBucket}","expressionProperties":null,"propertyDescriptor":{"name":"s3ingest.hiveBucket","displayName":"s3ingest.hiveBucket","description":"","defaultValue":null,"allowableValues":null,"required":false,"sensitive":false,"dynamic":true,"supportsEl":true,"identifiesControllerService":null,"hidden":false},"registrationChangeInfo":null,"templateValue":"${config.s3ingest.hiveBucket}","userEditable":true,"renderType":"text","renderOptions":{},"selected":true,"inputProperty":false,"containsConfigurationVariables":false,"sensitive":false,"required":false,"templateProperty":null,"hidden":false,"nameKey":"NiFi Flow-Initialize Feed Parameters-s3ingest.hiveBucket","idKey":"015d100f-33a8-1d2c-33fb-4d2ef30e1a66-73651c62-4541-1d3a-0c0b-7299a671e33a-s3ingest.hiveBucket","processorNameTypeKey":"Initialize Feed Parameters-org.apache.nifi.processors.attributes.UpdateAttribute-s3ingest.hiveBucket","remoteProcessGroupProperty":false},{"processGroupName":"NiFi Flow","processorName":"Initialize Feed Parameters","processorId":"73651c62-4541-1d3a-0c0b-7299a671e33a","processGroupId":"015d100f-33a8-1d2c-33fb-4d2ef30e1a66","processorType":"org.apache.nifi.processors.attributes.UpdateAttribute","key":"s3ingest.s3.protocol","value":"${config.s3ingest.s3.protocol}","expressionProperties":null,"propertyDescriptor":{"name":"s3ingest.s3.protocol","displayName":"s3ingest.s3.protocol","description":"","defaultValue":null,"allowableValues":null,"required":false,"sensitive":false,"dynamic":true,"supportsEl":true,"identifiesControllerService":null,"hidden":false},"registrationChangeInfo":null,"templateValue":"${config.s3ingest.s3.protocol}","userEditable":false,"renderType":"text","renderOptions":{},"selected":true,"inputProperty":false,"containsConfigurationVariables":false,"sensitive":false,"required":false,"templateProperty":null,"hidden":false,"nameKey":"NiFi Flow-Initialize Feed Parameters-s3ingest.s3.protocol","idKey":"015d100f-33a8-1d2c-33fb-4d2ef30e1a66-73651c62-4541-1d3a-0c0b-7299a671e33a-s3ingest.s3.protocol","processorNameTypeKey":"Initialize Feed Parameters-org.apache.nifi.processors.attributes.UpdateAttribute-s3ingest.s3.protocol","remoteProcessGroupProperty":false},{"processGroupName":"NiFi Flow","processorName":"Initialize Feed Parameters","processorId":"73651c62-4541-1d3a-0c0b-7299a671e33a","processGroupId":"015d100f-33a8-1d2c-33fb-4d2ef30e1a66","processorType":"org.apache.nifi.processors.attributes.UpdateAttribute","key":"skipHeader","value":"${metadata.options.skipHeader}","expressionProperties":null,"propertyDescriptor":{"name":"skipHeader","displayName":"skipHeader","description":"","defaultValue":null,"allowableValues":null,"required":false,"sensitive":false,"dynamic":true,"supportsEl":true,"identifiesControllerService":null,"hidden":false},"registrationChangeInfo":null,"templateValue":"${metadata.options.skipHeader}","userEditable":false,"renderType":"text","renderOptions":{},"selected":true,"inputProperty":false,"containsConfigurationVariables":false,"sensitive":false,"required":false,"templateProperty":null,"hidden":false,"nameKey":"NiFi Flow-Initialize Feed Parameters-skipHeader","idKey":"015d100f-33a8-1d2c-33fb-4d2ef30e1a66-73651c62-4541-1d3a-0c0b-7299a671e33a-skipHeader","processorNameTypeKey":"Initialize Feed Parameters-org.apache.nifi.processors.attributes.UpdateAttribute-skipHeader","remoteProcessGroupProperty":false}],"nonInputProcessors":[{"properties":[{"processGroupName":"NiFi Flow","processorName":"Initialize Cleanup Parameters","processorId":"73651c62-453a-1d3a-9677-f2b406ca347b","processGroupId":"015d100f-33a8-1d2c-33fb-4d2ef30e1a66","processorType":"org.apache.nifi.processors.attributes.UpdateAttribute","key":"category","value":"${metadata.category.systemName}","expressionProperties":null,"propertyDescriptor":{"name":"category","displayName":"category","description":"","defaultValue":null,"allowableValues":null,"required":false,"sensitive":false,"dynamic":true,"supportsEl":true,"identifiesControllerService":null,"hidden":false},"registrationChangeInfo":null,"templateValue":"${metadata.category.systemName}","userEditable":false,"renderType":"text","renderOptions":{},"selected":true,"inputProperty":false,"containsConfigurationVariables":false,"sensitive":false,"required":false,"templateProperty":null,"hidden":false,"nameKey":"NiFi Flow-Initialize Cleanup Parameters-category","idKey":"015d100f-33a8-1d2c-33fb-4d2ef30e1a66-73651c62-453a-1d3a-9677-f2b406ca347b-category","processorNameTypeKey":"Initialize Cleanup Parameters-org.apache.nifi.processors.attributes.UpdateAttribute-category","remoteProcessGroupProperty":false},{"processGroupName":"NiFi Flow","processorName":"Initialize Cleanup Parameters","processorId":"73651c62-453a-1d3a-9677-f2b406ca347b","processGroupId":"015d100f-33a8-1d2c-33fb-4d2ef30e1a66","processorType":"org.apache.nifi.processors.attributes.UpdateAttribute","key":"feed","value":"${metadata.systemFeedName}","expressionProperties":null,"propertyDescriptor":{"name":"feed","displayName":"feed","description":"","defaultValue":null,"allowableValues":null,"required":false,"sensitive":false,"dynamic":true,"supportsEl":true,"identifiesControllerService":null,"hidden":false},"registrationChangeInfo":null,"templateValue":"${metadata.systemFeedName}","userEditable":false,"renderType":"text","renderOptions":{},"selected":true,"inputProperty":false,"containsConfigurationVariables":false,"sensitive":false,"required":false,"templateProperty":null,"hidden":false,"nameKey":"NiFi Flow-Initialize Cleanup Parameters-feed","idKey":"015d100f-33a8-1d2c-33fb-4d2ef30e1a66-73651c62-453a-1d3a-9677-f2b406ca347b-feed","processorNameTypeKey":"Initialize Cleanup Parameters-org.apache.nifi.processors.attributes.UpdateAttribute-feed","remoteProcessGroupProperty":false},{"processGroupName":"NiFi Flow","processorName":"Initialize Cleanup Parameters","processorId":"73651c62-453a-1d3a-9677-f2b406ca347b","processGroupId":"015d100f-33a8-1d2c-33fb-4d2ef30e1a66","processorType":"org.apache.nifi.processors.attributes.UpdateAttribute","key":"hdfs.ingest.root","value":"${config.hdfs.ingest.root}","expressionProperties":null,"propertyDescriptor":{"name":"hdfs.ingest.root","displayName":"hdfs.ingest.root","description":"","defaultValue":null,"allowableValues":null,"required":false,"sensitive":false,"dynamic":true,"supportsEl":true,"identifiesControllerService":null,"hidden":false},"registrationChangeInfo":null,"templateValue":"${config.hdfs.ingest.root}","userEditable":false,"renderType":"text","renderOptions":{},"selected":true,"inputProperty":false,"containsConfigurationVariables":false,"sensitive":false,"required":false,"templateProperty":null,"hidden":false,"nameKey":"NiFi Flow-Initialize Cleanup Parameters-hdfs.ingest.root","idKey":"015d100f-33a8-1d2c-33fb-4d2ef30e1a66-73651c62-453a-1d3a-9677-f2b406ca347b-hdfs.ingest.root","processorNameTypeKey":"Initialize Cleanup Parameters-org.apache.nifi.processors.attributes.UpdateAttribute-hdfs.ingest.root","remoteProcessGroupProperty":false},{"processGroupName":"NiFi Flow","processorName":"Initialize Cleanup Parameters","processorId":"73651c62-453a-1d3a-9677-f2b406ca347b","processGroupId":"015d100f-33a8-1d2c-33fb-4d2ef30e1a66","processorType":"org.apache.nifi.processors.attributes.UpdateAttribute","key":"hive.ingest.root","value":"${config.hive.ingest.root}","expressionProperties":null,"propertyDescriptor":{"name":"hive.ingest.root","displayName":"hive.ingest.root","description":"","defaultValue":null,"allowableValues":null,"required":false,"sensitive":false,"dynamic":true,"supportsEl":true,"identifiesControllerService":null,"hidden":false},"registrationChangeInfo":null,"templateValue":"${config.hive.ingest.root}","userEditable":false,"renderType":"text","renderOptions":{},"selected":true,"inputProperty":false,"containsConfigurationVariables":false,"sensitive":false,"required":false,"templateProperty":null,"hidden":false,"nameKey":"NiFi Flow-Initialize Cleanup Parameters-hive.ingest.root","idKey":"015d100f-33a8-1d2c-33fb-4d2ef30e1a66-73651c62-453a-1d3a-9677-f2b406ca347b-hive.ingest.root","processorNameTypeKey":"Initialize Cleanup Parameters-org.apache.nifi.processors.attributes.UpdateAttribute-hive.ingest.root","remoteProcessGroupProperty":false},{"processGroupName":"NiFi Flow","processorName":"Initialize Cleanup Parameters","processorId":"73651c62-453a-1d3a-9677-f2b406ca347b","processGroupId":"015d100f-33a8-1d2c-33fb-4d2ef30e1a66","processorType":"org.apache.nifi.processors.attributes.UpdateAttribute","key":"hive.master.root","value":"${config.hive.master.root}","expressionProperties":null,"propertyDescriptor":{"name":"hive.master.root","displayName":"hive.master.root","description":"","defaultValue":null,"allowableValues":null,"required":false,"sensitive":false,"dynamic":true,"supportsEl":true,"identifiesControllerService":null,"hidden":false},"registrationChangeInfo":null,"templateValue":"${config.hive.master.root}","userEditable":false,"renderType":"text","renderOptions":{},"selected":true,"inputProperty":false,"containsConfigurationVariables":false,"sensitive":false,"required":false,"templateProperty":null,"hidden":false,"nameKey":"NiFi Flow-Initialize Cleanup Parameters-hive.master.root","idKey":"015d100f-33a8-1d2c-33fb-4d2ef30e1a66-73651c62-453a-1d3a-9677-f2b406ca347b-hive.master.root","processorNameTypeKey":"Initialize Cleanup Parameters-org.apache.nifi.processors.attributes.UpdateAttribute-hive.master.root","remoteProcessGroupProperty":false},{"processGroupName":"NiFi Flow","processorName":"Initialize Cleanup Parameters","processorId":"73651c62-453a-1d3a-9677-f2b406ca347b","processGroupId":"015d100f-33a8-1d2c-33fb-4d2ef30e1a66","processorType":"org.apache.nifi.processors.attributes.UpdateAttribute","key":"hive.profile.root","value":"${config.hive.profile.root}","expressionProperties":null,"propertyDescriptor":{"name":"hive.profile.root","displayName":"hive.profile.root","description":"","defaultValue":null,"allowableValues":null,"required":false,"sensitive":false,"dynamic":true,"supportsEl":true,"identifiesControllerService":null,"hidden":false},"registrationChangeInfo":null,"templateValue":"${config.hive.profile.root}","userEditable":false,"renderType":"text","renderOptions":{},"selected":true,"inputProperty":false,"containsConfigurationVariables":false,"sensitive":false,"required":false,"templateProperty":null,"hidden":false,"nameKey":"NiFi Flow-Initialize Cleanup Parameters-hive.profile.root","idKey":"015d100f-33a8-1d2c-33fb-4d2ef30e1a66-73651c62-453a-1d3a-9677-f2b406ca347b-hive.profile.root","processorNameTypeKey":"Initialize Cleanup Parameters-org.apache.nifi.processors.attributes.UpdateAttribute-hive.profile.root","remoteProcessGroupProperty":false},{"processGroupName":"NiFi Flow","processorName":"Initialize Cleanup Parameters","processorId":"73651c62-453a-1d3a-9677-f2b406ca347b","processGroupId":"015d100f-33a8-1d2c-33fb-4d2ef30e1a66","processorType":"org.apache.nifi.processors.attributes.UpdateAttribute","key":"s3ingest.apache-commons.jar_url","value":"${config.s3ingest.apache-commons.jar_url}","expressionProperties":null,"propertyDescriptor":{"name":"s3ingest.apache-commons.jar_url","displayName":"s3ingest.apache-commons.jar_url","description":"","defaultValue":null,"allowableValues":null,"required":false,"sensitive":false,"dynamic":true,"supportsEl":true,"identifiesControllerService":null,"hidden":false},"registrationChangeInfo":null,"templateValue":"${config.s3ingest.apache-commons.jar_url}","userEditable":false,"renderType":"text","renderOptions":{},"selected":true,"inputProperty":false,"containsConfigurationVariables":false,"sensitive":false,"required":false,"templateProperty":null,"hidden":false,"nameKey":"NiFi Flow-Initialize Cleanup Parameters-s3ingest.apache-commons.jar_url","idKey":"015d100f-33a8-1d2c-33fb-4d2ef30e1a66-73651c62-453a-1d3a-9677-f2b406ca347b-s3ingest.apache-commons.jar_url","processorNameTypeKey":"Initialize Cleanup Parameters-org.apache.nifi.processors.attributes.UpdateAttribute-s3ingest.apache-commons.jar_url","remoteProcessGroupProperty":false},{"processGroupName":"NiFi Flow","processorName":"Initialize Cleanup Parameters","processorId":"73651c62-453a-1d3a-9677-f2b406ca347b","processGroupId":"015d100f-33a8-1d2c-33fb-4d2ef30e1a66","processorType":"org.apache.nifi.processors.attributes.UpdateAttribute","key":"s3ingest.es.jar_url","value":"${config.s3ingest.es.jar_url}","expressionProperties":null,"propertyDescriptor":{"name":"s3ingest.es.jar_url","displayName":"s3ingest.es.jar_url","description":"","defaultValue":null,"allowableValues":null,"required":false,"sensitive":false,"dynamic":true,"supportsEl":true,"identifiesControllerService":null,"hidden":false},"registrationChangeInfo":null,"templateValue":"${config.s3ingest.es.jar_url}","userEditable":false,"renderType":"text","renderOptions":{},"selected":true,"inputProperty":false,"containsConfigurationVariables":false,"sensitive":false,"required":false,"templateProperty":null,"hidden":false,"nameKey":"NiFi Flow-Initialize Cleanup Parameters-s3ingest.es.jar_url","idKey":"015d100f-33a8-1d2c-33fb-4d2ef30e1a66-73651c62-453a-1d3a-9677-f2b406ca347b-s3ingest.es.jar_url","processorNameTypeKey":"Initialize Cleanup Parameters-org.apache.nifi.processors.attributes.UpdateAttribute-s3ingest.es.jar_url","remoteProcessGroupProperty":false},{"processGroupName":"NiFi Flow","processorName":"Initialize Cleanup Parameters","processorId":"73651c62-453a-1d3a-9677-f2b406ca347b","processGroupId":"015d100f-33a8-1d2c-33fb-4d2ef30e1a66","processorType":"org.apache.nifi.processors.attributes.UpdateAttribute","key":"s3ingest.hiveBucket","value":"${config.s3ingest.hiveBucket}","expressionProperties":null,"propertyDescriptor":{"name":"s3ingest.hiveBucket","displayName":"s3ingest.hiveBucket","description":"","defaultValue":null,"allowableValues":null,"required":false,"sensitive":false,"dynamic":true,"supportsEl":true,"identifiesControllerService":null,"hidden":false},"registrationChangeInfo":null,"templateValue":"${config.s3ingest.hiveBucket}","userEditable":true,"renderType":"text","renderOptions":{},"selected":true,"inputProperty":false,"containsConfigurationVariables":false,"sensitive":false,"required":false,"templateProperty":null,"hidden":false,"nameKey":"NiFi Flow-Initialize Cleanup Parameters-s3ingest.hiveBucket","idKey":"015d100f-33a8-1d2c-33fb-4d2ef30e1a66-73651c62-453a-1d3a-9677-f2b406ca347b-s3ingest.hiveBucket","processorNameTypeKey":"Initialize Cleanup Parameters-org.apache.nifi.processors.attributes.UpdateAttribute-s3ingest.hiveBucket","remoteProcessGroupProperty":false}],"type":"org.apache.nifi.processors.attributes.UpdateAttribute","name":"Initialize Cleanup Parameters","id":"73651c62-453a-1d3a-9677-f2b406ca347b","groupName":"NiFi Flow","groupId":"015d100f-33a8-1d2c-33fb-4d2ef30e1a66","inputProcessor":false,"userDefinedInputProcessor":false},{"properties":[{"processGroupName":"NiFi Flow","processorName":"Initialize Feed Parameters","processorId":"73651c62-4541-1d3a-0c0b-7299a671e33a","processGroupId":"015d100f-33a8-1d2c-33fb-4d2ef30e1a66","processorType":"org.apache.nifi.processors.attributes.UpdateAttribute","key":"category","value":"${metadata.category.systemName}","expressionProperties":null,"propertyDescriptor":{"name":"category","displayName":"category","description":"","defaultValue":null,"allowableValues":null,"required":false,"sensitive":false,"dynamic":true,"supportsEl":true,"identifiesControllerService":null,"hidden":false},"registrationChangeInfo":null,"templateValue":"${metadata.category.systemName}","userEditable":false,"renderType":"text","renderOptions":{},"selected":true,"inputProperty":false,"containsConfigurationVariables":false,"sensitive":false,"required":false,"templateProperty":null,"hidden":false,"nameKey":"NiFi Flow-Initialize Feed Parameters-category","idKey":"015d100f-33a8-1d2c-33fb-4d2ef30e1a66-73651c62-4541-1d3a-0c0b-7299a671e33a-category","processorNameTypeKey":"Initialize Feed Parameters-org.apache.nifi.processors.attributes.UpdateAttribute-category","remoteProcessGroupProperty":false},{"processGroupName":"NiFi Flow","processorName":"Initialize Feed Parameters","processorId":"73651c62-4541-1d3a-0c0b-7299a671e33a","processGroupId":"015d100f-33a8-1d2c-33fb-4d2ef30e1a66","processorType":"org.apache.nifi.processors.attributes.UpdateAttribute","key":"feed","value":"${metadata.systemFeedName}","expressionProperties":null,"propertyDescriptor":{"name":"feed","displayName":"feed","description":"","defaultValue":null,"allowableValues":null,"required":false,"sensitive":false,"dynamic":true,"supportsEl":true,"identifiesControllerService":null,"hidden":false},"registrationChangeInfo":null,"templateValue":"${metadata.systemFeedName}","userEditable":false,"renderType":"text","renderOptions":{},"selected":true,"inputProperty":false,"containsConfigurationVariables":false,"sensitive":false,"required":false,"templateProperty":null,"hidden":false,"nameKey":"NiFi Flow-Initialize Feed Parameters-feed","idKey":"015d100f-33a8-1d2c-33fb-4d2ef30e1a66-73651c62-4541-1d3a-0c0b-7299a671e33a-feed","processorNameTypeKey":"Initialize Feed Parameters-org.apache.nifi.processors.attributes.UpdateAttribute-feed","remoteProcessGroupProperty":false},{"processGroupName":"NiFi Flow","processorName":"Initialize Feed Parameters","processorId":"73651c62-4541-1d3a-0c0b-7299a671e33a","processGroupId":"015d100f-33a8-1d2c-33fb-4d2ef30e1a66","processorType":"org.apache.nifi.processors.attributes.UpdateAttribute","key":"hdfs.ingest.root","value":"${config.hdfs.ingest.root}","expressionProperties":null,"propertyDescriptor":{"name":"hdfs.ingest.root","displayName":"hdfs.ingest.root","description":"","defaultValue":null,"allowableValues":null,"required":false,"sensitive":false,"dynamic":true,"supportsEl":true,"identifiesControllerService":null,"hidden":false},"registrationChangeInfo":null,"templateValue":"${config.hdfs.ingest.root}","userEditable":false,"renderType":"text","renderOptions":{},"selected":true,"inputProperty":false,"containsConfigurationVariables":false,"sensitive":false,"required":false,"templateProperty":null,"hidden":false,"nameKey":"NiFi Flow-Initialize Feed Parameters-hdfs.ingest.root","idKey":"015d100f-33a8-1d2c-33fb-4d2ef30e1a66-73651c62-4541-1d3a-0c0b-7299a671e33a-hdfs.ingest.root","processorNameTypeKey":"Initialize Feed Parameters-org.apache.nifi.processors.attributes.UpdateAttribute-hdfs.ingest.root","remoteProcessGroupProperty":false},{"processGroupName":"NiFi Flow","processorName":"Initialize Feed Parameters","processorId":"73651c62-4541-1d3a-0c0b-7299a671e33a","processGroupId":"015d100f-33a8-1d2c-33fb-4d2ef30e1a66","processorType":"org.apache.nifi.processors.attributes.UpdateAttribute","key":"hive.ingest.root","value":"${config.hive.ingest.root}","expressionProperties":null,"propertyDescriptor":{"name":"hive.ingest.root","displayName":"hive.ingest.root","description":"","defaultValue":null,"allowableValues":null,"required":false,"sensitive":false,"dynamic":true,"supportsEl":true,"identifiesControllerService":null,"hidden":false},"registrationChangeInfo":null,"templateValue":"${config.hive.ingest.root}","userEditable":false,"renderType":"text","renderOptions":{},"selected":true,"inputProperty":false,"containsConfigurationVariables":false,"sensitive":false,"required":false,"templateProperty":null,"hidden":false,"nameKey":"NiFi Flow-Initialize Feed Parameters-hive.ingest.root","idKey":"015d100f-33a8-1d2c-33fb-4d2ef30e1a66-73651c62-4541-1d3a-0c0b-7299a671e33a-hive.ingest.root","processorNameTypeKey":"Initialize Feed Parameters-org.apache.nifi.processors.attributes.UpdateAttribute-hive.ingest.root","remoteProcessGroupProperty":false},{"processGroupName":"NiFi Flow","processorName":"Initialize Feed Parameters","processorId":"73651c62-4541-1d3a-0c0b-7299a671e33a","processGroupId":"015d100f-33a8-1d2c-33fb-4d2ef30e1a66","processorType":"org.apache.nifi.processors.attributes.UpdateAttribute","key":"hive.master.root","value":"${config.hive.master.root}","expressionProperties":null,"propertyDescriptor":{"name":"hive.master.root","displayName":"hive.master.root","description":"","defaultValue":null,"allowableValues":null,"required":false,"sensitive":false,"dynamic":true,"supportsEl":true,"identifiesControllerService":null,"hidden":false},"registrationChangeInfo":null,"templateValue":"${config.hive.master.root}","userEditable":false,"renderType":"text","renderOptions":{},"selected":true,"inputProperty":false,"containsConfigurationVariables":false,"sensitive":false,"required":false,"templateProperty":null,"hidden":false,"nameKey":"NiFi Flow-Initialize Feed Parameters-hive.master.root","idKey":"015d100f-33a8-1d2c-33fb-4d2ef30e1a66-73651c62-4541-1d3a-0c0b-7299a671e33a-hive.master.root","processorNameTypeKey":"Initialize Feed Parameters-org.apache.nifi.processors.attributes.UpdateAttribute-hive.master.root","remoteProcessGroupProperty":false},{"processGroupName":"NiFi Flow","processorName":"Initialize Feed Parameters","processorId":"73651c62-4541-1d3a-0c0b-7299a671e33a","processGroupId":"015d100f-33a8-1d2c-33fb-4d2ef30e1a66","processorType":"org.apache.nifi.processors.attributes.UpdateAttribute","key":"hive.profile.root","value":"${config.hive.profile.root}","expressionProperties":null,"propertyDescriptor":{"name":"hive.profile.root","displayName":"hive.profile.root","description":"","defaultValue":null,"allowableValues":null,"required":false,"sensitive":false,"dynamic":true,"supportsEl":true,"identifiesControllerService":null,"hidden":false},"registrationChangeInfo":null,"templateValue":"${config.hive.profile.root}","userEditable":false,"renderType":"text","renderOptions":{},"selected":true,"inputProperty":false,"containsConfigurationVariables":false,"sensitive":false,"required":false,"templateProperty":null,"hidden":false,"nameKey":"NiFi Flow-Initialize Feed Parameters-hive.profile.root","idKey":"015d100f-33a8-1d2c-33fb-4d2ef30e1a66-73651c62-4541-1d3a-0c0b-7299a671e33a-hive.profile.root","processorNameTypeKey":"Initialize Feed Parameters-org.apache.nifi.processors.attributes.UpdateAttribute-hive.profile.root","remoteProcessGroupProperty":false},{"processGroupName":"NiFi Flow","processorName":"Initialize Feed Parameters","processorId":"73651c62-4541-1d3a-0c0b-7299a671e33a","processGroupId":"015d100f-33a8-1d2c-33fb-4d2ef30e1a66","processorType":"org.apache.nifi.processors.attributes.UpdateAttribute","key":"metadata.table.feedFieldStructure","value":"${metadata.table.feedFieldStructure}","expressionProperties":null,"propertyDescriptor":{"name":"metadata.table.feedFieldStructure","displayName":"metadata.table.feedFieldStructure","description":"","defaultValue":null,"allowableValues":null,"required":false,"sensitive":false,"dynamic":true,"supportsEl":true,"identifiesControllerService":null,"hidden":false},"registrationChangeInfo":null,"templateValue":"${metadata.table.feedFieldStructure}","userEditable":false,"renderType":"text","renderOptions":{},"selected":true,"inputProperty":false,"containsConfigurationVariables":false,"sensitive":false,"required":false,"templateProperty":null,"hidden":false,"nameKey":"NiFi Flow-Initialize Feed Parameters-metadata.table.feedFieldStructure","idKey":"015d100f-33a8-1d2c-33fb-4d2ef30e1a66-73651c62-4541-1d3a-0c0b-7299a671e33a-metadata.table.feedFieldStructure","processorNameTypeKey":"Initialize Feed Parameters-org.apache.nifi.processors.attributes.UpdateAttribute-metadata.table.feedFieldStructure","remoteProcessGroupProperty":false},{"processGroupName":"NiFi Flow","processorName":"Initialize Feed Parameters","processorId":"73651c62-4541-1d3a-0c0b-7299a671e33a","processGroupId":"015d100f-33a8-1d2c-33fb-4d2ef30e1a66","processorType":"org.apache.nifi.processors.attributes.UpdateAttribute","key":"metadata.table.feedFormat","value":"${metadata.table.feedFormat}","expressionProperties":null,"propertyDescriptor":{"name":"metadata.table.feedFormat","displayName":"metadata.table.feedFormat","description":"","defaultValue":null,"allowableValues":null,"required":false,"sensitive":false,"dynamic":true,"supportsEl":true,"identifiesControllerService":null,"hidden":false},"registrationChangeInfo":null,"templateValue":"${metadata.table.feedFormat}","userEditable":false,"renderType":"text","renderOptions":{},"selected":true,"inputProperty":false,"containsConfigurationVariables":false,"sensitive":false,"required":false,"templateProperty":null,"hidden":false,"nameKey":"NiFi Flow-Initialize Feed Parameters-metadata.table.feedFormat","idKey":"015d100f-33a8-1d2c-33fb-4d2ef30e1a66-73651c62-4541-1d3a-0c0b-7299a671e33a-metadata.table.feedFormat","processorNameTypeKey":"Initialize Feed Parameters-org.apache.nifi.processors.attributes.UpdateAttribute-metadata.table.feedFormat","remoteProcessGroupProperty":false},{"processGroupName":"NiFi Flow","processorName":"Initialize Feed Parameters","processorId":"73651c62-4541-1d3a-0c0b-7299a671e33a","processGroupId":"015d100f-33a8-1d2c-33fb-4d2ef30e1a66","processorType":"org.apache.nifi.processors.attributes.UpdateAttribute","key":"metadata.table.fieldIndexString","value":"${metadata.table.fieldIndexString}","expressionProperties":null,"propertyDescriptor":{"name":"metadata.table.fieldIndexString","displayName":"metadata.table.fieldIndexString","description":"","defaultValue":null,"allowableValues":null,"required":false,"sensitive":false,"dynamic":true,"supportsEl":true,"identifiesControllerService":null,"hidden":false},"registrationChangeInfo":null,"templateValue":"${metadata.table.fieldIndexString}","userEditable":false,"renderType":"text","renderOptions":{},"selected":true,"inputProperty":false,"containsConfigurationVariables":false,"sensitive":false,"required":false,"templateProperty":null,"hidden":false,"nameKey":"NiFi Flow-Initialize Feed Parameters-metadata.table.fieldIndexString","idKey":"015d100f-33a8-1d2c-33fb-4d2ef30e1a66-73651c62-4541-1d3a-0c0b-7299a671e33a-metadata.table.fieldIndexString","processorNameTypeKey":"Initialize Feed Parameters-org.apache.nifi.processors.attributes.UpdateAttribute-metadata.table.fieldIndexString","remoteProcessGroupProperty":false},{"processGroupName":"NiFi Flow","processorName":"Initialize Feed Parameters","processorId":"73651c62-4541-1d3a-0c0b-7299a671e33a","processGroupId":"015d100f-33a8-1d2c-33fb-4d2ef30e1a66","processorType":"org.apache.nifi.processors.attributes.UpdateAttribute","key":"metadata.table.fieldPoliciesJson","value":"${metadata.table.fieldPoliciesJson}","expressionProperties":null,"propertyDescriptor":{"name":"metadata.table.fieldPoliciesJson","displayName":"metadata.table.fieldPoliciesJson","description":"","defaultValue":null,"allowableValues":null,"required":false,"sensitive":false,"dynamic":true,"supportsEl":true,"identifiesControllerService":null,"hidden":false},"registrationChangeInfo":null,"templateValue":"${metadata.table.fieldPoliciesJson}","userEditable":false,"renderType":"text","renderOptions":{},"selected":true,"inputProperty":false,"containsConfigurationVariables":false,"sensitive":false,"required":false,"templateProperty":null,"hidden":false,"nameKey":"NiFi Flow-Initialize Feed Parameters-metadata.table.fieldPoliciesJson","idKey":"015d100f-33a8-1d2c-33fb-4d2ef30e1a66-73651c62-4541-1d3a-0c0b-7299a671e33a-metadata.table.fieldPoliciesJson","processorNameTypeKey":"Initialize Feed Parameters-org.apache.nifi.processors.attributes.UpdateAttribute-metadata.table.fieldPoliciesJson","remoteProcessGroupProperty":false},{"processGroupName":"NiFi Flow","processorName":"Initialize Feed Parameters","processorId":"73651c62-4541-1d3a-0c0b-7299a671e33a","processGroupId":"015d100f-33a8-1d2c-33fb-4d2ef30e1a66","processorType":"org.apache.nifi.processors.attributes.UpdateAttribute","key":"metadata.table.fieldStructure","value":"${metadata.table.fieldStructure}","expressionProperties":null,"propertyDescriptor":{"name":"metadata.table.fieldStructure","displayName":"metadata.table.fieldStructure","description":"","defaultValue":null,"allowableValues":null,"required":false,"sensitive":false,"dynamic":true,"supportsEl":true,"identifiesControllerService":null,"hidden":false},"registrationChangeInfo":null,"templateValue":"${metadata.table.fieldStructure}","userEditable":false,"renderType":"text","renderOptions":{},"selected":true,"inputProperty":false,"containsConfigurationVariables":false,"sensitive":false,"required":false,"templateProperty":null,"hidden":false,"nameKey":"NiFi Flow-Initialize Feed Parameters-metadata.table.fieldStructure","idKey":"015d100f-33a8-1d2c-33fb-4d2ef30e1a66-73651c62-4541-1d3a-0c0b-7299a671e33a-metadata.table.fieldStructure","processorNameTypeKey":"Initialize Feed Parameters-org.apache.nifi.processors.attributes.UpdateAttribute-metadata.table.fieldStructure","remoteProcessGroupProperty":false},{"processGroupName":"NiFi Flow","processorName":"Initialize Feed Parameters","processorId":"73651c62-4541-1d3a-0c0b-7299a671e33a","processGroupId":"015d100f-33a8-1d2c-33fb-4d2ef30e1a66","processorType":"org.apache.nifi.processors.attributes.UpdateAttribute","key":"metadata.table.partitionSpecs","value":"${metadata.table.partitionSpecs}","expressionProperties":null,"propertyDescriptor":{"name":"metadata.table.partitionSpecs","displayName":"metadata.table.partitionSpecs","description":"","defaultValue":null,"allowableValues":null,"required":false,"sensitive":false,"dynamic":true,"supportsEl":true,"identifiesControllerService":null,"hidden":false},"registrationChangeInfo":null,"templateValue":"${metadata.table.partitionSpecs}","userEditable":false,"renderType":"text","renderOptions":{},"selected":true,"inputProperty":false,"containsConfigurationVariables":false,"sensitive":false,"required":false,"templateProperty":null,"hidden":false,"nameKey":"NiFi Flow-Initialize Feed Parameters-metadata.table.partitionSpecs","idKey":"015d100f-33a8-1d2c-33fb-4d2ef30e1a66-73651c62-4541-1d3a-0c0b-7299a671e33a-metadata.table.partitionSpecs","processorNameTypeKey":"Initialize Feed Parameters-org.apache.nifi.processors.attributes.UpdateAttribute-metadata.table.partitionSpecs","remoteProcessGroupProperty":false},{"processGroupName":"NiFi Flow","processorName":"Initialize Feed Parameters","processorId":"73651c62-4541-1d3a-0c0b-7299a671e33a","processGroupId":"015d100f-33a8-1d2c-33fb-4d2ef30e1a66","processorType":"org.apache.nifi.processors.attributes.UpdateAttribute","key":"metadata.table.partitionStructure","value":"${metadata.table.partitionStructure}","expressionProperties":null,"propertyDescriptor":{"name":"metadata.table.partitionStructure","displayName":"metadata.table.partitionStructure","description":"","defaultValue":null,"allowableValues":null,"required":false,"sensitive":false,"dynamic":true,"supportsEl":true,"identifiesControllerService":null,"hidden":false},"registrationChangeInfo":null,"templateValue":"${metadata.table.partitionStructure}","userEditable":false,"renderType":"text","renderOptions":{},"selected":true,"inputProperty":false,"containsConfigurationVariables":false,"sensitive":false,"required":false,"templateProperty":null,"hidden":false,"nameKey":"NiFi Flow-Initialize Feed Parameters-metadata.table.partitionStructure","idKey":"015d100f-33a8-1d2c-33fb-4d2ef30e1a66-73651c62-4541-1d3a-0c0b-7299a671e33a-metadata.table.partitionStructure","processorNameTypeKey":"Initialize Feed Parameters-org.apache.nifi.processors.attributes.UpdateAttribute-metadata.table.partitionStructure","remoteProcessGroupProperty":false},{"processGroupName":"NiFi Flow","processorName":"Initialize Feed Parameters","processorId":"73651c62-4541-1d3a-0c0b-7299a671e33a","processGroupId":"015d100f-33a8-1d2c-33fb-4d2ef30e1a66","processorType":"org.apache.nifi.processors.attributes.UpdateAttribute","key":"metadata.table.targetFormat","value":"${metadata.table.targetFormat}","expressionProperties":null,"propertyDescriptor":{"name":"metadata.table.targetFormat","displayName":"metadata.table.targetFormat","description":"","defaultValue":null,"allowableValues":null,"required":false,"sensitive":false,"dynamic":true,"supportsEl":true,"identifiesControllerService":null,"hidden":false},"registrationChangeInfo":null,"templateValue":"${metadata.table.targetFormat}","userEditable":false,"renderType":"text","renderOptions":{},"selected":true,"inputProperty":false,"containsConfigurationVariables":false,"sensitive":false,"required":false,"templateProperty":null,"hidden":false,"nameKey":"NiFi Flow-Initialize Feed Parameters-metadata.table.targetFormat","idKey":"015d100f-33a8-1d2c-33fb-4d2ef30e1a66-73651c62-4541-1d3a-0c0b-7299a671e33a-metadata.table.targetFormat","processorNameTypeKey":"Initialize Feed Parameters-org.apache.nifi.processors.attributes.UpdateAttribute-metadata.table.targetFormat","remoteProcessGroupProperty":false},{"processGroupName":"NiFi Flow","processorName":"Initialize Feed Parameters","processorId":"73651c62-4541-1d3a-0c0b-7299a671e33a","processGroupId":"015d100f-33a8-1d2c-33fb-4d2ef30e1a66","processorType":"org.apache.nifi.processors.attributes.UpdateAttribute","key":"metadata.table.targetMergeStrategy","value":"${metadata.table.targetMergeStrategy}","expressionProperties":null,"propertyDescriptor":{"name":"metadata.table.targetMergeStrategy","displayName":"metadata.table.targetMergeStrategy","description":"","defaultValue":null,"allowableValues":null,"required":false,"sensitive":false,"dynamic":true,"supportsEl":true,"identifiesControllerService":null,"hidden":false},"registrationChangeInfo":null,"templateValue":"${metadata.table.targetMergeStrategy}","userEditable":false,"renderType":"text","renderOptions":{},"selected":true,"inputProperty":false,"containsConfigurationVariables":false,"sensitive":false,"required":false,"templateProperty":null,"hidden":false,"nameKey":"NiFi Flow-Initialize Feed Parameters-metadata.table.targetMergeStrategy","idKey":"015d100f-33a8-1d2c-33fb-4d2ef30e1a66-73651c62-4541-1d3a-0c0b-7299a671e33a-metadata.table.targetMergeStrategy","processorNameTypeKey":"Initialize Feed Parameters-org.apache.nifi.processors.attributes.UpdateAttribute-metadata.table.targetMergeStrategy","remoteProcessGroupProperty":false},{"processGroupName":"NiFi Flow","processorName":"Initialize Feed Parameters","processorId":"73651c62-4541-1d3a-0c0b-7299a671e33a","processGroupId":"015d100f-33a8-1d2c-33fb-4d2ef30e1a66","processorType":"org.apache.nifi.processors.attributes.UpdateAttribute","key":"metadata.table.targetTblProperties","value":"${metadata.table.targetTblProperties}","expressionProperties":null,"propertyDescriptor":{"name":"metadata.table.targetTblProperties","displayName":"metadata.table.targetTblProperties","description":"","defaultValue":null,"allowableValues":null,"required":false,"sensitive":false,"dynamic":true,"supportsEl":true,"identifiesControllerService":null,"hidden":false},"registrationChangeInfo":null,"templateValue":"${metadata.table.targetTblProperties}","userEditable":false,"renderType":"text","renderOptions":{},"selected":true,"inputProperty":false,"containsConfigurationVariables":false,"sensitive":false,"required":false,"templateProperty":null,"hidden":false,"nameKey":"NiFi Flow-Initialize Feed Parameters-metadata.table.targetTblProperties","idKey":"015d100f-33a8-1d2c-33fb-4d2ef30e1a66-73651c62-4541-1d3a-0c0b-7299a671e33a-metadata.table.targetTblProperties","processorNameTypeKey":"Initialize Feed Parameters-org.apache.nifi.processors.attributes.UpdateAttribute-metadata.table.targetTblProperties","remoteProcessGroupProperty":false},{"processGroupName":"NiFi Flow","processorName":"Initialize Feed Parameters","processorId":"73651c62-4541-1d3a-0c0b-7299a671e33a","processGroupId":"015d100f-33a8-1d2c-33fb-4d2ef30e1a66","processorType":"org.apache.nifi.processors.attributes.UpdateAttribute","key":"s3ingest.apache-commons.jar_url","value":"${config.s3ingest.apache-commons.jar_url}","expressionProperties":null,"propertyDescriptor":{"name":"s3ingest.apache-commons.jar_url","displayName":"s3ingest.apache-commons.jar_url","description":"","defaultValue":null,"allowableValues":null,"required":false,"sensitive":false,"dynamic":true,"supportsEl":true,"identifiesControllerService":null,"hidden":false},"registrationChangeInfo":null,"templateValue":"${config.s3ingest.apache-commons.jar_url}","userEditable":false,"renderType":"text","renderOptions":{},"selected":true,"inputProperty":false,"containsConfigurationVariables":false,"sensitive":false,"required":false,"templateProperty":null,"hidden":false,"nameKey":"NiFi Flow-Initialize Feed Parameters-s3ingest.apache-commons.jar_url","idKey":"015d100f-33a8-1d2c-33fb-4d2ef30e1a66-73651c62-4541-1d3a-0c0b-7299a671e33a-s3ingest.apache-commons.jar_url","processorNameTypeKey":"Initialize Feed Parameters-org.apache.nifi.processors.attributes.UpdateAttribute-s3ingest.apache-commons.jar_url","remoteProcessGroupProperty":false},{"processGroupName":"NiFi Flow","processorName":"Initialize Feed Parameters","processorId":"73651c62-4541-1d3a-0c0b-7299a671e33a","processGroupId":"015d100f-33a8-1d2c-33fb-4d2ef30e1a66","processorType":"org.apache.nifi.processors.attributes.UpdateAttribute","key":"s3ingest.es.jar_url","value":"${config.s3ingest.es.jar_url}","expressionProperties":null,"propertyDescriptor":{"name":"s3ingest.es.jar_url","displayName":"s3ingest.es.jar_url","description":"","defaultValue":null,"allowableValues":null,"required":false,"sensitive":false,"dynamic":true,"supportsEl":true,"identifiesControllerService":null,"hidden":false},"registrationChangeInfo":null,"templateValue":"${config.s3ingest.es.jar_url}","userEditable":false,"renderType":"text","renderOptions":{},"selected":true,"inputProperty":false,"containsConfigurationVariables":false,"sensitive":false,"required":false,"templateProperty":null,"hidden":false,"nameKey":"NiFi Flow-Initialize Feed Parameters-s3ingest.es.jar_url","idKey":"015d100f-33a8-1d2c-33fb-4d2ef30e1a66-73651c62-4541-1d3a-0c0b-7299a671e33a-s3ingest.es.jar_url","processorNameTypeKey":"Initialize Feed Parameters-org.apache.nifi.processors.attributes.UpdateAttribute-s3ingest.es.jar_url","remoteProcessGroupProperty":false},{"processGroupName":"NiFi Flow","processorName":"Initialize Feed Parameters","processorId":"73651c62-4541-1d3a-0c0b-7299a671e33a","processGroupId":"015d100f-33a8-1d2c-33fb-4d2ef30e1a66","processorType":"org.apache.nifi.processors.attributes.UpdateAttribute","key":"s3ingest.es.nodes","value":"${config.s3ingest.es.nodes}","expressionProperties":null,"propertyDescriptor":{"name":"s3ingest.es.nodes","displayName":"s3ingest.es.nodes","description":"","defaultValue":null,"allowableValues":null,"required":false,"sensitive":false,"dynamic":true,"supportsEl":true,"identifiesControllerService":null,"hidden":false},"registrationChangeInfo":null,"templateValue":"${config.s3ingest.es.nodes}","userEditable":false,"renderType":"text","renderOptions":{},"selected":true,"inputProperty":false,"containsConfigurationVariables":false,"sensitive":false,"required":false,"templateProperty":null,"hidden":false,"nameKey":"NiFi Flow-Initialize Feed Parameters-s3ingest.es.nodes","idKey":"015d100f-33a8-1d2c-33fb-4d2ef30e1a66-73651c62-4541-1d3a-0c0b-7299a671e33a-s3ingest.es.nodes","processorNameTypeKey":"Initialize Feed Parameters-org.apache.nifi.processors.attributes.UpdateAttribute-s3ingest.es.nodes","remoteProcessGroupProperty":false},{"processGroupName":"NiFi Flow","processorName":"Initialize Feed Parameters","processorId":"73651c62-4541-1d3a-0c0b-7299a671e33a","processGroupId":"015d100f-33a8-1d2c-33fb-4d2ef30e1a66","processorType":"org.apache.nifi.processors.attributes.UpdateAttribute","key":"s3ingest.hiveBucket","value":"${config.s3ingest.hiveBucket}","expressionProperties":null,"propertyDescriptor":{"name":"s3ingest.hiveBucket","displayName":"s3ingest.hiveBucket","description":"","defaultValue":null,"allowableValues":null,"required":false,"sensitive":false,"dynamic":true,"supportsEl":true,"identifiesControllerService":null,"hidden":false},"registrationChangeInfo":null,"templateValue":"${config.s3ingest.hiveBucket}","userEditable":true,"renderType":"text","renderOptions":{},"selected":true,"inputProperty":false,"containsConfigurationVariables":false,"sensitive":false,"required":false,"templateProperty":null,"hidden":false,"nameKey":"NiFi Flow-Initialize Feed Parameters-s3ingest.hiveBucket","idKey":"015d100f-33a8-1d2c-33fb-4d2ef30e1a66-73651c62-4541-1d3a-0c0b-7299a671e33a-s3ingest.hiveBucket","processorNameTypeKey":"Initialize Feed Parameters-org.apache.nifi.processors.attributes.UpdateAttribute-s3ingest.hiveBucket","remoteProcessGroupProperty":false},{"processGroupName":"NiFi Flow","processorName":"Initialize Feed Parameters","processorId":"73651c62-4541-1d3a-0c0b-7299a671e33a","processGroupId":"015d100f-33a8-1d2c-33fb-4d2ef30e1a66","processorType":"org.apache.nifi.processors.attributes.UpdateAttribute","key":"s3ingest.s3.protocol","value":"${config.s3ingest.s3.protocol}","expressionProperties":null,"propertyDescriptor":{"name":"s3ingest.s3.protocol","displayName":"s3ingest.s3.protocol","description":"","defaultValue":null,"allowableValues":null,"required":false,"sensitive":false,"dynamic":true,"supportsEl":true,"identifiesControllerService":null,"hidden":false},"registrationChangeInfo":null,"templateValue":"${config.s3ingest.s3.protocol}","userEditable":false,"renderType":"text","renderOptions":{},"selected":true,"inputProperty":false,"containsConfigurationVariables":false,"sensitive":false,"required":false,"templateProperty":null,"hidden":false,"nameKey":"NiFi Flow-Initialize Feed Parameters-s3ingest.s3.protocol","idKey":"015d100f-33a8-1d2c-33fb-4d2ef30e1a66-73651c62-4541-1d3a-0c0b-7299a671e33a-s3ingest.s3.protocol","processorNameTypeKey":"Initialize Feed Parameters-org.apache.nifi.processors.attributes.UpdateAttribute-s3ingest.s3.protocol","remoteProcessGroupProperty":false},{"processGroupName":"NiFi Flow","processorName":"Initialize Feed Parameters","processorId":"73651c62-4541-1d3a-0c0b-7299a671e33a","processGroupId":"015d100f-33a8-1d2c-33fb-4d2ef30e1a66","processorType":"org.apache.nifi.processors.attributes.UpdateAttribute","key":"skipHeader","value":"${metadata.options.skipHeader}","expressionProperties":null,"propertyDescriptor":{"name":"skipHeader","displayName":"skipHeader","description":"","defaultValue":null,"allowableValues":null,"required":false,"sensitive":false,"dynamic":true,"supportsEl":true,"identifiesControllerService":null,"hidden":false},"registrationChangeInfo":null,"templateValue":"${metadata.options.skipHeader}","userEditable":false,"renderType":"text","renderOptions":{},"selected":true,"inputProperty":false,"containsConfigurationVariables":false,"sensitive":false,"required":false,"templateProperty":null,"hidden":false,"nameKey":"NiFi Flow-Initialize Feed Parameters-skipHeader","idKey":"015d100f-33a8-1d2c-33fb-4d2ef30e1a66-73651c62-4541-1d3a-0c0b-7299a671e33a-skipHeader","processorNameTypeKey":"Initialize Feed Parameters-org.apache.nifi.processors.attributes.UpdateAttribute-skipHeader","remoteProcessGroupProperty":false}],"type":"org.apache.nifi.processors.attributes.UpdateAttribute","name":"Initialize Feed Parameters","id":"73651c62-4541-1d3a-0c0b-7299a671e33a","groupName":"NiFi Flow","groupId":"015d100f-33a8-1d2c-33fb-4d2ef30e1a66","inputProcessor":false,"userDefinedInputProcessor":false}],"inputProcessors":[{"properties":[{"processGroupName":"NiFi Flow","processorName":"S3","processorId":"73651c62-453c-1d3a-ba01-fe3555248316","processGroupId":"015d100f-33a8-1d2c-33fb-4d2ef30e1a66","processorType":"org.apache.nifi.processors.aws.s3.ListS3","key":"Bucket","value":"input-bucket","expressionProperties":null,"propertyDescriptor":{"name":"Bucket","displayName":"Bucket","description":"","defaultValue":null,"allowableValues":null,"required":true,"sensitive":false,"dynamic":false,"supportsEl":true,"identifiesControllerService":null,"hidden":false},"registrationChangeInfo":null,"templateValue":"input-bucket","userEditable":true,"renderType":"text","renderOptions":{},"selected":true,"inputProperty":true,"containsConfigurationVariables":false,"sensitive":false,"required":true,"templateProperty":null,"hidden":false,"nameKey":"NiFi Flow-S3-Bucket","idKey":"015d100f-33a8-1d2c-33fb-4d2ef30e1a66-73651c62-453c-1d3a-ba01-fe3555248316-Bucket","processorNameTypeKey":"S3-org.apache.nifi.processors.aws.s3.ListS3-Bucket","remoteProcessGroupProperty":false},{"processGroupName":"NiFi Flow","processorName":"S3","processorId":"73651c62-453c-1d3a-ba01-fe3555248316","processGroupId":"015d100f-33a8-1d2c-33fb-4d2ef30e1a66","processorType":"org.apache.nifi.processors.aws.s3.ListS3","key":"Region","value":"us-east-1","expressionProperties":null,"propertyDescriptor":{"name":"Region","displayName":"Region","description":"","defaultValue":"us-west-2","allowableValues":[{"displayName":"us-gov-west-1","value":"us-gov-west-1","description":"us-gov-west-1"},{"displayName":"us-east-1","value":"us-east-1","description":"us-east-1"},{"displayName":"us-west-1","value":"us-west-1","description":"us-west-1"},{"displayName":"us-west-2","value":"us-west-2","description":"us-west-2"},{"displayName":"eu-west-1","value":"eu-west-1","description":"eu-west-1"},{"displayName":"eu-central-1","value":"eu-central-1","description":"eu-central-1"},{"displayName":"ap-southeast-1","value":"ap-southeast-1","description":"ap-southeast-1"},{"displayName":"ap-southeast-2","value":"ap-southeast-2","description":"ap-southeast-2"},{"displayName":"ap-northeast-1","value":"ap-northeast-1","description":"ap-northeast-1"},{"displayName":"ap-northeast-2","value":"ap-northeast-2","description":"ap-northeast-2"},{"displayName":"sa-east-1","value":"sa-east-1","description":"sa-east-1"},{"displayName":"cn-north-1","value":"cn-north-1","description":"cn-north-1"}],"required":true,"sensitive":false,"dynamic":false,"supportsEl":false,"identifiesControllerService":null,"hidden":false},"registrationChangeInfo":null,"templateValue":"us-east-1","userEditable":true,"renderType":"select","renderOptions":{},"selected":true,"inputProperty":true,"containsConfigurationVariables":false,"sensitive":false,"required":true,"templateProperty":null,"hidden":false,"nameKey":"NiFi Flow-S3-Region","idKey":"015d100f-33a8-1d2c-33fb-4d2ef30e1a66-73651c62-453c-1d3a-ba01-fe3555248316-Region","processorNameTypeKey":"S3-org.apache.nifi.processors.aws.s3.ListS3-Region","remoteProcessGroupProperty":false},{"processGroupName":"NiFi Flow","processorName":"S3","processorId":"73651c62-453c-1d3a-ba01-fe3555248316","processGroupId":"015d100f-33a8-1d2c-33fb-4d2ef30e1a66","processorType":"org.apache.nifi.processors.aws.s3.ListS3","key":"prefix","value":"${metadata.systemFeedName}/","expressionProperties":null,"propertyDescriptor":{"name":"prefix","displayName":"Prefix","description":"The prefix used to filter the object list. In most cases, it should end with a forward slash ('/').","defaultValue":null,"allowableValues":null,"required":false,"sensitive":false,"dynamic":false,"supportsEl":true,"identifiesControllerService":null,"hidden":false},"registrationChangeInfo":null,"templateValue":"${metadata.systemFeedName}/","userEditable":true,"renderType":"text","renderOptions":{},"selected":true,"inputProperty":true,"containsConfigurationVariables":false,"sensitive":false,"required":true,"templateProperty":null,"hidden":false,"nameKey":"NiFi Flow-S3-prefix","idKey":"015d100f-33a8-1d2c-33fb-4d2ef30e1a66-73651c62-453c-1d3a-ba01-fe3555248316-prefix","processorNameTypeKey":"S3-org.apache.nifi.processors.aws.s3.ListS3-prefix","remoteProcessGroupProperty":false}],"type":"org.apache.nifi.processors.aws.s3.ListS3","name":"S3","id":"73651c62-453c-1d3a-ba01-fe3555248316","groupName":"NiFi Flow","groupId":"015d100f-33a8-1d2c-33fb-4d2ef30e1a66","inputProcessor":true,"userDefinedInputProcessor":false}],"remoteProcessGroups":null,"id":"55822be9-4192-4522-9ab1-339b6cde2233","nifiTemplateId":"ac2f1de0-a788-4181-8c48-1866d5032256","templateName":"S3 Data Ingest","updateDate":1539270063686,"createDate":1539270063265,"icon":"amazon","iconColor":"#FFF176","description":"An ingest template that allows users to read data from an S3 input bucket, and use hive to write data to S3 backed tables.","state":"ENABLED","defineTable":true,"reusableTemplate":false,"reusableTemplateConnections":[{"feedOutputPortName":"to-reuseable-ingest-s3","reusableTemplateInputPortName":"Standard-Ingest-S3","inputPortDisplayName":"Standard-Ingest-S3","reusableTemplateProcessGroupName":"Standard Ingest S3 Reusable"},{"feedOutputPortName":"to-standard-cleanup-s3","reusableTemplateInputPortName":"Standard-Ingest-S3-Cleanup","inputPortDisplayName":"Standard-Ingest-S3-Cleanup","reusableTemplateProcessGroupName":"Standard Ingest S3 Reusable"}],"registeredDatasourceDefinitions":[{"processorType":"org.apache.nifi.processors.aws.s3.ListS3","processorName":"S3","processorId":"73651c62-453c-1d3a-0000-000000000000","datasourceDefinition":{"processorType":"org.apache.nifi.processors.aws.s3.ListS3","connectionType":"SOURCE","datasourcePropertyKeys":["Bucket","Region"],"datasourceType":"S3Datasource","identityString":"${Bucket},${Region}","description":null,"title":"${Bucket},${Region}"}},{"processorType":"com.thinkbiganalytics.nifi.v2.ingest.MergeTable","processorName":"Merge Table","processorId":"454a1d3a-1c7c-1365-94e0-4a1ff0fdd5f4","datasourceDefinition":{"processorType":"com.thinkbiganalytics.nifi.v2.ingest.MergeTable","connectionType":"DESTINATION","datasourcePropertyKeys":["Target schema","Target table"],"datasourceType":"HiveDatasource","identityString":"${Target schema}.${Target table}","description":null,"title":"${Target schema}.${Target table}"}},{"processorType":"org.apache.nifi.processors.standard.PutFile","processorName":"Failed Flow","processorId":"454a1d3a-1c78-1365-dda9-0fd3d96aeeac","datasourceDefinition":{"processorType":"org.apache.nifi.processors.standard.PutFile","connectionType":"DESTINATION","datasourcePropertyKeys":["Directory"],"datasourceType":"DirectoryDatasource","identityString":"${Directory}","description":null,"title":"${Directory}"}}],"order":0,"templateOrder":null,"changeComment":null,"changeComments":[],"inputProcessorRelationships":{},"feedsCount":0,"templateTableOption":"DEFINE_TABLE","timeBetweenStartingBatchJobs":1000,"updateAvailable":false,"stream":false,"allowPreconditions":false,"dataTransformation":false,"isStream":false}