{"owner":{"displayName":"Data Lake Administrator","email":null,"enabled":true,"groups":["admin","user"],"systemName":"dladmin"},"allowedActions":{"actions":[{"systemName":"accessFeed","actions":[{"systemName":"editFeedSummary"},{"systemName":"accessFeedDetails","actions":[{"systemName":"editFeedDetails"},{"systemName":"deleteFeed"},{"systemName":"enableFeed"},{"systemName":"exportFeed"}]},{"systemName":"accessFeedOperations"},{"systemName":"changeFeedPermissions"}]}]},"roleMemberships":[],"feedRoleMemberships":[],"id":"0c0d688e-3e93-4108-b05e-372c17e08af6","feedId":"0c0d688e-3e93-4108-b05e-372c17e08af6","templateId":"fa7d3b8e-5ecd-4f8d-bc48-6a065a2ea548","inputProcessorType":"org.apache.nifi.jms.processors.ConsumeJMS","templateName":"Index Text Service","properties":[],"schedule":{"schedulingPeriod":"0 sec","schedulingStrategy":"TIMER_DRIVEN","concurrentTasks":1,"executionNode":null,"preconditions":null},"feedName":"Index Text Service","systemFeedName":"index_text_service","description":"Global Index Text Service - v2","tags":[],"dataOwner":"","category":{"owner":null,"allowedActions":null,"roleMemberships":[],"feedRoleMemberships":[],"id":"18c34b9a-35da-41b2-84f9-b2302f383951","name":"System","systemName":"system","icon":"cloud","iconColor":"#FFCA28","description":"System Data","securityGroups":null,"userFields":null,"userProperties":null,"relatedFeeds":0,"createDate":1502499228795,"updateDate":1502863147994},"table":{"fieldStructure":"","existingTableName":null,"tableSchema":{"name":null,"description":null,"charset":null,"properties":{},"fields":[],"schemaName":null,"databaseName":null,"id":"6d718c41-ea46-4d45-865a-9839fdcfdea3"},"sourceTableSchema":{"name":"NA","description":null,"charset":null,"properties":{},"fields":[],"schemaName":null,"databaseName":null,"id":"bdb5d0e2-8b40-417e-8517-8da064310371"},"feedTableSchema":{"name":null,"description":null,"charset":null,"properties":{},"fields":[],"schemaName":null,"databaseName":null,"id":"2afa2089-9a7a-48a3-a10e-72230a91a0ed"},"method":"SAMPLE_FILE","description":"","fieldPolicies":[],"partitions":[],"tableType":null,"incrementalDateField":null,"sourceTableIncrementalDateField":null,"options":{"compress":false,"auditLogging":true,"encrypt":false,"trackHistory":false,"compressionFormat":null},"feedFormat":"ROW FORMAT SERDE 'org.apache.hadoop.hive.serde2.OpenCSVSerde' WITH SERDEPROPERTIES ( 'separatorChar' = ',' ,'escapeChar' = '\\\\' ,'quoteChar' = '\"') STORED AS TEXTFILE","targetFormat":null,"targetTblProperties":"","targetMergeStrategy":"DEDUPE_AND_MERGE","fieldPoliciesJson":"[]","fieldIndexString":"","partitionStructure":"","partitionSpecs":"","fieldsString":"","sourceFields":"NA","sourceFieldsCommaString":"NA","feedFieldStructure":"","nullableFields":"","primaryKeyFields":""},"createDate":1502863147994,"updateDate":1502863224324,"dataTransformation":{"chartViewModel":null,"datasourceIds":null,"dataTransformScript":null,"sql":null,"states":[]},"active":true,"state":"ENABLED","nifiProcessGroupId":"e9a0e9d3-015d-1000-e4e9-d213a9a50b0f","options":{"skipHeader":false},"version":null,"versionName":null,"registeredTemplate":{"owner":{"displayName":"Data Lake Administrator","email":null,"enabled":true,"groups":["admin","user"],"systemName":"dladmin"},"allowedActions":{"actions":[{"systemName":"accessTemplate","actions":[{"systemName":"editTemplate"},{"systemName":"deleteTemplate"},{"systemName":"exportTemplate"},{"systemName":"createFeedFromTemplate"},{"systemName":"changeTemplatePermissions"}]}]},"roleMemberships":[],"feedRoleMemberships":[],"properties":[{"processGroupName":"NiFi Flow","processorName":"Set Parameters","processorId":"6d41cbe5-1850-3fea-bb7d-94f68432721d","processGroupId":"e98ab653-015d-1000-bd7c-42a8d06b08e7","processorType":"org.apache.nifi.processors.attributes.UpdateAttribute","key":"searchengine","value":"${config.search.engine}","expressionProperties":null,"propertyDescriptor":{"name":"searchengine","displayName":"searchengine","description":"","defaultValue":null,"allowableValues":null,"required":false,"sensitive":false,"dynamic":true,"supportsEl":true,"identifiesControllerService":null},"templateValue":"${config.search.engine}","userEditable":false,"renderType":"text","renderOptions":{},"selected":true,"inputProperty":false,"containsConfigurationVariables":false,"sensitive":false,"required":false,"templateProperty":null,"nameKey":"NiFi Flow-Set Parameters-searchengine","processorNameTypeKey":"Set Parameters-org.apache.nifi.processors.attributes.UpdateAttribute-searchengine","idKey":"e98ab653-015d-1000-bd7c-42a8d06b08e7-6d41cbe5-1850-3fea-bb7d-94f68432721d-searchengine"},{"processGroupName":"NiFi Flow","processorName":"Update Elasticsearch","processorId":"195529b6-c005-3760-dfae-ed13b4fbf17c","processGroupId":"e98ab653-015d-1000-bd7c-42a8d06b08e7","processorType":"org.apache.nifi.processors.elasticsearch.PutElasticsearchHttp","key":"elasticsearch-http-url","value":"${config.search.es.rest.url}","expressionProperties":null,"propertyDescriptor":{"name":"elasticsearch-http-url","displayName":"Elasticsearch URL","description":"Elasticsearch URL which will be connected to, including scheme (http, e.g.), host, and port. The default port for the REST API is 9200.","defaultValue":null,"allowableValues":null,"required":true,"sensitive":false,"dynamic":false,"supportsEl":true,"identifiesControllerService":null},"templateValue":"${config.search.es.rest.url}","userEditable":false,"renderType":"text","renderOptions":{},"selected":true,"inputProperty":false,"containsConfigurationVariables":false,"sensitive":false,"required":true,"templateProperty":null,"nameKey":"NiFi Flow-Update Elasticsearch-elasticsearch-http-url","processorNameTypeKey":"Update Elasticsearch-org.apache.nifi.processors.elasticsearch.PutElasticsearchHttp-elasticsearch-http-url","idKey":"e98ab653-015d-1000-bd7c-42a8d06b08e7-195529b6-c005-3760-dfae-ed13b4fbf17c-elasticsearch-http-url"},{"processGroupName":"NiFi Flow","processorName":"Update Solr","processorId":"b490859c-e0d6-3279-67a1-5c04d0adf9eb","processGroupId":"e98ab653-015d-1000-bd7c-42a8d06b08e7","processorType":"org.apache.nifi.processors.solr.PutSolrContentStream","key":"Solr Location","value":"${config.search.solr.url}","expressionProperties":null,"propertyDescriptor":{"name":"Solr Location","displayName":"Solr Location","description":"The Solr url for a Solr Type of Standard (ex: http://localhost:8984/solr/gettingstarted), or the ZooKeeper hosts for a Solr Type of Cloud (ex: localhost:9983).","defaultValue":null,"allowableValues":null,"required":true,"sensitive":false,"dynamic":false,"supportsEl":true,"identifiesControllerService":null},"templateValue":"${config.search.solr.url}","userEditable":false,"renderType":"text","renderOptions":{},"selected":true,"inputProperty":false,"containsConfigurationVariables":false,"sensitive":false,"required":true,"templateProperty":null,"nameKey":"NiFi Flow-Update Solr-Solr Location","processorNameTypeKey":"Update Solr-org.apache.nifi.processors.solr.PutSolrContentStream-Solr Location","idKey":"e98ab653-015d-1000-bd7c-42a8d06b08e7-b490859c-e0d6-3279-67a1-5c04d0adf9eb-Solr Location"}],"nonInputProcessors":null,"inputProcessors":[{"properties":[],"type":"org.apache.nifi.jms.processors.ConsumeJMS","name":"Receive Index Request","id":"2b24e24c-328e-3abc-0000-000000000000","groupName":null,"groupId":"83b8edb2-6cfe-3201-0000-000000000000","inputProcessor":true,"userDefinedInputProcessor":false}],"id":"fa7d3b8e-5ecd-4f8d-bc48-6a065a2ea548","nifiTemplateId":"97dff522-9060-4a6d-97aa-54d3bba8f9a7","templateName":"Index Text Service","updateDate":1502863147994,"createDate":1502862123807,"icon":"comment","iconColor":"#FF8A65","description":"Global Text Index Service","state":"ENABLED","defineTable":false,"reusableTemplate":false,"reusableTemplateConnections":[],"registeredDatasourceDefinitions":[{"processorType":"org.apache.nifi.jms.processors.ConsumeJMS","processorName":"Receive Index Request","processorId":"2b24e24c-328e-3abc-0000-000000000000","datasourceDefinition":{"processorType":"org.apache.nifi.jms.processors.ConsumeJMS","connectionType":"SOURCE","datasourcePropertyKeys":["Destination Name"],"datasourceType":"JMSDatasource","identityString":"${Destination Name}","description":null,"title":"${Destination Name}"}}],"order":1,"templateOrder":null,"feedsCount":1,"templateTableOption":"NO_TABLE","timeBetweenStartingBatchJobs":1000,"stream":false,"allowPreconditions":false,"dataTransformation":false,"isStream":false},"userProperties":[],"hadoopSecurityGroups":null,"hadoopAuthorizationType":null,"securityGroups":[],"usedByFeeds":[],"userDatasources":null,"tableOption":{},"categoryId":"18c34b9a-35da-41b2-84f9-b2302f383951","categoryIcon":"cloud","categoryIconColor":"#FFCA28","systemCategoryName":"system","categoryAndFeedDisplayName":"System.Index Text Service","categoryName":"System","new":false,"reusableFeed":false}