{"owner":{"displayName":"Data Lake Administrator","email":null,"enabled":true,"groups":["admin","user"],"systemName":"dladmin"},"allowedActions":{"actions":[{"systemName":"accessFeed","actions":[{"systemName":"editFeedSummary"},{"systemName":"accessFeedDetails","actions":[{"systemName":"editFeedDetails"},{"systemName":"deleteFeed"},{"systemName":"enableFeed"},{"systemName":"exportFeed"}]},{"systemName":"accessFeedOperations"},{"systemName":"changeFeedPermissions"}]}]},"roleMemberships":[],"feedRoleMemberships":[],"id":"889e732d-9829-417b-b4b8-6df028e46518","feedId":"889e732d-9829-417b-b4b8-6df028e46518","templateId":"86207024-f3e1-461a-a418-a04dcb47c86d","inputProcessorType":"org.apache.nifi.jms.processors.ConsumeJMS","templateName":"Index Text Service","properties":[],"schedule":{"processorId":null,"schedulingPeriod":"0 sec","schedulingStrategy":"TIMER_DRIVEN","concurrentTasks":1,"executionNode":null,"preconditions":null},"feedName":"Index Text Service","systemFeedName":"index_text_service","description":"Global Index Text Service - v2","tags":[],"dataOwner":"","category":{"owner":null,"allowedActions":null,"roleMemberships":[],"feedRoleMemberships":[],"id":"a39b5df0-354c-4adc-802a-56705c3836f1","name":"System","systemName":"system","icon":"cloud","iconColor":"#FFCA28","description":"System Data","securityGroups":null,"userFields":null,"userProperties":null,"relatedFeeds":0,"createDate":1504828539993,"updateDate":1504828543034},"table":{"fieldStructure":"","existingTableName":null,"tableSchema":{"name":null,"description":null,"charset":null,"properties":{},"fields":[],"schemaName":null,"databaseName":null,"id":"5cd0a7bf-0fe2-4e5f-a31c-399a630540ab"},"sourceTableSchema":{"name":"NA","description":null,"charset":null,"properties":{},"fields":[],"schemaName":null,"databaseName":null,"id":"800a5796-d997-4dc4-acca-5209c7afb495"},"feedTableSchema":{"name":null,"description":null,"charset":null,"properties":{},"fields":[],"schemaName":null,"databaseName":null,"id":"db355e59-033c-45b1-8105-624023b1e0b5"},"method":"SAMPLE_FILE","description":"","fieldPolicies":[],"partitions":[],"tableType":null,"incrementalDateField":null,"sourceTableIncrementalDateField":null,"options":{"compress":false,"auditLogging":true,"encrypt":false,"trackHistory":false,"compressionFormat":null},"feedFormat":"ROW FORMAT SERDE 'org.apache.hadoop.hive.serde2.OpenCSVSerde' WITH SERDEPROPERTIES ( 'separatorChar' = ',' ,'escapeChar' = '\\\\' ,'quoteChar' = '\"') STORED AS TEXTFILE","targetFormat":null,"targetTblProperties":"","targetMergeStrategy":"DEDUPE_AND_MERGE","fieldPoliciesJson":"[]","fieldIndexString":"","partitionStructure":"","partitionSpecs":"","fieldsString":"","sourceFields":"NA","sourceFieldsCommaString":"NA","feedFieldStructure":"","nullableFields":"","primaryKeyFields":"","sourceTargetFieldMap":{},"targetSourceFieldMap":{}},"createDate":1504828543034,"updateDate":1504828543034,"dataTransformation":{"chartViewModel":null,"datasourceIds":null,"dataTransformScript":null,"sql":null,"states":[]},"active":true,"state":"ENABLED","nifiProcessGroupId":"5ec549e0-015e-1000-2f59-b6c700d380ae","options":{"skipHeader":false},"version":null,"versionName":null,"registeredTemplate":{"owner":{"displayName":"Data Lake Administrator","email":null,"enabled":true,"groups":["admin","user"],"systemName":"dladmin"},"allowedActions":{"actions":[{"systemName":"accessTemplate","actions":[{"systemName":"editTemplate"},{"systemName":"deleteTemplate"},{"systemName":"exportTemplate"},{"systemName":"createFeedFromTemplate"},{"systemName":"changeTemplatePermissions"}]}]},"roleMemberships":[],"feedRoleMemberships":[],"properties":[{"processGroupName":"NiFi Flow","processorName":"Set Parameters","processorId":"6f2b914c-a167-3023-6a8a-c6b3d00e96ca","processGroupId":"015e101c-4c8c-1146-4cb8-58916378f7a6","processorType":"org.apache.nifi.processors.attributes.UpdateAttribute","key":"searchengine","value":"${config.search.engine}","expressionProperties":null,"propertyDescriptor":{"name":"searchengine","displayName":"searchengine","description":"","defaultValue":null,"allowableValues":null,"required":false,"sensitive":false,"dynamic":true,"supportsEl":true,"identifiesControllerService":null},"templateValue":"${config.search.engine}","userEditable":false,"renderType":"text","renderOptions":{},"selected":true,"inputProperty":false,"containsConfigurationVariables":false,"sensitive":false,"required":false,"templateProperty":null,"nameKey":"NiFi Flow-Set Parameters-searchengine","idKey":"015e101c-4c8c-1146-4cb8-58916378f7a6-6f2b914c-a167-3023-6a8a-c6b3d00e96ca-searchengine","processorNameTypeKey":"Set Parameters-org.apache.nifi.processors.attributes.UpdateAttribute-searchengine"},{"processGroupName":"NiFi Flow","processorName":"Update Elasticsearch","processorId":"e8c51170-6283-369f-e65a-27d27eab8121","processGroupId":"015e101c-4c8c-1146-4cb8-58916378f7a6","processorType":"org.apache.nifi.processors.elasticsearch.PutElasticsearchHttp","key":"elasticsearch-http-url","value":"${config.search.es.rest.url}","expressionProperties":null,"propertyDescriptor":{"name":"elasticsearch-http-url","displayName":"Elasticsearch URL","description":"Elasticsearch URL which will be connected to, including scheme (http, e.g.), host, and port. The default port for the REST API is 9200.","defaultValue":null,"allowableValues":null,"required":true,"sensitive":false,"dynamic":false,"supportsEl":true,"identifiesControllerService":null},"templateValue":"${config.search.es.rest.url}","userEditable":false,"renderType":"text","renderOptions":{},"selected":true,"inputProperty":false,"containsConfigurationVariables":false,"sensitive":false,"required":true,"templateProperty":null,"nameKey":"NiFi Flow-Update Elasticsearch-elasticsearch-http-url","idKey":"015e101c-4c8c-1146-4cb8-58916378f7a6-e8c51170-6283-369f-e65a-27d27eab8121-elasticsearch-http-url","processorNameTypeKey":"Update Elasticsearch-org.apache.nifi.processors.elasticsearch.PutElasticsearchHttp-elasticsearch-http-url"},{"processGroupName":"NiFi Flow","processorName":"Update Solr","processorId":"a536f4a8-50af-3cf9-c78e-8c1e078d8cbe","processGroupId":"015e101c-4c8c-1146-4cb8-58916378f7a6","processorType":"org.apache.nifi.processors.solr.PutSolrContentStream","key":"Solr Location","value":"${config.search.solr.url}","expressionProperties":null,"propertyDescriptor":{"name":"Solr Location","displayName":"Solr Location","description":"The Solr url for a Solr Type of Standard (ex: http://localhost:8984/solr/gettingstarted), or the ZooKeeper hosts for a Solr Type of Cloud (ex: localhost:9983).","defaultValue":null,"allowableValues":null,"required":true,"sensitive":false,"dynamic":false,"supportsEl":true,"identifiesControllerService":null},"templateValue":"${config.search.solr.url}","userEditable":false,"renderType":"text","renderOptions":{},"selected":true,"inputProperty":false,"containsConfigurationVariables":false,"sensitive":false,"required":true,"templateProperty":null,"nameKey":"NiFi Flow-Update Solr-Solr Location","idKey":"015e101c-4c8c-1146-4cb8-58916378f7a6-a536f4a8-50af-3cf9-c78e-8c1e078d8cbe-Solr Location","processorNameTypeKey":"Update Solr-org.apache.nifi.processors.solr.PutSolrContentStream-Solr Location"}],"nonInputProcessors":null,"inputProcessors":[{"properties":[],"type":"org.apache.nifi.jms.processors.ConsumeJMS","name":"Receive Index Request","id":"e9db92c8-c77d-3587-6921-8b5c0b51c667","groupName":null,"groupId":"015e101c-4c8c-1146-4cb8-58916378f7a6","inputProcessor":true,"userDefinedInputProcessor":false}],"id":"86207024-f3e1-461a-a418-a04dcb47c86d","nifiTemplateId":"8bb4b571-e6cf-4c75-8e9d-68bfed97d251","templateName":"Index Text Service","updateDate":1505147779321,"createDate":1504828539701,"icon":"comment","iconColor":"#FF8A65","description":"Global Text Index Service","state":"ENABLED","defineTable":false,"reusableTemplate":false,"reusableTemplateConnections":[],"registeredDatasourceDefinitions":[{"processorType":"org.apache.nifi.jms.processors.ConsumeJMS","processorName":"Receive Index Request","processorId":"e9db92c8-c77d-3587-0000-000000000000","datasourceDefinition":{"processorType":"org.apache.nifi.jms.processors.ConsumeJMS","connectionType":"SOURCE","datasourcePropertyKeys":["Destination Name"],"datasourceType":"JMSDatasource","identityString":"${Destination Name}","description":null,"title":"${Destination Name}"}}],"order":1,"templateOrder":null,"feedsCount":1,"templateTableOption":"NO_TABLE","timeBetweenStartingBatchJobs":1000,"stream":false,"allowPreconditions":false,"dataTransformation":false,"isStream":false},"userProperties":[],"hadoopSecurityGroups":null,"hadoopAuthorizationType":null,"securityGroups":[],"usedByFeeds":[],"userDatasources":null,"tableOption":{},"categoryIcon":"cloud","categoryIconColor":"#FFCA28","categoryId":"a39b5df0-354c-4adc-802a-56705c3836f1","categoryAndFeedDisplayName":"System.Index Text Service","categoryName":"System","new":false,"systemCategoryName":"system","reusableFeed":false}