{"owner":{"displayName":"Data Lake Administrator","email":null,"enabled":true,"groups":["admin","user"],"systemName":"dladmin"},"allowedActions":{"actions":[{"systemName":"accessTemplate","actions":[{"systemName":"editTemplate"},{"systemName":"deleteTemplate"},{"systemName":"exportTemplate"},{"systemName":"createFeedFromTemplate"},{"systemName":"changeTemplatePermissions"}]}]},"roleMemberships":[],"feedRoleMemberships":[],"properties":[{"processGroupName":"NiFi Flow","processorName":"Set Parameters","processorId":"8d1f0262-eae1-3fd5-7da5-9cbd17ab108d","processGroupId":"53b9635b-015e-1000-4f07-565521df69b8","processorType":"org.apache.nifi.processors.attributes.UpdateAttribute","key":"searchengine","value":"${config.search.engine}","expressionProperties":null,"propertyDescriptor":{"name":"searchengine","displayName":"searchengine","description":"","defaultValue":null,"allowableValues":null,"required":false,"sensitive":false,"dynamic":true,"supportsEl":true,"identifiesControllerService":null},"templateValue":"${config.search.engine}","userEditable":false,"renderType":"text","renderOptions":{},"selected":true,"inputProperty":false,"containsConfigurationVariables":false,"sensitive":false,"required":false,"templateProperty":null,"nameKey":"NiFi Flow-Set Parameters-searchengine","idKey":"53b9635b-015e-1000-4f07-565521df69b8-8d1f0262-eae1-3fd5-7da5-9cbd17ab108d-searchengine","processorNameTypeKey":"Set Parameters-org.apache.nifi.processors.attributes.UpdateAttribute-searchengine"},{"processGroupName":"NiFi Flow","processorName":"Update Elasticsearch","processorId":"e7b1fe2a-50d6-3f26-ea8f-37af0060c7b9","processGroupId":"53b9635b-015e-1000-4f07-565521df69b8","processorType":"org.apache.nifi.processors.elasticsearch.PutElasticsearchHttp","key":"elasticsearch-http-url","value":"${config.search.es.rest.url}","expressionProperties":null,"propertyDescriptor":{"name":"elasticsearch-http-url","displayName":"Elasticsearch URL","description":"Elasticsearch URL which will be connected to, including scheme (http, e.g.), host, and port. The default port for the REST API is 9200.","defaultValue":null,"allowableValues":null,"required":true,"sensitive":false,"dynamic":false,"supportsEl":true,"identifiesControllerService":null},"templateValue":"${config.search.es.rest.url}","userEditable":false,"renderType":"text","renderOptions":{},"selected":true,"inputProperty":false,"containsConfigurationVariables":false,"sensitive":false,"required":true,"templateProperty":null,"nameKey":"NiFi Flow-Update Elasticsearch-elasticsearch-http-url","idKey":"53b9635b-015e-1000-4f07-565521df69b8-e7b1fe2a-50d6-3f26-ea8f-37af0060c7b9-elasticsearch-http-url","processorNameTypeKey":"Update Elasticsearch-org.apache.nifi.processors.elasticsearch.PutElasticsearchHttp-elasticsearch-http-url"},{"processGroupName":"NiFi Flow","processorName":"Update Solr","processorId":"b9090fe3-6ab4-3f51-347f-6ba579e3b253","processGroupId":"53b9635b-015e-1000-4f07-565521df69b8","processorType":"org.apache.nifi.processors.solr.PutSolrContentStream","key":"Solr Location","value":"${config.search.solr.url}","expressionProperties":null,"propertyDescriptor":{"name":"Solr Location","displayName":"Solr Location","description":"The Solr url for a Solr Type of Standard (ex: http://localhost:8984/solr/gettingstarted), or the ZooKeeper hosts for a Solr Type of Cloud (ex: localhost:9983).","defaultValue":null,"allowableValues":null,"required":true,"sensitive":false,"dynamic":false,"supportsEl":true,"identifiesControllerService":null},"templateValue":"${config.search.solr.url}","userEditable":false,"renderType":"text","renderOptions":{},"selected":true,"inputProperty":false,"containsConfigurationVariables":false,"sensitive":false,"required":true,"templateProperty":null,"nameKey":"NiFi Flow-Update Solr-Solr Location","idKey":"53b9635b-015e-1000-4f07-565521df69b8-b9090fe3-6ab4-3f51-347f-6ba579e3b253-Solr Location","processorNameTypeKey":"Update Solr-org.apache.nifi.processors.solr.PutSolrContentStream-Solr Location"}],"nonInputProcessors":[{"properties":[{"processGroupName":"NiFi Flow","processorName":"Set Parameters","processorId":"8d1f0262-eae1-3fd5-7da5-9cbd17ab108d","processGroupId":"53b9635b-015e-1000-4f07-565521df69b8","processorType":"org.apache.nifi.processors.attributes.UpdateAttribute","key":"searchengine","value":"${config.search.engine}","expressionProperties":null,"propertyDescriptor":{"name":"searchengine","displayName":"searchengine","description":"","defaultValue":null,"allowableValues":null,"required":false,"sensitive":false,"dynamic":true,"supportsEl":true,"identifiesControllerService":null},"templateValue":"${config.search.engine}","userEditable":false,"renderType":"text","renderOptions":{},"selected":true,"inputProperty":false,"containsConfigurationVariables":false,"sensitive":false,"required":false,"templateProperty":null,"nameKey":"NiFi Flow-Set Parameters-searchengine","idKey":"53b9635b-015e-1000-4f07-565521df69b8-8d1f0262-eae1-3fd5-7da5-9cbd17ab108d-searchengine","processorNameTypeKey":"Set Parameters-org.apache.nifi.processors.attributes.UpdateAttribute-searchengine"}],"type":"org.apache.nifi.processors.attributes.UpdateAttribute","name":"Set Parameters","id":"8d1f0262-eae1-3fd5-7da5-9cbd17ab108d","groupName":"NiFi Flow","groupId":"53b9635b-015e-1000-4f07-565521df69b8","inputProcessor":false,"userDefinedInputProcessor":false},{"properties":[{"processGroupName":"NiFi Flow","processorName":"Update Elasticsearch","processorId":"e7b1fe2a-50d6-3f26-ea8f-37af0060c7b9","processGroupId":"53b9635b-015e-1000-4f07-565521df69b8","processorType":"org.apache.nifi.processors.elasticsearch.PutElasticsearchHttp","key":"elasticsearch-http-url","value":"${config.search.es.rest.url}","expressionProperties":null,"propertyDescriptor":{"name":"elasticsearch-http-url","displayName":"Elasticsearch URL","description":"Elasticsearch URL which will be connected to, including scheme (http, e.g.), host, and port. The default port for the REST API is 9200.","defaultValue":null,"allowableValues":null,"required":true,"sensitive":false,"dynamic":false,"supportsEl":true,"identifiesControllerService":null},"templateValue":"${config.search.es.rest.url}","userEditable":false,"renderType":"text","renderOptions":{},"selected":true,"inputProperty":false,"containsConfigurationVariables":false,"sensitive":false,"required":true,"templateProperty":null,"nameKey":"NiFi Flow-Update Elasticsearch-elasticsearch-http-url","idKey":"53b9635b-015e-1000-4f07-565521df69b8-e7b1fe2a-50d6-3f26-ea8f-37af0060c7b9-elasticsearch-http-url","processorNameTypeKey":"Update Elasticsearch-org.apache.nifi.processors.elasticsearch.PutElasticsearchHttp-elasticsearch-http-url"}],"type":"org.apache.nifi.processors.elasticsearch.PutElasticsearchHttp","name":"Update Elasticsearch","id":"e7b1fe2a-50d6-3f26-ea8f-37af0060c7b9","groupName":"NiFi Flow","groupId":"53b9635b-015e-1000-4f07-565521df69b8","inputProcessor":false,"userDefinedInputProcessor":false},{"properties":[{"processGroupName":"NiFi Flow","processorName":"Update Solr","processorId":"b9090fe3-6ab4-3f51-347f-6ba579e3b253","processGroupId":"53b9635b-015e-1000-4f07-565521df69b8","processorType":"org.apache.nifi.processors.solr.PutSolrContentStream","key":"Solr Location","value":"${config.search.solr.url}","expressionProperties":null,"propertyDescriptor":{"name":"Solr Location","displayName":"Solr Location","description":"The Solr url for a Solr Type of Standard (ex: http://localhost:8984/solr/gettingstarted), or the ZooKeeper hosts for a Solr Type of Cloud (ex: localhost:9983).","defaultValue":null,"allowableValues":null,"required":true,"sensitive":false,"dynamic":false,"supportsEl":true,"identifiesControllerService":null},"templateValue":"${config.search.solr.url}","userEditable":false,"renderType":"text","renderOptions":{},"selected":true,"inputProperty":false,"containsConfigurationVariables":false,"sensitive":false,"required":true,"templateProperty":null,"nameKey":"NiFi Flow-Update Solr-Solr Location","idKey":"53b9635b-015e-1000-4f07-565521df69b8-b9090fe3-6ab4-3f51-347f-6ba579e3b253-Solr Location","processorNameTypeKey":"Update Solr-org.apache.nifi.processors.solr.PutSolrContentStream-Solr Location"}],"type":"org.apache.nifi.processors.solr.PutSolrContentStream","name":"Update Solr","id":"b9090fe3-6ab4-3f51-347f-6ba579e3b253","groupName":"NiFi Flow","groupId":"53b9635b-015e-1000-4f07-565521df69b8","inputProcessor":false,"userDefinedInputProcessor":false}],"inputProcessors":[],"id":"bffb0786-3292-4950-b174-54269f774890","nifiTemplateId":"cfb12b1a-e133-44cd-98c7-67c781fa891a","templateName":"Index Text Service","updateDate":1504643728353,"createDate":1504295540900,"icon":"comment","iconColor":"#FF8A65","description":"Global Text Index Service","state":"ENABLED","defineTable":false,"reusableTemplate":false,"reusableTemplateConnections":[],"registeredDatasourceDefinitions":[{"processorType":"org.apache.nifi.jms.processors.ConsumeJMS","processorName":"Receive Index Request","processorId":"93387e87-8af0-3016-0000-000000000000","datasourceDefinition":{"processorType":"org.apache.nifi.jms.processors.ConsumeJMS","connectionType":"SOURCE","datasourcePropertyKeys":["Destination Name"],"datasourceType":"JMSDatasource","identityString":"${Destination Name}","description":null,"title":"${Destination Name}"}}],"order":1,"templateOrder":null,"feedsCount":1,"templateTableOption":"NO_TABLE","timeBetweenStartingBatchJobs":1000,"stream":false,"allowPreconditions":false,"dataTransformation":false,"isStream":false}