{"owner":{"displayName":"Data Lake Administrator","email":null,"enabled":true,"groups":["admin","user"],"systemName":"dladmin"},"allowedActions":{"actions":[{"systemName":"accessTemplate","actions":[{"systemName":"editTemplate"},{"systemName":"deleteTemplate"},{"systemName":"exportTemplate"},{"systemName":"createFeedFromTemplate"},{"systemName":"changeTemplatePermissions"}]}]},"roleMemberships":[],"feedRoleMemberships":[],"properties":[{"processGroupName":"NiFi Flow","processorName":"Set Parameters","processorId":"6d41cbe5-1850-3fea-bb7d-94f68432721d","processGroupId":"e98ab653-015d-1000-bd7c-42a8d06b08e7","processorType":"org.apache.nifi.processors.attributes.UpdateAttribute","key":"searchengine","value":"${config.search.engine}","expressionProperties":null,"propertyDescriptor":{"name":"searchengine","displayName":"searchengine","description":"","defaultValue":null,"allowableValues":null,"required":false,"sensitive":false,"dynamic":true,"supportsEl":true,"identifiesControllerService":null},"templateValue":"${config.search.engine}","userEditable":false,"renderType":"text","renderOptions":{},"selected":true,"inputProperty":false,"containsConfigurationVariables":false,"sensitive":false,"required":false,"templateProperty":null,"nameKey":"NiFi Flow-Set Parameters-searchengine","processorNameTypeKey":"Set Parameters-org.apache.nifi.processors.attributes.UpdateAttribute-searchengine","idKey":"e98ab653-015d-1000-bd7c-42a8d06b08e7-6d41cbe5-1850-3fea-bb7d-94f68432721d-searchengine"},{"processGroupName":"NiFi Flow","processorName":"Update Elasticsearch","processorId":"195529b6-c005-3760-dfae-ed13b4fbf17c","processGroupId":"e98ab653-015d-1000-bd7c-42a8d06b08e7","processorType":"org.apache.nifi.processors.elasticsearch.PutElasticsearchHttp","key":"elasticsearch-http-url","value":"${config.search.es.rest.url}","expressionProperties":null,"propertyDescriptor":{"name":"elasticsearch-http-url","displayName":"Elasticsearch URL","description":"Elasticsearch URL which will be connected to, including scheme (http, e.g.), host, and port. The default port for the REST API is 9200.","defaultValue":null,"allowableValues":null,"required":true,"sensitive":false,"dynamic":false,"supportsEl":true,"identifiesControllerService":null},"templateValue":"${config.search.es.rest.url}","userEditable":false,"renderType":"text","renderOptions":{},"selected":true,"inputProperty":false,"containsConfigurationVariables":false,"sensitive":false,"required":true,"templateProperty":null,"nameKey":"NiFi Flow-Update Elasticsearch-elasticsearch-http-url","processorNameTypeKey":"Update Elasticsearch-org.apache.nifi.processors.elasticsearch.PutElasticsearchHttp-elasticsearch-http-url","idKey":"e98ab653-015d-1000-bd7c-42a8d06b08e7-195529b6-c005-3760-dfae-ed13b4fbf17c-elasticsearch-http-url"},{"processGroupName":"NiFi Flow","processorName":"Update Solr","processorId":"b490859c-e0d6-3279-67a1-5c04d0adf9eb","processGroupId":"e98ab653-015d-1000-bd7c-42a8d06b08e7","processorType":"org.apache.nifi.processors.solr.PutSolrContentStream","key":"Solr Location","value":"${config.search.solr.url}","expressionProperties":null,"propertyDescriptor":{"name":"Solr Location","displayName":"Solr Location","description":"The Solr url for a Solr Type of Standard (ex: http://localhost:8984/solr/gettingstarted), or the ZooKeeper hosts for a Solr Type of Cloud (ex: localhost:9983).","defaultValue":null,"allowableValues":null,"required":true,"sensitive":false,"dynamic":false,"supportsEl":true,"identifiesControllerService":null},"templateValue":"${config.search.solr.url}","userEditable":false,"renderType":"text","renderOptions":{},"selected":true,"inputProperty":false,"containsConfigurationVariables":false,"sensitive":false,"required":true,"templateProperty":null,"nameKey":"NiFi Flow-Update Solr-Solr Location","processorNameTypeKey":"Update Solr-org.apache.nifi.processors.solr.PutSolrContentStream-Solr Location","idKey":"e98ab653-015d-1000-bd7c-42a8d06b08e7-b490859c-e0d6-3279-67a1-5c04d0adf9eb-Solr Location"}],"nonInputProcessors":[{"properties":[{"processGroupName":"NiFi Flow","processorName":"Set Parameters","processorId":"6d41cbe5-1850-3fea-bb7d-94f68432721d","processGroupId":"e98ab653-015d-1000-bd7c-42a8d06b08e7","processorType":"org.apache.nifi.processors.attributes.UpdateAttribute","key":"searchengine","value":"${config.search.engine}","expressionProperties":null,"propertyDescriptor":{"name":"searchengine","displayName":"searchengine","description":"","defaultValue":null,"allowableValues":null,"required":false,"sensitive":false,"dynamic":true,"supportsEl":true,"identifiesControllerService":null},"templateValue":"${config.search.engine}","userEditable":false,"renderType":"text","renderOptions":{},"selected":true,"inputProperty":false,"containsConfigurationVariables":false,"sensitive":false,"required":false,"templateProperty":null,"nameKey":"NiFi Flow-Set Parameters-searchengine","processorNameTypeKey":"Set Parameters-org.apache.nifi.processors.attributes.UpdateAttribute-searchengine","idKey":"e98ab653-015d-1000-bd7c-42a8d06b08e7-6d41cbe5-1850-3fea-bb7d-94f68432721d-searchengine"}],"type":"org.apache.nifi.processors.attributes.UpdateAttribute","name":"Set Parameters","id":"6d41cbe5-1850-3fea-bb7d-94f68432721d","groupName":"NiFi Flow","groupId":"e98ab653-015d-1000-bd7c-42a8d06b08e7","inputProcessor":false,"userDefinedInputProcessor":false},{"properties":[{"processGroupName":"NiFi Flow","processorName":"Update Elasticsearch","processorId":"195529b6-c005-3760-dfae-ed13b4fbf17c","processGroupId":"e98ab653-015d-1000-bd7c-42a8d06b08e7","processorType":"org.apache.nifi.processors.elasticsearch.PutElasticsearchHttp","key":"elasticsearch-http-url","value":"${config.search.es.rest.url}","expressionProperties":null,"propertyDescriptor":{"name":"elasticsearch-http-url","displayName":"Elasticsearch URL","description":"Elasticsearch URL which will be connected to, including scheme (http, e.g.), host, and port. The default port for the REST API is 9200.","defaultValue":null,"allowableValues":null,"required":true,"sensitive":false,"dynamic":false,"supportsEl":true,"identifiesControllerService":null},"templateValue":"${config.search.es.rest.url}","userEditable":false,"renderType":"text","renderOptions":{},"selected":true,"inputProperty":false,"containsConfigurationVariables":false,"sensitive":false,"required":true,"templateProperty":null,"nameKey":"NiFi Flow-Update Elasticsearch-elasticsearch-http-url","processorNameTypeKey":"Update Elasticsearch-org.apache.nifi.processors.elasticsearch.PutElasticsearchHttp-elasticsearch-http-url","idKey":"e98ab653-015d-1000-bd7c-42a8d06b08e7-195529b6-c005-3760-dfae-ed13b4fbf17c-elasticsearch-http-url"}],"type":"org.apache.nifi.processors.elasticsearch.PutElasticsearchHttp","name":"Update Elasticsearch","id":"195529b6-c005-3760-dfae-ed13b4fbf17c","groupName":"NiFi Flow","groupId":"e98ab653-015d-1000-bd7c-42a8d06b08e7","inputProcessor":false,"userDefinedInputProcessor":false},{"properties":[{"processGroupName":"NiFi Flow","processorName":"Update Solr","processorId":"b490859c-e0d6-3279-67a1-5c04d0adf9eb","processGroupId":"e98ab653-015d-1000-bd7c-42a8d06b08e7","processorType":"org.apache.nifi.processors.solr.PutSolrContentStream","key":"Solr Location","value":"${config.search.solr.url}","expressionProperties":null,"propertyDescriptor":{"name":"Solr Location","displayName":"Solr Location","description":"The Solr url for a Solr Type of Standard (ex: http://localhost:8984/solr/gettingstarted), or the ZooKeeper hosts for a Solr Type of Cloud (ex: localhost:9983).","defaultValue":null,"allowableValues":null,"required":true,"sensitive":false,"dynamic":false,"supportsEl":true,"identifiesControllerService":null},"templateValue":"${config.search.solr.url}","userEditable":false,"renderType":"text","renderOptions":{},"selected":true,"inputProperty":false,"containsConfigurationVariables":false,"sensitive":false,"required":true,"templateProperty":null,"nameKey":"NiFi Flow-Update Solr-Solr Location","processorNameTypeKey":"Update Solr-org.apache.nifi.processors.solr.PutSolrContentStream-Solr Location","idKey":"e98ab653-015d-1000-bd7c-42a8d06b08e7-b490859c-e0d6-3279-67a1-5c04d0adf9eb-Solr Location"}],"type":"org.apache.nifi.processors.solr.PutSolrContentStream","name":"Update Solr","id":"b490859c-e0d6-3279-67a1-5c04d0adf9eb","groupName":"NiFi Flow","groupId":"e98ab653-015d-1000-bd7c-42a8d06b08e7","inputProcessor":false,"userDefinedInputProcessor":false}],"inputProcessors":[],"id":"fa7d3b8e-5ecd-4f8d-bc48-6a065a2ea548","nifiTemplateId":"97dff522-9060-4a6d-97aa-54d3bba8f9a7","templateName":"Index Text Service","updateDate":1502863147994,"createDate":1502862123807,"icon":"comment","iconColor":"#FF8A65","description":"Global Text Index Service","state":"ENABLED","defineTable":false,"reusableTemplate":false,"reusableTemplateConnections":[],"registeredDatasourceDefinitions":[{"processorType":"org.apache.nifi.jms.processors.ConsumeJMS","processorName":"Receive Index Request","processorId":"2b24e24c-328e-3abc-0000-000000000000","datasourceDefinition":{"processorType":"org.apache.nifi.jms.processors.ConsumeJMS","connectionType":"SOURCE","datasourcePropertyKeys":["Destination Name"],"datasourceType":"JMSDatasource","identityString":"${Destination Name}","description":null,"title":"${Destination Name}"}}],"order":1,"templateOrder":null,"feedsCount":1,"templateTableOption":"NO_TABLE","timeBetweenStartingBatchJobs":1000,"stream":false,"allowPreconditions":false,"dataTransformation":false,"isStream":false}