<?xml version="1.0" encoding="UTF-8" standalone="yes"?>
<template encoding-version="1.2">
    <description></description>
    <groupId>2657644b-0164-1000-4d38-5e0da7e617d8</groupId>
    <name>Data Transformation</name>
    <snippet>
        <connections>
            <id>9b607dbf-e818-36e3-0000-000000000000</id>
            <parentGroupId>f37383b3-21cc-3c5d-0000-000000000000</parentGroupId>
            <backPressureDataSizeThreshold>0 MB</backPressureDataSizeThreshold>
            <backPressureObjectThreshold>0</backPressureObjectThreshold>
            <destination>
                <groupId>f37383b3-21cc-3c5d-0000-000000000000</groupId>
                <id>17d9d7f4-d153-3155-0000-000000000000</id>
                <type>OUTPUT_PORT</type>
            </destination>
            <flowFileExpiration>0 sec</flowFileExpiration>
            <labelIndex>1</labelIndex>
            <name></name>
            <selectedRelationships>success</selectedRelationships>
            <source>
                <groupId>f37383b3-21cc-3c5d-0000-000000000000</groupId>
                <id>b2558e1d-c631-397b-0000-000000000000</id>
                <type>PROCESSOR</type>
            </source>
            <zIndex>0</zIndex>
        </connections>
        <connections>
            <id>015ca41f-b0ec-30cb-0000-000000000000</id>
            <parentGroupId>f37383b3-21cc-3c5d-0000-000000000000</parentGroupId>
            <backPressureDataSizeThreshold>0 MB</backPressureDataSizeThreshold>
            <backPressureObjectThreshold>0</backPressureObjectThreshold>
            <destination>
                <groupId>f37383b3-21cc-3c5d-0000-000000000000</groupId>
                <id>b2558e1d-c631-397b-0000-000000000000</id>
                <type>PROCESSOR</type>
            </destination>
            <flowFileExpiration>0 sec</flowFileExpiration>
            <labelIndex>1</labelIndex>
            <name></name>
            <selectedRelationships>success</selectedRelationships>
            <source>
                <groupId>f37383b3-21cc-3c5d-0000-000000000000</groupId>
                <id>7d06a66c-e32a-3bcd-0000-000000000000</id>
                <type>PROCESSOR</type>
            </source>
            <zIndex>0</zIndex>
        </connections>
        <connections>
            <id>748ca790-765a-3563-0000-000000000000</id>
            <parentGroupId>f37383b3-21cc-3c5d-0000-000000000000</parentGroupId>
            <backPressureDataSizeThreshold>0 MB</backPressureDataSizeThreshold>
            <backPressureObjectThreshold>0</backPressureObjectThreshold>
            <destination>
                <groupId>f37383b3-21cc-3c5d-0000-000000000000</groupId>
                <id>ee77ebac-cbf7-31c7-0000-000000000000</id>
                <type>OUTPUT_PORT</type>
            </destination>
            <flowFileExpiration>0 sec</flowFileExpiration>
            <labelIndex>1</labelIndex>
            <name></name>
            <selectedRelationships>Success</selectedRelationships>
            <source>
                <groupId>f37383b3-21cc-3c5d-0000-000000000000</groupId>
                <id>0101a225-ad0b-343c-0000-000000000000</id>
                <type>PROCESSOR</type>
            </source>
            <zIndex>0</zIndex>
        </connections>
        <controllerServices>
            <id>0389abc6-6a88-3abe-0000-000000000000</id>
            <parentGroupId>f37383b3-21cc-3c5d-0000-000000000000</parentGroupId>
            <bundle>
                <artifact>kylo-nifi-core-service-v1.2-nar</artifact>
                <group>default</group>
                <version>unversioned</version>
            </bundle>
            <comments></comments>
            <descriptors>
                <entry>
                    <key>Configuraton Classes</key>
                    <value>
                        <name>Configuraton Classes</name>
                    </value>
                </entry>
            </descriptors>
            <name>SpringContextLoaderService</name>
            <persistsState>false</persistsState>
            <properties>
                <entry>
                    <key>Configuraton Classes</key>
                </entry>
            </properties>
            <state>ENABLED</state>
            <type>com.thinkbiganalytics.nifi.v2.core.spring.SpringContextLoaderService</type>
        </controllerServices>
        <controllerServices>
            <id>463c22ba-1df3-30bd-0000-000000000000</id>
            <parentGroupId>f37383b3-21cc-3c5d-0000-000000000000</parentGroupId>
            <bundle>
                <artifact>kylo-nifi-core-service-v1.2-nar</artifact>
                <group>default</group>
                <version>unversioned</version>
            </bundle>
            <comments></comments>
            <descriptors>
                <entry>
                    <key>client-password</key>
                    <value>
                        <name>client-password</name>
                    </value>
                </entry>
                <entry>
                    <key>SSL Context Service</key>
                    <value>
                        <identifiesControllerService>org.apache.nifi.ssl.SSLContextService</identifiesControllerService>
                        <name>SSL Context Service</name>
                    </value>
                </entry>
                <entry>
                    <key>client-username</key>
                    <value>
                        <name>client-username</name>
                    </value>
                </entry>
                <entry>
                    <key>Spring Context Service</key>
                    <value>
                        <identifiesControllerService>com.thinkbiganalytics.nifi.core.api.spring.SpringContextService</identifiesControllerService>
                        <name>Spring Context Service</name>
                    </value>
                </entry>
                <entry>
                    <key>Implementation</key>
                    <value>
                        <name>Implementation</name>
                    </value>
                </entry>
                <entry>
                    <key>rest-client-url</key>
                    <value>
                        <name>rest-client-url</name>
                    </value>
                </entry>
            </descriptors>
            <name>Kylo Metadata Service</name>
            <persistsState>false</persistsState>
            <properties>
                <entry>
                    <key>client-password</key>
                    <value></value>
                </entry>
                <entry>
                    <key>SSL Context Service</key>
                </entry>
                <entry>
                    <key>client-username</key>
                    <value>dladmin</value>
                </entry>
                <entry>
                    <key>Spring Context Service</key>
                </entry>
                <entry>
                    <key>Implementation</key>
                    <value>REMOTE</value>
                </entry>
                <entry>
                    <key>rest-client-url</key>
                    <value>http://localhost:8400/proxy/v1/metadata</value>
                </entry>
            </properties>
            <state>ENABLED</state>
            <type>com.thinkbiganalytics.nifi.v2.core.metadata.MetadataProviderSelectorService</type>
        </controllerServices>
        <controllerServices>
            <id>74b2fecd-87ac-3f75-0000-000000000000</id>
            <parentGroupId>f37383b3-21cc-3c5d-0000-000000000000</parentGroupId>
            <bundle>
                <artifact>kylo-nifi-core-service-v1.2-nar</artifact>
                <group>default</group>
                <version>unversioned</version>
            </bundle>
            <comments></comments>
            <descriptors>
                <entry>
                    <key>Spring Context Service</key>
                    <value>
                        <identifiesControllerService>com.thinkbiganalytics.nifi.core.api.spring.SpringContextService</identifiesControllerService>
                        <name>Spring Context Service</name>
                    </value>
                </entry>
            </descriptors>
            <name>Kylo Cleanup Service</name>
            <persistsState>false</persistsState>
            <properties>
                <entry>
                    <key>Spring Context Service</key>
                    <value>0389abc6-6a88-3abe-0000-000000000000</value>
                </entry>
            </properties>
            <state>ENABLED</state>
            <type>com.thinkbiganalytics.nifi.v2.core.cleanup.JmsCleanupEventService</type>
        </controllerServices>
        <labels>
            <id>757af34d-9eed-3667-0000-000000000000</id>
            <parentGroupId>f37383b3-21cc-3c5d-0000-000000000000</parentGroupId>
            <position>
                <x>0.0</x>
                <y>252.92840842134592</y>
            </position>
            <height>172.5148162841797</height>
            <label>Cleanup</label>
            <style>
                <entry>
                    <key>background-color</key>
                    <value>#dbdbdb</value>
                </entry>
                <entry>
                    <key>font-size</key>
                    <value>18px</value>
                </entry>
            </style>
            <width>1538.88671875</width>
        </labels>
        <outputPorts>
            <id>ee77ebac-cbf7-31c7-0000-000000000000</id>
            <parentGroupId>f37383b3-21cc-3c5d-0000-000000000000</parentGroupId>
            <position>
                <x>939.2765111160297</x>
                <y>312.00796585841636</y>
            </position>
            <comments></comments>
            <concurrentlySchedulableTaskCount>1</concurrentlySchedulableTaskCount>
            <name>to-wrangler-cleanup-port</name>
            <state>STOPPED</state>
            <transmitting>false</transmitting>
            <type>OUTPUT_PORT</type>
        </outputPorts>
        <outputPorts>
            <id>17d9d7f4-d153-3155-0000-000000000000</id>
            <parentGroupId>f37383b3-21cc-3c5d-0000-000000000000</parentGroupId>
            <position>
                <x>1691.782208843234</x>
                <y>31.2940156631048</y>
            </position>
            <comments></comments>
            <concurrentlySchedulableTaskCount>1</concurrentlySchedulableTaskCount>
            <name>to-wrangler-port</name>
            <state>STOPPED</state>
            <transmitting>false</transmitting>
            <type>OUTPUT_PORT</type>
        </outputPorts>
        <processors>
            <id>b2558e1d-c631-397b-0000-000000000000</id>
            <parentGroupId>f37383b3-21cc-3c5d-0000-000000000000</parentGroupId>
            <position>
                <x>871.8404113100041</x>
                <y>0.5752209472657341</y>
            </position>
            <bundle>
                <artifact>nifi-update-attribute-nar</artifact>
                <group>org.apache.nifi</group>
                <version>1.6.0</version>
            </bundle>
            <config>
                <bulletinLevel>WARN</bulletinLevel>
                <comments></comments>
                <concurrentlySchedulableTaskCount>1</concurrentlySchedulableTaskCount>
                <descriptors>
                    <entry>
                        <key>hive.profile.root</key>
                        <value>
                            <name>hive.profile.root</name>
                        </value>
                    </entry>
                    <entry>
                        <key>Store State</key>
                        <value>
                            <name>Store State</name>
                        </value>
                    </entry>
                    <entry>
                        <key>spark.input_folder</key>
                        <value>
                            <name>spark.input_folder</name>
                        </value>
                    </entry>
                    <entry>
                        <key>metadata.table.fieldPoliciesJson</key>
                        <value>
                            <name>metadata.table.fieldPoliciesJson</name>
                        </value>
                    </entry>
                    <entry>
                        <key>feedts</key>
                        <value>
                            <name>feedts</name>
                        </value>
                    </entry>
                    <entry>
                        <key>Delete Attributes Expression</key>
                        <value>
                            <name>Delete Attributes Expression</name>
                        </value>
                    </entry>
                    <entry>
                        <key>metadata.table.targetTblProperties</key>
                        <value>
                            <name>metadata.table.targetTblProperties</name>
                        </value>
                    </entry>
                    <entry>
                        <key>metadata.sourceDataSetIds</key>
                        <value>
                            <name>metadata.sourceDataSetIds</name>
                        </value>
                    </entry>
                    <entry>
                        <key>metadata.table.feedFieldStructure</key>
                        <value>
                            <name>metadata.table.feedFieldStructure</name>
                        </value>
                    </entry>
                    <entry>
                        <key>metadata.table.partitionStructure</key>
                        <value>
                            <name>metadata.table.partitionStructure</name>
                        </value>
                    </entry>
                    <entry>
                        <key>hive.ingest.root</key>
                        <value>
                            <name>hive.ingest.root</name>
                        </value>
                    </entry>
                    <entry>
                        <key>hive.master.root</key>
                        <value>
                            <name>hive.master.root</name>
                        </value>
                    </entry>
                    <entry>
                        <key>metadata.table.fieldIndexString</key>
                        <value>
                            <name>metadata.table.fieldIndexString</name>
                        </value>
                    </entry>
                    <entry>
                        <key>metadata.table.targetFormat</key>
                        <value>
                            <name>metadata.table.targetFormat</name>
                        </value>
                    </entry>
                    <entry>
                        <key>metadata.table.fieldStructure</key>
                        <value>
                            <name>metadata.table.fieldStructure</name>
                        </value>
                    </entry>
                    <entry>
                        <key>nifi.home</key>
                        <value>
                            <name>nifi.home</name>
                        </value>
                    </entry>
                    <entry>
                        <key>Stateful Variables Initial Value</key>
                        <value>
                            <name>Stateful Variables Initial Value</name>
                        </value>
                    </entry>
                    <entry>
                        <key>metadata.table.partitionSpecs</key>
                        <value>
                            <name>metadata.table.partitionSpecs</name>
                        </value>
                    </entry>
                    <entry>
                        <key>feed</key>
                        <value>
                            <name>feed</name>
                        </value>
                    </entry>
                    <entry>
                        <key>hdfs.ingest.root</key>
                        <value>
                            <name>hdfs.ingest.root</name>
                        </value>
                    </entry>
                    <entry>
                        <key>metadata.dataTransformation.datasourceIds</key>
                        <value>
                            <name>metadata.dataTransformation.datasourceIds</name>
                        </value>
                    </entry>
                    <entry>
                        <key>spark.version</key>
                        <value>
                            <name>spark.version</name>
                        </value>
                    </entry>
                    <entry>
                        <key>nifi.kylo.applicationJarDirectory</key>
                        <value>
                            <name>nifi.kylo.applicationJarDirectory</name>
                        </value>
                    </entry>
                    <entry>
                        <key>metadata.dataTransformation.dataTransformScript</key>
                        <value>
                            <name>metadata.dataTransformation.dataTransformScript</name>
                        </value>
                    </entry>
                    <entry>
                        <key>category</key>
                        <value>
                            <name>category</name>
                        </value>
                    </entry>
                    <entry>
                        <key>metadata.table.targetMergeStrategy</key>
                        <value>
                            <name>metadata.table.targetMergeStrategy</name>
                        </value>
                    </entry>
                </descriptors>
                <executionNode>ALL</executionNode>
                <lossTolerant>false</lossTolerant>
                <penaltyDuration>30 sec</penaltyDuration>
                <properties>
                    <entry>
                        <key>hive.profile.root</key>
                        <value>${config.hive.profile.root}</value>
                    </entry>
                    <entry>
                        <key>Store State</key>
                        <value>Store state locally</value>
                    </entry>
                    <entry>
                        <key>spark.input_folder</key>
                        <value>/tmp</value>
                    </entry>
                    <entry>
                        <key>metadata.table.fieldPoliciesJson</key>
                        <value>${metadata.table.fieldPoliciesJson}</value>
                    </entry>
                    <entry>
                        <key>feedts</key>
                        <value>${now():format('yyyyMMddHHmmss')}</value>
                    </entry>
                    <entry>
                        <key>Delete Attributes Expression</key>
                    </entry>
                    <entry>
                        <key>metadata.table.targetTblProperties</key>
                        <value>${metadata.table.targetTblProperties}</value>
                    </entry>
                    <entry>
                        <key>metadata.sourceDataSetIds</key>
                        <value>${metadata.sourceDataSetIds}</value>
                    </entry>
                    <entry>
                        <key>metadata.table.feedFieldStructure</key>
                        <value>${metadata.table.feedFieldStructure}</value>
                    </entry>
                    <entry>
                        <key>metadata.table.partitionStructure</key>
                        <value>${metadata.table.partitionStructure}</value>
                    </entry>
                    <entry>
                        <key>hive.ingest.root</key>
                        <value>${config.hive.ingest.root}</value>
                    </entry>
                    <entry>
                        <key>hive.master.root</key>
                        <value>${config.hive.master.root}</value>
                    </entry>
                    <entry>
                        <key>metadata.table.fieldIndexString</key>
                        <value>${metadata.table.fieldIndexString}</value>
                    </entry>
                    <entry>
                        <key>metadata.table.targetFormat</key>
                        <value>${metadata.table.targetFormat}</value>
                    </entry>
                    <entry>
                        <key>metadata.table.fieldStructure</key>
                        <value>${metadata.table.fieldStructure}</value>
                    </entry>
                    <entry>
                        <key>nifi.home</key>
                        <value>${config.nifi.home}</value>
                    </entry>
                    <entry>
                        <key>Stateful Variables Initial Value</key>
                        <value></value>
                    </entry>
                    <entry>
                        <key>metadata.table.partitionSpecs</key>
                        <value>${metadata.table.partitionSpecs}</value>
                    </entry>
                    <entry>
                        <key>feed</key>
                        <value>${metadata.systemFeedName}</value>
                    </entry>
                    <entry>
                        <key>hdfs.ingest.root</key>
                        <value>${config.hdfs.ingest.root}</value>
                    </entry>
                    <entry>
                        <key>metadata.dataTransformation.datasourceIds</key>
                        <value>${metadata.dataTransformation.datasourceIds}</value>
                    </entry>
                    <entry>
                        <key>spark.version</key>
                        <value>${config.spark.version}</value>
                    </entry>
                    <entry>
                        <key>nifi.kylo.applicationJarDirectory</key>
                        <value>${config.nifi.kylo.applicationJarDirectory}</value>
                    </entry>
                    <entry>
                        <key>metadata.dataTransformation.dataTransformScript</key>
                        <value>${metadata.dataTransformation.dataTransformScript}</value>
                    </entry>
                    <entry>
                        <key>category</key>
                        <value>${metadata.category.systemName}</value>
                    </entry>
                    <entry>
                        <key>metadata.table.targetMergeStrategy</key>
                        <value>${metadata.table.targetMergeStrategy}</value>
                    </entry>
                </properties>
                <runDurationMillis>0</runDurationMillis>
                <schedulingPeriod>0 sec</schedulingPeriod>
                <schedulingStrategy>TIMER_DRIVEN</schedulingStrategy>
                <yieldDuration>1 sec</yieldDuration>
            </config>
            <name>Update flow parameters</name>
            <relationships>
                <autoTerminate>true</autoTerminate>
                <name>set state fail</name>
            </relationships>
            <relationships>
                <autoTerminate>false</autoTerminate>
                <name>success</name>
            </relationships>
            <state>STOPPED</state>
            <style>
                <entry>
                    <key>background-color</key>
                    <value>#11f237</value>
                </entry>
            </style>
            <type>org.apache.nifi.processors.attributes.UpdateAttribute</type>
        </processors>
        <processors>
            <id>0101a225-ad0b-343c-0000-000000000000</id>
            <parentGroupId>f37383b3-21cc-3c5d-0000-000000000000</parentGroupId>
            <position>
                <x>52.776499831736146</x>
                <y>284.03612065289144</y>
            </position>
            <bundle>
                <artifact>kylo-nifi-core-v1.2-nar</artifact>
                <group>default</group>
                <version>unversioned</version>
            </bundle>
            <config>
                <bulletinLevel>WARN</bulletinLevel>
                <comments></comments>
                <concurrentlySchedulableTaskCount>1</concurrentlySchedulableTaskCount>
                <descriptors>
                    <entry>
                        <key>Metadata Provider Service</key>
                        <value>
                            <identifiesControllerService>com.thinkbiganalytics.nifi.core.api.metadata.MetadataProviderService</identifiesControllerService>
                            <name>Metadata Provider Service</name>
                        </value>
                    </entry>
                    <entry>
                        <key>System feed category</key>
                        <value>
                            <name>System feed category</name>
                        </value>
                    </entry>
                    <entry>
                        <key>Feed Cleanup Event Service</key>
                        <value>
                            <identifiesControllerService>com.thinkbiganalytics.nifi.core.api.cleanup.CleanupEventService</identifiesControllerService>
                            <name>Feed Cleanup Event Service</name>
                        </value>
                    </entry>
                    <entry>
                        <key>System feed name</key>
                        <value>
                            <name>System feed name</name>
                        </value>
                    </entry>
                </descriptors>
                <executionNode>ALL</executionNode>
                <lossTolerant>false</lossTolerant>
                <penaltyDuration>30 sec</penaltyDuration>
                <properties>
                    <entry>
                        <key>Metadata Provider Service</key>
                        <value>463c22ba-1df3-30bd-0000-000000000000</value>
                    </entry>
                    <entry>
                        <key>System feed category</key>
                        <value>${metadata.category.systemName}</value>
                    </entry>
                    <entry>
                        <key>Feed Cleanup Event Service</key>
                        <value>74b2fecd-87ac-3f75-0000-000000000000</value>
                    </entry>
                    <entry>
                        <key>System feed name</key>
                        <value>${metadata.systemFeedName}</value>
                    </entry>
                </properties>
                <runDurationMillis>0</runDurationMillis>
                <schedulingPeriod>0 sec</schedulingPeriod>
                <schedulingStrategy>TIMER_DRIVEN</schedulingStrategy>
                <yieldDuration>1 sec</yieldDuration>
            </config>
            <name>Trigger Cleanup</name>
            <relationships>
                <autoTerminate>false</autoTerminate>
                <name>Success</name>
            </relationships>
            <state>STOPPED</state>
            <style>
                <entry>
                    <key>background-color</key>
                    <value>#ff9900</value>
                </entry>
            </style>
            <type>com.thinkbiganalytics.nifi.v2.metadata.TriggerCleanup</type>
        </processors>
        <processors>
            <id>7d06a66c-e32a-3bcd-0000-000000000000</id>
            <parentGroupId>f37383b3-21cc-3c5d-0000-000000000000</parentGroupId>
            <position>
                <x>6.074221734808816</x>
                <y>0.0</y>
            </position>
            <bundle>
                <artifact>nifi-standard-nar</artifact>
                <group>org.apache.nifi</group>
                <version>1.6.0</version>
            </bundle>
            <config>
                <bulletinLevel>WARN</bulletinLevel>
                <comments></comments>
                <concurrentlySchedulableTaskCount>1</concurrentlySchedulableTaskCount>
                <descriptors>
                    <entry>
                        <key>character-set</key>
                        <value>
                            <name>character-set</name>
                        </value>
                    </entry>
                    <entry>
                        <key>File Size</key>
                        <value>
                            <name>File Size</name>
                        </value>
                    </entry>
                    <entry>
                        <key>generate-ff-custom-text</key>
                        <value>
                            <name>generate-ff-custom-text</name>
                        </value>
                    </entry>
                    <entry>
                        <key>Batch Size</key>
                        <value>
                            <name>Batch Size</name>
                        </value>
                    </entry>
                    <entry>
                        <key>Unique FlowFiles</key>
                        <value>
                            <name>Unique FlowFiles</name>
                        </value>
                    </entry>
                    <entry>
                        <key>Data Format</key>
                        <value>
                            <name>Data Format</name>
                        </value>
                    </entry>
                </descriptors>
                <executionNode>ALL</executionNode>
                <lossTolerant>false</lossTolerant>
                <penaltyDuration>30 sec</penaltyDuration>
                <properties>
                    <entry>
                        <key>character-set</key>
                        <value>UTF-8</value>
                    </entry>
                    <entry>
                        <key>File Size</key>
                        <value>0 B</value>
                    </entry>
                    <entry>
                        <key>generate-ff-custom-text</key>
                    </entry>
                    <entry>
                        <key>Batch Size</key>
                        <value>1</value>
                    </entry>
                    <entry>
                        <key>Unique FlowFiles</key>
                        <value>false</value>
                    </entry>
                    <entry>
                        <key>Data Format</key>
                        <value>Binary</value>
                    </entry>
                </properties>
                <runDurationMillis>0</runDurationMillis>
                <schedulingPeriod>1 hr</schedulingPeriod>
                <schedulingStrategy>TIMER_DRIVEN</schedulingStrategy>
                <yieldDuration>1 sec</yieldDuration>
            </config>
            <name>Run Feed</name>
            <relationships>
                <autoTerminate>false</autoTerminate>
                <name>success</name>
            </relationships>
            <state>STOPPED</state>
            <style/>
            <type>org.apache.nifi.processors.standard.GenerateFlowFile</type>
        </processors>
    </snippet>
    <timestamp>09/25/2018 20:25:50 UTC</timestamp>
</template>
