{"owner":{"displayName":"Data Lake Administrator","email":null,"enabled":true,"groups":["admin","user"],"systemName":"dladmin"},"allowedActions":{"actions":[{"systemName":"accessTemplate","actions":[{"systemName":"editTemplate"},{"systemName":"deleteTemplate"},{"systemName":"exportTemplate"},{"systemName":"createFeedFromTemplate"},{"systemName":"changeTemplatePermissions"}]}]},"roleMemberships":[],"feedRoleMemberships":[],"properties":[{"processGroupName":"NiFi Flow","processorName":"Trigger Cleanup","processorId":"8afe4413-fb74-321e-6e92-ff18eb4d883b","processGroupId":"b934aa36-0166-1000-2f0f-f8b5dbc366b0","processorType":"com.thinkbiganalytics.nifi.v2.metadata.TriggerCleanup","key":"System feed category","value":"${metadata.category.systemName}","expressionProperties":null,"propertyDescriptor":{"name":"System feed category","displayName":null,"description":null,"defaultValue":null,"allowableValues":null,"required":null,"sensitive":null,"dynamic":null,"supportsEl":null,"identifiesControllerService":null,"hidden":false},"registrationChangeInfo":{"key":"System feed category","valueFromOlderNiFiTemplate":"${metadata.category.systemName}","valueFromNewerNiFiTemplate":"${metadata.category.systemName}","valueRegisteredInKyloTemplateFromOlderNiFiTemplate":"${metadata.category.systemName}"},"templateValue":"${metadata.category.systemName}","userEditable":false,"renderType":"text","renderOptions":{},"selected":true,"inputProperty":true,"containsConfigurationVariables":false,"sensitive":false,"required":false,"templateProperty":null,"hidden":false,"idKey":"b934aa36-0166-1000-2f0f-f8b5dbc366b0-8afe4413-fb74-321e-6e92-ff18eb4d883b-System feed category","processorNameTypeKey":"Trigger Cleanup-com.thinkbiganalytics.nifi.v2.metadata.TriggerCleanup-System feed category","remoteProcessGroupProperty":false,"nameKey":"NiFi Flow-Trigger Cleanup-System feed category"},{"processGroupName":"NiFi Flow","processorName":"Trigger Cleanup","processorId":"8afe4413-fb74-321e-6e92-ff18eb4d883b","processGroupId":"b934aa36-0166-1000-2f0f-f8b5dbc366b0","processorType":"com.thinkbiganalytics.nifi.v2.metadata.TriggerCleanup","key":"System feed name","value":"${metadata.systemFeedName}","expressionProperties":null,"propertyDescriptor":{"name":"System feed name","displayName":null,"description":null,"defaultValue":null,"allowableValues":null,"required":null,"sensitive":null,"dynamic":null,"supportsEl":null,"identifiesControllerService":null,"hidden":false},"registrationChangeInfo":{"key":"System feed name","valueFromOlderNiFiTemplate":"${metadata.systemFeedName}","valueFromNewerNiFiTemplate":"${metadata.systemFeedName}","valueRegisteredInKyloTemplateFromOlderNiFiTemplate":"${metadata.systemFeedName}"},"templateValue":"${metadata.systemFeedName}","userEditable":false,"renderType":"text","renderOptions":{},"selected":true,"inputProperty":true,"containsConfigurationVariables":false,"sensitive":false,"required":false,"templateProperty":null,"hidden":false,"idKey":"b934aa36-0166-1000-2f0f-f8b5dbc366b0-8afe4413-fb74-321e-6e92-ff18eb4d883b-System feed name","processorNameTypeKey":"Trigger Cleanup-com.thinkbiganalytics.nifi.v2.metadata.TriggerCleanup-System feed name","remoteProcessGroupProperty":false,"nameKey":"NiFi Flow-Trigger Cleanup-System feed name"},{"processGroupName":"NiFi Flow","processorName":"Update flow parameters","processorId":"8701eecc-6fc3-32d9-31a8-fffb0617903f","processGroupId":"b934aa36-0166-1000-2f0f-f8b5dbc366b0","processorType":"false","key":"category","value":"${metadata.category.systemName}","expressionProperties":null,"propertyDescriptor":{"name":"category","displayName":null,"description":null,"defaultValue":null,"allowableValues":null,"required":null,"sensitive":null,"dynamic":null,"supportsEl":null,"identifiesControllerService":null,"hidden":false},"registrationChangeInfo":{"key":"category","valueFromOlderNiFiTemplate":"${metadata.category.systemName}","valueFromNewerNiFiTemplate":"${metadata.category.systemName}","valueRegisteredInKyloTemplateFromOlderNiFiTemplate":"${metadata.category.systemName}"},"templateValue":"${metadata.category.systemName}","userEditable":false,"renderType":"text","renderOptions":{},"selected":true,"inputProperty":false,"containsConfigurationVariables":false,"sensitive":false,"required":false,"templateProperty":null,"hidden":false,"idKey":"b934aa36-0166-1000-2f0f-f8b5dbc366b0-8701eecc-6fc3-32d9-31a8-fffb0617903f-category","processorNameTypeKey":"Update flow parameters-false-category","remoteProcessGroupProperty":false,"nameKey":"NiFi Flow-Update flow parameters-category"},{"processGroupName":"NiFi Flow","processorName":"Update flow parameters","processorId":"8701eecc-6fc3-32d9-31a8-fffb0617903f","processGroupId":"b934aa36-0166-1000-2f0f-f8b5dbc366b0","processorType":"false","key":"feed","value":"${metadata.systemFeedName}","expressionProperties":null,"propertyDescriptor":{"name":"feed","displayName":null,"description":null,"defaultValue":null,"allowableValues":null,"required":null,"sensitive":null,"dynamic":null,"supportsEl":null,"identifiesControllerService":null,"hidden":false},"registrationChangeInfo":{"key":"feed","valueFromOlderNiFiTemplate":"${metadata.systemFeedName}","valueFromNewerNiFiTemplate":"${metadata.systemFeedName}","valueRegisteredInKyloTemplateFromOlderNiFiTemplate":"${metadata.systemFeedName}"},"templateValue":"${metadata.systemFeedName}","userEditable":false,"renderType":"text","renderOptions":{},"selected":true,"inputProperty":false,"containsConfigurationVariables":false,"sensitive":false,"required":false,"templateProperty":null,"hidden":false,"idKey":"b934aa36-0166-1000-2f0f-f8b5dbc366b0-8701eecc-6fc3-32d9-31a8-fffb0617903f-feed","processorNameTypeKey":"Update flow parameters-false-feed","remoteProcessGroupProperty":false,"nameKey":"NiFi Flow-Update flow parameters-feed"},{"processGroupName":"NiFi Flow","processorName":"Update flow parameters","processorId":"8701eecc-6fc3-32d9-31a8-fffb0617903f","processGroupId":"b934aa36-0166-1000-2f0f-f8b5dbc366b0","processorType":"false","key":"hdfs.ingest.root","value":"${config.hdfs.ingest.root}","expressionProperties":null,"propertyDescriptor":{"name":"hdfs.ingest.root","displayName":null,"description":null,"defaultValue":null,"allowableValues":null,"required":null,"sensitive":null,"dynamic":null,"supportsEl":null,"identifiesControllerService":null,"hidden":false},"registrationChangeInfo":{"key":"hdfs.ingest.root","valueFromOlderNiFiTemplate":"${config.hdfs.ingest.root}","valueFromNewerNiFiTemplate":"${config.hdfs.ingest.root}","valueRegisteredInKyloTemplateFromOlderNiFiTemplate":"${config.hdfs.ingest.root}"},"templateValue":"${config.hdfs.ingest.root}","userEditable":false,"renderType":"text","renderOptions":{},"selected":true,"inputProperty":false,"containsConfigurationVariables":false,"sensitive":false,"required":false,"templateProperty":null,"hidden":false,"idKey":"b934aa36-0166-1000-2f0f-f8b5dbc366b0-8701eecc-6fc3-32d9-31a8-fffb0617903f-hdfs.ingest.root","processorNameTypeKey":"Update flow parameters-false-hdfs.ingest.root","remoteProcessGroupProperty":false,"nameKey":"NiFi Flow-Update flow parameters-hdfs.ingest.root"},{"processGroupName":"NiFi Flow","processorName":"Update flow parameters","processorId":"8701eecc-6fc3-32d9-31a8-fffb0617903f","processGroupId":"b934aa36-0166-1000-2f0f-f8b5dbc366b0","processorType":"false","key":"hive.ingest.root","value":"${config.hive.ingest.root}","expressionProperties":null,"propertyDescriptor":{"name":"hive.ingest.root","displayName":null,"description":null,"defaultValue":null,"allowableValues":null,"required":null,"sensitive":null,"dynamic":null,"supportsEl":null,"identifiesControllerService":null,"hidden":false},"registrationChangeInfo":{"key":"hive.ingest.root","valueFromOlderNiFiTemplate":"${config.hive.ingest.root}","valueFromNewerNiFiTemplate":"${config.hive.ingest.root}","valueRegisteredInKyloTemplateFromOlderNiFiTemplate":"${config.hive.ingest.root}"},"templateValue":"${config.hive.ingest.root}","userEditable":false,"renderType":"text","renderOptions":{},"selected":true,"inputProperty":false,"containsConfigurationVariables":false,"sensitive":false,"required":false,"templateProperty":null,"hidden":false,"idKey":"b934aa36-0166-1000-2f0f-f8b5dbc366b0-8701eecc-6fc3-32d9-31a8-fffb0617903f-hive.ingest.root","processorNameTypeKey":"Update flow parameters-false-hive.ingest.root","remoteProcessGroupProperty":false,"nameKey":"NiFi Flow-Update flow parameters-hive.ingest.root"},{"processGroupName":"NiFi Flow","processorName":"Update flow parameters","processorId":"8701eecc-6fc3-32d9-31a8-fffb0617903f","processGroupId":"b934aa36-0166-1000-2f0f-f8b5dbc366b0","processorType":"false","key":"hive.master.root","value":"${config.hive.master.root}","expressionProperties":null,"propertyDescriptor":{"name":"hive.master.root","displayName":null,"description":null,"defaultValue":null,"allowableValues":null,"required":null,"sensitive":null,"dynamic":null,"supportsEl":null,"identifiesControllerService":null,"hidden":false},"registrationChangeInfo":{"key":"hive.master.root","valueFromOlderNiFiTemplate":"${config.hive.master.root}","valueFromNewerNiFiTemplate":"${config.hive.master.root}","valueRegisteredInKyloTemplateFromOlderNiFiTemplate":"${config.hive.master.root}"},"templateValue":"${config.hive.master.root}","userEditable":false,"renderType":"text","renderOptions":{},"selected":true,"inputProperty":false,"containsConfigurationVariables":false,"sensitive":false,"required":false,"templateProperty":null,"hidden":false,"idKey":"b934aa36-0166-1000-2f0f-f8b5dbc366b0-8701eecc-6fc3-32d9-31a8-fffb0617903f-hive.master.root","processorNameTypeKey":"Update flow parameters-false-hive.master.root","remoteProcessGroupProperty":false,"nameKey":"NiFi Flow-Update flow parameters-hive.master.root"},{"processGroupName":"NiFi Flow","processorName":"Update flow parameters","processorId":"8701eecc-6fc3-32d9-31a8-fffb0617903f","processGroupId":"b934aa36-0166-1000-2f0f-f8b5dbc366b0","processorType":"false","key":"hive.profile.root","value":"${config.hive.profile.root}","expressionProperties":null,"propertyDescriptor":{"name":"hive.profile.root","displayName":"hive.profile.root","description":"","defaultValue":null,"allowableValues":null,"required":false,"sensitive":false,"dynamic":true,"supportsEl":true,"identifiesControllerService":null,"hidden":false},"registrationChangeInfo":{"key":"hive.profile.root","valueFromOlderNiFiTemplate":"${config.hive.profile.root}","valueFromNewerNiFiTemplate":"${config.hive.profile.root}","valueRegisteredInKyloTemplateFromOlderNiFiTemplate":"${config.hive.profile.root}"},"templateValue":"${config.hive.profile.root}","userEditable":false,"renderType":"text","renderOptions":{},"selected":true,"inputProperty":false,"containsConfigurationVariables":false,"sensitive":false,"required":false,"templateProperty":null,"hidden":false,"idKey":"b934aa36-0166-1000-2f0f-f8b5dbc366b0-8701eecc-6fc3-32d9-31a8-fffb0617903f-hive.profile.root","processorNameTypeKey":"Update flow parameters-false-hive.profile.root","remoteProcessGroupProperty":false,"nameKey":"NiFi Flow-Update flow parameters-hive.profile.root"},{"processGroupName":"NiFi Flow","processorName":"Update flow parameters","processorId":"8701eecc-6fc3-32d9-31a8-fffb0617903f","processGroupId":"b934aa36-0166-1000-2f0f-f8b5dbc366b0","processorType":"false","key":"metadata.dataTransformation.catalogDataSourceIdsString","value":"${metadata.dataTransformation.catalogDataSourceIdsString}","expressionProperties":null,"propertyDescriptor":{"name":"metadata.dataTransformation.catalogDataSourceIdsString","displayName":"metadata.dataTransformation.catalogDataSourceIdsString","description":"","defaultValue":null,"allowableValues":null,"required":false,"sensitive":false,"dynamic":true,"supportsEl":true,"identifiesControllerService":null,"hidden":false},"registrationChangeInfo":null,"templateValue":"${metadata.dataTransformation.catalogDataSourceIdsString}","userEditable":false,"renderType":"text","renderOptions":{},"selected":true,"inputProperty":false,"containsConfigurationVariables":false,"sensitive":false,"required":false,"templateProperty":null,"hidden":false,"idKey":"b934aa36-0166-1000-2f0f-f8b5dbc366b0-8701eecc-6fc3-32d9-31a8-fffb0617903f-metadata.dataTransformation.catalogDataSourceIdsString","processorNameTypeKey":"Update flow parameters-false-metadata.dataTransformation.catalogDataSourceIdsString","remoteProcessGroupProperty":false,"nameKey":"NiFi Flow-Update flow parameters-metadata.dataTransformation.catalogDataSourceIdsString"},{"processGroupName":"NiFi Flow","processorName":"Update flow parameters","processorId":"8701eecc-6fc3-32d9-31a8-fffb0617903f","processGroupId":"b934aa36-0166-1000-2f0f-f8b5dbc366b0","processorType":"false","key":"metadata.dataTransformation.dataTransformScript","value":"${metadata.dataTransformation.dataTransformScript}","expressionProperties":null,"propertyDescriptor":{"name":"metadata.dataTransformation.dataTransformScript","displayName":"metadata.dataTransformation.dataTransformScript","description":"","defaultValue":null,"allowableValues":null,"required":false,"sensitive":false,"dynamic":true,"supportsEl":true,"identifiesControllerService":null,"hidden":false},"registrationChangeInfo":{"key":"metadata.dataTransformation.dataTransformScript","valueFromOlderNiFiTemplate":"${metadata.dataTransformation.dataTransformScript}","valueFromNewerNiFiTemplate":"${metadata.dataTransformation.dataTransformScript}","valueRegisteredInKyloTemplateFromOlderNiFiTemplate":"${metadata.dataTransformation.dataTransformScript}"},"templateValue":"${metadata.dataTransformation.dataTransformScript}","userEditable":false,"renderType":"text","renderOptions":{},"selected":true,"inputProperty":false,"containsConfigurationVariables":false,"sensitive":false,"required":false,"templateProperty":null,"hidden":false,"idKey":"b934aa36-0166-1000-2f0f-f8b5dbc366b0-8701eecc-6fc3-32d9-31a8-fffb0617903f-metadata.dataTransformation.dataTransformScript","processorNameTypeKey":"Update flow parameters-false-metadata.dataTransformation.dataTransformScript","remoteProcessGroupProperty":false,"nameKey":"NiFi Flow-Update flow parameters-metadata.dataTransformation.dataTransformScript"},{"processGroupName":"NiFi Flow","processorName":"Update flow parameters","processorId":"8701eecc-6fc3-32d9-31a8-fffb0617903f","processGroupId":"b934aa36-0166-1000-2f0f-f8b5dbc366b0","processorType":"false","key":"metadata.dataTransformation.datasourceIds","value":"${metadata.dataTransformation.datasourceIds}","expressionProperties":null,"propertyDescriptor":{"name":"metadata.dataTransformation.datasourceIds","displayName":"metadata.dataTransformation.datasourceIds","description":"","defaultValue":null,"allowableValues":null,"required":false,"sensitive":false,"dynamic":true,"supportsEl":true,"identifiesControllerService":null,"hidden":false},"registrationChangeInfo":{"key":"metadata.dataTransformation.datasourceIds","valueFromOlderNiFiTemplate":"${metadata.dataTransformation.datasourceIds}","valueFromNewerNiFiTemplate":"${metadata.dataTransformation.datasourceIds}","valueRegisteredInKyloTemplateFromOlderNiFiTemplate":"${metadata.dataTransformation.datasourceIds}"},"templateValue":"${metadata.dataTransformation.datasourceIds}","userEditable":false,"renderType":"text","renderOptions":{},"selected":true,"inputProperty":false,"containsConfigurationVariables":false,"sensitive":false,"required":false,"templateProperty":null,"hidden":false,"idKey":"b934aa36-0166-1000-2f0f-f8b5dbc366b0-8701eecc-6fc3-32d9-31a8-fffb0617903f-metadata.dataTransformation.datasourceIds","processorNameTypeKey":"Update flow parameters-false-metadata.dataTransformation.datasourceIds","remoteProcessGroupProperty":false,"nameKey":"NiFi Flow-Update flow parameters-metadata.dataTransformation.datasourceIds"},{"processGroupName":"NiFi Flow","processorName":"Update flow parameters","processorId":"8701eecc-6fc3-32d9-31a8-fffb0617903f","processGroupId":"b934aa36-0166-1000-2f0f-f8b5dbc366b0","processorType":"false","key":"metadata.sourceDataSetIds","value":"${metadata.sourceDataSetIds}","expressionProperties":null,"propertyDescriptor":{"name":"metadata.sourceDataSetIds","displayName":"metadata.sourceDataSetIds","description":"","defaultValue":null,"allowableValues":null,"required":false,"sensitive":false,"dynamic":true,"supportsEl":true,"identifiesControllerService":null,"hidden":false},"registrationChangeInfo":{"key":"metadata.sourceDataSetIds","valueFromOlderNiFiTemplate":"${metadata.sourceDataSetIds}","valueFromNewerNiFiTemplate":"${metadata.sourceDataSetIds}","valueRegisteredInKyloTemplateFromOlderNiFiTemplate":"${metadata.sourceDataSetIds}"},"templateValue":"${metadata.sourceDataSetIds}","userEditable":false,"renderType":"text","renderOptions":{},"selected":true,"inputProperty":false,"containsConfigurationVariables":false,"sensitive":false,"required":false,"templateProperty":null,"hidden":false,"idKey":"b934aa36-0166-1000-2f0f-f8b5dbc366b0-8701eecc-6fc3-32d9-31a8-fffb0617903f-metadata.sourceDataSetIds","processorNameTypeKey":"Update flow parameters-false-metadata.sourceDataSetIds","remoteProcessGroupProperty":false,"nameKey":"NiFi Flow-Update flow parameters-metadata.sourceDataSetIds"},{"processGroupName":"NiFi Flow","processorName":"Update flow parameters","processorId":"8701eecc-6fc3-32d9-31a8-fffb0617903f","processGroupId":"b934aa36-0166-1000-2f0f-f8b5dbc366b0","processorType":"false","key":"metadata.table.feedFieldStructure","value":"${metadata.table.feedFieldStructure}","expressionProperties":null,"propertyDescriptor":{"name":"metadata.table.feedFieldStructure","displayName":"metadata.table.feedFieldStructure","description":"","defaultValue":null,"allowableValues":null,"required":false,"sensitive":false,"dynamic":true,"supportsEl":true,"identifiesControllerService":null,"hidden":false},"registrationChangeInfo":{"key":"metadata.table.feedFieldStructure","valueFromOlderNiFiTemplate":"${metadata.table.feedFieldStructure}","valueFromNewerNiFiTemplate":"${metadata.table.feedFieldStructure}","valueRegisteredInKyloTemplateFromOlderNiFiTemplate":"${metadata.table.feedFieldStructure}"},"templateValue":"${metadata.table.feedFieldStructure}","userEditable":false,"renderType":"text","renderOptions":{},"selected":true,"inputProperty":false,"containsConfigurationVariables":false,"sensitive":false,"required":false,"templateProperty":null,"hidden":false,"idKey":"b934aa36-0166-1000-2f0f-f8b5dbc366b0-8701eecc-6fc3-32d9-31a8-fffb0617903f-metadata.table.feedFieldStructure","processorNameTypeKey":"Update flow parameters-false-metadata.table.feedFieldStructure","remoteProcessGroupProperty":false,"nameKey":"NiFi Flow-Update flow parameters-metadata.table.feedFieldStructure"},{"processGroupName":"NiFi Flow","processorName":"Update flow parameters","processorId":"8701eecc-6fc3-32d9-31a8-fffb0617903f","processGroupId":"b934aa36-0166-1000-2f0f-f8b5dbc366b0","processorType":"false","key":"metadata.table.fieldIndexString","value":"${metadata.table.fieldIndexString}","expressionProperties":null,"propertyDescriptor":{"name":"metadata.table.fieldIndexString","displayName":"metadata.table.fieldIndexString","description":"","defaultValue":null,"allowableValues":null,"required":false,"sensitive":false,"dynamic":true,"supportsEl":true,"identifiesControllerService":null,"hidden":false},"registrationChangeInfo":{"key":"metadata.table.fieldIndexString","valueFromOlderNiFiTemplate":"${metadata.table.fieldIndexString}","valueFromNewerNiFiTemplate":"${metadata.table.fieldIndexString}","valueRegisteredInKyloTemplateFromOlderNiFiTemplate":"${metadata.table.fieldIndexString}"},"templateValue":"${metadata.table.fieldIndexString}","userEditable":false,"renderType":"text","renderOptions":{},"selected":true,"inputProperty":false,"containsConfigurationVariables":false,"sensitive":false,"required":false,"templateProperty":null,"hidden":false,"idKey":"b934aa36-0166-1000-2f0f-f8b5dbc366b0-8701eecc-6fc3-32d9-31a8-fffb0617903f-metadata.table.fieldIndexString","processorNameTypeKey":"Update flow parameters-false-metadata.table.fieldIndexString","remoteProcessGroupProperty":false,"nameKey":"NiFi Flow-Update flow parameters-metadata.table.fieldIndexString"},{"processGroupName":"NiFi Flow","processorName":"Update flow parameters","processorId":"8701eecc-6fc3-32d9-31a8-fffb0617903f","processGroupId":"b934aa36-0166-1000-2f0f-f8b5dbc366b0","processorType":"false","key":"metadata.table.fieldPoliciesJson","value":"${metadata.table.fieldPoliciesJson}","expressionProperties":null,"propertyDescriptor":{"name":"metadata.table.fieldPoliciesJson","displayName":"metadata.table.fieldPoliciesJson","description":"","defaultValue":null,"allowableValues":null,"required":false,"sensitive":false,"dynamic":true,"supportsEl":true,"identifiesControllerService":null,"hidden":false},"registrationChangeInfo":{"key":"metadata.table.fieldPoliciesJson","valueFromOlderNiFiTemplate":"${metadata.table.fieldPoliciesJson}","valueFromNewerNiFiTemplate":"${metadata.table.fieldPoliciesJson}","valueRegisteredInKyloTemplateFromOlderNiFiTemplate":"${metadata.table.fieldPoliciesJson}"},"templateValue":"${metadata.table.fieldPoliciesJson}","userEditable":false,"renderType":"text","renderOptions":{},"selected":true,"inputProperty":false,"containsConfigurationVariables":false,"sensitive":false,"required":false,"templateProperty":null,"hidden":false,"idKey":"b934aa36-0166-1000-2f0f-f8b5dbc366b0-8701eecc-6fc3-32d9-31a8-fffb0617903f-metadata.table.fieldPoliciesJson","processorNameTypeKey":"Update flow parameters-false-metadata.table.fieldPoliciesJson","remoteProcessGroupProperty":false,"nameKey":"NiFi Flow-Update flow parameters-metadata.table.fieldPoliciesJson"},{"processGroupName":"NiFi Flow","processorName":"Update flow parameters","processorId":"8701eecc-6fc3-32d9-31a8-fffb0617903f","processGroupId":"b934aa36-0166-1000-2f0f-f8b5dbc366b0","processorType":"false","key":"metadata.table.fieldStructure","value":"${metadata.table.fieldStructure}","expressionProperties":null,"propertyDescriptor":{"name":"metadata.table.fieldStructure","displayName":null,"description":null,"defaultValue":null,"allowableValues":null,"required":null,"sensitive":null,"dynamic":null,"supportsEl":null,"identifiesControllerService":null,"hidden":false},"registrationChangeInfo":{"key":"metadata.table.fieldStructure","valueFromOlderNiFiTemplate":"${metadata.table.fieldStructure}","valueFromNewerNiFiTemplate":"${metadata.table.fieldStructure}","valueRegisteredInKyloTemplateFromOlderNiFiTemplate":"${metadata.table.fieldStructure}"},"templateValue":"${metadata.table.fieldStructure}","userEditable":false,"renderType":"text","renderOptions":{},"selected":true,"inputProperty":false,"containsConfigurationVariables":false,"sensitive":false,"required":false,"templateProperty":null,"hidden":false,"idKey":"b934aa36-0166-1000-2f0f-f8b5dbc366b0-8701eecc-6fc3-32d9-31a8-fffb0617903f-metadata.table.fieldStructure","processorNameTypeKey":"Update flow parameters-false-metadata.table.fieldStructure","remoteProcessGroupProperty":false,"nameKey":"NiFi Flow-Update flow parameters-metadata.table.fieldStructure"},{"processGroupName":"NiFi Flow","processorName":"Update flow parameters","processorId":"8701eecc-6fc3-32d9-31a8-fffb0617903f","processGroupId":"b934aa36-0166-1000-2f0f-f8b5dbc366b0","processorType":"false","key":"metadata.table.partitionSpecs","value":"${metadata.table.partitionSpecs}","expressionProperties":null,"propertyDescriptor":{"name":"metadata.table.partitionSpecs","displayName":"metadata.table.partitionSpecs","description":"","defaultValue":null,"allowableValues":null,"required":false,"sensitive":false,"dynamic":true,"supportsEl":true,"identifiesControllerService":null,"hidden":false},"registrationChangeInfo":{"key":"metadata.table.partitionSpecs","valueFromOlderNiFiTemplate":"${metadata.table.partitionSpecs}","valueFromNewerNiFiTemplate":"${metadata.table.partitionSpecs}","valueRegisteredInKyloTemplateFromOlderNiFiTemplate":"${metadata.table.partitionSpecs}"},"templateValue":"${metadata.table.partitionSpecs}","userEditable":false,"renderType":"text","renderOptions":{},"selected":true,"inputProperty":false,"containsConfigurationVariables":false,"sensitive":false,"required":false,"templateProperty":null,"hidden":false,"idKey":"b934aa36-0166-1000-2f0f-f8b5dbc366b0-8701eecc-6fc3-32d9-31a8-fffb0617903f-metadata.table.partitionSpecs","processorNameTypeKey":"Update flow parameters-false-metadata.table.partitionSpecs","remoteProcessGroupProperty":false,"nameKey":"NiFi Flow-Update flow parameters-metadata.table.partitionSpecs"},{"processGroupName":"NiFi Flow","processorName":"Update flow parameters","processorId":"8701eecc-6fc3-32d9-31a8-fffb0617903f","processGroupId":"b934aa36-0166-1000-2f0f-f8b5dbc366b0","processorType":"false","key":"metadata.table.partitionStructure","value":"${metadata.table.partitionStructure}","expressionProperties":null,"propertyDescriptor":{"name":"metadata.table.partitionStructure","displayName":null,"description":null,"defaultValue":null,"allowableValues":null,"required":null,"sensitive":null,"dynamic":null,"supportsEl":null,"identifiesControllerService":null,"hidden":false},"registrationChangeInfo":{"key":"metadata.table.partitionStructure","valueFromOlderNiFiTemplate":"${metadata.table.partitionStructure}","valueFromNewerNiFiTemplate":"${metadata.table.partitionStructure}","valueRegisteredInKyloTemplateFromOlderNiFiTemplate":"${metadata.table.partitionStructure}"},"templateValue":"${metadata.table.partitionStructure}","userEditable":false,"renderType":"text","renderOptions":{},"selected":true,"inputProperty":false,"containsConfigurationVariables":false,"sensitive":false,"required":false,"templateProperty":null,"hidden":false,"idKey":"b934aa36-0166-1000-2f0f-f8b5dbc366b0-8701eecc-6fc3-32d9-31a8-fffb0617903f-metadata.table.partitionStructure","processorNameTypeKey":"Update flow parameters-false-metadata.table.partitionStructure","remoteProcessGroupProperty":false,"nameKey":"NiFi Flow-Update flow parameters-metadata.table.partitionStructure"},{"processGroupName":"NiFi Flow","processorName":"Update flow parameters","processorId":"8701eecc-6fc3-32d9-31a8-fffb0617903f","processGroupId":"b934aa36-0166-1000-2f0f-f8b5dbc366b0","processorType":"false","key":"metadata.table.targetFormat","value":"${metadata.table.targetFormat}","expressionProperties":null,"propertyDescriptor":{"name":"metadata.table.targetFormat","displayName":null,"description":null,"defaultValue":null,"allowableValues":null,"required":null,"sensitive":null,"dynamic":null,"supportsEl":null,"identifiesControllerService":null,"hidden":false},"registrationChangeInfo":{"key":"metadata.table.targetFormat","valueFromOlderNiFiTemplate":"${metadata.table.targetFormat}","valueFromNewerNiFiTemplate":"${metadata.table.targetFormat}","valueRegisteredInKyloTemplateFromOlderNiFiTemplate":"${metadata.table.targetFormat}"},"templateValue":"${metadata.table.targetFormat}","userEditable":false,"renderType":"text","renderOptions":{},"selected":true,"inputProperty":false,"containsConfigurationVariables":false,"sensitive":false,"required":false,"templateProperty":null,"hidden":false,"idKey":"b934aa36-0166-1000-2f0f-f8b5dbc366b0-8701eecc-6fc3-32d9-31a8-fffb0617903f-metadata.table.targetFormat","processorNameTypeKey":"Update flow parameters-false-metadata.table.targetFormat","remoteProcessGroupProperty":false,"nameKey":"NiFi Flow-Update flow parameters-metadata.table.targetFormat"},{"processGroupName":"NiFi Flow","processorName":"Update flow parameters","processorId":"8701eecc-6fc3-32d9-31a8-fffb0617903f","processGroupId":"b934aa36-0166-1000-2f0f-f8b5dbc366b0","processorType":"false","key":"metadata.table.targetMergeStrategy","value":"${metadata.table.targetMergeStrategy}","expressionProperties":null,"propertyDescriptor":{"name":"metadata.table.targetMergeStrategy","displayName":"metadata.table.targetMergeStrategy","description":"","defaultValue":null,"allowableValues":null,"required":false,"sensitive":false,"dynamic":true,"supportsEl":true,"identifiesControllerService":null,"hidden":false},"registrationChangeInfo":{"key":"metadata.table.targetMergeStrategy","valueFromOlderNiFiTemplate":"${metadata.table.targetMergeStrategy}","valueFromNewerNiFiTemplate":"${metadata.table.targetMergeStrategy}","valueRegisteredInKyloTemplateFromOlderNiFiTemplate":"${metadata.table.targetMergeStrategy}"},"templateValue":"${metadata.table.targetMergeStrategy}","userEditable":false,"renderType":"text","renderOptions":{},"selected":true,"inputProperty":false,"containsConfigurationVariables":false,"sensitive":false,"required":false,"templateProperty":null,"hidden":false,"idKey":"b934aa36-0166-1000-2f0f-f8b5dbc366b0-8701eecc-6fc3-32d9-31a8-fffb0617903f-metadata.table.targetMergeStrategy","processorNameTypeKey":"Update flow parameters-false-metadata.table.targetMergeStrategy","remoteProcessGroupProperty":false,"nameKey":"NiFi Flow-Update flow parameters-metadata.table.targetMergeStrategy"},{"processGroupName":"NiFi Flow","processorName":"Update flow parameters","processorId":"8701eecc-6fc3-32d9-31a8-fffb0617903f","processGroupId":"b934aa36-0166-1000-2f0f-f8b5dbc366b0","processorType":"false","key":"metadata.table.targetTblProperties","value":"${metadata.table.targetTblProperties}","expressionProperties":null,"propertyDescriptor":{"name":"metadata.table.targetTblProperties","displayName":"metadata.table.targetTblProperties","description":"","defaultValue":null,"allowableValues":null,"required":false,"sensitive":false,"dynamic":true,"supportsEl":true,"identifiesControllerService":null,"hidden":false},"registrationChangeInfo":{"key":"metadata.table.targetTblProperties","valueFromOlderNiFiTemplate":"${metadata.table.targetTblProperties}","valueFromNewerNiFiTemplate":"${metadata.table.targetTblProperties}","valueRegisteredInKyloTemplateFromOlderNiFiTemplate":"${metadata.table.targetTblProperties}"},"templateValue":"${metadata.table.targetTblProperties}","userEditable":false,"renderType":"text","renderOptions":{},"selected":true,"inputProperty":false,"containsConfigurationVariables":false,"sensitive":false,"required":false,"templateProperty":null,"hidden":false,"idKey":"b934aa36-0166-1000-2f0f-f8b5dbc366b0-8701eecc-6fc3-32d9-31a8-fffb0617903f-metadata.table.targetTblProperties","processorNameTypeKey":"Update flow parameters-false-metadata.table.targetTblProperties","remoteProcessGroupProperty":false,"nameKey":"NiFi Flow-Update flow parameters-metadata.table.targetTblProperties"},{"processGroupName":"NiFi Flow","processorName":"Update flow parameters","processorId":"8701eecc-6fc3-32d9-31a8-fffb0617903f","processGroupId":"b934aa36-0166-1000-2f0f-f8b5dbc366b0","processorType":"false","key":"nifi.home","value":"${config.nifi.home}","expressionProperties":null,"propertyDescriptor":{"name":"nifi.home","displayName":"nifi.home","description":"","defaultValue":null,"allowableValues":null,"required":false,"sensitive":false,"dynamic":true,"supportsEl":true,"identifiesControllerService":null,"hidden":false},"registrationChangeInfo":{"key":"nifi.home","valueFromOlderNiFiTemplate":"${config.nifi.home}","valueFromNewerNiFiTemplate":"${config.nifi.home}","valueRegisteredInKyloTemplateFromOlderNiFiTemplate":"${config.nifi.home}"},"templateValue":"${config.nifi.home}","userEditable":false,"renderType":"text","renderOptions":{},"selected":true,"inputProperty":false,"containsConfigurationVariables":false,"sensitive":false,"required":false,"templateProperty":null,"hidden":false,"idKey":"b934aa36-0166-1000-2f0f-f8b5dbc366b0-8701eecc-6fc3-32d9-31a8-fffb0617903f-nifi.home","processorNameTypeKey":"Update flow parameters-false-nifi.home","remoteProcessGroupProperty":false,"nameKey":"NiFi Flow-Update flow parameters-nifi.home"},{"processGroupName":"NiFi Flow","processorName":"Update flow parameters","processorId":"8701eecc-6fc3-32d9-31a8-fffb0617903f","processGroupId":"b934aa36-0166-1000-2f0f-f8b5dbc366b0","processorType":"false","key":"nifi.kylo.applicationJarDirectory","value":"${config.nifi.kylo.applicationJarDirectory}","expressionProperties":null,"propertyDescriptor":{"name":"nifi.kylo.applicationJarDirectory","displayName":"nifi.kylo.applicationJarDirectory","description":"","defaultValue":null,"allowableValues":null,"required":false,"sensitive":false,"dynamic":true,"supportsEl":true,"identifiesControllerService":null,"hidden":false},"registrationChangeInfo":{"key":"nifi.kylo.applicationJarDirectory","valueFromOlderNiFiTemplate":"${config.nifi.kylo.applicationJarDirectory}","valueFromNewerNiFiTemplate":"${config.nifi.kylo.applicationJarDirectory}","valueRegisteredInKyloTemplateFromOlderNiFiTemplate":"${config.nifi.kylo.applicationJarDirectory}"},"templateValue":"${config.nifi.kylo.applicationJarDirectory}","userEditable":false,"renderType":"text","renderOptions":{},"selected":true,"inputProperty":false,"containsConfigurationVariables":false,"sensitive":false,"required":false,"templateProperty":null,"hidden":false,"idKey":"b934aa36-0166-1000-2f0f-f8b5dbc366b0-8701eecc-6fc3-32d9-31a8-fffb0617903f-nifi.kylo.applicationJarDirectory","processorNameTypeKey":"Update flow parameters-false-nifi.kylo.applicationJarDirectory","remoteProcessGroupProperty":false,"nameKey":"NiFi Flow-Update flow parameters-nifi.kylo.applicationJarDirectory"},{"processGroupName":"NiFi Flow","processorName":"Update flow parameters","processorId":"8701eecc-6fc3-32d9-31a8-fffb0617903f","processGroupId":"b934aa36-0166-1000-2f0f-f8b5dbc366b0","processorType":"false","key":"spark.version","value":"${config.spark.version}","expressionProperties":null,"propertyDescriptor":{"name":"spark.version","displayName":"spark.version","description":"","defaultValue":null,"allowableValues":null,"required":false,"sensitive":false,"dynamic":true,"supportsEl":true,"identifiesControllerService":null,"hidden":false},"registrationChangeInfo":{"key":"spark.version","valueFromOlderNiFiTemplate":"${config.spark.version}","valueFromNewerNiFiTemplate":"${config.spark.version}","valueRegisteredInKyloTemplateFromOlderNiFiTemplate":"${config.spark.version}"},"templateValue":"${config.spark.version}","userEditable":false,"renderType":"text","renderOptions":{},"selected":true,"inputProperty":false,"containsConfigurationVariables":false,"sensitive":false,"required":false,"templateProperty":null,"hidden":false,"idKey":"b934aa36-0166-1000-2f0f-f8b5dbc366b0-8701eecc-6fc3-32d9-31a8-fffb0617903f-spark.version","processorNameTypeKey":"Update flow parameters-false-spark.version","remoteProcessGroupProperty":false,"nameKey":"NiFi Flow-Update flow parameters-spark.version"}],"nonInputProcessors":[{"properties":[{"processGroupName":"NiFi Flow","processorName":"Update flow parameters","processorId":"8701eecc-6fc3-32d9-31a8-fffb0617903f","processGroupId":"b934aa36-0166-1000-2f0f-f8b5dbc366b0","processorType":"false","key":"category","value":"${metadata.category.systemName}","expressionProperties":null,"propertyDescriptor":{"name":"category","displayName":null,"description":null,"defaultValue":null,"allowableValues":null,"required":null,"sensitive":null,"dynamic":null,"supportsEl":null,"identifiesControllerService":null,"hidden":false},"registrationChangeInfo":{"key":"category","valueFromOlderNiFiTemplate":"${metadata.category.systemName}","valueFromNewerNiFiTemplate":"${metadata.category.systemName}","valueRegisteredInKyloTemplateFromOlderNiFiTemplate":"${metadata.category.systemName}"},"templateValue":"${metadata.category.systemName}","userEditable":false,"renderType":"text","renderOptions":{},"selected":true,"inputProperty":false,"containsConfigurationVariables":false,"sensitive":false,"required":false,"templateProperty":null,"hidden":false,"idKey":"b934aa36-0166-1000-2f0f-f8b5dbc366b0-8701eecc-6fc3-32d9-31a8-fffb0617903f-category","processorNameTypeKey":"Update flow parameters-false-category","remoteProcessGroupProperty":false,"nameKey":"NiFi Flow-Update flow parameters-category"},{"processGroupName":"NiFi Flow","processorName":"Update flow parameters","processorId":"8701eecc-6fc3-32d9-31a8-fffb0617903f","processGroupId":"b934aa36-0166-1000-2f0f-f8b5dbc366b0","processorType":"false","key":"feed","value":"${metadata.systemFeedName}","expressionProperties":null,"propertyDescriptor":{"name":"feed","displayName":null,"description":null,"defaultValue":null,"allowableValues":null,"required":null,"sensitive":null,"dynamic":null,"supportsEl":null,"identifiesControllerService":null,"hidden":false},"registrationChangeInfo":{"key":"feed","valueFromOlderNiFiTemplate":"${metadata.systemFeedName}","valueFromNewerNiFiTemplate":"${metadata.systemFeedName}","valueRegisteredInKyloTemplateFromOlderNiFiTemplate":"${metadata.systemFeedName}"},"templateValue":"${metadata.systemFeedName}","userEditable":false,"renderType":"text","renderOptions":{},"selected":true,"inputProperty":false,"containsConfigurationVariables":false,"sensitive":false,"required":false,"templateProperty":null,"hidden":false,"idKey":"b934aa36-0166-1000-2f0f-f8b5dbc366b0-8701eecc-6fc3-32d9-31a8-fffb0617903f-feed","processorNameTypeKey":"Update flow parameters-false-feed","remoteProcessGroupProperty":false,"nameKey":"NiFi Flow-Update flow parameters-feed"},{"processGroupName":"NiFi Flow","processorName":"Update flow parameters","processorId":"8701eecc-6fc3-32d9-31a8-fffb0617903f","processGroupId":"b934aa36-0166-1000-2f0f-f8b5dbc366b0","processorType":"false","key":"hdfs.ingest.root","value":"${config.hdfs.ingest.root}","expressionProperties":null,"propertyDescriptor":{"name":"hdfs.ingest.root","displayName":null,"description":null,"defaultValue":null,"allowableValues":null,"required":null,"sensitive":null,"dynamic":null,"supportsEl":null,"identifiesControllerService":null,"hidden":false},"registrationChangeInfo":{"key":"hdfs.ingest.root","valueFromOlderNiFiTemplate":"${config.hdfs.ingest.root}","valueFromNewerNiFiTemplate":"${config.hdfs.ingest.root}","valueRegisteredInKyloTemplateFromOlderNiFiTemplate":"${config.hdfs.ingest.root}"},"templateValue":"${config.hdfs.ingest.root}","userEditable":false,"renderType":"text","renderOptions":{},"selected":true,"inputProperty":false,"containsConfigurationVariables":false,"sensitive":false,"required":false,"templateProperty":null,"hidden":false,"idKey":"b934aa36-0166-1000-2f0f-f8b5dbc366b0-8701eecc-6fc3-32d9-31a8-fffb0617903f-hdfs.ingest.root","processorNameTypeKey":"Update flow parameters-false-hdfs.ingest.root","remoteProcessGroupProperty":false,"nameKey":"NiFi Flow-Update flow parameters-hdfs.ingest.root"},{"processGroupName":"NiFi Flow","processorName":"Update flow parameters","processorId":"8701eecc-6fc3-32d9-31a8-fffb0617903f","processGroupId":"b934aa36-0166-1000-2f0f-f8b5dbc366b0","processorType":"false","key":"hive.ingest.root","value":"${config.hive.ingest.root}","expressionProperties":null,"propertyDescriptor":{"name":"hive.ingest.root","displayName":null,"description":null,"defaultValue":null,"allowableValues":null,"required":null,"sensitive":null,"dynamic":null,"supportsEl":null,"identifiesControllerService":null,"hidden":false},"registrationChangeInfo":{"key":"hive.ingest.root","valueFromOlderNiFiTemplate":"${config.hive.ingest.root}","valueFromNewerNiFiTemplate":"${config.hive.ingest.root}","valueRegisteredInKyloTemplateFromOlderNiFiTemplate":"${config.hive.ingest.root}"},"templateValue":"${config.hive.ingest.root}","userEditable":false,"renderType":"text","renderOptions":{},"selected":true,"inputProperty":false,"containsConfigurationVariables":false,"sensitive":false,"required":false,"templateProperty":null,"hidden":false,"idKey":"b934aa36-0166-1000-2f0f-f8b5dbc366b0-8701eecc-6fc3-32d9-31a8-fffb0617903f-hive.ingest.root","processorNameTypeKey":"Update flow parameters-false-hive.ingest.root","remoteProcessGroupProperty":false,"nameKey":"NiFi Flow-Update flow parameters-hive.ingest.root"},{"processGroupName":"NiFi Flow","processorName":"Update flow parameters","processorId":"8701eecc-6fc3-32d9-31a8-fffb0617903f","processGroupId":"b934aa36-0166-1000-2f0f-f8b5dbc366b0","processorType":"false","key":"hive.master.root","value":"${config.hive.master.root}","expressionProperties":null,"propertyDescriptor":{"name":"hive.master.root","displayName":null,"description":null,"defaultValue":null,"allowableValues":null,"required":null,"sensitive":null,"dynamic":null,"supportsEl":null,"identifiesControllerService":null,"hidden":false},"registrationChangeInfo":{"key":"hive.master.root","valueFromOlderNiFiTemplate":"${config.hive.master.root}","valueFromNewerNiFiTemplate":"${config.hive.master.root}","valueRegisteredInKyloTemplateFromOlderNiFiTemplate":"${config.hive.master.root}"},"templateValue":"${config.hive.master.root}","userEditable":false,"renderType":"text","renderOptions":{},"selected":true,"inputProperty":false,"containsConfigurationVariables":false,"sensitive":false,"required":false,"templateProperty":null,"hidden":false,"idKey":"b934aa36-0166-1000-2f0f-f8b5dbc366b0-8701eecc-6fc3-32d9-31a8-fffb0617903f-hive.master.root","processorNameTypeKey":"Update flow parameters-false-hive.master.root","remoteProcessGroupProperty":false,"nameKey":"NiFi Flow-Update flow parameters-hive.master.root"},{"processGroupName":"NiFi Flow","processorName":"Update flow parameters","processorId":"8701eecc-6fc3-32d9-31a8-fffb0617903f","processGroupId":"b934aa36-0166-1000-2f0f-f8b5dbc366b0","processorType":"false","key":"hive.profile.root","value":"${config.hive.profile.root}","expressionProperties":null,"propertyDescriptor":{"name":"hive.profile.root","displayName":"hive.profile.root","description":"","defaultValue":null,"allowableValues":null,"required":false,"sensitive":false,"dynamic":true,"supportsEl":true,"identifiesControllerService":null,"hidden":false},"registrationChangeInfo":{"key":"hive.profile.root","valueFromOlderNiFiTemplate":"${config.hive.profile.root}","valueFromNewerNiFiTemplate":"${config.hive.profile.root}","valueRegisteredInKyloTemplateFromOlderNiFiTemplate":"${config.hive.profile.root}"},"templateValue":"${config.hive.profile.root}","userEditable":false,"renderType":"text","renderOptions":{},"selected":true,"inputProperty":false,"containsConfigurationVariables":false,"sensitive":false,"required":false,"templateProperty":null,"hidden":false,"idKey":"b934aa36-0166-1000-2f0f-f8b5dbc366b0-8701eecc-6fc3-32d9-31a8-fffb0617903f-hive.profile.root","processorNameTypeKey":"Update flow parameters-false-hive.profile.root","remoteProcessGroupProperty":false,"nameKey":"NiFi Flow-Update flow parameters-hive.profile.root"},{"processGroupName":"NiFi Flow","processorName":"Update flow parameters","processorId":"8701eecc-6fc3-32d9-31a8-fffb0617903f","processGroupId":"b934aa36-0166-1000-2f0f-f8b5dbc366b0","processorType":"false","key":"metadata.dataTransformation.catalogDataSourceIdsString","value":"${metadata.dataTransformation.catalogDataSourceIdsString}","expressionProperties":null,"propertyDescriptor":{"name":"metadata.dataTransformation.catalogDataSourceIdsString","displayName":"metadata.dataTransformation.catalogDataSourceIdsString","description":"","defaultValue":null,"allowableValues":null,"required":false,"sensitive":false,"dynamic":true,"supportsEl":true,"identifiesControllerService":null,"hidden":false},"registrationChangeInfo":null,"templateValue":"${metadata.dataTransformation.catalogDataSourceIdsString}","userEditable":false,"renderType":"text","renderOptions":{},"selected":true,"inputProperty":false,"containsConfigurationVariables":false,"sensitive":false,"required":false,"templateProperty":null,"hidden":false,"idKey":"b934aa36-0166-1000-2f0f-f8b5dbc366b0-8701eecc-6fc3-32d9-31a8-fffb0617903f-metadata.dataTransformation.catalogDataSourceIdsString","processorNameTypeKey":"Update flow parameters-false-metadata.dataTransformation.catalogDataSourceIdsString","remoteProcessGroupProperty":false,"nameKey":"NiFi Flow-Update flow parameters-metadata.dataTransformation.catalogDataSourceIdsString"},{"processGroupName":"NiFi Flow","processorName":"Update flow parameters","processorId":"8701eecc-6fc3-32d9-31a8-fffb0617903f","processGroupId":"b934aa36-0166-1000-2f0f-f8b5dbc366b0","processorType":"false","key":"metadata.dataTransformation.dataTransformScript","value":"${metadata.dataTransformation.dataTransformScript}","expressionProperties":null,"propertyDescriptor":{"name":"metadata.dataTransformation.dataTransformScript","displayName":"metadata.dataTransformation.dataTransformScript","description":"","defaultValue":null,"allowableValues":null,"required":false,"sensitive":false,"dynamic":true,"supportsEl":true,"identifiesControllerService":null,"hidden":false},"registrationChangeInfo":{"key":"metadata.dataTransformation.dataTransformScript","valueFromOlderNiFiTemplate":"${metadata.dataTransformation.dataTransformScript}","valueFromNewerNiFiTemplate":"${metadata.dataTransformation.dataTransformScript}","valueRegisteredInKyloTemplateFromOlderNiFiTemplate":"${metadata.dataTransformation.dataTransformScript}"},"templateValue":"${metadata.dataTransformation.dataTransformScript}","userEditable":false,"renderType":"text","renderOptions":{},"selected":true,"inputProperty":false,"containsConfigurationVariables":false,"sensitive":false,"required":false,"templateProperty":null,"hidden":false,"idKey":"b934aa36-0166-1000-2f0f-f8b5dbc366b0-8701eecc-6fc3-32d9-31a8-fffb0617903f-metadata.dataTransformation.dataTransformScript","processorNameTypeKey":"Update flow parameters-false-metadata.dataTransformation.dataTransformScript","remoteProcessGroupProperty":false,"nameKey":"NiFi Flow-Update flow parameters-metadata.dataTransformation.dataTransformScript"},{"processGroupName":"NiFi Flow","processorName":"Update flow parameters","processorId":"8701eecc-6fc3-32d9-31a8-fffb0617903f","processGroupId":"b934aa36-0166-1000-2f0f-f8b5dbc366b0","processorType":"false","key":"metadata.dataTransformation.datasourceIds","value":"${metadata.dataTransformation.datasourceIds}","expressionProperties":null,"propertyDescriptor":{"name":"metadata.dataTransformation.datasourceIds","displayName":"metadata.dataTransformation.datasourceIds","description":"","defaultValue":null,"allowableValues":null,"required":false,"sensitive":false,"dynamic":true,"supportsEl":true,"identifiesControllerService":null,"hidden":false},"registrationChangeInfo":{"key":"metadata.dataTransformation.datasourceIds","valueFromOlderNiFiTemplate":"${metadata.dataTransformation.datasourceIds}","valueFromNewerNiFiTemplate":"${metadata.dataTransformation.datasourceIds}","valueRegisteredInKyloTemplateFromOlderNiFiTemplate":"${metadata.dataTransformation.datasourceIds}"},"templateValue":"${metadata.dataTransformation.datasourceIds}","userEditable":false,"renderType":"text","renderOptions":{},"selected":true,"inputProperty":false,"containsConfigurationVariables":false,"sensitive":false,"required":false,"templateProperty":null,"hidden":false,"idKey":"b934aa36-0166-1000-2f0f-f8b5dbc366b0-8701eecc-6fc3-32d9-31a8-fffb0617903f-metadata.dataTransformation.datasourceIds","processorNameTypeKey":"Update flow parameters-false-metadata.dataTransformation.datasourceIds","remoteProcessGroupProperty":false,"nameKey":"NiFi Flow-Update flow parameters-metadata.dataTransformation.datasourceIds"},{"processGroupName":"NiFi Flow","processorName":"Update flow parameters","processorId":"8701eecc-6fc3-32d9-31a8-fffb0617903f","processGroupId":"b934aa36-0166-1000-2f0f-f8b5dbc366b0","processorType":"false","key":"metadata.sourceDataSetIds","value":"${metadata.sourceDataSetIds}","expressionProperties":null,"propertyDescriptor":{"name":"metadata.sourceDataSetIds","displayName":"metadata.sourceDataSetIds","description":"","defaultValue":null,"allowableValues":null,"required":false,"sensitive":false,"dynamic":true,"supportsEl":true,"identifiesControllerService":null,"hidden":false},"registrationChangeInfo":{"key":"metadata.sourceDataSetIds","valueFromOlderNiFiTemplate":"${metadata.sourceDataSetIds}","valueFromNewerNiFiTemplate":"${metadata.sourceDataSetIds}","valueRegisteredInKyloTemplateFromOlderNiFiTemplate":"${metadata.sourceDataSetIds}"},"templateValue":"${metadata.sourceDataSetIds}","userEditable":false,"renderType":"text","renderOptions":{},"selected":true,"inputProperty":false,"containsConfigurationVariables":false,"sensitive":false,"required":false,"templateProperty":null,"hidden":false,"idKey":"b934aa36-0166-1000-2f0f-f8b5dbc366b0-8701eecc-6fc3-32d9-31a8-fffb0617903f-metadata.sourceDataSetIds","processorNameTypeKey":"Update flow parameters-false-metadata.sourceDataSetIds","remoteProcessGroupProperty":false,"nameKey":"NiFi Flow-Update flow parameters-metadata.sourceDataSetIds"},{"processGroupName":"NiFi Flow","processorName":"Update flow parameters","processorId":"8701eecc-6fc3-32d9-31a8-fffb0617903f","processGroupId":"b934aa36-0166-1000-2f0f-f8b5dbc366b0","processorType":"false","key":"metadata.table.feedFieldStructure","value":"${metadata.table.feedFieldStructure}","expressionProperties":null,"propertyDescriptor":{"name":"metadata.table.feedFieldStructure","displayName":"metadata.table.feedFieldStructure","description":"","defaultValue":null,"allowableValues":null,"required":false,"sensitive":false,"dynamic":true,"supportsEl":true,"identifiesControllerService":null,"hidden":false},"registrationChangeInfo":{"key":"metadata.table.feedFieldStructure","valueFromOlderNiFiTemplate":"${metadata.table.feedFieldStructure}","valueFromNewerNiFiTemplate":"${metadata.table.feedFieldStructure}","valueRegisteredInKyloTemplateFromOlderNiFiTemplate":"${metadata.table.feedFieldStructure}"},"templateValue":"${metadata.table.feedFieldStructure}","userEditable":false,"renderType":"text","renderOptions":{},"selected":true,"inputProperty":false,"containsConfigurationVariables":false,"sensitive":false,"required":false,"templateProperty":null,"hidden":false,"idKey":"b934aa36-0166-1000-2f0f-f8b5dbc366b0-8701eecc-6fc3-32d9-31a8-fffb0617903f-metadata.table.feedFieldStructure","processorNameTypeKey":"Update flow parameters-false-metadata.table.feedFieldStructure","remoteProcessGroupProperty":false,"nameKey":"NiFi Flow-Update flow parameters-metadata.table.feedFieldStructure"},{"processGroupName":"NiFi Flow","processorName":"Update flow parameters","processorId":"8701eecc-6fc3-32d9-31a8-fffb0617903f","processGroupId":"b934aa36-0166-1000-2f0f-f8b5dbc366b0","processorType":"false","key":"metadata.table.fieldIndexString","value":"${metadata.table.fieldIndexString}","expressionProperties":null,"propertyDescriptor":{"name":"metadata.table.fieldIndexString","displayName":"metadata.table.fieldIndexString","description":"","defaultValue":null,"allowableValues":null,"required":false,"sensitive":false,"dynamic":true,"supportsEl":true,"identifiesControllerService":null,"hidden":false},"registrationChangeInfo":{"key":"metadata.table.fieldIndexString","valueFromOlderNiFiTemplate":"${metadata.table.fieldIndexString}","valueFromNewerNiFiTemplate":"${metadata.table.fieldIndexString}","valueRegisteredInKyloTemplateFromOlderNiFiTemplate":"${metadata.table.fieldIndexString}"},"templateValue":"${metadata.table.fieldIndexString}","userEditable":false,"renderType":"text","renderOptions":{},"selected":true,"inputProperty":false,"containsConfigurationVariables":false,"sensitive":false,"required":false,"templateProperty":null,"hidden":false,"idKey":"b934aa36-0166-1000-2f0f-f8b5dbc366b0-8701eecc-6fc3-32d9-31a8-fffb0617903f-metadata.table.fieldIndexString","processorNameTypeKey":"Update flow parameters-false-metadata.table.fieldIndexString","remoteProcessGroupProperty":false,"nameKey":"NiFi Flow-Update flow parameters-metadata.table.fieldIndexString"},{"processGroupName":"NiFi Flow","processorName":"Update flow parameters","processorId":"8701eecc-6fc3-32d9-31a8-fffb0617903f","processGroupId":"b934aa36-0166-1000-2f0f-f8b5dbc366b0","processorType":"false","key":"metadata.table.fieldPoliciesJson","value":"${metadata.table.fieldPoliciesJson}","expressionProperties":null,"propertyDescriptor":{"name":"metadata.table.fieldPoliciesJson","displayName":"metadata.table.fieldPoliciesJson","description":"","defaultValue":null,"allowableValues":null,"required":false,"sensitive":false,"dynamic":true,"supportsEl":true,"identifiesControllerService":null,"hidden":false},"registrationChangeInfo":{"key":"metadata.table.fieldPoliciesJson","valueFromOlderNiFiTemplate":"${metadata.table.fieldPoliciesJson}","valueFromNewerNiFiTemplate":"${metadata.table.fieldPoliciesJson}","valueRegisteredInKyloTemplateFromOlderNiFiTemplate":"${metadata.table.fieldPoliciesJson}"},"templateValue":"${metadata.table.fieldPoliciesJson}","userEditable":false,"renderType":"text","renderOptions":{},"selected":true,"inputProperty":false,"containsConfigurationVariables":false,"sensitive":false,"required":false,"templateProperty":null,"hidden":false,"idKey":"b934aa36-0166-1000-2f0f-f8b5dbc366b0-8701eecc-6fc3-32d9-31a8-fffb0617903f-metadata.table.fieldPoliciesJson","processorNameTypeKey":"Update flow parameters-false-metadata.table.fieldPoliciesJson","remoteProcessGroupProperty":false,"nameKey":"NiFi Flow-Update flow parameters-metadata.table.fieldPoliciesJson"},{"processGroupName":"NiFi Flow","processorName":"Update flow parameters","processorId":"8701eecc-6fc3-32d9-31a8-fffb0617903f","processGroupId":"b934aa36-0166-1000-2f0f-f8b5dbc366b0","processorType":"false","key":"metadata.table.fieldStructure","value":"${metadata.table.fieldStructure}","expressionProperties":null,"propertyDescriptor":{"name":"metadata.table.fieldStructure","displayName":null,"description":null,"defaultValue":null,"allowableValues":null,"required":null,"sensitive":null,"dynamic":null,"supportsEl":null,"identifiesControllerService":null,"hidden":false},"registrationChangeInfo":{"key":"metadata.table.fieldStructure","valueFromOlderNiFiTemplate":"${metadata.table.fieldStructure}","valueFromNewerNiFiTemplate":"${metadata.table.fieldStructure}","valueRegisteredInKyloTemplateFromOlderNiFiTemplate":"${metadata.table.fieldStructure}"},"templateValue":"${metadata.table.fieldStructure}","userEditable":false,"renderType":"text","renderOptions":{},"selected":true,"inputProperty":false,"containsConfigurationVariables":false,"sensitive":false,"required":false,"templateProperty":null,"hidden":false,"idKey":"b934aa36-0166-1000-2f0f-f8b5dbc366b0-8701eecc-6fc3-32d9-31a8-fffb0617903f-metadata.table.fieldStructure","processorNameTypeKey":"Update flow parameters-false-metadata.table.fieldStructure","remoteProcessGroupProperty":false,"nameKey":"NiFi Flow-Update flow parameters-metadata.table.fieldStructure"},{"processGroupName":"NiFi Flow","processorName":"Update flow parameters","processorId":"8701eecc-6fc3-32d9-31a8-fffb0617903f","processGroupId":"b934aa36-0166-1000-2f0f-f8b5dbc366b0","processorType":"false","key":"metadata.table.partitionSpecs","value":"${metadata.table.partitionSpecs}","expressionProperties":null,"propertyDescriptor":{"name":"metadata.table.partitionSpecs","displayName":"metadata.table.partitionSpecs","description":"","defaultValue":null,"allowableValues":null,"required":false,"sensitive":false,"dynamic":true,"supportsEl":true,"identifiesControllerService":null,"hidden":false},"registrationChangeInfo":{"key":"metadata.table.partitionSpecs","valueFromOlderNiFiTemplate":"${metadata.table.partitionSpecs}","valueFromNewerNiFiTemplate":"${metadata.table.partitionSpecs}","valueRegisteredInKyloTemplateFromOlderNiFiTemplate":"${metadata.table.partitionSpecs}"},"templateValue":"${metadata.table.partitionSpecs}","userEditable":false,"renderType":"text","renderOptions":{},"selected":true,"inputProperty":false,"containsConfigurationVariables":false,"sensitive":false,"required":false,"templateProperty":null,"hidden":false,"idKey":"b934aa36-0166-1000-2f0f-f8b5dbc366b0-8701eecc-6fc3-32d9-31a8-fffb0617903f-metadata.table.partitionSpecs","processorNameTypeKey":"Update flow parameters-false-metadata.table.partitionSpecs","remoteProcessGroupProperty":false,"nameKey":"NiFi Flow-Update flow parameters-metadata.table.partitionSpecs"},{"processGroupName":"NiFi Flow","processorName":"Update flow parameters","processorId":"8701eecc-6fc3-32d9-31a8-fffb0617903f","processGroupId":"b934aa36-0166-1000-2f0f-f8b5dbc366b0","processorType":"false","key":"metadata.table.partitionStructure","value":"${metadata.table.partitionStructure}","expressionProperties":null,"propertyDescriptor":{"name":"metadata.table.partitionStructure","displayName":null,"description":null,"defaultValue":null,"allowableValues":null,"required":null,"sensitive":null,"dynamic":null,"supportsEl":null,"identifiesControllerService":null,"hidden":false},"registrationChangeInfo":{"key":"metadata.table.partitionStructure","valueFromOlderNiFiTemplate":"${metadata.table.partitionStructure}","valueFromNewerNiFiTemplate":"${metadata.table.partitionStructure}","valueRegisteredInKyloTemplateFromOlderNiFiTemplate":"${metadata.table.partitionStructure}"},"templateValue":"${metadata.table.partitionStructure}","userEditable":false,"renderType":"text","renderOptions":{},"selected":true,"inputProperty":false,"containsConfigurationVariables":false,"sensitive":false,"required":false,"templateProperty":null,"hidden":false,"idKey":"b934aa36-0166-1000-2f0f-f8b5dbc366b0-8701eecc-6fc3-32d9-31a8-fffb0617903f-metadata.table.partitionStructure","processorNameTypeKey":"Update flow parameters-false-metadata.table.partitionStructure","remoteProcessGroupProperty":false,"nameKey":"NiFi Flow-Update flow parameters-metadata.table.partitionStructure"},{"processGroupName":"NiFi Flow","processorName":"Update flow parameters","processorId":"8701eecc-6fc3-32d9-31a8-fffb0617903f","processGroupId":"b934aa36-0166-1000-2f0f-f8b5dbc366b0","processorType":"false","key":"metadata.table.targetFormat","value":"${metadata.table.targetFormat}","expressionProperties":null,"propertyDescriptor":{"name":"metadata.table.targetFormat","displayName":null,"description":null,"defaultValue":null,"allowableValues":null,"required":null,"sensitive":null,"dynamic":null,"supportsEl":null,"identifiesControllerService":null,"hidden":false},"registrationChangeInfo":{"key":"metadata.table.targetFormat","valueFromOlderNiFiTemplate":"${metadata.table.targetFormat}","valueFromNewerNiFiTemplate":"${metadata.table.targetFormat}","valueRegisteredInKyloTemplateFromOlderNiFiTemplate":"${metadata.table.targetFormat}"},"templateValue":"${metadata.table.targetFormat}","userEditable":false,"renderType":"text","renderOptions":{},"selected":true,"inputProperty":false,"containsConfigurationVariables":false,"sensitive":false,"required":false,"templateProperty":null,"hidden":false,"idKey":"b934aa36-0166-1000-2f0f-f8b5dbc366b0-8701eecc-6fc3-32d9-31a8-fffb0617903f-metadata.table.targetFormat","processorNameTypeKey":"Update flow parameters-false-metadata.table.targetFormat","remoteProcessGroupProperty":false,"nameKey":"NiFi Flow-Update flow parameters-metadata.table.targetFormat"},{"processGroupName":"NiFi Flow","processorName":"Update flow parameters","processorId":"8701eecc-6fc3-32d9-31a8-fffb0617903f","processGroupId":"b934aa36-0166-1000-2f0f-f8b5dbc366b0","processorType":"false","key":"metadata.table.targetMergeStrategy","value":"${metadata.table.targetMergeStrategy}","expressionProperties":null,"propertyDescriptor":{"name":"metadata.table.targetMergeStrategy","displayName":"metadata.table.targetMergeStrategy","description":"","defaultValue":null,"allowableValues":null,"required":false,"sensitive":false,"dynamic":true,"supportsEl":true,"identifiesControllerService":null,"hidden":false},"registrationChangeInfo":{"key":"metadata.table.targetMergeStrategy","valueFromOlderNiFiTemplate":"${metadata.table.targetMergeStrategy}","valueFromNewerNiFiTemplate":"${metadata.table.targetMergeStrategy}","valueRegisteredInKyloTemplateFromOlderNiFiTemplate":"${metadata.table.targetMergeStrategy}"},"templateValue":"${metadata.table.targetMergeStrategy}","userEditable":false,"renderType":"text","renderOptions":{},"selected":true,"inputProperty":false,"containsConfigurationVariables":false,"sensitive":false,"required":false,"templateProperty":null,"hidden":false,"idKey":"b934aa36-0166-1000-2f0f-f8b5dbc366b0-8701eecc-6fc3-32d9-31a8-fffb0617903f-metadata.table.targetMergeStrategy","processorNameTypeKey":"Update flow parameters-false-metadata.table.targetMergeStrategy","remoteProcessGroupProperty":false,"nameKey":"NiFi Flow-Update flow parameters-metadata.table.targetMergeStrategy"},{"processGroupName":"NiFi Flow","processorName":"Update flow parameters","processorId":"8701eecc-6fc3-32d9-31a8-fffb0617903f","processGroupId":"b934aa36-0166-1000-2f0f-f8b5dbc366b0","processorType":"false","key":"metadata.table.targetTblProperties","value":"${metadata.table.targetTblProperties}","expressionProperties":null,"propertyDescriptor":{"name":"metadata.table.targetTblProperties","displayName":"metadata.table.targetTblProperties","description":"","defaultValue":null,"allowableValues":null,"required":false,"sensitive":false,"dynamic":true,"supportsEl":true,"identifiesControllerService":null,"hidden":false},"registrationChangeInfo":{"key":"metadata.table.targetTblProperties","valueFromOlderNiFiTemplate":"${metadata.table.targetTblProperties}","valueFromNewerNiFiTemplate":"${metadata.table.targetTblProperties}","valueRegisteredInKyloTemplateFromOlderNiFiTemplate":"${metadata.table.targetTblProperties}"},"templateValue":"${metadata.table.targetTblProperties}","userEditable":false,"renderType":"text","renderOptions":{},"selected":true,"inputProperty":false,"containsConfigurationVariables":false,"sensitive":false,"required":false,"templateProperty":null,"hidden":false,"idKey":"b934aa36-0166-1000-2f0f-f8b5dbc366b0-8701eecc-6fc3-32d9-31a8-fffb0617903f-metadata.table.targetTblProperties","processorNameTypeKey":"Update flow parameters-false-metadata.table.targetTblProperties","remoteProcessGroupProperty":false,"nameKey":"NiFi Flow-Update flow parameters-metadata.table.targetTblProperties"},{"processGroupName":"NiFi Flow","processorName":"Update flow parameters","processorId":"8701eecc-6fc3-32d9-31a8-fffb0617903f","processGroupId":"b934aa36-0166-1000-2f0f-f8b5dbc366b0","processorType":"false","key":"nifi.home","value":"${config.nifi.home}","expressionProperties":null,"propertyDescriptor":{"name":"nifi.home","displayName":"nifi.home","description":"","defaultValue":null,"allowableValues":null,"required":false,"sensitive":false,"dynamic":true,"supportsEl":true,"identifiesControllerService":null,"hidden":false},"registrationChangeInfo":{"key":"nifi.home","valueFromOlderNiFiTemplate":"${config.nifi.home}","valueFromNewerNiFiTemplate":"${config.nifi.home}","valueRegisteredInKyloTemplateFromOlderNiFiTemplate":"${config.nifi.home}"},"templateValue":"${config.nifi.home}","userEditable":false,"renderType":"text","renderOptions":{},"selected":true,"inputProperty":false,"containsConfigurationVariables":false,"sensitive":false,"required":false,"templateProperty":null,"hidden":false,"idKey":"b934aa36-0166-1000-2f0f-f8b5dbc366b0-8701eecc-6fc3-32d9-31a8-fffb0617903f-nifi.home","processorNameTypeKey":"Update flow parameters-false-nifi.home","remoteProcessGroupProperty":false,"nameKey":"NiFi Flow-Update flow parameters-nifi.home"},{"processGroupName":"NiFi Flow","processorName":"Update flow parameters","processorId":"8701eecc-6fc3-32d9-31a8-fffb0617903f","processGroupId":"b934aa36-0166-1000-2f0f-f8b5dbc366b0","processorType":"false","key":"nifi.kylo.applicationJarDirectory","value":"${config.nifi.kylo.applicationJarDirectory}","expressionProperties":null,"propertyDescriptor":{"name":"nifi.kylo.applicationJarDirectory","displayName":"nifi.kylo.applicationJarDirectory","description":"","defaultValue":null,"allowableValues":null,"required":false,"sensitive":false,"dynamic":true,"supportsEl":true,"identifiesControllerService":null,"hidden":false},"registrationChangeInfo":{"key":"nifi.kylo.applicationJarDirectory","valueFromOlderNiFiTemplate":"${config.nifi.kylo.applicationJarDirectory}","valueFromNewerNiFiTemplate":"${config.nifi.kylo.applicationJarDirectory}","valueRegisteredInKyloTemplateFromOlderNiFiTemplate":"${config.nifi.kylo.applicationJarDirectory}"},"templateValue":"${config.nifi.kylo.applicationJarDirectory}","userEditable":false,"renderType":"text","renderOptions":{},"selected":true,"inputProperty":false,"containsConfigurationVariables":false,"sensitive":false,"required":false,"templateProperty":null,"hidden":false,"idKey":"b934aa36-0166-1000-2f0f-f8b5dbc366b0-8701eecc-6fc3-32d9-31a8-fffb0617903f-nifi.kylo.applicationJarDirectory","processorNameTypeKey":"Update flow parameters-false-nifi.kylo.applicationJarDirectory","remoteProcessGroupProperty":false,"nameKey":"NiFi Flow-Update flow parameters-nifi.kylo.applicationJarDirectory"},{"processGroupName":"NiFi Flow","processorName":"Update flow parameters","processorId":"8701eecc-6fc3-32d9-31a8-fffb0617903f","processGroupId":"b934aa36-0166-1000-2f0f-f8b5dbc366b0","processorType":"false","key":"spark.version","value":"${config.spark.version}","expressionProperties":null,"propertyDescriptor":{"name":"spark.version","displayName":"spark.version","description":"","defaultValue":null,"allowableValues":null,"required":false,"sensitive":false,"dynamic":true,"supportsEl":true,"identifiesControllerService":null,"hidden":false},"registrationChangeInfo":{"key":"spark.version","valueFromOlderNiFiTemplate":"${config.spark.version}","valueFromNewerNiFiTemplate":"${config.spark.version}","valueRegisteredInKyloTemplateFromOlderNiFiTemplate":"${config.spark.version}"},"templateValue":"${config.spark.version}","userEditable":false,"renderType":"text","renderOptions":{},"selected":true,"inputProperty":false,"containsConfigurationVariables":false,"sensitive":false,"required":false,"templateProperty":null,"hidden":false,"idKey":"b934aa36-0166-1000-2f0f-f8b5dbc366b0-8701eecc-6fc3-32d9-31a8-fffb0617903f-spark.version","processorNameTypeKey":"Update flow parameters-false-spark.version","remoteProcessGroupProperty":false,"nameKey":"NiFi Flow-Update flow parameters-spark.version"}],"type":"false","name":"Update flow parameters","id":"8701eecc-6fc3-32d9-31a8-fffb0617903f","groupName":"NiFi Flow","groupId":"b934aa36-0166-1000-2f0f-f8b5dbc366b0","inputProcessor":false,"userDefinedInputProcessor":false}],"inputProcessors":[],"remoteProcessGroups":null,"id":"6d44fadc-a272-43e9-8f6e-0e69d2df9ded","nifiTemplateId":"8448f4ea-8213-46a7-ba2e-fed077fb64e2","templateName":"Data Transformation","updateDate":1540705587331,"createDate":1540678374724,"icon":"all_inclusive","iconColor":"#AB47BC","description":"Data Transformation","state":"ENABLED","defineTable":false,"reusableTemplate":false,"reusableTemplateConnections":[{"feedOutputPortName":"to-wrangler-cleanup-port","reusableTemplateInputPortName":"wrangler-cleanup-port","inputPortDisplayName":"wrangler-cleanup-port","reusableTemplateProcessGroupName":"data-transformation"},{"feedOutputPortName":"to-wrangler-port","reusableTemplateInputPortName":"wrangler-input-port","inputPortDisplayName":"wrangler-input-port","reusableTemplateProcessGroupName":"data-transformation"}],"registeredDatasourceDefinitions":[{"processorType":"com.thinkbiganalytics.nifi.v2.ingest.MergeTable","processorName":"Merge Table","processorId":"ece676d2-9142-37dd-12dd-1f895f4c318c","datasourceDefinition":{"processorType":"com.thinkbiganalytics.nifi.v2.ingest.MergeTable","connectionType":"DESTINATION","datasourcePropertyKeys":["Target schema","Target table"],"datasourceType":"HiveDatasource","identityString":"${Target schema}.${Target table}","description":null,"title":"${Target schema}.${Target table}"}}],"order":-1,"templateOrder":null,"changeComment":null,"changeComments":[],"inputProcessorRelationships":{},"feedsCount":9,"templateTableOption":"DATA_TRANSFORMATION","timeBetweenStartingBatchJobs":1000,"updateAvailable":false,"stream":false,"allowPreconditions":false,"dataTransformation":true,"isStream":false}