{"owner":{"displayName":"Data Lake Administrator","email":null,"enabled":true,"groups":["admin","user"],"systemName":"dladmin"},"allowedActions":{"actions":[{"systemName":"accessFeed","actions":[{"systemName":"editFeedSummary"},{"systemName":"accessFeedDetails","actions":[{"systemName":"editFeedDetails"},{"systemName":"deleteFeed"},{"systemName":"enableFeed"},{"systemName":"exportFeed"}]},{"systemName":"accessFeedOperations"},{"systemName":"changeFeedPermissions"}]}]},"id":"4ef73841-71e3-4d18-a86f-eaaba735feea","feedId":"4ef73841-71e3-4d18-a86f-eaaba735feea","templateId":"a838b75d-2dd4-4ef3-8d48-8521b0283931","inputProcessorType":"org.apache.nifi.jms.processors.ConsumeJMS","inputProcessorName":"Receive index request","templateName":"Index Text Service","schedule":{"processorId":null,"schedulingPeriod":"5 sec","schedulingStrategy":"TIMER_DRIVEN","concurrentTasks":1,"executionNode":null,"preconditions":null},"feedName":"Index Text Service","systemFeedName":"index_text_service","description":"Index Text Service - v3 (with reindex support)","tags":[{"name":"search"},{"name":"index"}],"category":{"owner":null,"allowedActions":null,"roleMemberships":[],"feedRoleMemberships":[],"id":"e4c7eac9-ffb7-4327-8041-16332e0bda59","name":"System","systemName":"system","icon":"cloud","iconColor":"#FFCA28","description":"System Data","allowIndexing":null,"securityGroups":null,"userFields":null,"userProperties":null,"relatedFeeds":0,"createDate":1515800611855,"updateDate":1516840181921},"table":{"fieldStructure":"","existingTableName":null,"tableSchema":{"name":null,"description":null,"charset":null,"properties":{},"fields":[],"schemaName":null,"databaseName":null,"id":"3bf6a6ad-2c42-4c83-a3a7-3fd9deda3942"},"sourceTableSchema":{"name":"NA","description":null,"charset":null,"properties":{},"fields":[],"schemaName":null,"databaseName":null,"id":"d260c2a9-de28-4d08-b26f-9b60f34a030e"},"feedTableSchema":{"name":null,"description":null,"charset":null,"properties":{},"fields":[],"schemaName":null,"databaseName":null,"id":"a5785c43-544f-4255-b2d4-4657ea5efab4"},"method":"SAMPLE_FILE","description":"","fieldPolicies":[],"partitions":[],"tableType":null,"incrementalDateField":null,"sourceTableIncrementalDateField":null,"options":{"compress":false,"auditLogging":true,"encrypt":false,"trackHistory":false,"compressionFormat":null},"feedFormat":"ROW FORMAT SERDE 'org.apache.hadoop.hive.serde2.OpenCSVSerde' WITH SERDEPROPERTIES ( 'separatorChar' = ',' ,'escapeChar' = '\\\\' ,'quoteChar' = '\"') STORED AS TEXTFILE","targetFormat":null,"targetTblProperties":"","targetMergeStrategy":"DEDUPE_AND_MERGE","fieldPoliciesJson":"[]","fieldIndexString":"","partitionStructure":"","partitionSpecs":"","fieldsString":"","sourceFields":"NA","sourceFieldsCommaString":"NA","feedFieldStructure":"","nullableFields":"","primaryKeyFields":"","sourceTargetFieldMap":{},"targetSourceFieldMap":{}},"createDate":1516840181921,"updateDate":1516840181921,"dataTransformation":{"chartViewModel":null,"datasourceIds":null,"dataTransformScript":null,"sql":null,"states":[]},"active":true,"state":"ENABLED","nifiProcessGroupId":"041138d5-dbee-1ff5-0971-43c5ff30184d","options":{"skipHeader":false},"registeredTemplate":{"owner":{"displayName":"Data Lake Administrator","email":null,"enabled":true,"groups":["admin","user"],"systemName":"dladmin"},"allowedActions":{"actions":[{"systemName":"accessTemplate","actions":[{"systemName":"editTemplate"},{"systemName":"deleteTemplate"},{"systemName":"exportTemplate"},{"systemName":"createFeedFromTemplate"},{"systemName":"changeTemplatePermissions"}]}]},"roleMemberships":[],"feedRoleMemberships":[],"properties":[{"processGroupName":"NiFi Flow","processorName":"Set job parameters","processorId":"3e300b09-02a0-3116-a017-bff406ccbbca","processGroupId":"041138d1-dbee-1ff5-8678-68587a1e581a","processorType":"org.apache.nifi.processors.attributes.UpdateAttribute","key":"searchengine","value":"${config.search.engine}","expressionProperties":null,"propertyDescriptor":{"name":"searchengine","displayName":"searchengine","description":"","defaultValue":null,"allowableValues":null,"required":false,"sensitive":false,"dynamic":true,"supportsEl":true,"identifiesControllerService":null},"templateValue":"${config.search.engine}","userEditable":false,"renderType":"text","renderOptions":{},"selected":true,"inputProperty":false,"containsConfigurationVariables":false,"sensitive":false,"required":false,"templateProperty":null,"nameKey":"NiFi Flow-Set job parameters-searchengine","idKey":"041138d1-dbee-1ff5-8678-68587a1e581a-3e300b09-02a0-3116-a017-bff406ccbbca-searchengine","processorNameTypeKey":"Set job parameters-org.apache.nifi.processors.attributes.UpdateAttribute-searchengine"},{"processGroupName":"NiFi Flow","processorName":"[ES] Index data","processorId":"9b6f665e-ee91-35ba-99b2-bde94950a2ad","processGroupId":"041138d1-dbee-1ff5-8678-68587a1e581a","processorType":"org.apache.nifi.processors.elasticsearch.PutElasticsearchHttp","key":"elasticsearch-http-url","value":"${config.search.es.rest.url}","expressionProperties":null,"propertyDescriptor":{"name":"elasticsearch-http-url","displayName":"Elasticsearch URL","description":"Elasticsearch URL which will be connected to, including scheme (http, e.g.), host, and port. The default port for the REST API is 9200.","defaultValue":null,"allowableValues":null,"required":true,"sensitive":false,"dynamic":false,"supportsEl":true,"identifiesControllerService":null},"templateValue":"${config.search.es.rest.url}","userEditable":false,"renderType":"text","renderOptions":{},"selected":true,"inputProperty":false,"containsConfigurationVariables":false,"sensitive":false,"required":true,"templateProperty":null,"nameKey":"NiFi Flow-[ES] Index data-elasticsearch-http-url","idKey":"041138d1-dbee-1ff5-8678-68587a1e581a-9b6f665e-ee91-35ba-99b2-bde94950a2ad-elasticsearch-http-url","processorNameTypeKey":"[ES] Index data-org.apache.nifi.processors.elasticsearch.PutElasticsearchHttp-elasticsearch-http-url"},{"processGroupName":"NiFi Flow","processorName":"[Solr] Index data","processorId":"27421edc-64ca-3422-00aa-66d9d7597e54","processGroupId":"041138d1-dbee-1ff5-8678-68587a1e581a","processorType":"org.apache.nifi.processors.solr.PutSolrContentStream","key":"Solr Location","value":"${config.search.solr.url}","expressionProperties":null,"propertyDescriptor":{"name":"Solr Location","displayName":"Solr Location","description":"The Solr url for a Solr Type of Standard (ex: http://localhost:8984/solr/gettingstarted), or the ZooKeeper hosts for a Solr Type of Cloud (ex: localhost:9983).","defaultValue":null,"allowableValues":null,"required":true,"sensitive":false,"dynamic":false,"supportsEl":true,"identifiesControllerService":null},"templateValue":"${config.search.solr.url}","userEditable":false,"renderType":"text","renderOptions":{},"selected":true,"inputProperty":false,"containsConfigurationVariables":false,"sensitive":false,"required":true,"templateProperty":null,"nameKey":"NiFi Flow-[Solr] Index data-Solr Location","idKey":"041138d1-dbee-1ff5-8678-68587a1e581a-27421edc-64ca-3422-00aa-66d9d7597e54-Solr Location","processorNameTypeKey":"[Solr] Index data-org.apache.nifi.processors.solr.PutSolrContentStream-Solr Location"}],"nonInputProcessors":null,"inputProcessors":[{"properties":[],"type":"org.apache.nifi.jms.processors.ConsumeJMS","name":"Receive index request","id":"15439c15-68b1-3fc6-0000-000000000000","groupName":null,"groupId":"110fdeec-2233-324c-0000-000000000000","inputProcessor":true,"userDefinedInputProcessor":false}],"id":"a838b75d-2dd4-4ef3-8d48-8521b0283931","nifiTemplateId":"0160b2e7-30a1-43aa-b2dc-b1ec6d2d1cc5","templateName":"Index Text Service","updateDate":1516840181921,"createDate":1516840113827,"icon":"find_replace","iconColor":"#FF8A65","description":"Global Text Index Service","state":"ENABLED","defineTable":false,"reusableTemplate":false,"reusableTemplateConnections":[],"registeredDatasourceDefinitions":[{"processorType":"org.apache.nifi.jms.processors.ConsumeJMS","processorName":"Receive index request","processorId":"15439c15-68b1-3fc6-0000-000000000000","datasourceDefinition":{"processorType":"org.apache.nifi.jms.processors.ConsumeJMS","connectionType":"SOURCE","datasourcePropertyKeys":["Destination Name"],"datasourceType":"JMSDatasource","identityString":"${Destination Name}","description":null,"title":"${Destination Name}"}}],"order":2,"templateOrder":null,"feedsCount":1,"templateTableOption":"NO_TABLE","timeBetweenStartingBatchJobs":1000,"stream":false,"allowPreconditions":false,"dataTransformation":false,"isStream":false},"allowIndexing":"Y","historyReindexingStatus":"NEVER_RUN","new":false,"categoryName":"System","categoryAndFeedDisplayName":"System.Index Text Service","categoryId":"e4c7eac9-ffb7-4327-8041-16332e0bda59","systemCategoryName":"system","categoryIcon":"cloud","categoryIconColor":"#FFCA28","reusableFeed":false}