{"owner":{"displayName":"Data Lake Administrator","email":null,"enabled":true,"groups":["admin","user"],"systemName":"dladmin"},"allowedActions":{"actions":[{"systemName":"accessTemplate","actions":[{"systemName":"editTemplate"},{"systemName":"deleteTemplate"},{"systemName":"exportTemplate"},{"systemName":"createFeedFromTemplate"},{"systemName":"changeTemplatePermissions"}]}]},"roleMemberships":[],"properties":[{"processGroupName":"NiFi Flow","processorName":"Set Parameters","processorId":"1fae2c3c-015d-1000-a87f-676aa75a51fe","processGroupId":"34a36ea8-015d-1000-cb51-11e354b42180","processorType":"org.apache.nifi.processors.attributes.UpdateAttribute","key":"hive.schema","value":"${config.hive.schema}","expressionProperties":null,"propertyDescriptor":{"name":"hive.schema","displayName":"hive.schema","description":"","defaultValue":null,"allowableValues":null,"required":false,"sensitive":false,"dynamic":true,"supportsEl":true,"identifiesControllerService":null},"templateValue":"${config.hive.schema}","userEditable":true,"renderType":"text","renderOptions":{},"selected":true,"inputProperty":false,"containsConfigurationVariables":false,"sensitive":false,"required":true,"templateProperty":null,"idKey":"34a36ea8-015d-1000-cb51-11e354b42180-1fae2c3c-015d-1000-a87f-676aa75a51fe-hive.schema","processorNameTypeKey":"Set Parameters-org.apache.nifi.processors.attributes.UpdateAttribute-hive.schema","nameKey":"NiFi Flow-Set Parameters-hive.schema"},{"processGroupName":"NiFi Flow","processorName":"Set Parameters","processorId":"1fae2c3c-015d-1000-a87f-676aa75a51fe","processGroupId":"34a36ea8-015d-1000-cb51-11e354b42180","processorType":"org.apache.nifi.processors.attributes.UpdateAttribute","key":"searchengine","value":"elasticsearch","expressionProperties":null,"propertyDescriptor":{"name":"searchengine","displayName":"searchengine","description":"","defaultValue":null,"allowableValues":null,"required":false,"sensitive":false,"dynamic":true,"supportsEl":true,"identifiesControllerService":null},"templateValue":"elasticsearch","userEditable":true,"renderType":"select","renderOptions":{"selectCustom":"true","selectOptions":"[\"elasticsearch\",\"solr\"]"},"selected":true,"inputProperty":false,"containsConfigurationVariables":false,"sensitive":false,"required":true,"templateProperty":null,"idKey":"34a36ea8-015d-1000-cb51-11e354b42180-1fae2c3c-015d-1000-a87f-676aa75a51fe-searchengine","processorNameTypeKey":"Set Parameters-org.apache.nifi.processors.attributes.UpdateAttribute-searchengine","nameKey":"NiFi Flow-Set Parameters-searchengine"}],"nonInputProcessors":[{"properties":[{"processGroupName":"NiFi Flow","processorName":"Set Parameters","processorId":"1fae2c3c-015d-1000-a87f-676aa75a51fe","processGroupId":"34a36ea8-015d-1000-cb51-11e354b42180","processorType":"org.apache.nifi.processors.attributes.UpdateAttribute","key":"hive.schema","value":"${config.hive.schema}","expressionProperties":null,"propertyDescriptor":{"name":"hive.schema","displayName":"hive.schema","description":"","defaultValue":null,"allowableValues":null,"required":false,"sensitive":false,"dynamic":true,"supportsEl":true,"identifiesControllerService":null},"templateValue":"${config.hive.schema}","userEditable":true,"renderType":"text","renderOptions":{},"selected":true,"inputProperty":false,"containsConfigurationVariables":false,"sensitive":false,"required":true,"templateProperty":null,"idKey":"34a36ea8-015d-1000-cb51-11e354b42180-1fae2c3c-015d-1000-a87f-676aa75a51fe-hive.schema","processorNameTypeKey":"Set Parameters-org.apache.nifi.processors.attributes.UpdateAttribute-hive.schema","nameKey":"NiFi Flow-Set Parameters-hive.schema"},{"processGroupName":"NiFi Flow","processorName":"Set Parameters","processorId":"1fae2c3c-015d-1000-a87f-676aa75a51fe","processGroupId":"34a36ea8-015d-1000-cb51-11e354b42180","processorType":"org.apache.nifi.processors.attributes.UpdateAttribute","key":"searchengine","value":"elasticsearch","expressionProperties":null,"propertyDescriptor":{"name":"searchengine","displayName":"searchengine","description":"","defaultValue":null,"allowableValues":null,"required":false,"sensitive":false,"dynamic":true,"supportsEl":true,"identifiesControllerService":null},"templateValue":"elasticsearch","userEditable":true,"renderType":"select","renderOptions":{"selectCustom":"true","selectOptions":"[\"elasticsearch\",\"solr\"]"},"selected":true,"inputProperty":false,"containsConfigurationVariables":false,"sensitive":false,"required":true,"templateProperty":null,"idKey":"34a36ea8-015d-1000-cb51-11e354b42180-1fae2c3c-015d-1000-a87f-676aa75a51fe-searchengine","processorNameTypeKey":"Set Parameters-org.apache.nifi.processors.attributes.UpdateAttribute-searchengine","nameKey":"NiFi Flow-Set Parameters-searchengine"}],"type":"org.apache.nifi.processors.attributes.UpdateAttribute","name":"Set Parameters","id":"1fae2c3c-015d-1000-a87f-676aa75a51fe","groupName":"NiFi Flow","groupId":"34a36ea8-015d-1000-cb51-11e354b42180","inputProcessor":false,"userDefinedInputProcessor":false}],"inputProcessors":[],"id":"53a9648a-4a62-42f7-a504-9892533ccd9a","nifiTemplateId":"2b976b93-95bd-41ec-a947-c458b22790fd","templateName":"Index Schema Service","updateDate":1499871305421,"createDate":1499871158348,"icon":"assignment","iconColor":"#80CBC4","description":"Index Schema Service","state":"ENABLED","defineTable":false,"reusableTemplate":false,"reusableTemplateConnections":[],"registeredDatasourceDefinitions":[{"processorType":"org.apache.nifi.jms.processors.ConsumeJMS","processorName":"Receive Schema Index Request","processorId":"764c577c-0159-1000-0000-000000000000","datasourceDefinition":{"processorType":"org.apache.nifi.jms.processors.ConsumeJMS","connectionType":"SOURCE","datasourcePropertyKeys":["Destination Name"],"datasourceType":"JMSDatasource","identityString":"${Destination Name}","description":null,"title":"${Destination Name}"}}],"order":1,"templateOrder":null,"feedsCount":1,"templateTableOption":"NO_TABLE","timeBetweenStartingBatchJobs":1000,"stream":false,"allowPreconditions":false,"dataTransformation":false,"isStream":false}