{"owner":{"displayName":"Data Lake Administrator","email":null,"enabled":true,"groups":["admin","user"],"systemName":"dladmin"},"allowedActions":{"actions":[{"systemName":"accessTemplate","actions":[{"systemName":"editTemplate"},{"systemName":"deleteTemplate"},{"systemName":"exportTemplate"},{"systemName":"createFeedFromTemplate"},{"systemName":"changeTemplatePermissions"}]}]},"roleMemberships":[],"properties":[{"processGroupName":"NiFi Flow","processorName":"Set Parameters","processorId":"1fae2c3c-015d-1000-2644-8430dfe07060","processGroupId":"1fc10abd-015d-1000-d19e-a8fb7852dd04","processorType":"org.apache.nifi.processors.attributes.UpdateAttribute","key":"hive.schema","value":"${config.hive.schema}","expressionProperties":null,"propertyDescriptor":{"name":"hive.schema","displayName":"hive.schema","description":"","defaultValue":null,"allowableValues":null,"required":false,"sensitive":false,"dynamic":true,"supportsEl":true,"identifiesControllerService":null},"templateValue":"${config.hive.schema}","userEditable":true,"renderType":"text","renderOptions":{},"selected":true,"inputProperty":false,"containsConfigurationVariables":false,"sensitive":false,"required":true,"templateProperty":null,"idKey":"1fc10abd-015d-1000-d19e-a8fb7852dd04-1fae2c3c-015d-1000-2644-8430dfe07060-hive.schema","processorNameTypeKey":"Set Parameters-org.apache.nifi.processors.attributes.UpdateAttribute-hive.schema","nameKey":"NiFi Flow-Set Parameters-hive.schema"},{"processGroupName":"NiFi Flow","processorName":"Set Parameters","processorId":"1fae2c3c-015d-1000-2644-8430dfe07060","processGroupId":"1fc10abd-015d-1000-d19e-a8fb7852dd04","processorType":"org.apache.nifi.processors.attributes.UpdateAttribute","key":"searchengine","value":"elasticsearch","expressionProperties":null,"propertyDescriptor":{"name":"searchengine","displayName":"searchengine","description":"","defaultValue":null,"allowableValues":null,"required":false,"sensitive":false,"dynamic":true,"supportsEl":true,"identifiesControllerService":null},"templateValue":"elasticsearch","userEditable":true,"renderType":"select","renderOptions":{"selectCustom":"true","selectOptions":"[\"elasticsearch\",\"solr\"]"},"selected":true,"inputProperty":false,"containsConfigurationVariables":false,"sensitive":false,"required":true,"templateProperty":null,"idKey":"1fc10abd-015d-1000-d19e-a8fb7852dd04-1fae2c3c-015d-1000-2644-8430dfe07060-searchengine","processorNameTypeKey":"Set Parameters-org.apache.nifi.processors.attributes.UpdateAttribute-searchengine","nameKey":"NiFi Flow-Set Parameters-searchengine"}],"nonInputProcessors":[{"properties":[{"processGroupName":"NiFi Flow","processorName":"Set Parameters","processorId":"1fae2c3c-015d-1000-2644-8430dfe07060","processGroupId":"1fc10abd-015d-1000-d19e-a8fb7852dd04","processorType":"org.apache.nifi.processors.attributes.UpdateAttribute","key":"hive.schema","value":"${config.hive.schema}","expressionProperties":null,"propertyDescriptor":{"name":"hive.schema","displayName":"hive.schema","description":"","defaultValue":null,"allowableValues":null,"required":false,"sensitive":false,"dynamic":true,"supportsEl":true,"identifiesControllerService":null},"templateValue":"${config.hive.schema}","userEditable":true,"renderType":"text","renderOptions":{},"selected":true,"inputProperty":false,"containsConfigurationVariables":false,"sensitive":false,"required":true,"templateProperty":null,"idKey":"1fc10abd-015d-1000-d19e-a8fb7852dd04-1fae2c3c-015d-1000-2644-8430dfe07060-hive.schema","processorNameTypeKey":"Set Parameters-org.apache.nifi.processors.attributes.UpdateAttribute-hive.schema","nameKey":"NiFi Flow-Set Parameters-hive.schema"},{"processGroupName":"NiFi Flow","processorName":"Set Parameters","processorId":"1fae2c3c-015d-1000-2644-8430dfe07060","processGroupId":"1fc10abd-015d-1000-d19e-a8fb7852dd04","processorType":"org.apache.nifi.processors.attributes.UpdateAttribute","key":"searchengine","value":"elasticsearch","expressionProperties":null,"propertyDescriptor":{"name":"searchengine","displayName":"searchengine","description":"","defaultValue":null,"allowableValues":null,"required":false,"sensitive":false,"dynamic":true,"supportsEl":true,"identifiesControllerService":null},"templateValue":"elasticsearch","userEditable":true,"renderType":"select","renderOptions":{"selectCustom":"true","selectOptions":"[\"elasticsearch\",\"solr\"]"},"selected":true,"inputProperty":false,"containsConfigurationVariables":false,"sensitive":false,"required":true,"templateProperty":null,"idKey":"1fc10abd-015d-1000-d19e-a8fb7852dd04-1fae2c3c-015d-1000-2644-8430dfe07060-searchengine","processorNameTypeKey":"Set Parameters-org.apache.nifi.processors.attributes.UpdateAttribute-searchengine","nameKey":"NiFi Flow-Set Parameters-searchengine"}],"type":"org.apache.nifi.processors.attributes.UpdateAttribute","name":"Set Parameters","id":"1fae2c3c-015d-1000-2644-8430dfe07060","groupName":"NiFi Flow","groupId":"1fc10abd-015d-1000-d19e-a8fb7852dd04","inputProcessor":false,"userDefinedInputProcessor":false}],"inputProcessors":[],"id":"e2ea1870-e670-420e-916f-30307530461e","nifiTemplateId":"40459b90-8c37-4244-b4ba-b56cc3bb8aad","templateName":"Index Schema Service","updateDate":1499476445262,"createDate":1499476393436,"icon":"assignment","iconColor":"#80CBC4","description":"Index Schema Service","state":"ENABLED","defineTable":false,"reusableTemplate":false,"reusableTemplateConnections":[],"registeredDatasourceDefinitions":[{"processorType":"org.apache.nifi.jms.processors.ConsumeJMS","processorName":"Receive Schema Index Request","processorId":"764c577c-0159-1000-0000-000000000000","datasourceDefinition":{"processorType":"org.apache.nifi.jms.processors.ConsumeJMS","connectionType":"SOURCE","datasourcePropertyKeys":["Destination Name"],"datasourceType":"JMSDatasource","identityString":"${Destination Name}","description":null,"title":"${Destination Name}"}}],"order":4,"templateOrder":null,"feedsCount":1,"templateTableOption":"NO_TABLE","timeBetweenStartingBatchJobs":1000,"stream":false,"allowPreconditions":false,"dataTransformation":false,"isStream":false}