<?xml version="1.0" ?>
<template>
  <description></description>
  <groupId>7c664aaf-3d33-447e-89d1-457b0feb68e9</groupId>
  <name>Data Ingest</name>
  <snippet>
    <connections>
      <id>85c7a1e5-6bd6-4996-89fb-c9f034d6d19a</id>
      <parentGroupId>203cb983-967c-402f-9457-f44ee6b54d03</parentGroupId>
      <backPressureDataSizeThreshold>0 MB</backPressureDataSizeThreshold>
      <backPressureObjectThreshold>0</backPressureObjectThreshold>
      <destination>
        <groupId>203cb983-967c-402f-9457-f44ee6b54d03</groupId>
        <id>bdc70b64-cdb9-4a53-93c3-4b91d0255769</id>
        <type>OUTPUT_PORT</type>
      </destination>
      <flowFileExpiration>0 sec</flowFileExpiration>
      <labelIndex>1</labelIndex>
      <name></name>
      <selectedRelationships>Success</selectedRelationships>
      <source>
        <groupId>203cb983-967c-402f-9457-f44ee6b54d03</groupId>
        <id>8501857c-7d1c-487a-96e7-e2ebbaec5d28</id>
        <type>PROCESSOR</type>
      </source>
      <zIndex>0</zIndex>
    </connections>
    <connections>
      <id>b491a55d-caa2-40c1-ab2e-557cea304e3d</id>
      <parentGroupId>203cb983-967c-402f-9457-f44ee6b54d03</parentGroupId>
      <backPressureDataSizeThreshold>0 MB</backPressureDataSizeThreshold>
      <backPressureObjectThreshold>0</backPressureObjectThreshold>
      <destination>
        <groupId>203cb983-967c-402f-9457-f44ee6b54d03</groupId>
        <id>020a9efe-8ae0-427b-b76b-0169671d9155</id>
        <type>PROCESSOR</type>
      </destination>
      <flowFileExpiration>0 sec</flowFileExpiration>
      <labelIndex>1</labelIndex>
      <name></name>
      <selectedRelationships>failure</selectedRelationships>
      <selectedRelationships>activeFailure</selectedRelationships>
      <source>
        <groupId>203cb983-967c-402f-9457-f44ee6b54d03</groupId>
        <id>2567efe0-b28d-46c2-8e3d-654610b35123</id>
        <type>PROCESSOR</type>
      </source>
      <zIndex>0</zIndex>
    </connections>
    <connections>
      <id>bb36ef8e-e149-4c1f-9795-77e357cccb80</id>
      <parentGroupId>203cb983-967c-402f-9457-f44ee6b54d03</parentGroupId>
      <backPressureDataSizeThreshold>0 MB</backPressureDataSizeThreshold>
      <backPressureObjectThreshold>0</backPressureObjectThreshold>
      <destination>
        <groupId>203cb983-967c-402f-9457-f44ee6b54d03</groupId>
        <id>020a9efe-8ae0-427b-b76b-0169671d9155</id>
        <type>PROCESSOR</type>
      </destination>
      <flowFileExpiration>0 sec</flowFileExpiration>
      <labelIndex>1</labelIndex>
      <name></name>
      <selectedRelationships>failure</selectedRelationships>
      <source>
        <groupId>203cb983-967c-402f-9457-f44ee6b54d03</groupId>
        <id>6aeabec7-ec36-4ed5-ac0d-15fed8be3248</id>
        <type>PROCESSOR</type>
      </source>
      <zIndex>0</zIndex>
    </connections>
    <connections>
      <id>dd70b31e-723b-4570-baa0-0a43293b7886</id>
      <parentGroupId>203cb983-967c-402f-9457-f44ee6b54d03</parentGroupId>
      <backPressureDataSizeThreshold>0 MB</backPressureDataSizeThreshold>
      <backPressureObjectThreshold>0</backPressureObjectThreshold>
      <destination>
        <groupId>203cb983-967c-402f-9457-f44ee6b54d03</groupId>
        <id>0c6a8557-8fc8-4da8-bb89-cb4d8c0931ae</id>
        <type>PROCESSOR</type>
      </destination>
      <flowFileExpiration>0 sec</flowFileExpiration>
      <labelIndex>1</labelIndex>
      <name></name>
      <selectedRelationships>failure</selectedRelationships>
      <selectedRelationships>success</selectedRelationships>
      <source>
        <groupId>203cb983-967c-402f-9457-f44ee6b54d03</groupId>
        <id>020a9efe-8ae0-427b-b76b-0169671d9155</id>
        <type>PROCESSOR</type>
      </source>
      <zIndex>0</zIndex>
    </connections>
    <connections>
      <id>0d566ab1-1c6c-4ac0-8e0d-7b96bf1ecf8b</id>
      <parentGroupId>203cb983-967c-402f-9457-f44ee6b54d03</parentGroupId>
      <backPressureDataSizeThreshold>0 MB</backPressureDataSizeThreshold>
      <backPressureObjectThreshold>0</backPressureObjectThreshold>
      <destination>
        <groupId>203cb983-967c-402f-9457-f44ee6b54d03</groupId>
        <id>cba209e0-a802-4357-bd8e-eff12727b388</id>
        <type>OUTPUT_PORT</type>
      </destination>
      <flowFileExpiration>0 sec</flowFileExpiration>
      <labelIndex>1</labelIndex>
      <name></name>
      <selectedRelationships>success</selectedRelationships>
      <source>
        <groupId>203cb983-967c-402f-9457-f44ee6b54d03</groupId>
        <id>7c627365-3d3a-4495-bac0-0cdcc230abe3</id>
        <type>PROCESSOR</type>
      </source>
      <zIndex>0</zIndex>
    </connections>
    <connections>
      <id>0f3dfcb9-32ed-4e92-8f8f-bc6609627684</id>
      <parentGroupId>203cb983-967c-402f-9457-f44ee6b54d03</parentGroupId>
      <backPressureDataSizeThreshold>0 MB</backPressureDataSizeThreshold>
      <backPressureObjectThreshold>0</backPressureObjectThreshold>
      <destination>
        <groupId>203cb983-967c-402f-9457-f44ee6b54d03</groupId>
        <id>6aeabec7-ec36-4ed5-ac0d-15fed8be3248</id>
        <type>PROCESSOR</type>
      </destination>
      <flowFileExpiration>0 sec</flowFileExpiration>
      <labelIndex>1</labelIndex>
      <name></name>
      <selectedRelationships>success</selectedRelationships>
      <source>
        <groupId>203cb983-967c-402f-9457-f44ee6b54d03</groupId>
        <id>2567efe0-b28d-46c2-8e3d-654610b35123</id>
        <type>PROCESSOR</type>
      </source>
      <zIndex>0</zIndex>
    </connections>
    <connections>
      <id>566e7072-44a8-407c-8383-24a1cf009990</id>
      <parentGroupId>203cb983-967c-402f-9457-f44ee6b54d03</parentGroupId>
      <backPressureDataSizeThreshold>0 MB</backPressureDataSizeThreshold>
      <backPressureObjectThreshold>0</backPressureObjectThreshold>
      <destination>
        <groupId>203cb983-967c-402f-9457-f44ee6b54d03</groupId>
        <id>7c627365-3d3a-4495-bac0-0cdcc230abe3</id>
        <type>PROCESSOR</type>
      </destination>
      <flowFileExpiration>0 sec</flowFileExpiration>
      <labelIndex>1</labelIndex>
      <name></name>
      <selectedRelationships>success</selectedRelationships>
      <source>
        <groupId>203cb983-967c-402f-9457-f44ee6b54d03</groupId>
        <id>1f67e296-2ff8-4b5d-9ac1-cc0736e7a085</id>
        <type>PROCESSOR</type>
      </source>
      <zIndex>0</zIndex>
    </connections>
    <connections>
      <id>6c209ac2-5004-4f6f-92f1-728e11c18b42</id>
      <parentGroupId>203cb983-967c-402f-9457-f44ee6b54d03</parentGroupId>
      <backPressureDataSizeThreshold>0 MB</backPressureDataSizeThreshold>
      <backPressureObjectThreshold>0</backPressureObjectThreshold>
      <destination>
        <groupId>203cb983-967c-402f-9457-f44ee6b54d03</groupId>
        <id>7c627365-3d3a-4495-bac0-0cdcc230abe3</id>
        <type>PROCESSOR</type>
      </destination>
      <flowFileExpiration>0 sec</flowFileExpiration>
      <labelIndex>1</labelIndex>
      <name></name>
      <selectedRelationships>success</selectedRelationships>
      <source>
        <groupId>203cb983-967c-402f-9457-f44ee6b54d03</groupId>
        <id>6aeabec7-ec36-4ed5-ac0d-15fed8be3248</id>
        <type>PROCESSOR</type>
      </source>
      <zIndex>0</zIndex>
    </connections>
    <controllerServices>
      <id>81fddaec-dc28-45ac-9a1a-0499f67f02d8</id>
      <comments></comments>
      <descriptors>
        <entry>
          <key>Spring Context Service</key>
          <value>
            <identifiesControllerService>com.thinkbiganalytics.nifi.core.api.spring.SpringContextService</identifiesControllerService>
            <name>Spring Context Service</name>
          </value>
        </entry>
      </descriptors>
      <name>Think Big Cleanup Service</name>
      <properties>
        <entry>
          <key>Spring Context Service</key>
          <value>002bfd3c-3d3c-4a31-b81d-e9a3740dc844</value>
        </entry>
      </properties>
      <referencingComponents>
        <id>642d2d9c-9bc3-46f1-a07d-7bb79b8aa843</id>
      </referencingComponents>
      <referencingComponents>
        <id>24ff564c-22f9-4d87-885c-ca50f6983dbb</id>
      </referencingComponents>
      <referencingComponents>
        <id>c847c10e-d793-4600-b555-236025a56d37</id>
      </referencingComponents>
      <referencingComponents>
        <id>1ce7951e-4be1-4fb2-8c95-caf709dcb9d4</id>
      </referencingComponents>
      <referencingComponents>
        <id>1fc4f7d6-2fc5-4f22-921d-ff1e2be7bd70</id>
      </referencingComponents>
      <referencingComponents>
        <id>3bec761a-0570-42c8-8e57-58e2c93a7135</id>
      </referencingComponents>
      <referencingComponents>
        <id>bf88f867-11c7-4e45-b24b-2614ee0d297b</id>
      </referencingComponents>
      <referencingComponents>
        <id>07f6c666-a251-43ec-8019-e02430691c81</id>
      </referencingComponents>
      <referencingComponents>
        <id>599392fb-6783-45d1-bf0f-68a7d1104be6</id>
      </referencingComponents>
      <referencingComponents>
        <id>d9230e7f-9207-4340-af5e-b301d2e20c8e</id>
      </referencingComponents>
      <referencingComponents>
        <id>5359828b-f7f1-4959-92ae-383ccdae71bf</id>
      </referencingComponents>
      <referencingComponents>
        <id>b744496a-14f5-4860-8dc3-11da17939446</id>
      </referencingComponents>
      <referencingComponents>
        <id>358749b3-e023-49b5-93c1-6ed448f328de</id>
      </referencingComponents>
      <referencingComponents>
        <id>a407e53b-07fb-4e94-8bd6-ba10e36f4ffc</id>
      </referencingComponents>
      <referencingComponents>
        <id>6fb30ab6-37ee-44a6-8a43-61829a9fe568</id>
      </referencingComponents>
      <referencingComponents>
        <id>f8e0e374-89e1-4be2-8657-2a0e308d2124</id>
      </referencingComponents>
      <referencingComponents>
        <id>0155fbae-7eb1-401c-a2d6-3667646c2fd0</id>
      </referencingComponents>
      <referencingComponents>
        <id>b0efe337-ef07-43b8-bb06-c1f623328224</id>
      </referencingComponents>
      <referencingComponents>
        <id>f360fadb-fdf9-4404-a305-e31c36240f25</id>
      </referencingComponents>
      <referencingComponents>
        <id>207f3dfe-a579-493f-be38-291177e0378f</id>
      </referencingComponents>
      <referencingComponents>
        <id>c611477c-64d2-41e4-a77a-608dc7250a40</id>
      </referencingComponents>
      <referencingComponents>
        <id>f6074140-0638-4568-bb3e-bd02a6c585de</id>
      </referencingComponents>
      <referencingComponents>
        <id>f711e4f5-5f42-4c34-b902-f8190ec6b936</id>
      </referencingComponents>
      <referencingComponents>
        <id>efaa5b4c-a907-4dd9-b040-1fc05450e93c</id>
      </referencingComponents>
      <referencingComponents>
        <id>fd2a68f4-d9a7-4a4c-90d9-e26bc70071f5</id>
      </referencingComponents>
      <referencingComponents>
        <id>b378badd-3c96-4aee-8954-623aea353fb4</id>
      </referencingComponents>
      <referencingComponents>
        <id>6dd96196-786e-435b-99b3-4ab6e98d196e</id>
      </referencingComponents>
      <referencingComponents>
        <id>fac20f81-aea0-46cb-af76-0b9b76687c0c</id>
      </referencingComponents>
      <referencingComponents>
        <id>7b1f38b3-5d56-4457-9c75-eaffe6612fe0</id>
      </referencingComponents>
      <referencingComponents>
        <id>38e46002-c520-4123-bd69-70f70e9074b6</id>
      </referencingComponents>
      <referencingComponents>
        <id>bc308bd4-d180-4bee-9328-f2404f3ccda7</id>
      </referencingComponents>
      <referencingComponents>
        <id>671a95d9-2dbf-4bd9-9058-048d05b01549</id>
      </referencingComponents>
      <referencingComponents>
        <id>fdd71fb1-f915-4d9a-87cc-16af9616ac1c</id>
      </referencingComponents>
      <referencingComponents>
        <id>7524d318-240f-44bc-b21b-ddff5dfc1d8f</id>
      </referencingComponents>
      <referencingComponents>
        <id>0f660beb-cd7b-4f8a-9eb1-3bf8b7aa730a</id>
      </referencingComponents>
      <referencingComponents>
        <id>0fe000ce-f3db-444a-bd41-6b1e52ee45d6</id>
      </referencingComponents>
      <referencingComponents>
        <id>f46cf18c-4d75-4005-a60c-95db23000a07</id>
      </referencingComponents>
      <referencingComponents>
        <id>e4f2d978-8c60-44d5-b63c-8fd2c1120ba2</id>
      </referencingComponents>
      <referencingComponents>
        <id>e25e4128-292e-4f45-9758-af45bff1a8eb</id>
      </referencingComponents>
      <referencingComponents>
        <id>de1f579b-d0f4-4264-a40d-a37e55ebf1ce</id>
      </referencingComponents>
      <referencingComponents>
        <id>91af4f24-0039-40de-87fd-662b4280b833</id>
      </referencingComponents>
      <referencingComponents>
        <id>60119496-d338-4f34-873d-3cd08c4a2245</id>
      </referencingComponents>
      <referencingComponents>
        <id>280548e6-33e7-4671-b5ba-7d344e8a8d86</id>
      </referencingComponents>
      <referencingComponents>
        <id>c10bad06-d61d-45bb-be84-6bda796668cf</id>
      </referencingComponents>
      <referencingComponents>
        <id>48f216f6-5e8d-4e2e-94e1-7743494aa47b</id>
      </referencingComponents>
      <referencingComponents>
        <id>e07481bd-05e3-41a3-9826-de1bb1f8aff0</id>
      </referencingComponents>
      <referencingComponents>
        <id>dd9c1f23-3e68-4b08-8d05-94245bf37bcb</id>
      </referencingComponents>
      <referencingComponents>
        <id>4c310e02-5e06-4ae7-8bc7-cd1d3d28b1d6</id>
      </referencingComponents>
      <referencingComponents>
        <id>8501857c-7d1c-487a-96e7-e2ebbaec5d28</id>
      </referencingComponents>
      <referencingComponents>
        <id>c3fa7af3-85ed-4489-95a8-f8fc5bc0dd26</id>
      </referencingComponents>
      <referencingComponents>
        <id>ccb78626-3c69-4d99-bf1e-d64b88152e4e</id>
      </referencingComponents>
      <referencingComponents>
        <id>9f70c64d-0a8f-439f-ad8a-17aa265c2cd1</id>
      </referencingComponents>
      <referencingComponents>
        <id>bed9ec06-f8f7-4d13-901c-6dd8a4c832fb</id>
      </referencingComponents>
      <referencingComponents>
        <id>dfd26b9b-ec92-493b-a687-8089e37f5678</id>
      </referencingComponents>
      <referencingComponents>
        <id>9f694d5b-f86a-432c-a822-cf91c1bcbec7</id>
      </referencingComponents>
      <referencingComponents>
        <id>b6804794-0fd1-49f8-8659-de4ac35d8a5d</id>
      </referencingComponents>
      <referencingComponents>
        <id>99bc7fb0-d50f-468d-b977-a81c083cf5a9</id>
      </referencingComponents>
      <referencingComponents>
        <id>3742fc60-d7d1-4a27-a156-cc6db3d41967</id>
      </referencingComponents>
      <referencingComponents>
        <id>e0dc0160-c6fe-432a-9d7a-77ad5fd979f7</id>
      </referencingComponents>
      <referencingComponents>
        <id>e6cc9426-780d-4364-adc1-6f856d8d77ee</id>
      </referencingComponents>
      <referencingComponents>
        <id>25dafece-4b79-4837-a668-0e8fbc7e7d93</id>
      </referencingComponents>
      <referencingComponents>
        <id>ec825263-d190-4987-a5a4-231477225e6d</id>
      </referencingComponents>
      <referencingComponents>
        <id>12cac9ce-324a-4b35-bea9-780881f16417</id>
      </referencingComponents>
      <referencingComponents>
        <id>67031408-b44f-48eb-93a0-75178731d8d8</id>
      </referencingComponents>
      <referencingComponents>
        <id>7d18ee3f-c47f-4c1d-86d0-cdfc33140435</id>
      </referencingComponents>
      <referencingComponents>
        <id>b63f7b7e-db47-480a-a284-f621eb6139c6</id>
      </referencingComponents>
      <referencingComponents>
        <id>a2f70622-a119-4c92-a2ae-d829d0b53913</id>
      </referencingComponents>
      <referencingComponents>
        <id>779def8e-333d-4494-ae7a-269197438aff</id>
      </referencingComponents>
      <referencingComponents>
        <id>d7e7a599-d567-4935-94fb-6223369092c0</id>
      </referencingComponents>
      <referencingComponents>
        <id>45930fd2-fb5e-422e-9907-5c543d8f48d3</id>
      </referencingComponents>
      <referencingComponents>
        <id>325f51d3-3b3f-4c05-aeb8-c9371ad81f93</id>
      </referencingComponents>
      <referencingComponents>
        <id>686ac0c0-dd3f-4f7b-9eab-1d2fe19f5cb0</id>
      </referencingComponents>
      <referencingComponents>
        <id>2796ae51-39cd-48b1-878a-faa01ef3c2cb</id>
      </referencingComponents>
      <referencingComponents>
        <id>2063f9ba-ceff-42ec-8c44-eea4b337bb38</id>
      </referencingComponents>
      <referencingComponents>
        <id>9db28cb7-9f33-4780-bedc-3ad4a8fcd9e4</id>
      </referencingComponents>
      <referencingComponents>
        <id>0695f987-abc2-44b9-8143-02116198062d</id>
      </referencingComponents>
      <referencingComponents>
        <id>5a876c9d-7c40-4b34-8731-00785f1498e6</id>
      </referencingComponents>
      <referencingComponents>
        <id>e431a28f-5e52-493f-b9e2-05de04030d77</id>
      </referencingComponents>
      <referencingComponents>
        <id>34684979-a57e-4e11-b49c-06c67e410662</id>
      </referencingComponents>
      <referencingComponents>
        <id>851c0d07-02f4-4e1d-839e-5d06f6a53341</id>
      </referencingComponents>
      <state>ENABLED</state>
      <type>com.thinkbiganalytics.nifi.v2.core.cleanup.JmsCleanupEventService</type>
    </controllerServices>
    <controllerServices>
      <id>002bfd3c-3d3c-4a31-b81d-e9a3740dc844</id>
      <comments></comments>
      <descriptors>
        <entry>
          <key>Configuraton Classes</key>
          <value>
            <name>Configuraton Classes</name>
          </value>
        </entry>
      </descriptors>
      <name>SpringContextLoaderService</name>
      <properties>
        <entry>
          <key>Configuraton Classes</key>
        </entry>
      </properties>
      <referencingComponents>
        <id>81fddaec-dc28-45ac-9a1a-0499f67f02d8</id>
      </referencingComponents>
      <state>ENABLED</state>
      <type>com.thinkbiganalytics.nifi.v2.core.spring.SpringContextLoaderService</type>
    </controllerServices>
    <controllerServices>
      <id>28ebe4b5-aeaf-4fe4-aacc-7a8aed0c7c1b</id>
      <comments></comments>
      <descriptors>
        <entry>
          <key>Database Connection URL</key>
          <value>
            <name>Database Connection URL</name>
          </value>
        </entry>
        <entry>
          <key>Max Wait Time</key>
          <value>
            <name>Max Wait Time</name>
          </value>
        </entry>
        <entry>
          <key>Database Driver Class Name</key>
          <value>
            <name>Database Driver Class Name</name>
          </value>
        </entry>
        <entry>
          <key>Database User</key>
          <value>
            <name>Database User</name>
          </value>
        </entry>
        <entry>
          <key>Database Driver Jar Url</key>
          <value>
            <name>Database Driver Jar Url</name>
          </value>
        </entry>
        <entry>
          <key>Max Total Connections</key>
          <value>
            <name>Max Total Connections</name>
          </value>
        </entry>
        <entry>
          <key>Password</key>
          <value>
            <name>Password</name>
          </value>
        </entry>
      </descriptors>
      <name>MySQL</name>
      <properties>
        <entry>
          <key>Database Connection URL</key>
          <value>jdbc:mysql://localhost</value>
        </entry>
        <entry>
          <key>Max Wait Time</key>
          <value>500 millis</value>
        </entry>
        <entry>
          <key>Database Driver Class Name</key>
          <value>com.mysql.jdbc.Driver</value>
        </entry>
        <entry>
          <key>Database User</key>
          <value>root</value>
        </entry>
        <entry>
          <key>Database Driver Jar Url</key>
          <value>file:///opt/nifi/mysql/mysql-connector-java-5.1.32.jar</value>
        </entry>
        <entry>
          <key>Max Total Connections</key>
          <value>8</value>
        </entry>
        <entry>
          <key>database-driver-locations</key>
        </entry>
        <entry>
          <key>Password</key>
        </entry>
      </properties>
      <referencingComponents>
        <id>a7678a94-74e4-4069-8974-0faee7af5432</id>
      </referencingComponents>
      <referencingComponents>
        <id>7ae0d1ce-f3c8-4e2c-9cf1-4630d52716f9</id>
      </referencingComponents>
      <referencingComponents>
        <id>f08a7bf2-bdb3-421e-acdf-1ca6b2a2b0a1</id>
      </referencingComponents>
      <referencingComponents>
        <id>d0f5ff17-52bb-4ede-bf29-616bf53231a9</id>
      </referencingComponents>
      <referencingComponents>
        <id>16c775c8-6e2e-4ed4-8a72-86b6160462eb</id>
      </referencingComponents>
      <referencingComponents>
        <id>f53f6b0b-d2cc-483a-94ea-f53bad9e8e09</id>
      </referencingComponents>
      <referencingComponents>
        <id>01231bc5-05e0-4049-94f2-ffc27f0c8429</id>
      </referencingComponents>
      <referencingComponents>
        <id>a336f073-6b68-43b7-957f-bc593762240a</id>
      </referencingComponents>
      <referencingComponents>
        <id>fb9b4aa0-85a8-4084-a915-5ae7978d7276</id>
      </referencingComponents>
      <referencingComponents>
        <id>97eaf4b6-ee26-4acc-84e5-a0a371daa73c</id>
      </referencingComponents>
      <referencingComponents>
        <id>d5227524-a4af-461d-9fc9-506b9e963165</id>
      </referencingComponents>
      <referencingComponents>
        <id>6b394d0b-539a-4ca1-ade5-5d32ebe61ade</id>
      </referencingComponents>
      <referencingComponents>
        <id>82ddc78b-ceec-4428-a43d-82e0df31ac32</id>
      </referencingComponents>
      <referencingComponents>
        <id>0a3260d1-7f1d-4a0b-b755-7584f9a19151</id>
      </referencingComponents>
      <referencingComponents>
        <id>f9c86f69-4042-4e0b-9bdc-02bd1d3526f5</id>
      </referencingComponents>
      <referencingComponents>
        <id>208297b2-2c71-4200-9e00-7eadee6c2db9</id>
      </referencingComponents>
      <referencingComponents>
        <id>593fb692-4faf-4da1-8acb-ff61d391d118</id>
      </referencingComponents>
      <referencingComponents>
        <id>824681e1-23c5-430a-b9b7-0f855334d925</id>
      </referencingComponents>
      <referencingComponents>
        <id>669c179b-8362-40d9-a2f5-b531fd077af1</id>
      </referencingComponents>
      <referencingComponents>
        <id>8cf19c72-d847-48e7-a0a7-083263d14e90</id>
      </referencingComponents>
      <referencingComponents>
        <id>c9c3254a-5e6d-43a9-81f8-78c9f6c8f9bf</id>
      </referencingComponents>
      <referencingComponents>
        <id>fd01d3c6-733d-4370-a7b5-8c355b309b29</id>
      </referencingComponents>
      <referencingComponents>
        <id>5a8f9427-b27d-4829-b7f6-84ef5f0212f9</id>
      </referencingComponents>
      <referencingComponents>
        <id>e6198273-76c3-4da4-b750-f970c5023800</id>
      </referencingComponents>
      <referencingComponents>
        <id>91a4ac65-a368-4053-978e-85e1f5f1f105</id>
      </referencingComponents>
      <referencingComponents>
        <id>3a88fc50-2003-4350-ac7b-3d6bac67e428</id>
      </referencingComponents>
      <referencingComponents>
        <id>76a24de1-9dce-43ec-b72e-b39136c7fd9c</id>
      </referencingComponents>
      <referencingComponents>
        <id>a735d3ce-f99b-4563-a7fb-1e063e08b18d</id>
      </referencingComponents>
      <referencingComponents>
        <id>e63188f6-a7cd-494b-a4ab-171db57a5bd6</id>
      </referencingComponents>
      <referencingComponents>
        <id>767d9646-e295-45ec-bbee-7502b202a550</id>
      </referencingComponents>
      <referencingComponents>
        <id>73705d7a-99df-47c9-805c-7a14e34c120c</id>
      </referencingComponents>
      <referencingComponents>
        <id>ae2dc245-17ee-4c61-a737-4d304633769d</id>
      </referencingComponents>
      <referencingComponents>
        <id>6aeabec7-ec36-4ed5-ac0d-15fed8be3248</id>
      </referencingComponents>
      <referencingComponents>
        <id>6f1c3eab-b2c4-4af9-a422-808fdb09f821</id>
      </referencingComponents>
      <state>ENABLED</state>
      <type>org.apache.nifi.dbcp.DBCPConnectionPool</type>
    </controllerServices>
    <controllerServices>
      <id>30c2c746-ad7d-457f-a0f9-a9ecf18fd2a6</id>
      <comments></comments>
      <descriptors>
        <entry>
          <key>client-password</key>
          <value>
            <name>client-password</name>
          </value>
        </entry>
        <entry>
          <key>client-username</key>
          <value>
            <name>client-username</name>
          </value>
        </entry>
        <entry>
          <key>Implementation</key>
          <value>
            <name>Implementation</name>
          </value>
        </entry>
        <entry>
          <key>rest-client-url</key>
          <value>
            <name>rest-client-url</name>
          </value>
        </entry>
      </descriptors>
      <name>Think Big Metadata Service</name>
      <properties>
        <entry>
          <key>client-password</key>
          <value></value>
        </entry>
        <entry>
          <key>SSL Context Service</key>
        </entry>
        <entry>
          <key>client-username</key>
          <value>dladmin</value>
        </entry>
        <entry>
          <key>Implementation</key>
          <value>REMOTE</value>
        </entry>
        <entry>
          <key>rest-client-url</key>
          <value>http://localhost:8400/proxy/metadata</value>
        </entry>
      </properties>
      <referencingComponents>
        <id>a20de038-acd0-4c23-8e9f-645afe31491e</id>
      </referencingComponents>
      <referencingComponents>
        <id>642d2d9c-9bc3-46f1-a07d-7bb79b8aa843</id>
      </referencingComponents>
      <referencingComponents>
        <id>686ebb68-9e90-4826-ad9d-37b165d74743</id>
      </referencingComponents>
      <referencingComponents>
        <id>daf0ed11-58f2-458d-bddd-5bdfee9cac13</id>
      </referencingComponents>
      <referencingComponents>
        <id>1ce7951e-4be1-4fb2-8c95-caf709dcb9d4</id>
      </referencingComponents>
      <referencingComponents>
        <id>3bec761a-0570-42c8-8e57-58e2c93a7135</id>
      </referencingComponents>
      <referencingComponents>
        <id>257e7df4-de12-4fdb-bd2a-bf62f1056715</id>
      </referencingComponents>
      <referencingComponents>
        <id>f08a7bf2-bdb3-421e-acdf-1ca6b2a2b0a1</id>
      </referencingComponents>
      <referencingComponents>
        <id>b744496a-14f5-4860-8dc3-11da17939446</id>
      </referencingComponents>
      <referencingComponents>
        <id>b0efe337-ef07-43b8-bb06-c1f623328224</id>
      </referencingComponents>
      <referencingComponents>
        <id>25c5183c-9077-4c8e-897d-57aca7477e54</id>
      </referencingComponents>
      <referencingComponents>
        <id>e8ea3438-5f45-4a48-bec9-6bbc742c73b9</id>
      </referencingComponents>
      <referencingComponents>
        <id>f360fadb-fdf9-4404-a305-e31c36240f25</id>
      </referencingComponents>
      <referencingComponents>
        <id>78907731-a541-4df5-9fe1-5047c1c397ab</id>
      </referencingComponents>
      <referencingComponents>
        <id>2953b62f-9f7e-4dfa-95e3-3ee7b77642f0</id>
      </referencingComponents>
      <referencingComponents>
        <id>f711e4f5-5f42-4c34-b902-f8190ec6b936</id>
      </referencingComponents>
      <referencingComponents>
        <id>7b1f38b3-5d56-4457-9c75-eaffe6612fe0</id>
      </referencingComponents>
      <referencingComponents>
        <id>a37b251c-a081-4a49-8109-b8b0e5d05457</id>
      </referencingComponents>
      <referencingComponents>
        <id>671a95d9-2dbf-4bd9-9058-048d05b01549</id>
      </referencingComponents>
      <referencingComponents>
        <id>69eb1c42-a2f8-42fa-9c4c-6f65785b0b15</id>
      </referencingComponents>
      <referencingComponents>
        <id>fdd71fb1-f915-4d9a-87cc-16af9616ac1c</id>
      </referencingComponents>
      <referencingComponents>
        <id>604c0641-a703-40a6-87e2-a626dbf92394</id>
      </referencingComponents>
      <referencingComponents>
        <id>e4f2d978-8c60-44d5-b63c-8fd2c1120ba2</id>
      </referencingComponents>
      <referencingComponents>
        <id>5a8f9427-b27d-4829-b7f6-84ef5f0212f9</id>
      </referencingComponents>
      <referencingComponents>
        <id>751a8cd9-346c-4cd4-bb57-7dd85c5df4fd</id>
      </referencingComponents>
      <referencingComponents>
        <id>05d1235a-89ee-4776-8add-a4dfcda6c230</id>
      </referencingComponents>
      <referencingComponents>
        <id>d802f1e1-6a24-4659-a158-19adc638a117</id>
      </referencingComponents>
      <referencingComponents>
        <id>73705d7a-99df-47c9-805c-7a14e34c120c</id>
      </referencingComponents>
      <referencingComponents>
        <id>565d1753-1291-489e-9a70-595444a91ec1</id>
      </referencingComponents>
      <referencingComponents>
        <id>48f216f6-5e8d-4e2e-94e1-7743494aa47b</id>
      </referencingComponents>
      <referencingComponents>
        <id>9a5e254f-caa9-47dc-9fab-7673f0fdd37f</id>
      </referencingComponents>
      <referencingComponents>
        <id>791bd5b9-7e00-408d-9116-ef24e34db681</id>
      </referencingComponents>
      <referencingComponents>
        <id>c3fa7af3-85ed-4489-95a8-f8fc5bc0dd26</id>
      </referencingComponents>
      <referencingComponents>
        <id>8501857c-7d1c-487a-96e7-e2ebbaec5d28</id>
      </referencingComponents>
      <referencingComponents>
        <id>d07f691b-35ca-432f-9005-9db67d447dfc</id>
      </referencingComponents>
      <referencingComponents>
        <id>d0f5ff17-52bb-4ede-bf29-616bf53231a9</id>
      </referencingComponents>
      <referencingComponents>
        <id>c86035eb-639e-4fa8-b39c-baf9835c6618</id>
      </referencingComponents>
      <referencingComponents>
        <id>bed9ec06-f8f7-4d13-901c-6dd8a4c832fb</id>
      </referencingComponents>
      <referencingComponents>
        <id>155efbab-2f3e-421d-a6bd-674b865f8fdf</id>
      </referencingComponents>
      <referencingComponents>
        <id>53b25306-754d-456a-afc4-e7f832c5936c</id>
      </referencingComponents>
      <referencingComponents>
        <id>46ddf226-1a82-4197-a364-2aad4279296f</id>
      </referencingComponents>
      <referencingComponents>
        <id>a336f073-6b68-43b7-957f-bc593762240a</id>
      </referencingComponents>
      <referencingComponents>
        <id>fb9b4aa0-85a8-4084-a915-5ae7978d7276</id>
      </referencingComponents>
      <referencingComponents>
        <id>b6804794-0fd1-49f8-8659-de4ac35d8a5d</id>
      </referencingComponents>
      <referencingComponents>
        <id>34a194c7-32b2-4ee7-a9ad-34f12f2abf2d</id>
      </referencingComponents>
      <referencingComponents>
        <id>82ddc78b-ceec-4428-a43d-82e0df31ac32</id>
      </referencingComponents>
      <referencingComponents>
        <id>2f3cdabb-147c-4256-9492-9c1e67c39dfc</id>
      </referencingComponents>
      <referencingComponents>
        <id>3903aa0a-b111-483a-946d-995061656346</id>
      </referencingComponents>
      <referencingComponents>
        <id>b63f7b7e-db47-480a-a284-f621eb6139c6</id>
      </referencingComponents>
      <referencingComponents>
        <id>bfa3cb65-0655-4010-b95b-d24e260622bc</id>
      </referencingComponents>
      <referencingComponents>
        <id>2567efe0-b28d-46c2-8e3d-654610b35123</id>
      </referencingComponents>
      <referencingComponents>
        <id>c2adf4b6-e4a4-4747-8ac0-dc4a206318d6</id>
      </referencingComponents>
      <referencingComponents>
        <id>d7e7a599-d567-4935-94fb-6223369092c0</id>
      </referencingComponents>
      <referencingComponents>
        <id>020a9efe-8ae0-427b-b76b-0169671d9155</id>
      </referencingComponents>
      <referencingComponents>
        <id>c7ed2884-7e03-41c6-bd6b-42dee4b79dde</id>
      </referencingComponents>
      <referencingComponents>
        <id>91a4ac65-a368-4053-978e-85e1f5f1f105</id>
      </referencingComponents>
      <referencingComponents>
        <id>4917bdf8-1c64-4951-9eee-89e979f68cc5</id>
      </referencingComponents>
      <referencingComponents>
        <id>da1677ef-65c6-404a-bf00-a80cc8969a5e</id>
      </referencingComponents>
      <referencingComponents>
        <id>48519bbc-f277-4bd9-a799-625e311566af</id>
      </referencingComponents>
      <referencingComponents>
        <id>49bd32f7-be60-4f5a-b0a3-ab9d4c8f3568</id>
      </referencingComponents>
      <referencingComponents>
        <id>e4d28b84-0561-4084-8706-c380bdafd754</id>
      </referencingComponents>
      <referencingComponents>
        <id>86c5a5b4-4854-4e8b-88eb-8c739d36dc8d</id>
      </referencingComponents>
      <referencingComponents>
        <id>9db28cb7-9f33-4780-bedc-3ad4a8fcd9e4</id>
      </referencingComponents>
      <referencingComponents>
        <id>eaa0f786-b593-44f2-987d-e0d3d2236391</id>
      </referencingComponents>
      <referencingComponents>
        <id>34684979-a57e-4e11-b49c-06c67e410662</id>
      </referencingComponents>
      <referencingComponents>
        <id>c847c10e-d793-4600-b555-236025a56d37</id>
      </referencingComponents>
      <referencingComponents>
        <id>599392fb-6783-45d1-bf0f-68a7d1104be6</id>
      </referencingComponents>
      <referencingComponents>
        <id>07f6c666-a251-43ec-8019-e02430691c81</id>
      </referencingComponents>
      <referencingComponents>
        <id>16c775c8-6e2e-4ed4-8a72-86b6160462eb</id>
      </referencingComponents>
      <referencingComponents>
        <id>ea418674-d78a-4876-8cee-23826d997907</id>
      </referencingComponents>
      <referencingComponents>
        <id>c9598713-90b1-48ac-9f9f-cb0a68e2ec47</id>
      </referencingComponents>
      <referencingComponents>
        <id>396a9db3-be12-48cc-8f4c-f21267ab0e00</id>
      </referencingComponents>
      <referencingComponents>
        <id>2b37b098-483f-4ed5-aa59-3e86dd2ca08b</id>
      </referencingComponents>
      <referencingComponents>
        <id>207f3dfe-a579-493f-be38-291177e0378f</id>
      </referencingComponents>
      <referencingComponents>
        <id>f6074140-0638-4568-bb3e-bd02a6c585de</id>
      </referencingComponents>
      <referencingComponents>
        <id>efaa5b4c-a907-4dd9-b040-1fc05450e93c</id>
      </referencingComponents>
      <referencingComponents>
        <id>87f696ce-3b12-45fd-8d7f-7840e87f2ea6</id>
      </referencingComponents>
      <referencingComponents>
        <id>0a3260d1-7f1d-4a0b-b755-7584f9a19151</id>
      </referencingComponents>
      <referencingComponents>
        <id>b378badd-3c96-4aee-8954-623aea353fb4</id>
      </referencingComponents>
      <referencingComponents>
        <id>159e385c-c331-41b6-8b65-35174d7ca6a2</id>
      </referencingComponents>
      <referencingComponents>
        <id>25ba0207-d73c-4772-bb73-ad9297d4d38f</id>
      </referencingComponents>
      <referencingComponents>
        <id>38e46002-c520-4123-bd69-70f70e9074b6</id>
      </referencingComponents>
      <referencingComponents>
        <id>38bbc7c2-c64e-4aa5-9072-8958d05a5e84</id>
      </referencingComponents>
      <referencingComponents>
        <id>b469603c-a515-4627-83de-5e173eacf2ad</id>
      </referencingComponents>
      <referencingComponents>
        <id>7524d318-240f-44bc-b21b-ddff5dfc1d8f</id>
      </referencingComponents>
      <referencingComponents>
        <id>8cf19c72-d847-48e7-a0a7-083263d14e90</id>
      </referencingComponents>
      <referencingComponents>
        <id>824681e1-23c5-430a-b9b7-0f855334d925</id>
      </referencingComponents>
      <referencingComponents>
        <id>0fe000ce-f3db-444a-bd41-6b1e52ee45d6</id>
      </referencingComponents>
      <referencingComponents>
        <id>0f660beb-cd7b-4f8a-9eb1-3bf8b7aa730a</id>
      </referencingComponents>
      <referencingComponents>
        <id>f46cf18c-4d75-4005-a60c-95db23000a07</id>
      </referencingComponents>
      <referencingComponents>
        <id>e25e4128-292e-4f45-9758-af45bff1a8eb</id>
      </referencingComponents>
      <referencingComponents>
        <id>fd01d3c6-733d-4370-a7b5-8c355b309b29</id>
      </referencingComponents>
      <referencingComponents>
        <id>fb2e41ca-7d35-4462-b0a9-027a571afbd1</id>
      </referencingComponents>
      <referencingComponents>
        <id>91af4f24-0039-40de-87fd-662b4280b833</id>
      </referencingComponents>
      <referencingComponents>
        <id>280548e6-33e7-4671-b5ba-7d344e8a8d86</id>
      </referencingComponents>
      <referencingComponents>
        <id>add7e86d-c8ab-4379-ba45-2829b64a4558</id>
      </referencingComponents>
      <referencingComponents>
        <id>767d9646-e295-45ec-bbee-7502b202a550</id>
      </referencingComponents>
      <referencingComponents>
        <id>3be0157e-248c-4ba8-90a0-e08c0ee666c6</id>
      </referencingComponents>
      <referencingComponents>
        <id>4c310e02-5e06-4ae7-8bc7-cd1d3d28b1d6</id>
      </referencingComponents>
      <referencingComponents>
        <id>a7678a94-74e4-4069-8974-0faee7af5432</id>
      </referencingComponents>
      <referencingComponents>
        <id>9c1a663e-8a80-4ac8-9d71-57a2c3716e76</id>
      </referencingComponents>
      <referencingComponents>
        <id>9f70c64d-0a8f-439f-ad8a-17aa265c2cd1</id>
      </referencingComponents>
      <referencingComponents>
        <id>01d9fed3-39a2-4a95-bf67-25a58ba094b7</id>
      </referencingComponents>
      <referencingComponents>
        <id>f53f6b0b-d2cc-483a-94ea-f53bad9e8e09</id>
      </referencingComponents>
      <referencingComponents>
        <id>12cac9ce-324a-4b35-bea9-780881f16417</id>
      </referencingComponents>
      <referencingComponents>
        <id>7d18ee3f-c47f-4c1d-86d0-cdfc33140435</id>
      </referencingComponents>
      <referencingComponents>
        <id>16e687a1-5194-4310-982b-835dcc871004</id>
      </referencingComponents>
      <referencingComponents>
        <id>593fb692-4faf-4da1-8acb-ff61d391d118</id>
      </referencingComponents>
      <referencingComponents>
        <id>2b5fb222-85d3-44fb-9784-57b9a1407cef</id>
      </referencingComponents>
      <referencingComponents>
        <id>009b720a-34b2-404f-9cc5-882328d82ba5</id>
      </referencingComponents>
      <referencingComponents>
        <id>779def8e-333d-4494-ae7a-269197438aff</id>
      </referencingComponents>
      <referencingComponents>
        <id>c5307a26-723e-4db4-b86f-6a607bf7cb33</id>
      </referencingComponents>
      <referencingComponents>
        <id>47f35901-1631-4b29-896c-b643d4c0810d</id>
      </referencingComponents>
      <referencingComponents>
        <id>0f24e548-78ed-4443-b8f0-11bb7f7ecda8</id>
      </referencingComponents>
      <referencingComponents>
        <id>43ba7a52-9985-491d-9ae7-7f640c71409d</id>
      </referencingComponents>
      <referencingComponents>
        <id>686ac0c0-dd3f-4f7b-9eab-1d2fe19f5cb0</id>
      </referencingComponents>
      <referencingComponents>
        <id>a735d3ce-f99b-4563-a7fb-1e063e08b18d</id>
      </referencingComponents>
      <referencingComponents>
        <id>16bab3e6-c442-406b-894f-6e94382b3abb</id>
      </referencingComponents>
      <referencingComponents>
        <id>2063f9ba-ceff-42ec-8c44-eea4b337bb38</id>
      </referencingComponents>
      <referencingComponents>
        <id>e431a28f-5e52-493f-b9e2-05de04030d77</id>
      </referencingComponents>
      <referencingComponents>
        <id>a1efe06f-ad04-4c75-a057-59eea1321d9c</id>
      </referencingComponents>
      <referencingComponents>
        <id>1fc4f7d6-2fc5-4f22-921d-ff1e2be7bd70</id>
      </referencingComponents>
      <referencingComponents>
        <id>bf88f867-11c7-4e45-b24b-2614ee0d297b</id>
      </referencingComponents>
      <referencingComponents>
        <id>9e2e320f-d96f-40e0-9cb5-20589c4b6593</id>
      </referencingComponents>
      <referencingComponents>
        <id>5359828b-f7f1-4959-92ae-383ccdae71bf</id>
      </referencingComponents>
      <referencingComponents>
        <id>a407e53b-07fb-4e94-8bd6-ba10e36f4ffc</id>
      </referencingComponents>
      <referencingComponents>
        <id>358749b3-e023-49b5-93c1-6ed448f328de</id>
      </referencingComponents>
      <referencingComponents>
        <id>649e3003-4601-4729-b480-6f3dac3be58a</id>
      </referencingComponents>
      <referencingComponents>
        <id>01231bc5-05e0-4049-94f2-ffc27f0c8429</id>
      </referencingComponents>
      <referencingComponents>
        <id>6fb30ab6-37ee-44a6-8a43-61829a9fe568</id>
      </referencingComponents>
      <referencingComponents>
        <id>b6496ba5-a1f7-420b-9826-310312d4b016</id>
      </referencingComponents>
      <referencingComponents>
        <id>f9f202c1-fb81-4745-9273-903739404522</id>
      </referencingComponents>
      <referencingComponents>
        <id>166060e4-5d8c-43b5-80e9-de84b57b2f00</id>
      </referencingComponents>
      <referencingComponents>
        <id>fd2a68f4-d9a7-4a4c-90d9-e26bc70071f5</id>
      </referencingComponents>
      <referencingComponents>
        <id>6dd96196-786e-435b-99b3-4ab6e98d196e</id>
      </referencingComponents>
      <referencingComponents>
        <id>208297b2-2c71-4200-9e00-7eadee6c2db9</id>
      </referencingComponents>
      <referencingComponents>
        <id>fac0baa3-93ff-40f5-933b-72498537fc13</id>
      </referencingComponents>
      <referencingComponents>
        <id>de1f579b-d0f4-4264-a40d-a37e55ebf1ce</id>
      </referencingComponents>
      <referencingComponents>
        <id>60119496-d338-4f34-873d-3cd08c4a2245</id>
      </referencingComponents>
      <referencingComponents>
        <id>76a24de1-9dce-43ec-b72e-b39136c7fd9c</id>
      </referencingComponents>
      <referencingComponents>
        <id>c10bad06-d61d-45bb-be84-6bda796668cf</id>
      </referencingComponents>
      <referencingComponents>
        <id>f8c9922b-f854-4207-a83c-97d1e3fb0d24</id>
      </referencingComponents>
      <referencingComponents>
        <id>e07481bd-05e3-41a3-9826-de1bb1f8aff0</id>
      </referencingComponents>
      <referencingComponents>
        <id>dd9c1f23-3e68-4b08-8d05-94245bf37bcb</id>
      </referencingComponents>
      <referencingComponents>
        <id>5a8cce64-97a4-4632-9011-be5594894192</id>
      </referencingComponents>
      <referencingComponents>
        <id>6f1c3eab-b2c4-4af9-a422-808fdb09f821</id>
      </referencingComponents>
      <referencingComponents>
        <id>35c49052-fa87-42f4-a719-8deaab342272</id>
      </referencingComponents>
      <referencingComponents>
        <id>ccb78626-3c69-4d99-bf1e-d64b88152e4e</id>
      </referencingComponents>
      <referencingComponents>
        <id>20b43e0f-2ba4-4132-814c-3224401cf85b</id>
      </referencingComponents>
      <referencingComponents>
        <id>dfd26b9b-ec92-493b-a687-8089e37f5678</id>
      </referencingComponents>
      <referencingComponents>
        <id>2f9b0b2d-0d3a-43ca-8ba0-648eb5db732c</id>
      </referencingComponents>
      <referencingComponents>
        <id>9f694d5b-f86a-432c-a822-cf91c1bcbec7</id>
      </referencingComponents>
      <referencingComponents>
        <id>7631f0ca-1abb-4444-b949-0bbb211cd98d</id>
      </referencingComponents>
      <referencingComponents>
        <id>99bc7fb0-d50f-468d-b977-a81c083cf5a9</id>
      </referencingComponents>
      <referencingComponents>
        <id>84cfabae-1011-4795-88ea-46064496b911</id>
      </referencingComponents>
      <referencingComponents>
        <id>97eaf4b6-ee26-4acc-84e5-a0a371daa73c</id>
      </referencingComponents>
      <referencingComponents>
        <id>68995c99-1a34-41cd-9fa6-fecec511e074</id>
      </referencingComponents>
      <referencingComponents>
        <id>a9a50782-f254-4ec9-9128-62410791edc8</id>
      </referencingComponents>
      <referencingComponents>
        <id>e0dc0160-c6fe-432a-9d7a-77ad5fd979f7</id>
      </referencingComponents>
      <referencingComponents>
        <id>3e61a138-24f3-4a2f-aaae-0d5484e2e494</id>
      </referencingComponents>
      <referencingComponents>
        <id>a448ed65-3234-4b3b-b339-8884a3ccd6e9</id>
      </referencingComponents>
      <referencingComponents>
        <id>10427e45-2e80-4b5a-9f51-215d2ca0a337</id>
      </referencingComponents>
      <referencingComponents>
        <id>f9c86f69-4042-4e0b-9bdc-02bd1d3526f5</id>
      </referencingComponents>
      <referencingComponents>
        <id>67031408-b44f-48eb-93a0-75178731d8d8</id>
      </referencingComponents>
      <referencingComponents>
        <id>e65fbcdd-9b4f-4217-aceb-28033866092f</id>
      </referencingComponents>
      <referencingComponents>
        <id>a6ad2761-bcee-4b33-aa2c-cb3c5458305a</id>
      </referencingComponents>
      <referencingComponents>
        <id>a2f70622-a119-4c92-a2ae-d829d0b53913</id>
      </referencingComponents>
      <referencingComponents>
        <id>a87fb972-5f75-4087-ae4d-f5a76aa1b71a</id>
      </referencingComponents>
      <referencingComponents>
        <id>ee7f7a89-2b5b-4bbd-84bf-8563203e7a01</id>
      </referencingComponents>
      <referencingComponents>
        <id>f241e28b-af0c-4b9b-b4ed-91c444d8249f</id>
      </referencingComponents>
      <referencingComponents>
        <id>0695f987-abc2-44b9-8143-02116198062d</id>
      </referencingComponents>
      <referencingComponents>
        <id>5a876c9d-7c40-4b34-8731-00785f1498e6</id>
      </referencingComponents>
      <referencingComponents>
        <id>fdcd960c-485c-48d8-bff4-d4b1e3ce751d</id>
      </referencingComponents>
      <referencingComponents>
        <id>c9020fa9-31d5-433c-adad-a683fc5b1a05</id>
      </referencingComponents>
      <referencingComponents>
        <id>6aeabec7-ec36-4ed5-ac0d-15fed8be3248</id>
      </referencingComponents>
      <referencingComponents>
        <id>6046795d-c494-49fd-a4f9-0616117730bb</id>
      </referencingComponents>
      <referencingComponents>
        <id>24ff564c-22f9-4d87-885c-ca50f6983dbb</id>
      </referencingComponents>
      <referencingComponents>
        <id>e4cfc2bc-4734-4567-a1cb-717fb8d25f5d</id>
      </referencingComponents>
      <referencingComponents>
        <id>d9230e7f-9207-4340-af5e-b301d2e20c8e</id>
      </referencingComponents>
      <referencingComponents>
        <id>2a54962e-0465-474d-a403-31481f8d31c5</id>
      </referencingComponents>
      <referencingComponents>
        <id>579938f0-4042-452b-8ec6-cfc915548cd2</id>
      </referencingComponents>
      <referencingComponents>
        <id>60b479ab-4d6a-405c-8352-c924fc1c794d</id>
      </referencingComponents>
      <referencingComponents>
        <id>4df0fd85-21c7-4b24-8de8-b315b5e7e268</id>
      </referencingComponents>
      <referencingComponents>
        <id>f8e0e374-89e1-4be2-8657-2a0e308d2124</id>
      </referencingComponents>
      <referencingComponents>
        <id>0155fbae-7eb1-401c-a2d6-3667646c2fd0</id>
      </referencingComponents>
      <referencingComponents>
        <id>c611477c-64d2-41e4-a77a-608dc7250a40</id>
      </referencingComponents>
      <referencingComponents>
        <id>fac20f81-aea0-46cb-af76-0b9b76687c0c</id>
      </referencingComponents>
      <referencingComponents>
        <id>3dd1306c-e289-4827-99b6-00fe828b480f</id>
      </referencingComponents>
      <referencingComponents>
        <id>bc308bd4-d180-4bee-9328-f2404f3ccda7</id>
      </referencingComponents>
      <referencingComponents>
        <id>669c179b-8362-40d9-a2f5-b531fd077af1</id>
      </referencingComponents>
      <referencingComponents>
        <id>462bb3b6-43c2-4133-9136-51282695f02b</id>
      </referencingComponents>
      <referencingComponents>
        <id>2a195388-6a28-45bd-ad4e-2ec9e588801a</id>
      </referencingComponents>
      <referencingComponents>
        <id>7afe844c-fcef-4d86-b442-bfe71049461a</id>
      </referencingComponents>
      <referencingComponents>
        <id>9e9068f0-9945-469c-a699-23d9cb1571e8</id>
      </referencingComponents>
      <referencingComponents>
        <id>6b202162-59ff-41af-9610-d718131144eb</id>
      </referencingComponents>
      <referencingComponents>
        <id>c271a748-374e-489b-b43f-765e6e134ed8</id>
      </referencingComponents>
      <referencingComponents>
        <id>71a18b05-9ca3-459d-9d4e-b6dcb278508d</id>
      </referencingComponents>
      <referencingComponents>
        <id>d631a3a0-a480-4670-a239-7d585b7fd5db</id>
      </referencingComponents>
      <referencingComponents>
        <id>7ae0d1ce-f3c8-4e2c-9cf1-4630d52716f9</id>
      </referencingComponents>
      <referencingComponents>
        <id>b86f188d-62ee-4f66-8663-7ab947f35ca0</id>
      </referencingComponents>
      <referencingComponents>
        <id>e186d8f2-4315-4adc-9e79-d8ea69d9c798</id>
      </referencingComponents>
      <referencingComponents>
        <id>3742fc60-d7d1-4a27-a156-cc6db3d41967</id>
      </referencingComponents>
      <referencingComponents>
        <id>4e600138-57d9-464b-b206-1e5ced5c8dda</id>
      </referencingComponents>
      <referencingComponents>
        <id>622d92b7-a277-4176-8786-8dd2fe3ce430</id>
      </referencingComponents>
      <referencingComponents>
        <id>e6cc9426-780d-4364-adc1-6f856d8d77ee</id>
      </referencingComponents>
      <referencingComponents>
        <id>25dafece-4b79-4837-a668-0e8fbc7e7d93</id>
      </referencingComponents>
      <referencingComponents>
        <id>ec825263-d190-4987-a5a4-231477225e6d</id>
      </referencingComponents>
      <referencingComponents>
        <id>3e4126d0-2a36-46cc-b4c9-5f00cdd7bab6</id>
      </referencingComponents>
      <referencingComponents>
        <id>4713d10b-75fe-4931-bd3b-5018df8c5d1d</id>
      </referencingComponents>
      <referencingComponents>
        <id>ac734a41-bd56-41b2-aeb4-5bfafb7a2bc0</id>
      </referencingComponents>
      <referencingComponents>
        <id>922be12e-c467-4b99-b234-f36d649df44f</id>
      </referencingComponents>
      <referencingComponents>
        <id>a99e8e44-e276-4f5f-a7fa-71cffb37d8e4</id>
      </referencingComponents>
      <referencingComponents>
        <id>45930fd2-fb5e-422e-9907-5c543d8f48d3</id>
      </referencingComponents>
      <referencingComponents>
        <id>325f51d3-3b3f-4c05-aeb8-c9371ad81f93</id>
      </referencingComponents>
      <referencingComponents>
        <id>3a88fc50-2003-4350-ac7b-3d6bac67e428</id>
      </referencingComponents>
      <referencingComponents>
        <id>8872e957-7acb-4388-818b-e910f070317b</id>
      </referencingComponents>
      <referencingComponents>
        <id>2796ae51-39cd-48b1-878a-faa01ef3c2cb</id>
      </referencingComponents>
      <referencingComponents>
        <id>6b23192e-e9c4-4fc6-8032-f5f491d8f9a4</id>
      </referencingComponents>
      <referencingComponents>
        <id>851c0d07-02f4-4e1d-839e-5d06f6a53341</id>
      </referencingComponents>
      <state>ENABLED</state>
      <type>com.thinkbiganalytics.nifi.v2.core.metadata.MetadataProviderSelectorService</type>
    </controllerServices>
    <labels>
      <id>619d71e0-f703-4618-8a7d-d9c62778898d</id>
      <parentGroupId>203cb983-967c-402f-9457-f44ee6b54d03</parentGroupId>
      <position>
        <x>406.33376881119693</x>
        <y>748.3046678870653</y>
      </position>
      <height>139.8511199951172</height>
      <label>Cleanup</label>
      <style>
        <entry>
          <key>background-color</key>
          <value>#dbdbdb</value>
        </entry>
        <entry>
          <key>font-size</key>
          <value>18px</value>
        </entry>
      </style>
      <width>1135.6480712890625</width>
    </labels>
    <outputPorts>
      <id>bdc70b64-cdb9-4a53-93c3-4b91d0255769</id>
      <parentGroupId>203cb983-967c-402f-9457-f44ee6b54d03</parentGroupId>
      <position>
        <x>1336.7614997411501</x>
        <y>807.0978121171597</y>
      </position>
      <comments></comments>
      <concurrentlySchedulableTaskCount>1</concurrentlySchedulableTaskCount>
      <name>to-standard-cleanup</name>
      <state>STOPPED</state>
      <type>OUTPUT_PORT</type>
      <validationErrors>'Port 'to-standard-cleanup'' is invalid because Output connection for port 'to-standard-cleanup' is not defined.</validationErrors>
    </outputPorts>
    <outputPorts>
      <id>cba209e0-a802-4357-bd8e-eff12727b388</id>
      <parentGroupId>203cb983-967c-402f-9457-f44ee6b54d03</parentGroupId>
      <position>
        <x>766.4882805515158</x>
        <y>565.3769902257957</y>
      </position>
      <comments></comments>
      <concurrentlySchedulableTaskCount>1</concurrentlySchedulableTaskCount>
      <name>to-standard-ingest</name>
      <state>STOPPED</state>
      <type>OUTPUT_PORT</type>
      <validationErrors>'Port 'to-standard-ingest'' is invalid because Output connection for port 'to-standard-ingest' is not defined.</validationErrors>
    </outputPorts>
    <processors>
      <id>8501857c-7d1c-487a-96e7-e2ebbaec5d28</id>
      <parentGroupId>203cb983-967c-402f-9457-f44ee6b54d03</parentGroupId>
      <position>
        <x>429.6448591647936</x>
        <y>776.7461613683738</y>
      </position>
      <config>
        <bulletinLevel>WARN</bulletinLevel>
        <comments></comments>
        <concurrentlySchedulableTaskCount>1</concurrentlySchedulableTaskCount>
        <descriptors>
          <entry>
            <key>Metadata Provider Service</key>
            <value>
              <identifiesControllerService>com.thinkbiganalytics.nifi.core.api.metadata.MetadataProviderService</identifiesControllerService>
              <name>Metadata Provider Service</name>
            </value>
          </entry>
          <entry>
            <key>System feed category</key>
            <value>
              <name>System feed category</name>
            </value>
          </entry>
          <entry>
            <key>Feed Cleanup Event Service</key>
            <value>
              <identifiesControllerService>com.thinkbiganalytics.nifi.core.api.cleanup.CleanupEventService</identifiesControllerService>
              <name>Feed Cleanup Event Service</name>
            </value>
          </entry>
          <entry>
            <key>System feed name</key>
            <value>
              <name>System feed name</name>
            </value>
          </entry>
        </descriptors>
        <lossTolerant>false</lossTolerant>
        <penaltyDuration>30 sec</penaltyDuration>
        <properties>
          <entry>
            <key>Metadata Provider Service</key>
            <value>30c2c746-ad7d-457f-a0f9-a9ecf18fd2a6</value>
          </entry>
          <entry>
            <key>System feed category</key>
            <value>${metadata.category.systemName}</value>
          </entry>
          <entry>
            <key>Feed Cleanup Event Service</key>
            <value>81fddaec-dc28-45ac-9a1a-0499f67f02d8</value>
          </entry>
          <entry>
            <key>System feed name</key>
            <value>${metadata.systemFeedName}</value>
          </entry>
        </properties>
        <runDurationMillis>0</runDurationMillis>
        <schedulingPeriod>0 sec</schedulingPeriod>
        <schedulingStrategy>TIMER_DRIVEN</schedulingStrategy>
        <yieldDuration>1 sec</yieldDuration>
      </config>
      <name>TriggerCleanup</name>
      <relationships>
        <autoTerminate>false</autoTerminate>
        <name>Success</name>
      </relationships>
      <style>
        <entry>
          <key>background-color</key>
          <value>#ff9900</value>
        </entry>
      </style>
      <type>com.thinkbiganalytics.nifi.v2.metadata.TriggerCleanup</type>
    </processors>
    <processors>
      <id>020a9efe-8ae0-427b-b76b-0169671d9155</id>
      <parentGroupId>203cb983-967c-402f-9457-f44ee6b54d03</parentGroupId>
      <position>
        <x>1510.835446357607</x>
        <y>-2.1071910629487434</y>
      </position>
      <config>
        <bulletinLevel>WARN</bulletinLevel>
        <comments></comments>
        <concurrentlySchedulableTaskCount>1</concurrentlySchedulableTaskCount>
        <descriptors>
          <entry>
            <key>Release All</key>
            <value>
              <name>Release All</name>
            </value>
          </entry>
          <entry>
            <key>System feed category</key>
            <value>
              <name>System feed category</name>
            </value>
          </entry>
          <entry>
            <key>High-Water Mark</key>
            <value>
              <name>High-Water Mark</name>
            </value>
          </entry>
          <entry>
            <key>Mode</key>
            <value>
              <name>Mode</name>
            </value>
          </entry>
          <entry>
            <key>System feed name</key>
            <value>
              <name>System feed name</name>
            </value>
          </entry>
          <entry>
            <key>Metadata Service</key>
            <value>
              <identifiesControllerService>com.thinkbiganalytics.nifi.core.api.metadata.MetadataProviderService</identifiesControllerService>
              <name>Metadata Service</name>
            </value>
          </entry>
          <entry>
            <key>High-Water Mark Value Property Name</key>
            <value>
              <name>High-Water Mark Value Property Name</name>
            </value>
          </entry>
        </descriptors>
        <lossTolerant>false</lossTolerant>
        <penaltyDuration>30 sec</penaltyDuration>
        <properties>
          <entry>
            <key>Release All</key>
            <value>true</value>
          </entry>
          <entry>
            <key>System feed category</key>
            <value>${metadata.category.systemName}</value>
          </entry>
          <entry>
            <key>High-Water Mark</key>
            <value>highWaterMark</value>
          </entry>
          <entry>
            <key>Mode</key>
            <value>REJECT</value>
          </entry>
          <entry>
            <key>System feed name</key>
            <value>${metadata.systemFeedName}</value>
          </entry>
          <entry>
            <key>Metadata Service</key>
            <value>30c2c746-ad7d-457f-a0f9-a9ecf18fd2a6</value>
          </entry>
          <entry>
            <key>High-Water Mark Value Property Name</key>
            <value>water.mark</value>
          </entry>
        </properties>
        <runDurationMillis>0</runDurationMillis>
        <schedulingPeriod>0 sec</schedulingPeriod>
        <schedulingStrategy>TIMER_DRIVEN</schedulingStrategy>
        <yieldDuration>1 sec</yieldDuration>
      </config>
      <name>Failed Input - Release High Water Mark</name>
      <relationships>
        <autoTerminate>false</autoTerminate>
        <name>failure</name>
      </relationships>
      <relationships>
        <autoTerminate>false</autoTerminate>
        <name>success</name>
      </relationships>
      <style></style>
      <type>com.thinkbiganalytics.nifi.v2.core.watermark.ReleaseHighWaterMark</type>
    </processors>
    <processors>
      <id>0c6a8557-8fc8-4da8-bb89-cb4d8c0931ae</id>
      <parentGroupId>203cb983-967c-402f-9457-f44ee6b54d03</parentGroupId>
      <position>
        <x>2050.0240471530783</x>
        <y>-0.14857645788583795</y>
      </position>
      <config>
        <bulletinLevel>WARN</bulletinLevel>
        <comments></comments>
        <concurrentlySchedulableTaskCount>1</concurrentlySchedulableTaskCount>
        <descriptors>
          <entry>
            <key>Group</key>
            <value>
              <name>Group</name>
            </value>
          </entry>
          <entry>
            <key>Owner</key>
            <value>
              <name>Owner</name>
            </value>
          </entry>
          <entry>
            <key>Create Missing Directories</key>
            <value>
              <name>Create Missing Directories</name>
            </value>
          </entry>
          <entry>
            <key>Permissions</key>
            <value>
              <name>Permissions</name>
            </value>
          </entry>
          <entry>
            <key>Maximum File Count</key>
            <value>
              <name>Maximum File Count</name>
            </value>
          </entry>
          <entry>
            <key>Last Modified Time</key>
            <value>
              <name>Last Modified Time</name>
            </value>
          </entry>
          <entry>
            <key>Directory</key>
            <value>
              <name>Directory</name>
            </value>
          </entry>
          <entry>
            <key>Conflict Resolution Strategy</key>
            <value>
              <name>Conflict Resolution Strategy</name>
            </value>
          </entry>
        </descriptors>
        <lossTolerant>false</lossTolerant>
        <penaltyDuration>30 sec</penaltyDuration>
        <properties>
          <entry>
            <key>Group</key>
          </entry>
          <entry>
            <key>Owner</key>
          </entry>
          <entry>
            <key>Create Missing Directories</key>
            <value>true</value>
          </entry>
          <entry>
            <key>Permissions</key>
          </entry>
          <entry>
            <key>Maximum File Count</key>
          </entry>
          <entry>
            <key>Last Modified Time</key>
          </entry>
          <entry>
            <key>Directory</key>
            <value>/var/${metadata.category.systemName}/${metadata.systemFeedName}/failure</value>
          </entry>
          <entry>
            <key>Conflict Resolution Strategy</key>
            <value>replace</value>
          </entry>
        </properties>
        <runDurationMillis>0</runDurationMillis>
        <schedulingPeriod>0 sec</schedulingPeriod>
        <schedulingStrategy>TIMER_DRIVEN</schedulingStrategy>
        <yieldDuration>1 sec</yieldDuration>
      </config>
      <name>Failed Input Processing</name>
      <relationships>
        <autoTerminate>true</autoTerminate>
        <name>failure</name>
      </relationships>
      <relationships>
        <autoTerminate>true</autoTerminate>
        <name>success</name>
      </relationships>
      <style></style>
      <type>org.apache.nifi.processors.standard.PutFile</type>
    </processors>
    <processors>
      <id>1f67e296-2ff8-4b5d-9ac1-cc0736e7a085</id>
      <parentGroupId>203cb983-967c-402f-9457-f44ee6b54d03</parentGroupId>
      <position>
        <x>536.9764397312033</x>
        <y>-33.97759695806896</y>
      </position>
      <config>
        <bulletinLevel>WARN</bulletinLevel>
        <comments></comments>
        <concurrentlySchedulableTaskCount>1</concurrentlySchedulableTaskCount>
        <descriptors>
          <entry>
            <key>Keep Source File</key>
            <value>
              <name>Keep Source File</name>
            </value>
          </entry>
          <entry>
            <key>Minimum File Age</key>
            <value>
              <name>Minimum File Age</name>
            </value>
          </entry>
          <entry>
            <key>Polling Interval</key>
            <value>
              <name>Polling Interval</name>
            </value>
          </entry>
          <entry>
            <key>Input Directory</key>
            <value>
              <name>Input Directory</name>
            </value>
          </entry>
          <entry>
            <key>Maximum File Age</key>
            <value>
              <name>Maximum File Age</name>
            </value>
          </entry>
          <entry>
            <key>Batch Size</key>
            <value>
              <name>Batch Size</name>
            </value>
          </entry>
          <entry>
            <key>Maximum File Size</key>
            <value>
              <name>Maximum File Size</name>
            </value>
          </entry>
          <entry>
            <key>Minimum File Size</key>
            <value>
              <name>Minimum File Size</name>
            </value>
          </entry>
          <entry>
            <key>Ignore Hidden Files</key>
            <value>
              <name>Ignore Hidden Files</name>
            </value>
          </entry>
          <entry>
            <key>Recurse Subdirectories</key>
            <value>
              <name>Recurse Subdirectories</name>
            </value>
          </entry>
          <entry>
            <key>File Filter</key>
            <value>
              <name>File Filter</name>
            </value>
          </entry>
          <entry>
            <key>Path Filter</key>
            <value>
              <name>Path Filter</name>
            </value>
          </entry>
        </descriptors>
        <lossTolerant>false</lossTolerant>
        <penaltyDuration>30 sec</penaltyDuration>
        <properties>
          <entry>
            <key>Keep Source File</key>
            <value>false</value>
          </entry>
          <entry>
            <key>Minimum File Age</key>
            <value>0 sec</value>
          </entry>
          <entry>
            <key>Polling Interval</key>
            <value>0 sec</value>
          </entry>
          <entry>
            <key>Input Directory</key>
            <value>/var/dropzone</value>
          </entry>
          <entry>
            <key>Maximum File Age</key>
          </entry>
          <entry>
            <key>Batch Size</key>
            <value>100</value>
          </entry>
          <entry>
            <key>Maximum File Size</key>
          </entry>
          <entry>
            <key>Minimum File Size</key>
            <value>0 B</value>
          </entry>
          <entry>
            <key>Ignore Hidden Files</key>
            <value>true</value>
          </entry>
          <entry>
            <key>Recurse Subdirectories</key>
            <value>false</value>
          </entry>
          <entry>
            <key>File Filter</key>
            <value>mydata\d{1,3}.csv</value>
          </entry>
          <entry>
            <key>Path Filter</key>
          </entry>
        </properties>
        <runDurationMillis>0</runDurationMillis>
        <schedulingPeriod>15 sec</schedulingPeriod>
        <schedulingStrategy>TIMER_DRIVEN</schedulingStrategy>
        <yieldDuration>1 sec</yieldDuration>
      </config>
      <name>Filesystem</name>
      <relationships>
        <autoTerminate>false</autoTerminate>
        <name>success</name>
      </relationships>
      <style>
        <entry>
          <key>background-color</key>
          <value>#11f237</value>
        </entry>
      </style>
      <type>org.apache.nifi.processors.standard.GetFile</type>
    </processors>
    <processors>
      <id>2567efe0-b28d-46c2-8e3d-654610b35123</id>
      <parentGroupId>203cb983-967c-402f-9457-f44ee6b54d03</parentGroupId>
      <position>
        <x>961.5370476413595</x>
        <y>-43.55720396795664</y>
      </position>
      <config>
        <bulletinLevel>WARN</bulletinLevel>
        <comments></comments>
        <concurrentlySchedulableTaskCount>1</concurrentlySchedulableTaskCount>
        <descriptors>
          <entry>
            <key>System feed category</key>
            <value>
              <name>System feed category</name>
            </value>
          </entry>
          <entry>
            <key>High-Water Mark</key>
            <value>
              <name>High-Water Mark</name>
            </value>
          </entry>
          <entry>
            <key>Max Yield Count</key>
            <value>
              <name>Max Yield Count</name>
            </value>
          </entry>
          <entry>
            <key>Initial Value</key>
            <value>
              <name>Initial Value</name>
            </value>
          </entry>
          <entry>
            <key>System feed name</key>
            <value>
              <name>System feed name</name>
            </value>
          </entry>
          <entry>
            <key>Metadata Service</key>
            <value>
              <identifiesControllerService>com.thinkbiganalytics.nifi.core.api.metadata.MetadataProviderService</identifiesControllerService>
              <name>Metadata Service</name>
            </value>
          </entry>
          <entry>
            <key>High-Water Mark Value Property Name</key>
            <value>
              <name>High-Water Mark Value Property Name</name>
            </value>
          </entry>
          <entry>
            <key>Active Water Mark Strategy</key>
            <value>
              <name>Active Water Mark Strategy</name>
            </value>
          </entry>
        </descriptors>
        <lossTolerant>false</lossTolerant>
        <penaltyDuration>30 sec</penaltyDuration>
        <properties>
          <entry>
            <key>System feed category</key>
            <value>${metadata.category.systemName}</value>
          </entry>
          <entry>
            <key>High-Water Mark</key>
            <value>highWaterMark</value>
          </entry>
          <entry>
            <key>Max Yield Count</key>
            <value>50</value>
          </entry>
          <entry>
            <key>Initial Value</key>
            <value>1970-01-01T00:00:00</value>
          </entry>
          <entry>
            <key>System feed name</key>
            <value>${metadata.systemFeedName}</value>
          </entry>
          <entry>
            <key>Metadata Service</key>
            <value>30c2c746-ad7d-457f-a0f9-a9ecf18fd2a6</value>
          </entry>
          <entry>
            <key>High-Water Mark Value Property Name</key>
            <value>water.mark</value>
          </entry>
          <entry>
            <key>Active Water Mark Strategy</key>
            <value>YIELD</value>
          </entry>
        </properties>
        <runDurationMillis>0</runDurationMillis>
        <schedulingPeriod>0 sec</schedulingPeriod>
        <schedulingStrategy>TIMER_DRIVEN</schedulingStrategy>
        <yieldDuration>1 sec</yieldDuration>
      </config>
      <name>Database</name>
      <relationships>
        <autoTerminate>false</autoTerminate>
        <name>activeFailure</name>
      </relationships>
      <relationships>
        <autoTerminate>false</autoTerminate>
        <name>failure</name>
      </relationships>
      <relationships>
        <autoTerminate>false</autoTerminate>
        <name>success</name>
      </relationships>
      <style></style>
      <type>com.thinkbiganalytics.nifi.v2.core.watermark.LoadHighWaterMark</type>
    </processors>
    <processors>
      <id>6aeabec7-ec36-4ed5-ac0d-15fed8be3248</id>
      <parentGroupId>203cb983-967c-402f-9457-f44ee6b54d03</parentGroupId>
      <position>
        <x>961.0188526725033</x>
        <y>133.463777890576</y>
      </position>
      <config>
        <bulletinLevel>WARN</bulletinLevel>
        <comments></comments>
        <concurrentlySchedulableTaskCount>1</concurrentlySchedulableTaskCount>
        <descriptors>
          <entry>
            <key>Source Fields</key>
            <value>
              <name>Source Fields</name>
            </value>
          </entry>
          <entry>
            <key>Max Wait Time</key>
            <value>
              <name>Max Wait Time</name>
            </value>
          </entry>
          <entry>
            <key>High-Water Mark Property Name</key>
            <value>
              <name>High-Water Mark Property Name</name>
            </value>
          </entry>
          <entry>
            <key>Minimum Time Unit</key>
            <value>
              <name>Minimum Time Unit</name>
            </value>
          </entry>
          <entry>
            <key>System feed name</key>
            <value>
              <name>System feed name</name>
            </value>
          </entry>
          <entry>
            <key>Load Strategy</key>
            <value>
              <name>Load Strategy</name>
            </value>
          </entry>
          <entry>
            <key>Source Database Connection</key>
            <value>
              <identifiesControllerService>org.apache.nifi.dbcp.DBCPService</identifiesControllerService>
              <name>Source Database Connection</name>
            </value>
          </entry>
          <entry>
            <key>System feed category</key>
            <value>
              <name>System feed category</name>
            </value>
          </entry>
          <entry>
            <key>Source Table</key>
            <value>
              <name>Source Table</name>
            </value>
          </entry>
          <entry>
            <key>Backoff Period</key>
            <value>
              <name>Backoff Period</name>
            </value>
          </entry>
          <entry>
            <key>Overlap Period</key>
            <value>
              <name>Overlap Period</name>
            </value>
          </entry>
          <entry>
            <key>Date Field</key>
            <value>
              <name>Date Field</name>
            </value>
          </entry>
          <entry>
            <key>Metadata Service</key>
            <value>
              <identifiesControllerService>com.thinkbiganalytics.nifi.core.api.metadata.MetadataProviderService</identifiesControllerService>
              <name>Metadata Service</name>
            </value>
          </entry>
        </descriptors>
        <lossTolerant>false</lossTolerant>
        <penaltyDuration>30 sec</penaltyDuration>
        <properties>
          <entry>
            <key>Source Fields</key>
            <value>${metadata.table.sourceFields}</value>
          </entry>
          <entry>
            <key>Max Wait Time</key>
            <value>0 seconds</value>
          </entry>
          <entry>
            <key>High-Water Mark Property Name</key>
            <value>water.mark</value>
          </entry>
          <entry>
            <key>Minimum Time Unit</key>
            <value>NONE</value>
          </entry>
          <entry>
            <key>System feed name</key>
            <value>${metadata.systemFeedName}</value>
          </entry>
          <entry>
            <key>Load Strategy</key>
            <value>FULL_LOAD</value>
          </entry>
          <entry>
            <key>Source Database Connection</key>
            <value>28ebe4b5-aeaf-4fe4-aacc-7a8aed0c7c1b</value>
          </entry>
          <entry>
            <key>System feed category</key>
            <value>${metadata.category.systemName}</value>
          </entry>
          <entry>
            <key>Source Table</key>
            <value>${metadata.table.sourceTableSchema.name}</value>
          </entry>
          <entry>
            <key>Backoff Period</key>
            <value>300 seconds</value>
          </entry>
          <entry>
            <key>Overlap Period</key>
            <value>300 seconds</value>
          </entry>
          <entry>
            <key>Date Field</key>
          </entry>
          <entry>
            <key>Metadata Service</key>
            <value>30c2c746-ad7d-457f-a0f9-a9ecf18fd2a6</value>
          </entry>
        </properties>
        <runDurationMillis>0</runDurationMillis>
        <schedulingPeriod>1 sec</schedulingPeriod>
        <schedulingStrategy>TIMER_DRIVEN</schedulingStrategy>
        <yieldDuration>1 sec</yieldDuration>
      </config>
      <name>Query database</name>
      <relationships>
        <autoTerminate>false</autoTerminate>
        <name>failure</name>
      </relationships>
      <relationships>
        <autoTerminate>true</autoTerminate>
        <name>nodata</name>
      </relationships>
      <relationships>
        <autoTerminate>false</autoTerminate>
        <name>success</name>
      </relationships>
      <style>
        <entry>
          <key>background-color</key>
          <value>#3cff00</value>
        </entry>
      </style>
      <type>com.thinkbiganalytics.nifi.v2.ingest.GetTableData</type>
    </processors>
    <processors>
      <id>7c627365-3d3a-4495-bac0-0cdcc230abe3</id>
      <parentGroupId>203cb983-967c-402f-9457-f44ee6b54d03</parentGroupId>
      <position>
        <x>704.507693545901</x>
        <y>349.2042973442992</y>
      </position>
      <config>
        <bulletinLevel>WARN</bulletinLevel>
        <comments></comments>
        <concurrentlySchedulableTaskCount>1</concurrentlySchedulableTaskCount>
        <descriptors>
          <entry>
            <key>metadata.table.fieldIndexString</key>
            <value>
              <name>metadata.table.fieldIndexString</name>
            </value>
          </entry>
          <entry>
            <key>hive.profile.root</key>
            <value>
              <name>hive.profile.root</name>
            </value>
          </entry>
          <entry>
            <key>metadata.table.targetFormat</key>
            <value>
              <name>metadata.table.targetFormat</name>
            </value>
          </entry>
          <entry>
            <key>spark.input_folder</key>
            <value>
              <name>spark.input_folder</name>
            </value>
          </entry>
          <entry>
            <key>metadata.table.fieldStructure</key>
            <value>
              <name>metadata.table.fieldStructure</name>
            </value>
          </entry>
          <entry>
            <key>skipHeader</key>
            <value>
              <name>skipHeader</name>
            </value>
          </entry>
          <entry>
            <key>archiveId</key>
            <value>
              <name>archiveId</name>
            </value>
          </entry>
          <entry>
            <key>metadata.table.fieldPoliciesJson</key>
            <value>
              <name>metadata.table.fieldPoliciesJson</name>
            </value>
          </entry>
          <entry>
            <key>metadata.table.partitionSpecs</key>
            <value>
              <name>metadata.table.partitionSpecs</name>
            </value>
          </entry>
          <entry>
            <key>feed</key>
            <value>
              <name>feed</name>
            </value>
          </entry>
          <entry>
            <key>hdfs.ingest.root</key>
            <value>
              <name>hdfs.ingest.root</name>
            </value>
          </entry>
          <entry>
            <key>Delete Attributes Expression</key>
            <value>
              <name>Delete Attributes Expression</name>
            </value>
          </entry>
          <entry>
            <key>metadata.table.targetTblProperties</key>
            <value>
              <name>metadata.table.targetTblProperties</name>
            </value>
          </entry>
          <entry>
            <key>metadata.table.partitionStructure</key>
            <value>
              <name>metadata.table.partitionStructure</name>
            </value>
          </entry>
          <entry>
            <key>category</key>
            <value>
              <name>category</name>
            </value>
          </entry>
          <entry>
            <key>hive.ingest.root</key>
            <value>
              <name>hive.ingest.root</name>
            </value>
          </entry>
          <entry>
            <key>hive.master.root</key>
            <value>
              <name>hive.master.root</name>
            </value>
          </entry>
          <entry>
            <key>metadata.table.targetMergeStrategy</key>
            <value>
              <name>metadata.table.targetMergeStrategy</name>
            </value>
          </entry>
          <entry>
            <key>metadata.table.feedFormat</key>
            <value>
              <name>metadata.table.feedFormat</name>
            </value>
          </entry>
        </descriptors>
        <lossTolerant>false</lossTolerant>
        <penaltyDuration>30 sec</penaltyDuration>
        <properties>
          <entry>
            <key>metadata.table.fieldIndexString</key>
            <value>${metadata.table.fieldIndexString}</value>
          </entry>
          <entry>
            <key>hive.profile.root</key>
            <value>${config.hive.profile.root}</value>
          </entry>
          <entry>
            <key>metadata.table.targetFormat</key>
            <value>${metadata.table.targetFormat}</value>
          </entry>
          <entry>
            <key>spark.input_folder</key>
            <value>/tmp</value>
          </entry>
          <entry>
            <key>metadata.table.fieldStructure</key>
            <value>${metadata.table.fieldStructure}</value>
          </entry>
          <entry>
            <key>skipHeader</key>
            <value>${metadata.options.skipHeader}</value>
          </entry>
          <entry>
            <key>archiveId</key>
            <value>${now():format('yyyyMMddHHmmss')}_${UUID()}</value>
          </entry>
          <entry>
            <key>metadata.table.fieldPoliciesJson</key>
            <value>${metadata.table.fieldPoliciesJson}</value>
          </entry>
          <entry>
            <key>metadata.table.partitionSpecs</key>
            <value>${metadata.table.partitionSpecs}</value>
          </entry>
          <entry>
            <key>feed</key>
            <value>${metadata.systemFeedName}</value>
          </entry>
          <entry>
            <key>hdfs.ingest.root</key>
            <value>${config.hdfs.ingest.root}</value>
          </entry>
          <entry>
            <key>Delete Attributes Expression</key>
          </entry>
          <entry>
            <key>metadata.table.targetTblProperties</key>
            <value>${metadata.table.targetTblProperties}</value>
          </entry>
          <entry>
            <key>metadata.table.partitionStructure</key>
            <value>${metadata.table.partitionStructure}</value>
          </entry>
          <entry>
            <key>category</key>
            <value>${metadata.category.systemName}</value>
          </entry>
          <entry>
            <key>hive.ingest.root</key>
            <value>${config.hive.ingest.root}</value>
          </entry>
          <entry>
            <key>hive.master.root</key>
            <value>${config.hive.master.root}</value>
          </entry>
          <entry>
            <key>metadata.table.targetMergeStrategy</key>
            <value>${metadata.table.targetMergeStrategy}</value>
          </entry>
          <entry>
            <key>metadata.table.feedFormat</key>
            <value>${metadata.table.feedFormat}</value>
          </entry>
        </properties>
        <runDurationMillis>0</runDurationMillis>
        <schedulingPeriod>0 sec</schedulingPeriod>
        <schedulingStrategy>TIMER_DRIVEN</schedulingStrategy>
        <yieldDuration>1 sec</yieldDuration>
      </config>
      <name>Update flow parameters</name>
      <relationships>
        <autoTerminate>false</autoTerminate>
        <name>success</name>
      </relationships>
      <style>
        <entry>
          <key>background-color</key>
          <value>#11f237</value>
        </entry>
      </style>
      <type>org.apache.nifi.processors.attributes.UpdateAttribute</type>
    </processors>
  </snippet>
  <timestamp>11/04/2016 05:21:32 UTC</timestamp>
</template>