{"owner":{"displayName":"Data Lake Administrator","email":null,"enabled":true,"groups":["admin","user"],"systemName":"dladmin"},"allowedActions":{"actions":[{"systemName":"accessTemplate","actions":[{"systemName":"editTemplate"},{"systemName":"deleteTemplate"},{"systemName":"exportTemplate"},{"systemName":"createFeedFromTemplate"},{"systemName":"changeTemplatePermissions"}]}]},"roleMemberships":[],"properties":[{"processGroupName":"NiFi Flow","processorName":"Database","processorId":"2567efe0-b28d-46c2-b3b5-5fdaab609627","processGroupId":"c29c57e3-015c-1000-ffff-ffffc58bad3b","processorType":"com.thinkbiganalytics.nifi.v2.core.watermark.LoadHighWaterMark","key":"System feed category","value":"${metadata.category.systemName}","expressionProperties":null,"propertyDescriptor":{"name":"System feed category","displayName":null,"description":null,"defaultValue":null,"allowableValues":null,"required":null,"sensitive":null,"dynamic":null,"supportsEl":null,"identifiesControllerService":null},"templateValue":"${metadata.category.systemName}","userEditable":false,"renderType":"text","renderOptions":{},"selected":true,"inputProperty":true,"containsConfigurationVariables":false,"sensitive":false,"required":false,"templateProperty":null,"nameKey":"NiFi Flow-Database-System feed category","processorNameTypeKey":"Database-com.thinkbiganalytics.nifi.v2.core.watermark.LoadHighWaterMark-System feed category","idKey":"c29c57e3-015c-1000-ffff-ffffc58bad3b-2567efe0-b28d-46c2-b3b5-5fdaab609627-System feed category"},{"processGroupName":"NiFi Flow","processorName":"Database","processorId":"2567efe0-b28d-46c2-b3b5-5fdaab609627","processGroupId":"c29c57e3-015c-1000-ffff-ffffc58bad3b","processorType":"com.thinkbiganalytics.nifi.v2.core.watermark.LoadHighWaterMark","key":"System feed name","value":"${metadata.systemFeedName}","expressionProperties":null,"propertyDescriptor":{"name":"System feed name","displayName":null,"description":null,"defaultValue":null,"allowableValues":null,"required":null,"sensitive":null,"dynamic":null,"supportsEl":null,"identifiesControllerService":null},"templateValue":"${metadata.systemFeedName}","userEditable":false,"renderType":"text","renderOptions":{},"selected":true,"inputProperty":true,"containsConfigurationVariables":false,"sensitive":false,"required":false,"templateProperty":null,"nameKey":"NiFi Flow-Database-System feed name","processorNameTypeKey":"Database-com.thinkbiganalytics.nifi.v2.core.watermark.LoadHighWaterMark-System feed name","idKey":"c29c57e3-015c-1000-ffff-ffffc58bad3b-2567efe0-b28d-46c2-b3b5-5fdaab609627-System feed name"},{"processGroupName":"NiFi Flow","processorName":"Filesystem","processorId":"1f67e296-2ff8-4b5d-9eea-938e6dacb45d","processGroupId":"c29c57e3-015c-1000-ffff-ffffc58bad3b","processorType":"org.apache.nifi.processors.standard.GetFile","key":"File Filter","value":"mydata\\d{1,3}.csv","expressionProperties":null,"propertyDescriptor":{"name":"File Filter","displayName":null,"description":null,"defaultValue":null,"allowableValues":null,"required":null,"sensitive":null,"dynamic":null,"supportsEl":null,"identifiesControllerService":null},"templateValue":"mydata\\d{1,3}.csv","userEditable":true,"renderType":"text","renderOptions":{},"selected":true,"inputProperty":true,"containsConfigurationVariables":false,"sensitive":false,"required":false,"templateProperty":null,"nameKey":"NiFi Flow-Filesystem-File Filter","processorNameTypeKey":"Filesystem-org.apache.nifi.processors.standard.GetFile-File Filter","idKey":"c29c57e3-015c-1000-ffff-ffffc58bad3b-1f67e296-2ff8-4b5d-9eea-938e6dacb45d-File Filter"},{"processGroupName":"NiFi Flow","processorName":"Filesystem","processorId":"1f67e296-2ff8-4b5d-9eea-938e6dacb45d","processGroupId":"c29c57e3-015c-1000-ffff-ffffc58bad3b","processorType":"org.apache.nifi.processors.standard.GetFile","key":"Input Directory","value":"/var/dropzone","expressionProperties":null,"propertyDescriptor":{"name":"Input Directory","displayName":null,"description":null,"defaultValue":null,"allowableValues":null,"required":null,"sensitive":null,"dynamic":null,"supportsEl":null,"identifiesControllerService":null},"templateValue":"/var/dropzone","userEditable":true,"renderType":"text","renderOptions":{},"selected":true,"inputProperty":true,"containsConfigurationVariables":false,"sensitive":false,"required":false,"templateProperty":null,"nameKey":"NiFi Flow-Filesystem-Input Directory","processorNameTypeKey":"Filesystem-org.apache.nifi.processors.standard.GetFile-Input Directory","idKey":"c29c57e3-015c-1000-ffff-ffffc58bad3b-1f67e296-2ff8-4b5d-9eea-938e6dacb45d-Input Directory"},{"processGroupName":"NiFi Flow","processorName":"TriggerCleanup","processorId":"eb244f60-aaa3-1bba-aa56-e0ecfa0b018f","processGroupId":"c29c57e3-015c-1000-ffff-ffffc58bad3b","processorType":"com.thinkbiganalytics.nifi.v2.metadata.TriggerCleanup","key":"System feed category","value":"${metadata.category.systemName}","expressionProperties":null,"propertyDescriptor":{"name":"System feed category","displayName":null,"description":null,"defaultValue":null,"allowableValues":null,"required":null,"sensitive":null,"dynamic":null,"supportsEl":null,"identifiesControllerService":null},"templateValue":"${metadata.category.systemName}","userEditable":false,"renderType":"text","renderOptions":{},"selected":true,"inputProperty":true,"containsConfigurationVariables":false,"sensitive":false,"required":false,"templateProperty":null,"nameKey":"NiFi Flow-TriggerCleanup-System feed category","processorNameTypeKey":"TriggerCleanup-com.thinkbiganalytics.nifi.v2.metadata.TriggerCleanup-System feed category","idKey":"c29c57e3-015c-1000-ffff-ffffc58bad3b-eb244f60-aaa3-1bba-aa56-e0ecfa0b018f-System feed category"},{"processGroupName":"NiFi Flow","processorName":"TriggerCleanup","processorId":"eb244f60-aaa3-1bba-aa56-e0ecfa0b018f","processGroupId":"c29c57e3-015c-1000-ffff-ffffc58bad3b","processorType":"com.thinkbiganalytics.nifi.v2.metadata.TriggerCleanup","key":"System feed name","value":"${metadata.systemFeedName}","expressionProperties":null,"propertyDescriptor":{"name":"System feed name","displayName":null,"description":null,"defaultValue":null,"allowableValues":null,"required":null,"sensitive":null,"dynamic":null,"supportsEl":null,"identifiesControllerService":null},"templateValue":"${metadata.systemFeedName}","userEditable":false,"renderType":"text","renderOptions":{},"selected":true,"inputProperty":true,"containsConfigurationVariables":false,"sensitive":false,"required":false,"templateProperty":null,"nameKey":"NiFi Flow-TriggerCleanup-System feed name","processorNameTypeKey":"TriggerCleanup-com.thinkbiganalytics.nifi.v2.metadata.TriggerCleanup-System feed name","idKey":"c29c57e3-015c-1000-ffff-ffffc58bad3b-eb244f60-aaa3-1bba-aa56-e0ecfa0b018f-System feed name"},{"processGroupName":"NiFi Flow","processorName":"Failed - Release Highwater Mark","processorId":"eb244f65-aaa3-1bba-9786-ae0aaf64d740","processGroupId":"c29c57e3-015c-1000-ffff-ffffc58bad3b","processorType":"com.thinkbiganalytics.nifi.v2.core.watermark.ReleaseHighWaterMark","key":"System feed category","value":"${metadata.category.systemName}","expressionProperties":null,"propertyDescriptor":{"name":"System feed category","displayName":null,"description":null,"defaultValue":null,"allowableValues":null,"required":null,"sensitive":null,"dynamic":null,"supportsEl":null,"identifiesControllerService":null},"templateValue":"${metadata.category.systemName}","userEditable":false,"renderType":"text","renderOptions":{},"selected":true,"inputProperty":false,"containsConfigurationVariables":false,"sensitive":false,"required":false,"templateProperty":null,"nameKey":"NiFi Flow-Failed - Release Highwater Mark-System feed category","processorNameTypeKey":"Failed - Release Highwater Mark-com.thinkbiganalytics.nifi.v2.core.watermark.ReleaseHighWaterMark-System feed category","idKey":"c29c57e3-015c-1000-ffff-ffffc58bad3b-eb244f65-aaa3-1bba-9786-ae0aaf64d740-System feed category"},{"processGroupName":"NiFi Flow","processorName":"Failed - Release Highwater Mark","processorId":"eb244f65-aaa3-1bba-9786-ae0aaf64d740","processGroupId":"c29c57e3-015c-1000-ffff-ffffc58bad3b","processorType":"com.thinkbiganalytics.nifi.v2.core.watermark.ReleaseHighWaterMark","key":"System feed name","value":"${metadata.systemFeedName}","expressionProperties":null,"propertyDescriptor":{"name":"System feed name","displayName":null,"description":null,"defaultValue":null,"allowableValues":null,"required":null,"sensitive":null,"dynamic":null,"supportsEl":null,"identifiesControllerService":null},"templateValue":"${metadata.systemFeedName}","userEditable":false,"renderType":"text","renderOptions":{},"selected":true,"inputProperty":false,"containsConfigurationVariables":false,"sensitive":false,"required":false,"templateProperty":null,"nameKey":"NiFi Flow-Failed - Release Highwater Mark-System feed name","processorNameTypeKey":"Failed - Release Highwater Mark-com.thinkbiganalytics.nifi.v2.core.watermark.ReleaseHighWaterMark-System feed name","idKey":"c29c57e3-015c-1000-ffff-ffffc58bad3b-eb244f65-aaa3-1bba-9786-ae0aaf64d740-System feed name"},{"processGroupName":"NiFi Flow","processorName":"Fetch RDBMS Data","processorId":"6aeabec7-ec36-4ed5-b630-476717ed339e","processGroupId":"c29c57e3-015c-1000-ffff-ffffc58bad3b","processorType":"com.thinkbiganalytics.nifi.v2.ingest.GetTableData","key":"Date Field","value":null,"expressionProperties":null,"propertyDescriptor":{"name":"Date Field","displayName":null,"description":null,"defaultValue":null,"allowableValues":null,"required":null,"sensitive":null,"dynamic":null,"supportsEl":null,"identifiesControllerService":null},"templateValue":null,"userEditable":true,"renderType":"text","renderOptions":{},"selected":true,"inputProperty":false,"containsConfigurationVariables":false,"sensitive":false,"required":false,"templateProperty":null,"nameKey":"NiFi Flow-Fetch RDBMS Data-Date Field","processorNameTypeKey":"Fetch RDBMS Data-com.thinkbiganalytics.nifi.v2.ingest.GetTableData-Date Field","idKey":"c29c57e3-015c-1000-ffff-ffffc58bad3b-6aeabec7-ec36-4ed5-b630-476717ed339e-Date Field"},{"processGroupName":"NiFi Flow","processorName":"Fetch RDBMS Data","processorId":"6aeabec7-ec36-4ed5-b630-476717ed339e","processGroupId":"c29c57e3-015c-1000-ffff-ffffc58bad3b","processorType":"com.thinkbiganalytics.nifi.v2.ingest.GetTableData","key":"Load Strategy","value":"FULL_LOAD","expressionProperties":null,"propertyDescriptor":{"name":"Load Strategy","displayName":null,"description":null,"defaultValue":null,"allowableValues":null,"required":null,"sensitive":null,"dynamic":null,"supportsEl":null,"identifiesControllerService":null},"templateValue":"FULL_LOAD","userEditable":true,"renderType":"text","renderOptions":{},"selected":true,"inputProperty":false,"containsConfigurationVariables":false,"sensitive":false,"required":false,"templateProperty":null,"nameKey":"NiFi Flow-Fetch RDBMS Data-Load Strategy","processorNameTypeKey":"Fetch RDBMS Data-com.thinkbiganalytics.nifi.v2.ingest.GetTableData-Load Strategy","idKey":"c29c57e3-015c-1000-ffff-ffffc58bad3b-6aeabec7-ec36-4ed5-b630-476717ed339e-Load Strategy"},{"processGroupName":"NiFi Flow","processorName":"Fetch RDBMS Data","processorId":"6aeabec7-ec36-4ed5-b630-476717ed339e","processGroupId":"c29c57e3-015c-1000-ffff-ffffc58bad3b","processorType":"com.thinkbiganalytics.nifi.v2.ingest.GetTableData","key":"Output Type","value":"DELIMITED","expressionProperties":null,"propertyDescriptor":{"name":"Output Type","displayName":"Output Type","description":"How should the results be returned.  Either a Delimited output such as CSV, or AVRO.  If delimited you must specify the delimiter.","defaultValue":"DELIMITED","allowableValues":[{"displayName":"DELIMITED","value":"DELIMITED","description":null},{"displayName":"AVRO","value":"AVRO","description":null}],"required":true,"sensitive":false,"dynamic":false,"supportsEl":false,"identifiesControllerService":null},"templateValue":"DELIMITED","userEditable":true,"renderType":"select","renderOptions":{},"selected":true,"inputProperty":false,"containsConfigurationVariables":false,"sensitive":false,"required":true,"templateProperty":null,"nameKey":"NiFi Flow-Fetch RDBMS Data-Output Type","processorNameTypeKey":"Fetch RDBMS Data-com.thinkbiganalytics.nifi.v2.ingest.GetTableData-Output Type","idKey":"c29c57e3-015c-1000-ffff-ffffc58bad3b-6aeabec7-ec36-4ed5-b630-476717ed339e-Output Type"},{"processGroupName":"NiFi Flow","processorName":"Fetch RDBMS Data","processorId":"6aeabec7-ec36-4ed5-b630-476717ed339e","processGroupId":"c29c57e3-015c-1000-ffff-ffffc58bad3b","processorType":"com.thinkbiganalytics.nifi.v2.ingest.GetTableData","key":"Source Database Connection","value":"","expressionProperties":null,"propertyDescriptor":{"name":"Source Database Connection","displayName":null,"description":null,"defaultValue":null,"allowableValues":null,"required":null,"sensitive":null,"dynamic":null,"supportsEl":null,"identifiesControllerService":"org.apache.nifi.dbcp.DBCPService"},"templateValue":"","userEditable":true,"renderType":"select","renderOptions":{},"selected":true,"inputProperty":false,"containsConfigurationVariables":false,"sensitive":false,"required":false,"templateProperty":null,"nameKey":"NiFi Flow-Fetch RDBMS Data-Source Database Connection","processorNameTypeKey":"Fetch RDBMS Data-com.thinkbiganalytics.nifi.v2.ingest.GetTableData-Source Database Connection","idKey":"c29c57e3-015c-1000-ffff-ffffc58bad3b-6aeabec7-ec36-4ed5-b630-476717ed339e-Source Database Connection"},{"processGroupName":"NiFi Flow","processorName":"Fetch RDBMS Data","processorId":"6aeabec7-ec36-4ed5-b630-476717ed339e","processGroupId":"c29c57e3-015c-1000-ffff-ffffc58bad3b","processorType":"com.thinkbiganalytics.nifi.v2.ingest.GetTableData","key":"Source Fields","value":"${metadata.table.sourceFields}","expressionProperties":null,"propertyDescriptor":{"name":"Source Fields","displayName":null,"description":null,"defaultValue":null,"allowableValues":null,"required":null,"sensitive":null,"dynamic":null,"supportsEl":null,"identifiesControllerService":null},"templateValue":"${metadata.table.sourceFields}","userEditable":false,"renderType":"text","renderOptions":{},"selected":true,"inputProperty":false,"containsConfigurationVariables":false,"sensitive":false,"required":false,"templateProperty":null,"nameKey":"NiFi Flow-Fetch RDBMS Data-Source Fields","processorNameTypeKey":"Fetch RDBMS Data-com.thinkbiganalytics.nifi.v2.ingest.GetTableData-Source Fields","idKey":"c29c57e3-015c-1000-ffff-ffffc58bad3b-6aeabec7-ec36-4ed5-b630-476717ed339e-Source Fields"},{"processGroupName":"NiFi Flow","processorName":"Fetch RDBMS Data","processorId":"6aeabec7-ec36-4ed5-b630-476717ed339e","processGroupId":"c29c57e3-015c-1000-ffff-ffffc58bad3b","processorType":"com.thinkbiganalytics.nifi.v2.ingest.GetTableData","key":"Source Table","value":"${metadata.table.sourceTableSchema.name}","expressionProperties":null,"propertyDescriptor":{"name":"Source Table","displayName":null,"description":null,"defaultValue":null,"allowableValues":null,"required":null,"sensitive":null,"dynamic":null,"supportsEl":null,"identifiesControllerService":null},"templateValue":"${metadata.table.sourceTableSchema.name}","userEditable":false,"renderType":"select","renderOptions":{},"selected":true,"inputProperty":false,"containsConfigurationVariables":false,"sensitive":false,"required":false,"templateProperty":null,"nameKey":"NiFi Flow-Fetch RDBMS Data-Source Table","processorNameTypeKey":"Fetch RDBMS Data-com.thinkbiganalytics.nifi.v2.ingest.GetTableData-Source Table","idKey":"c29c57e3-015c-1000-ffff-ffffc58bad3b-6aeabec7-ec36-4ed5-b630-476717ed339e-Source Table"},{"processGroupName":"NiFi Flow","processorName":"Fetch RDBMS Data","processorId":"6aeabec7-ec36-4ed5-b630-476717ed339e","processGroupId":"c29c57e3-015c-1000-ffff-ffffc58bad3b","processorType":"com.thinkbiganalytics.nifi.v2.ingest.GetTableData","key":"System feed category","value":"${metadata.category.systemName}","expressionProperties":null,"propertyDescriptor":{"name":"System feed category","displayName":null,"description":null,"defaultValue":null,"allowableValues":null,"required":null,"sensitive":null,"dynamic":null,"supportsEl":null,"identifiesControllerService":null},"templateValue":"${metadata.category.systemName}","userEditable":false,"renderType":"text","renderOptions":{},"selected":true,"inputProperty":false,"containsConfigurationVariables":false,"sensitive":false,"required":false,"templateProperty":null,"nameKey":"NiFi Flow-Fetch RDBMS Data-System feed category","processorNameTypeKey":"Fetch RDBMS Data-com.thinkbiganalytics.nifi.v2.ingest.GetTableData-System feed category","idKey":"c29c57e3-015c-1000-ffff-ffffc58bad3b-6aeabec7-ec36-4ed5-b630-476717ed339e-System feed category"},{"processGroupName":"NiFi Flow","processorName":"Fetch RDBMS Data","processorId":"6aeabec7-ec36-4ed5-b630-476717ed339e","processGroupId":"c29c57e3-015c-1000-ffff-ffffc58bad3b","processorType":"com.thinkbiganalytics.nifi.v2.ingest.GetTableData","key":"System feed name","value":"${metadata.systemFeedName}","expressionProperties":null,"propertyDescriptor":{"name":"System feed name","displayName":null,"description":null,"defaultValue":null,"allowableValues":null,"required":null,"sensitive":null,"dynamic":null,"supportsEl":null,"identifiesControllerService":null},"templateValue":"${metadata.systemFeedName}","userEditable":false,"renderType":"text","renderOptions":{},"selected":true,"inputProperty":false,"containsConfigurationVariables":false,"sensitive":false,"required":false,"templateProperty":null,"nameKey":"NiFi Flow-Fetch RDBMS Data-System feed name","processorNameTypeKey":"Fetch RDBMS Data-com.thinkbiganalytics.nifi.v2.ingest.GetTableData-System feed name","idKey":"c29c57e3-015c-1000-ffff-ffffc58bad3b-6aeabec7-ec36-4ed5-b630-476717ed339e-System feed name"},{"processGroupName":"NiFi Flow","processorName":"Initialize Cleanup Parameters","processorId":"3d3a4495-7365-1c62-8d37-08d637400152","processGroupId":"c29c57e3-015c-1000-ffff-ffffc58bad3b","processorType":"org.apache.nifi.processors.attributes.UpdateAttribute","key":"category","value":"${metadata.category.systemName}","expressionProperties":null,"propertyDescriptor":{"name":"category","displayName":null,"description":null,"defaultValue":null,"allowableValues":null,"required":null,"sensitive":null,"dynamic":null,"supportsEl":null,"identifiesControllerService":null},"templateValue":"${metadata.category.systemName}","userEditable":false,"renderType":"text","renderOptions":{},"selected":true,"inputProperty":false,"containsConfigurationVariables":false,"sensitive":false,"required":false,"templateProperty":null,"nameKey":"NiFi Flow-Initialize Cleanup Parameters-category","processorNameTypeKey":"Initialize Cleanup Parameters-org.apache.nifi.processors.attributes.UpdateAttribute-category","idKey":"c29c57e3-015c-1000-ffff-ffffc58bad3b-3d3a4495-7365-1c62-8d37-08d637400152-category"},{"processGroupName":"NiFi Flow","processorName":"Initialize Cleanup Parameters","processorId":"3d3a4495-7365-1c62-8d37-08d637400152","processGroupId":"c29c57e3-015c-1000-ffff-ffffc58bad3b","processorType":"org.apache.nifi.processors.attributes.UpdateAttribute","key":"feed","value":"${metadata.systemFeedName}","expressionProperties":null,"propertyDescriptor":{"name":"feed","displayName":null,"description":null,"defaultValue":null,"allowableValues":null,"required":null,"sensitive":null,"dynamic":null,"supportsEl":null,"identifiesControllerService":null},"templateValue":"${metadata.systemFeedName}","userEditable":false,"renderType":"text","renderOptions":{},"selected":true,"inputProperty":false,"containsConfigurationVariables":false,"sensitive":false,"required":false,"templateProperty":null,"nameKey":"NiFi Flow-Initialize Cleanup Parameters-feed","processorNameTypeKey":"Initialize Cleanup Parameters-org.apache.nifi.processors.attributes.UpdateAttribute-feed","idKey":"c29c57e3-015c-1000-ffff-ffffc58bad3b-3d3a4495-7365-1c62-8d37-08d637400152-feed"},{"processGroupName":"NiFi Flow","processorName":"Initialize Cleanup Parameters","processorId":"3d3a4495-7365-1c62-8d37-08d637400152","processGroupId":"c29c57e3-015c-1000-ffff-ffffc58bad3b","processorType":"org.apache.nifi.processors.attributes.UpdateAttribute","key":"hdfs.ingest.root","value":"${config.hdfs.ingest.root}","expressionProperties":null,"propertyDescriptor":{"name":"hdfs.ingest.root","displayName":null,"description":null,"defaultValue":null,"allowableValues":null,"required":null,"sensitive":null,"dynamic":null,"supportsEl":null,"identifiesControllerService":null},"templateValue":"${config.hdfs.ingest.root}","userEditable":false,"renderType":"text","renderOptions":{},"selected":true,"inputProperty":false,"containsConfigurationVariables":false,"sensitive":false,"required":false,"templateProperty":null,"nameKey":"NiFi Flow-Initialize Cleanup Parameters-hdfs.ingest.root","processorNameTypeKey":"Initialize Cleanup Parameters-org.apache.nifi.processors.attributes.UpdateAttribute-hdfs.ingest.root","idKey":"c29c57e3-015c-1000-ffff-ffffc58bad3b-3d3a4495-7365-1c62-8d37-08d637400152-hdfs.ingest.root"},{"processGroupName":"NiFi Flow","processorName":"Initialize Cleanup Parameters","processorId":"3d3a4495-7365-1c62-8d37-08d637400152","processGroupId":"c29c57e3-015c-1000-ffff-ffffc58bad3b","processorType":"org.apache.nifi.processors.attributes.UpdateAttribute","key":"hive.ingest.root","value":"${config.hive.ingest.root}","expressionProperties":null,"propertyDescriptor":{"name":"hive.ingest.root","displayName":null,"description":null,"defaultValue":null,"allowableValues":null,"required":null,"sensitive":null,"dynamic":null,"supportsEl":null,"identifiesControllerService":null},"templateValue":"${config.hive.ingest.root}","userEditable":false,"renderType":"text","renderOptions":{},"selected":true,"inputProperty":false,"containsConfigurationVariables":false,"sensitive":false,"required":false,"templateProperty":null,"nameKey":"NiFi Flow-Initialize Cleanup Parameters-hive.ingest.root","processorNameTypeKey":"Initialize Cleanup Parameters-org.apache.nifi.processors.attributes.UpdateAttribute-hive.ingest.root","idKey":"c29c57e3-015c-1000-ffff-ffffc58bad3b-3d3a4495-7365-1c62-8d37-08d637400152-hive.ingest.root"},{"processGroupName":"NiFi Flow","processorName":"Initialize Cleanup Parameters","processorId":"3d3a4495-7365-1c62-8d37-08d637400152","processGroupId":"c29c57e3-015c-1000-ffff-ffffc58bad3b","processorType":"org.apache.nifi.processors.attributes.UpdateAttribute","key":"hive.master.root","value":"${config.hive.master.root}","expressionProperties":null,"propertyDescriptor":{"name":"hive.master.root","displayName":null,"description":null,"defaultValue":null,"allowableValues":null,"required":null,"sensitive":null,"dynamic":null,"supportsEl":null,"identifiesControllerService":null},"templateValue":"${config.hive.master.root}","userEditable":false,"renderType":"text","renderOptions":{},"selected":true,"inputProperty":false,"containsConfigurationVariables":false,"sensitive":false,"required":false,"templateProperty":null,"nameKey":"NiFi Flow-Initialize Cleanup Parameters-hive.master.root","processorNameTypeKey":"Initialize Cleanup Parameters-org.apache.nifi.processors.attributes.UpdateAttribute-hive.master.root","idKey":"c29c57e3-015c-1000-ffff-ffffc58bad3b-3d3a4495-7365-1c62-8d37-08d637400152-hive.master.root"},{"processGroupName":"NiFi Flow","processorName":"Initialize Cleanup Parameters","processorId":"3d3a4495-7365-1c62-8d37-08d637400152","processGroupId":"c29c57e3-015c-1000-ffff-ffffc58bad3b","processorType":"org.apache.nifi.processors.attributes.UpdateAttribute","key":"hive.profile.root","value":"${config.hive.profile.root}","expressionProperties":null,"propertyDescriptor":{"name":"hive.profile.root","displayName":null,"description":null,"defaultValue":null,"allowableValues":null,"required":null,"sensitive":null,"dynamic":null,"supportsEl":null,"identifiesControllerService":null},"templateValue":"${config.hive.profile.root}","userEditable":false,"renderType":"text","renderOptions":{},"selected":true,"inputProperty":false,"containsConfigurationVariables":false,"sensitive":false,"required":false,"templateProperty":null,"nameKey":"NiFi Flow-Initialize Cleanup Parameters-hive.profile.root","processorNameTypeKey":"Initialize Cleanup Parameters-org.apache.nifi.processors.attributes.UpdateAttribute-hive.profile.root","idKey":"c29c57e3-015c-1000-ffff-ffffc58bad3b-3d3a4495-7365-1c62-8d37-08d637400152-hive.profile.root"},{"processGroupName":"NiFi Flow","processorName":"Initialize Feed Parameters","processorId":"7c627365-3d3a-4495-8417-af64f9d0cbc7","processGroupId":"c29c57e3-015c-1000-ffff-ffffc58bad3b","processorType":"org.apache.nifi.processors.attributes.UpdateAttribute","key":"category","value":"${metadata.category.systemName}","expressionProperties":null,"propertyDescriptor":{"name":"category","displayName":null,"description":null,"defaultValue":null,"allowableValues":null,"required":null,"sensitive":null,"dynamic":null,"supportsEl":null,"identifiesControllerService":null},"templateValue":"${metadata.category.systemName}","userEditable":false,"renderType":"text","renderOptions":{},"selected":true,"inputProperty":false,"containsConfigurationVariables":false,"sensitive":false,"required":false,"templateProperty":null,"nameKey":"NiFi Flow-Initialize Feed Parameters-category","processorNameTypeKey":"Initialize Feed Parameters-org.apache.nifi.processors.attributes.UpdateAttribute-category","idKey":"c29c57e3-015c-1000-ffff-ffffc58bad3b-7c627365-3d3a-4495-8417-af64f9d0cbc7-category"},{"processGroupName":"NiFi Flow","processorName":"Initialize Feed Parameters","processorId":"7c627365-3d3a-4495-8417-af64f9d0cbc7","processGroupId":"c29c57e3-015c-1000-ffff-ffffc58bad3b","processorType":"org.apache.nifi.processors.attributes.UpdateAttribute","key":"feed","value":"${metadata.systemFeedName}","expressionProperties":null,"propertyDescriptor":{"name":"feed","displayName":null,"description":null,"defaultValue":null,"allowableValues":null,"required":null,"sensitive":null,"dynamic":null,"supportsEl":null,"identifiesControllerService":null},"templateValue":"${metadata.systemFeedName}","userEditable":false,"renderType":"text","renderOptions":{},"selected":true,"inputProperty":false,"containsConfigurationVariables":false,"sensitive":false,"required":false,"templateProperty":null,"nameKey":"NiFi Flow-Initialize Feed Parameters-feed","processorNameTypeKey":"Initialize Feed Parameters-org.apache.nifi.processors.attributes.UpdateAttribute-feed","idKey":"c29c57e3-015c-1000-ffff-ffffc58bad3b-7c627365-3d3a-4495-8417-af64f9d0cbc7-feed"},{"processGroupName":"NiFi Flow","processorName":"Initialize Feed Parameters","processorId":"7c627365-3d3a-4495-8417-af64f9d0cbc7","processGroupId":"c29c57e3-015c-1000-ffff-ffffc58bad3b","processorType":"org.apache.nifi.processors.attributes.UpdateAttribute","key":"hdfs.archive.root","value":"${config.hdfs.archive.root}","expressionProperties":null,"propertyDescriptor":{"name":"hdfs.archive.root","displayName":"hdfs.archive.root","description":"","defaultValue":null,"allowableValues":null,"required":false,"sensitive":false,"dynamic":true,"supportsEl":true,"identifiesControllerService":null},"templateValue":"${config.hdfs.archive.root}","userEditable":false,"renderType":"text","renderOptions":{},"selected":true,"inputProperty":false,"containsConfigurationVariables":false,"sensitive":false,"required":false,"templateProperty":null,"nameKey":"NiFi Flow-Initialize Feed Parameters-hdfs.archive.root","processorNameTypeKey":"Initialize Feed Parameters-org.apache.nifi.processors.attributes.UpdateAttribute-hdfs.archive.root","idKey":"c29c57e3-015c-1000-ffff-ffffc58bad3b-7c627365-3d3a-4495-8417-af64f9d0cbc7-hdfs.archive.root"},{"processGroupName":"NiFi Flow","processorName":"Initialize Feed Parameters","processorId":"7c627365-3d3a-4495-8417-af64f9d0cbc7","processGroupId":"c29c57e3-015c-1000-ffff-ffffc58bad3b","processorType":"org.apache.nifi.processors.attributes.UpdateAttribute","key":"hdfs.ingest.root","value":"${config.hdfs.ingest.root}","expressionProperties":null,"propertyDescriptor":{"name":"hdfs.ingest.root","displayName":null,"description":null,"defaultValue":null,"allowableValues":null,"required":null,"sensitive":null,"dynamic":null,"supportsEl":null,"identifiesControllerService":null},"templateValue":"${config.hdfs.ingest.root}","userEditable":false,"renderType":"text","renderOptions":{},"selected":true,"inputProperty":false,"containsConfigurationVariables":false,"sensitive":false,"required":false,"templateProperty":null,"nameKey":"NiFi Flow-Initialize Feed Parameters-hdfs.ingest.root","processorNameTypeKey":"Initialize Feed Parameters-org.apache.nifi.processors.attributes.UpdateAttribute-hdfs.ingest.root","idKey":"c29c57e3-015c-1000-ffff-ffffc58bad3b-7c627365-3d3a-4495-8417-af64f9d0cbc7-hdfs.ingest.root"},{"processGroupName":"NiFi Flow","processorName":"Initialize Feed Parameters","processorId":"7c627365-3d3a-4495-8417-af64f9d0cbc7","processGroupId":"c29c57e3-015c-1000-ffff-ffffc58bad3b","processorType":"org.apache.nifi.processors.attributes.UpdateAttribute","key":"hive.ingest.root","value":"${config.hive.ingest.root}","expressionProperties":null,"propertyDescriptor":{"name":"hive.ingest.root","displayName":null,"description":null,"defaultValue":null,"allowableValues":null,"required":null,"sensitive":null,"dynamic":null,"supportsEl":null,"identifiesControllerService":null},"templateValue":"${config.hive.ingest.root}","userEditable":false,"renderType":"text","renderOptions":{},"selected":true,"inputProperty":false,"containsConfigurationVariables":false,"sensitive":false,"required":false,"templateProperty":null,"nameKey":"NiFi Flow-Initialize Feed Parameters-hive.ingest.root","processorNameTypeKey":"Initialize Feed Parameters-org.apache.nifi.processors.attributes.UpdateAttribute-hive.ingest.root","idKey":"c29c57e3-015c-1000-ffff-ffffc58bad3b-7c627365-3d3a-4495-8417-af64f9d0cbc7-hive.ingest.root"},{"processGroupName":"NiFi Flow","processorName":"Initialize Feed Parameters","processorId":"7c627365-3d3a-4495-8417-af64f9d0cbc7","processGroupId":"c29c57e3-015c-1000-ffff-ffffc58bad3b","processorType":"org.apache.nifi.processors.attributes.UpdateAttribute","key":"hive.master.root","value":"${config.hive.master.root}","expressionProperties":null,"propertyDescriptor":{"name":"hive.master.root","displayName":null,"description":null,"defaultValue":null,"allowableValues":null,"required":null,"sensitive":null,"dynamic":null,"supportsEl":null,"identifiesControllerService":null},"templateValue":"${config.hive.master.root}","userEditable":false,"renderType":"text","renderOptions":{},"selected":true,"inputProperty":false,"containsConfigurationVariables":false,"sensitive":false,"required":false,"templateProperty":null,"nameKey":"NiFi Flow-Initialize Feed Parameters-hive.master.root","processorNameTypeKey":"Initialize Feed Parameters-org.apache.nifi.processors.attributes.UpdateAttribute-hive.master.root","idKey":"c29c57e3-015c-1000-ffff-ffffc58bad3b-7c627365-3d3a-4495-8417-af64f9d0cbc7-hive.master.root"},{"processGroupName":"NiFi Flow","processorName":"Initialize Feed Parameters","processorId":"7c627365-3d3a-4495-8417-af64f9d0cbc7","processGroupId":"c29c57e3-015c-1000-ffff-ffffc58bad3b","processorType":"org.apache.nifi.processors.attributes.UpdateAttribute","key":"hive.profile.root","value":"${config.hive.profile.root}","expressionProperties":null,"propertyDescriptor":{"name":"hive.profile.root","displayName":null,"description":null,"defaultValue":null,"allowableValues":null,"required":null,"sensitive":null,"dynamic":null,"supportsEl":null,"identifiesControllerService":null},"templateValue":"${config.hive.profile.root}","userEditable":false,"renderType":"text","renderOptions":{},"selected":true,"inputProperty":false,"containsConfigurationVariables":false,"sensitive":false,"required":false,"templateProperty":null,"nameKey":"NiFi Flow-Initialize Feed Parameters-hive.profile.root","processorNameTypeKey":"Initialize Feed Parameters-org.apache.nifi.processors.attributes.UpdateAttribute-hive.profile.root","idKey":"c29c57e3-015c-1000-ffff-ffffc58bad3b-7c627365-3d3a-4495-8417-af64f9d0cbc7-hive.profile.root"},{"processGroupName":"NiFi Flow","processorName":"Initialize Feed Parameters","processorId":"7c627365-3d3a-4495-8417-af64f9d0cbc7","processGroupId":"c29c57e3-015c-1000-ffff-ffffc58bad3b","processorType":"org.apache.nifi.processors.attributes.UpdateAttribute","key":"metadata.table.feedFieldStructure","value":"${metadata.table.feedFieldStructure}","expressionProperties":null,"propertyDescriptor":{"name":"metadata.table.feedFieldStructure","displayName":null,"description":null,"defaultValue":null,"allowableValues":null,"required":null,"sensitive":null,"dynamic":null,"supportsEl":null,"identifiesControllerService":null},"templateValue":"${metadata.table.feedFieldStructure}","userEditable":false,"renderType":"text","renderOptions":{},"selected":true,"inputProperty":false,"containsConfigurationVariables":false,"sensitive":false,"required":false,"templateProperty":null,"nameKey":"NiFi Flow-Initialize Feed Parameters-metadata.table.feedFieldStructure","processorNameTypeKey":"Initialize Feed Parameters-org.apache.nifi.processors.attributes.UpdateAttribute-metadata.table.feedFieldStructure","idKey":"c29c57e3-015c-1000-ffff-ffffc58bad3b-7c627365-3d3a-4495-8417-af64f9d0cbc7-metadata.table.feedFieldStructure"},{"processGroupName":"NiFi Flow","processorName":"Initialize Feed Parameters","processorId":"7c627365-3d3a-4495-8417-af64f9d0cbc7","processGroupId":"c29c57e3-015c-1000-ffff-ffffc58bad3b","processorType":"org.apache.nifi.processors.attributes.UpdateAttribute","key":"metadata.table.feedFormat","value":"${metadata.table.feedFormat}","expressionProperties":null,"propertyDescriptor":{"name":"metadata.table.feedFormat","displayName":null,"description":null,"defaultValue":null,"allowableValues":null,"required":null,"sensitive":null,"dynamic":null,"supportsEl":null,"identifiesControllerService":null},"templateValue":"${metadata.table.feedFormat}","userEditable":false,"renderType":"text","renderOptions":{},"selected":true,"inputProperty":false,"containsConfigurationVariables":false,"sensitive":false,"required":false,"templateProperty":null,"nameKey":"NiFi Flow-Initialize Feed Parameters-metadata.table.feedFormat","processorNameTypeKey":"Initialize Feed Parameters-org.apache.nifi.processors.attributes.UpdateAttribute-metadata.table.feedFormat","idKey":"c29c57e3-015c-1000-ffff-ffffc58bad3b-7c627365-3d3a-4495-8417-af64f9d0cbc7-metadata.table.feedFormat"},{"processGroupName":"NiFi Flow","processorName":"Initialize Feed Parameters","processorId":"7c627365-3d3a-4495-8417-af64f9d0cbc7","processGroupId":"c29c57e3-015c-1000-ffff-ffffc58bad3b","processorType":"org.apache.nifi.processors.attributes.UpdateAttribute","key":"metadata.table.fieldIndexString","value":"${metadata.table.fieldIndexString}","expressionProperties":null,"propertyDescriptor":{"name":"metadata.table.fieldIndexString","displayName":null,"description":null,"defaultValue":null,"allowableValues":null,"required":null,"sensitive":null,"dynamic":null,"supportsEl":null,"identifiesControllerService":null},"templateValue":"${metadata.table.fieldIndexString}","userEditable":false,"renderType":"text","renderOptions":{},"selected":true,"inputProperty":false,"containsConfigurationVariables":false,"sensitive":false,"required":false,"templateProperty":null,"nameKey":"NiFi Flow-Initialize Feed Parameters-metadata.table.fieldIndexString","processorNameTypeKey":"Initialize Feed Parameters-org.apache.nifi.processors.attributes.UpdateAttribute-metadata.table.fieldIndexString","idKey":"c29c57e3-015c-1000-ffff-ffffc58bad3b-7c627365-3d3a-4495-8417-af64f9d0cbc7-metadata.table.fieldIndexString"},{"processGroupName":"NiFi Flow","processorName":"Initialize Feed Parameters","processorId":"7c627365-3d3a-4495-8417-af64f9d0cbc7","processGroupId":"c29c57e3-015c-1000-ffff-ffffc58bad3b","processorType":"org.apache.nifi.processors.attributes.UpdateAttribute","key":"metadata.table.fieldPoliciesJson","value":"${metadata.table.fieldPoliciesJson}","expressionProperties":null,"propertyDescriptor":{"name":"metadata.table.fieldPoliciesJson","displayName":null,"description":null,"defaultValue":null,"allowableValues":null,"required":null,"sensitive":null,"dynamic":null,"supportsEl":null,"identifiesControllerService":null},"templateValue":"${metadata.table.fieldPoliciesJson}","userEditable":false,"renderType":"text","renderOptions":{},"selected":true,"inputProperty":false,"containsConfigurationVariables":false,"sensitive":false,"required":false,"templateProperty":null,"nameKey":"NiFi Flow-Initialize Feed Parameters-metadata.table.fieldPoliciesJson","processorNameTypeKey":"Initialize Feed Parameters-org.apache.nifi.processors.attributes.UpdateAttribute-metadata.table.fieldPoliciesJson","idKey":"c29c57e3-015c-1000-ffff-ffffc58bad3b-7c627365-3d3a-4495-8417-af64f9d0cbc7-metadata.table.fieldPoliciesJson"},{"processGroupName":"NiFi Flow","processorName":"Initialize Feed Parameters","processorId":"7c627365-3d3a-4495-8417-af64f9d0cbc7","processGroupId":"c29c57e3-015c-1000-ffff-ffffc58bad3b","processorType":"org.apache.nifi.processors.attributes.UpdateAttribute","key":"metadata.table.fieldStructure","value":"${metadata.table.fieldStructure}","expressionProperties":null,"propertyDescriptor":{"name":"metadata.table.fieldStructure","displayName":null,"description":null,"defaultValue":null,"allowableValues":null,"required":null,"sensitive":null,"dynamic":null,"supportsEl":null,"identifiesControllerService":null},"templateValue":"${metadata.table.fieldStructure}","userEditable":false,"renderType":"text","renderOptions":{},"selected":true,"inputProperty":false,"containsConfigurationVariables":false,"sensitive":false,"required":false,"templateProperty":null,"nameKey":"NiFi Flow-Initialize Feed Parameters-metadata.table.fieldStructure","processorNameTypeKey":"Initialize Feed Parameters-org.apache.nifi.processors.attributes.UpdateAttribute-metadata.table.fieldStructure","idKey":"c29c57e3-015c-1000-ffff-ffffc58bad3b-7c627365-3d3a-4495-8417-af64f9d0cbc7-metadata.table.fieldStructure"},{"processGroupName":"NiFi Flow","processorName":"Initialize Feed Parameters","processorId":"7c627365-3d3a-4495-8417-af64f9d0cbc7","processGroupId":"c29c57e3-015c-1000-ffff-ffffc58bad3b","processorType":"org.apache.nifi.processors.attributes.UpdateAttribute","key":"metadata.table.partitionSpecs","value":"${metadata.table.partitionSpecs}","expressionProperties":null,"propertyDescriptor":{"name":"metadata.table.partitionSpecs","displayName":null,"description":null,"defaultValue":null,"allowableValues":null,"required":null,"sensitive":null,"dynamic":null,"supportsEl":null,"identifiesControllerService":null},"templateValue":"${metadata.table.partitionSpecs}","userEditable":false,"renderType":"text","renderOptions":{},"selected":true,"inputProperty":false,"containsConfigurationVariables":false,"sensitive":false,"required":false,"templateProperty":null,"nameKey":"NiFi Flow-Initialize Feed Parameters-metadata.table.partitionSpecs","processorNameTypeKey":"Initialize Feed Parameters-org.apache.nifi.processors.attributes.UpdateAttribute-metadata.table.partitionSpecs","idKey":"c29c57e3-015c-1000-ffff-ffffc58bad3b-7c627365-3d3a-4495-8417-af64f9d0cbc7-metadata.table.partitionSpecs"},{"processGroupName":"NiFi Flow","processorName":"Initialize Feed Parameters","processorId":"7c627365-3d3a-4495-8417-af64f9d0cbc7","processGroupId":"c29c57e3-015c-1000-ffff-ffffc58bad3b","processorType":"org.apache.nifi.processors.attributes.UpdateAttribute","key":"metadata.table.partitionStructure","value":"${metadata.table.partitionStructure}","expressionProperties":null,"propertyDescriptor":{"name":"metadata.table.partitionStructure","displayName":null,"description":null,"defaultValue":null,"allowableValues":null,"required":null,"sensitive":null,"dynamic":null,"supportsEl":null,"identifiesControllerService":null},"templateValue":"${metadata.table.partitionStructure}","userEditable":false,"renderType":"text","renderOptions":{},"selected":true,"inputProperty":false,"containsConfigurationVariables":false,"sensitive":false,"required":false,"templateProperty":null,"nameKey":"NiFi Flow-Initialize Feed Parameters-metadata.table.partitionStructure","processorNameTypeKey":"Initialize Feed Parameters-org.apache.nifi.processors.attributes.UpdateAttribute-metadata.table.partitionStructure","idKey":"c29c57e3-015c-1000-ffff-ffffc58bad3b-7c627365-3d3a-4495-8417-af64f9d0cbc7-metadata.table.partitionStructure"},{"processGroupName":"NiFi Flow","processorName":"Initialize Feed Parameters","processorId":"7c627365-3d3a-4495-8417-af64f9d0cbc7","processGroupId":"c29c57e3-015c-1000-ffff-ffffc58bad3b","processorType":"org.apache.nifi.processors.attributes.UpdateAttribute","key":"metadata.table.targetFormat","value":"${metadata.table.targetFormat}","expressionProperties":null,"propertyDescriptor":{"name":"metadata.table.targetFormat","displayName":null,"description":null,"defaultValue":null,"allowableValues":null,"required":null,"sensitive":null,"dynamic":null,"supportsEl":null,"identifiesControllerService":null},"templateValue":"${metadata.table.targetFormat}","userEditable":false,"renderType":"text","renderOptions":{},"selected":true,"inputProperty":false,"containsConfigurationVariables":false,"sensitive":false,"required":false,"templateProperty":null,"nameKey":"NiFi Flow-Initialize Feed Parameters-metadata.table.targetFormat","processorNameTypeKey":"Initialize Feed Parameters-org.apache.nifi.processors.attributes.UpdateAttribute-metadata.table.targetFormat","idKey":"c29c57e3-015c-1000-ffff-ffffc58bad3b-7c627365-3d3a-4495-8417-af64f9d0cbc7-metadata.table.targetFormat"},{"processGroupName":"NiFi Flow","processorName":"Initialize Feed Parameters","processorId":"7c627365-3d3a-4495-8417-af64f9d0cbc7","processGroupId":"c29c57e3-015c-1000-ffff-ffffc58bad3b","processorType":"org.apache.nifi.processors.attributes.UpdateAttribute","key":"metadata.table.targetMergeStrategy","value":"${metadata.table.targetMergeStrategy}","expressionProperties":null,"propertyDescriptor":{"name":"metadata.table.targetMergeStrategy","displayName":null,"description":null,"defaultValue":null,"allowableValues":null,"required":null,"sensitive":null,"dynamic":null,"supportsEl":null,"identifiesControllerService":null},"templateValue":"${metadata.table.targetMergeStrategy}","userEditable":false,"renderType":"text","renderOptions":{},"selected":true,"inputProperty":false,"containsConfigurationVariables":false,"sensitive":false,"required":false,"templateProperty":null,"nameKey":"NiFi Flow-Initialize Feed Parameters-metadata.table.targetMergeStrategy","processorNameTypeKey":"Initialize Feed Parameters-org.apache.nifi.processors.attributes.UpdateAttribute-metadata.table.targetMergeStrategy","idKey":"c29c57e3-015c-1000-ffff-ffffc58bad3b-7c627365-3d3a-4495-8417-af64f9d0cbc7-metadata.table.targetMergeStrategy"},{"processGroupName":"NiFi Flow","processorName":"Initialize Feed Parameters","processorId":"7c627365-3d3a-4495-8417-af64f9d0cbc7","processGroupId":"c29c57e3-015c-1000-ffff-ffffc58bad3b","processorType":"org.apache.nifi.processors.attributes.UpdateAttribute","key":"metadata.table.targetTblProperties","value":"${metadata.table.targetTblProperties}","expressionProperties":null,"propertyDescriptor":{"name":"metadata.table.targetTblProperties","displayName":null,"description":null,"defaultValue":null,"allowableValues":null,"required":null,"sensitive":null,"dynamic":null,"supportsEl":null,"identifiesControllerService":null},"templateValue":"${metadata.table.targetTblProperties}","userEditable":false,"renderType":"text","renderOptions":{},"selected":true,"inputProperty":false,"containsConfigurationVariables":false,"sensitive":false,"required":false,"templateProperty":null,"nameKey":"NiFi Flow-Initialize Feed Parameters-metadata.table.targetTblProperties","processorNameTypeKey":"Initialize Feed Parameters-org.apache.nifi.processors.attributes.UpdateAttribute-metadata.table.targetTblProperties","idKey":"c29c57e3-015c-1000-ffff-ffffc58bad3b-7c627365-3d3a-4495-8417-af64f9d0cbc7-metadata.table.targetTblProperties"},{"processGroupName":"NiFi Flow","processorName":"Initialize Feed Parameters","processorId":"7c627365-3d3a-4495-8417-af64f9d0cbc7","processGroupId":"c29c57e3-015c-1000-ffff-ffffc58bad3b","processorType":"org.apache.nifi.processors.attributes.UpdateAttribute","key":"skipHeader","value":"${metadata.options.skipHeader}","expressionProperties":null,"propertyDescriptor":{"name":"skipHeader","displayName":null,"description":null,"defaultValue":null,"allowableValues":null,"required":null,"sensitive":null,"dynamic":null,"supportsEl":null,"identifiesControllerService":null},"templateValue":"${metadata.options.skipHeader}","userEditable":false,"renderType":"text","renderOptions":{},"selected":true,"inputProperty":false,"containsConfigurationVariables":false,"sensitive":false,"required":false,"templateProperty":null,"nameKey":"NiFi Flow-Initialize Feed Parameters-skipHeader","processorNameTypeKey":"Initialize Feed Parameters-org.apache.nifi.processors.attributes.UpdateAttribute-skipHeader","idKey":"c29c57e3-015c-1000-ffff-ffffc58bad3b-7c627365-3d3a-4495-8417-af64f9d0cbc7-skipHeader"},{"processGroupName":"NiFi Flow","processorName":"No Data - Release Highwater Mark","processorId":"015a100f-46a9-12f6-91d0-24f837256d48","processGroupId":"c29c57e3-015c-1000-ffff-ffffc58bad3b","processorType":"com.thinkbiganalytics.nifi.v2.core.watermark.ReleaseHighWaterMark","key":"System feed category","value":"${metadata.category.systemName}","expressionProperties":null,"propertyDescriptor":{"name":"System feed category","displayName":null,"description":null,"defaultValue":null,"allowableValues":null,"required":null,"sensitive":null,"dynamic":null,"supportsEl":null,"identifiesControllerService":null},"templateValue":"${metadata.category.systemName}","userEditable":false,"renderType":"text","renderOptions":{},"selected":true,"inputProperty":false,"containsConfigurationVariables":false,"sensitive":false,"required":false,"templateProperty":null,"nameKey":"NiFi Flow-No Data - Release Highwater Mark-System feed category","processorNameTypeKey":"No Data - Release Highwater Mark-com.thinkbiganalytics.nifi.v2.core.watermark.ReleaseHighWaterMark-System feed category","idKey":"c29c57e3-015c-1000-ffff-ffffc58bad3b-015a100f-46a9-12f6-91d0-24f837256d48-System feed category"},{"processGroupName":"NiFi Flow","processorName":"No Data - Release Highwater Mark","processorId":"015a100f-46a9-12f6-91d0-24f837256d48","processGroupId":"c29c57e3-015c-1000-ffff-ffffc58bad3b","processorType":"com.thinkbiganalytics.nifi.v2.core.watermark.ReleaseHighWaterMark","key":"System feed name","value":"${metadata.systemFeedName}","expressionProperties":null,"propertyDescriptor":{"name":"System feed name","displayName":null,"description":null,"defaultValue":null,"allowableValues":null,"required":null,"sensitive":null,"dynamic":null,"supportsEl":null,"identifiesControllerService":null},"templateValue":"${metadata.systemFeedName}","userEditable":false,"renderType":"text","renderOptions":{},"selected":true,"inputProperty":false,"containsConfigurationVariables":false,"sensitive":false,"required":false,"templateProperty":null,"nameKey":"NiFi Flow-No Data - Release Highwater Mark-System feed name","processorNameTypeKey":"No Data - Release Highwater Mark-com.thinkbiganalytics.nifi.v2.core.watermark.ReleaseHighWaterMark-System feed name","idKey":"c29c57e3-015c-1000-ffff-ffffc58bad3b-015a100f-46a9-12f6-91d0-24f837256d48-System feed name"}],"nonInputProcessors":[{"properties":[{"processGroupName":"NiFi Flow","processorName":"No Data - Release Highwater Mark","processorId":"015a100f-46a9-12f6-91d0-24f837256d48","processGroupId":"c29c57e3-015c-1000-ffff-ffffc58bad3b","processorType":"com.thinkbiganalytics.nifi.v2.core.watermark.ReleaseHighWaterMark","key":"System feed category","value":"${metadata.category.systemName}","expressionProperties":null,"propertyDescriptor":{"name":"System feed category","displayName":null,"description":null,"defaultValue":null,"allowableValues":null,"required":null,"sensitive":null,"dynamic":null,"supportsEl":null,"identifiesControllerService":null},"templateValue":"${metadata.category.systemName}","userEditable":false,"renderType":"text","renderOptions":{},"selected":true,"inputProperty":false,"containsConfigurationVariables":false,"sensitive":false,"required":false,"templateProperty":null,"nameKey":"NiFi Flow-No Data - Release Highwater Mark-System feed category","processorNameTypeKey":"No Data - Release Highwater Mark-com.thinkbiganalytics.nifi.v2.core.watermark.ReleaseHighWaterMark-System feed category","idKey":"c29c57e3-015c-1000-ffff-ffffc58bad3b-015a100f-46a9-12f6-91d0-24f837256d48-System feed category"},{"processGroupName":"NiFi Flow","processorName":"No Data - Release Highwater Mark","processorId":"015a100f-46a9-12f6-91d0-24f837256d48","processGroupId":"c29c57e3-015c-1000-ffff-ffffc58bad3b","processorType":"com.thinkbiganalytics.nifi.v2.core.watermark.ReleaseHighWaterMark","key":"System feed name","value":"${metadata.systemFeedName}","expressionProperties":null,"propertyDescriptor":{"name":"System feed name","displayName":null,"description":null,"defaultValue":null,"allowableValues":null,"required":null,"sensitive":null,"dynamic":null,"supportsEl":null,"identifiesControllerService":null},"templateValue":"${metadata.systemFeedName}","userEditable":false,"renderType":"text","renderOptions":{},"selected":true,"inputProperty":false,"containsConfigurationVariables":false,"sensitive":false,"required":false,"templateProperty":null,"nameKey":"NiFi Flow-No Data - Release Highwater Mark-System feed name","processorNameTypeKey":"No Data - Release Highwater Mark-com.thinkbiganalytics.nifi.v2.core.watermark.ReleaseHighWaterMark-System feed name","idKey":"c29c57e3-015c-1000-ffff-ffffc58bad3b-015a100f-46a9-12f6-91d0-24f837256d48-System feed name"}],"type":"com.thinkbiganalytics.nifi.v2.core.watermark.ReleaseHighWaterMark","name":"No Data - Release Highwater Mark","id":"015a100f-46a9-12f6-91d0-24f837256d48","groupName":"NiFi Flow","groupId":"c29c57e3-015c-1000-ffff-ffffc58bad3b","inputProcessor":false,"userDefinedInputProcessor":false},{"properties":[{"processGroupName":"NiFi Flow","processorName":"Failed - Release Highwater Mark","processorId":"eb244f65-aaa3-1bba-9786-ae0aaf64d740","processGroupId":"c29c57e3-015c-1000-ffff-ffffc58bad3b","processorType":"com.thinkbiganalytics.nifi.v2.core.watermark.ReleaseHighWaterMark","key":"System feed category","value":"${metadata.category.systemName}","expressionProperties":null,"propertyDescriptor":{"name":"System feed category","displayName":null,"description":null,"defaultValue":null,"allowableValues":null,"required":null,"sensitive":null,"dynamic":null,"supportsEl":null,"identifiesControllerService":null},"templateValue":"${metadata.category.systemName}","userEditable":false,"renderType":"text","renderOptions":{},"selected":true,"inputProperty":false,"containsConfigurationVariables":false,"sensitive":false,"required":false,"templateProperty":null,"nameKey":"NiFi Flow-Failed - Release Highwater Mark-System feed category","processorNameTypeKey":"Failed - Release Highwater Mark-com.thinkbiganalytics.nifi.v2.core.watermark.ReleaseHighWaterMark-System feed category","idKey":"c29c57e3-015c-1000-ffff-ffffc58bad3b-eb244f65-aaa3-1bba-9786-ae0aaf64d740-System feed category"},{"processGroupName":"NiFi Flow","processorName":"Failed - Release Highwater Mark","processorId":"eb244f65-aaa3-1bba-9786-ae0aaf64d740","processGroupId":"c29c57e3-015c-1000-ffff-ffffc58bad3b","processorType":"com.thinkbiganalytics.nifi.v2.core.watermark.ReleaseHighWaterMark","key":"System feed name","value":"${metadata.systemFeedName}","expressionProperties":null,"propertyDescriptor":{"name":"System feed name","displayName":null,"description":null,"defaultValue":null,"allowableValues":null,"required":null,"sensitive":null,"dynamic":null,"supportsEl":null,"identifiesControllerService":null},"templateValue":"${metadata.systemFeedName}","userEditable":false,"renderType":"text","renderOptions":{},"selected":true,"inputProperty":false,"containsConfigurationVariables":false,"sensitive":false,"required":false,"templateProperty":null,"nameKey":"NiFi Flow-Failed - Release Highwater Mark-System feed name","processorNameTypeKey":"Failed - Release Highwater Mark-com.thinkbiganalytics.nifi.v2.core.watermark.ReleaseHighWaterMark-System feed name","idKey":"c29c57e3-015c-1000-ffff-ffffc58bad3b-eb244f65-aaa3-1bba-9786-ae0aaf64d740-System feed name"}],"type":"com.thinkbiganalytics.nifi.v2.core.watermark.ReleaseHighWaterMark","name":"Failed - Release Highwater Mark","id":"eb244f65-aaa3-1bba-9786-ae0aaf64d740","groupName":"NiFi Flow","groupId":"c29c57e3-015c-1000-ffff-ffffc58bad3b","inputProcessor":false,"userDefinedInputProcessor":false},{"properties":[{"processGroupName":"NiFi Flow","processorName":"Initialize Feed Parameters","processorId":"7c627365-3d3a-4495-8417-af64f9d0cbc7","processGroupId":"c29c57e3-015c-1000-ffff-ffffc58bad3b","processorType":"org.apache.nifi.processors.attributes.UpdateAttribute","key":"category","value":"${metadata.category.systemName}","expressionProperties":null,"propertyDescriptor":{"name":"category","displayName":null,"description":null,"defaultValue":null,"allowableValues":null,"required":null,"sensitive":null,"dynamic":null,"supportsEl":null,"identifiesControllerService":null},"templateValue":"${metadata.category.systemName}","userEditable":false,"renderType":"text","renderOptions":{},"selected":true,"inputProperty":false,"containsConfigurationVariables":false,"sensitive":false,"required":false,"templateProperty":null,"nameKey":"NiFi Flow-Initialize Feed Parameters-category","processorNameTypeKey":"Initialize Feed Parameters-org.apache.nifi.processors.attributes.UpdateAttribute-category","idKey":"c29c57e3-015c-1000-ffff-ffffc58bad3b-7c627365-3d3a-4495-8417-af64f9d0cbc7-category"},{"processGroupName":"NiFi Flow","processorName":"Initialize Feed Parameters","processorId":"7c627365-3d3a-4495-8417-af64f9d0cbc7","processGroupId":"c29c57e3-015c-1000-ffff-ffffc58bad3b","processorType":"org.apache.nifi.processors.attributes.UpdateAttribute","key":"feed","value":"${metadata.systemFeedName}","expressionProperties":null,"propertyDescriptor":{"name":"feed","displayName":null,"description":null,"defaultValue":null,"allowableValues":null,"required":null,"sensitive":null,"dynamic":null,"supportsEl":null,"identifiesControllerService":null},"templateValue":"${metadata.systemFeedName}","userEditable":false,"renderType":"text","renderOptions":{},"selected":true,"inputProperty":false,"containsConfigurationVariables":false,"sensitive":false,"required":false,"templateProperty":null,"nameKey":"NiFi Flow-Initialize Feed Parameters-feed","processorNameTypeKey":"Initialize Feed Parameters-org.apache.nifi.processors.attributes.UpdateAttribute-feed","idKey":"c29c57e3-015c-1000-ffff-ffffc58bad3b-7c627365-3d3a-4495-8417-af64f9d0cbc7-feed"},{"processGroupName":"NiFi Flow","processorName":"Initialize Feed Parameters","processorId":"7c627365-3d3a-4495-8417-af64f9d0cbc7","processGroupId":"c29c57e3-015c-1000-ffff-ffffc58bad3b","processorType":"org.apache.nifi.processors.attributes.UpdateAttribute","key":"hdfs.archive.root","value":"${config.hdfs.archive.root}","expressionProperties":null,"propertyDescriptor":{"name":"hdfs.archive.root","displayName":"hdfs.archive.root","description":"","defaultValue":null,"allowableValues":null,"required":false,"sensitive":false,"dynamic":true,"supportsEl":true,"identifiesControllerService":null},"templateValue":"${config.hdfs.archive.root}","userEditable":false,"renderType":"text","renderOptions":{},"selected":true,"inputProperty":false,"containsConfigurationVariables":false,"sensitive":false,"required":false,"templateProperty":null,"nameKey":"NiFi Flow-Initialize Feed Parameters-hdfs.archive.root","processorNameTypeKey":"Initialize Feed Parameters-org.apache.nifi.processors.attributes.UpdateAttribute-hdfs.archive.root","idKey":"c29c57e3-015c-1000-ffff-ffffc58bad3b-7c627365-3d3a-4495-8417-af64f9d0cbc7-hdfs.archive.root"},{"processGroupName":"NiFi Flow","processorName":"Initialize Feed Parameters","processorId":"7c627365-3d3a-4495-8417-af64f9d0cbc7","processGroupId":"c29c57e3-015c-1000-ffff-ffffc58bad3b","processorType":"org.apache.nifi.processors.attributes.UpdateAttribute","key":"hdfs.ingest.root","value":"${config.hdfs.ingest.root}","expressionProperties":null,"propertyDescriptor":{"name":"hdfs.ingest.root","displayName":null,"description":null,"defaultValue":null,"allowableValues":null,"required":null,"sensitive":null,"dynamic":null,"supportsEl":null,"identifiesControllerService":null},"templateValue":"${config.hdfs.ingest.root}","userEditable":false,"renderType":"text","renderOptions":{},"selected":true,"inputProperty":false,"containsConfigurationVariables":false,"sensitive":false,"required":false,"templateProperty":null,"nameKey":"NiFi Flow-Initialize Feed Parameters-hdfs.ingest.root","processorNameTypeKey":"Initialize Feed Parameters-org.apache.nifi.processors.attributes.UpdateAttribute-hdfs.ingest.root","idKey":"c29c57e3-015c-1000-ffff-ffffc58bad3b-7c627365-3d3a-4495-8417-af64f9d0cbc7-hdfs.ingest.root"},{"processGroupName":"NiFi Flow","processorName":"Initialize Feed Parameters","processorId":"7c627365-3d3a-4495-8417-af64f9d0cbc7","processGroupId":"c29c57e3-015c-1000-ffff-ffffc58bad3b","processorType":"org.apache.nifi.processors.attributes.UpdateAttribute","key":"hive.ingest.root","value":"${config.hive.ingest.root}","expressionProperties":null,"propertyDescriptor":{"name":"hive.ingest.root","displayName":null,"description":null,"defaultValue":null,"allowableValues":null,"required":null,"sensitive":null,"dynamic":null,"supportsEl":null,"identifiesControllerService":null},"templateValue":"${config.hive.ingest.root}","userEditable":false,"renderType":"text","renderOptions":{},"selected":true,"inputProperty":false,"containsConfigurationVariables":false,"sensitive":false,"required":false,"templateProperty":null,"nameKey":"NiFi Flow-Initialize Feed Parameters-hive.ingest.root","processorNameTypeKey":"Initialize Feed Parameters-org.apache.nifi.processors.attributes.UpdateAttribute-hive.ingest.root","idKey":"c29c57e3-015c-1000-ffff-ffffc58bad3b-7c627365-3d3a-4495-8417-af64f9d0cbc7-hive.ingest.root"},{"processGroupName":"NiFi Flow","processorName":"Initialize Feed Parameters","processorId":"7c627365-3d3a-4495-8417-af64f9d0cbc7","processGroupId":"c29c57e3-015c-1000-ffff-ffffc58bad3b","processorType":"org.apache.nifi.processors.attributes.UpdateAttribute","key":"hive.master.root","value":"${config.hive.master.root}","expressionProperties":null,"propertyDescriptor":{"name":"hive.master.root","displayName":null,"description":null,"defaultValue":null,"allowableValues":null,"required":null,"sensitive":null,"dynamic":null,"supportsEl":null,"identifiesControllerService":null},"templateValue":"${config.hive.master.root}","userEditable":false,"renderType":"text","renderOptions":{},"selected":true,"inputProperty":false,"containsConfigurationVariables":false,"sensitive":false,"required":false,"templateProperty":null,"nameKey":"NiFi Flow-Initialize Feed Parameters-hive.master.root","processorNameTypeKey":"Initialize Feed Parameters-org.apache.nifi.processors.attributes.UpdateAttribute-hive.master.root","idKey":"c29c57e3-015c-1000-ffff-ffffc58bad3b-7c627365-3d3a-4495-8417-af64f9d0cbc7-hive.master.root"},{"processGroupName":"NiFi Flow","processorName":"Initialize Feed Parameters","processorId":"7c627365-3d3a-4495-8417-af64f9d0cbc7","processGroupId":"c29c57e3-015c-1000-ffff-ffffc58bad3b","processorType":"org.apache.nifi.processors.attributes.UpdateAttribute","key":"hive.profile.root","value":"${config.hive.profile.root}","expressionProperties":null,"propertyDescriptor":{"name":"hive.profile.root","displayName":null,"description":null,"defaultValue":null,"allowableValues":null,"required":null,"sensitive":null,"dynamic":null,"supportsEl":null,"identifiesControllerService":null},"templateValue":"${config.hive.profile.root}","userEditable":false,"renderType":"text","renderOptions":{},"selected":true,"inputProperty":false,"containsConfigurationVariables":false,"sensitive":false,"required":false,"templateProperty":null,"nameKey":"NiFi Flow-Initialize Feed Parameters-hive.profile.root","processorNameTypeKey":"Initialize Feed Parameters-org.apache.nifi.processors.attributes.UpdateAttribute-hive.profile.root","idKey":"c29c57e3-015c-1000-ffff-ffffc58bad3b-7c627365-3d3a-4495-8417-af64f9d0cbc7-hive.profile.root"},{"processGroupName":"NiFi Flow","processorName":"Initialize Feed Parameters","processorId":"7c627365-3d3a-4495-8417-af64f9d0cbc7","processGroupId":"c29c57e3-015c-1000-ffff-ffffc58bad3b","processorType":"org.apache.nifi.processors.attributes.UpdateAttribute","key":"metadata.table.feedFieldStructure","value":"${metadata.table.feedFieldStructure}","expressionProperties":null,"propertyDescriptor":{"name":"metadata.table.feedFieldStructure","displayName":null,"description":null,"defaultValue":null,"allowableValues":null,"required":null,"sensitive":null,"dynamic":null,"supportsEl":null,"identifiesControllerService":null},"templateValue":"${metadata.table.feedFieldStructure}","userEditable":false,"renderType":"text","renderOptions":{},"selected":true,"inputProperty":false,"containsConfigurationVariables":false,"sensitive":false,"required":false,"templateProperty":null,"nameKey":"NiFi Flow-Initialize Feed Parameters-metadata.table.feedFieldStructure","processorNameTypeKey":"Initialize Feed Parameters-org.apache.nifi.processors.attributes.UpdateAttribute-metadata.table.feedFieldStructure","idKey":"c29c57e3-015c-1000-ffff-ffffc58bad3b-7c627365-3d3a-4495-8417-af64f9d0cbc7-metadata.table.feedFieldStructure"},{"processGroupName":"NiFi Flow","processorName":"Initialize Feed Parameters","processorId":"7c627365-3d3a-4495-8417-af64f9d0cbc7","processGroupId":"c29c57e3-015c-1000-ffff-ffffc58bad3b","processorType":"org.apache.nifi.processors.attributes.UpdateAttribute","key":"metadata.table.feedFormat","value":"${metadata.table.feedFormat}","expressionProperties":null,"propertyDescriptor":{"name":"metadata.table.feedFormat","displayName":null,"description":null,"defaultValue":null,"allowableValues":null,"required":null,"sensitive":null,"dynamic":null,"supportsEl":null,"identifiesControllerService":null},"templateValue":"${metadata.table.feedFormat}","userEditable":false,"renderType":"text","renderOptions":{},"selected":true,"inputProperty":false,"containsConfigurationVariables":false,"sensitive":false,"required":false,"templateProperty":null,"nameKey":"NiFi Flow-Initialize Feed Parameters-metadata.table.feedFormat","processorNameTypeKey":"Initialize Feed Parameters-org.apache.nifi.processors.attributes.UpdateAttribute-metadata.table.feedFormat","idKey":"c29c57e3-015c-1000-ffff-ffffc58bad3b-7c627365-3d3a-4495-8417-af64f9d0cbc7-metadata.table.feedFormat"},{"processGroupName":"NiFi Flow","processorName":"Initialize Feed Parameters","processorId":"7c627365-3d3a-4495-8417-af64f9d0cbc7","processGroupId":"c29c57e3-015c-1000-ffff-ffffc58bad3b","processorType":"org.apache.nifi.processors.attributes.UpdateAttribute","key":"metadata.table.fieldIndexString","value":"${metadata.table.fieldIndexString}","expressionProperties":null,"propertyDescriptor":{"name":"metadata.table.fieldIndexString","displayName":null,"description":null,"defaultValue":null,"allowableValues":null,"required":null,"sensitive":null,"dynamic":null,"supportsEl":null,"identifiesControllerService":null},"templateValue":"${metadata.table.fieldIndexString}","userEditable":false,"renderType":"text","renderOptions":{},"selected":true,"inputProperty":false,"containsConfigurationVariables":false,"sensitive":false,"required":false,"templateProperty":null,"nameKey":"NiFi Flow-Initialize Feed Parameters-metadata.table.fieldIndexString","processorNameTypeKey":"Initialize Feed Parameters-org.apache.nifi.processors.attributes.UpdateAttribute-metadata.table.fieldIndexString","idKey":"c29c57e3-015c-1000-ffff-ffffc58bad3b-7c627365-3d3a-4495-8417-af64f9d0cbc7-metadata.table.fieldIndexString"},{"processGroupName":"NiFi Flow","processorName":"Initialize Feed Parameters","processorId":"7c627365-3d3a-4495-8417-af64f9d0cbc7","processGroupId":"c29c57e3-015c-1000-ffff-ffffc58bad3b","processorType":"org.apache.nifi.processors.attributes.UpdateAttribute","key":"metadata.table.fieldPoliciesJson","value":"${metadata.table.fieldPoliciesJson}","expressionProperties":null,"propertyDescriptor":{"name":"metadata.table.fieldPoliciesJson","displayName":null,"description":null,"defaultValue":null,"allowableValues":null,"required":null,"sensitive":null,"dynamic":null,"supportsEl":null,"identifiesControllerService":null},"templateValue":"${metadata.table.fieldPoliciesJson}","userEditable":false,"renderType":"text","renderOptions":{},"selected":true,"inputProperty":false,"containsConfigurationVariables":false,"sensitive":false,"required":false,"templateProperty":null,"nameKey":"NiFi Flow-Initialize Feed Parameters-metadata.table.fieldPoliciesJson","processorNameTypeKey":"Initialize Feed Parameters-org.apache.nifi.processors.attributes.UpdateAttribute-metadata.table.fieldPoliciesJson","idKey":"c29c57e3-015c-1000-ffff-ffffc58bad3b-7c627365-3d3a-4495-8417-af64f9d0cbc7-metadata.table.fieldPoliciesJson"},{"processGroupName":"NiFi Flow","processorName":"Initialize Feed Parameters","processorId":"7c627365-3d3a-4495-8417-af64f9d0cbc7","processGroupId":"c29c57e3-015c-1000-ffff-ffffc58bad3b","processorType":"org.apache.nifi.processors.attributes.UpdateAttribute","key":"metadata.table.fieldStructure","value":"${metadata.table.fieldStructure}","expressionProperties":null,"propertyDescriptor":{"name":"metadata.table.fieldStructure","displayName":null,"description":null,"defaultValue":null,"allowableValues":null,"required":null,"sensitive":null,"dynamic":null,"supportsEl":null,"identifiesControllerService":null},"templateValue":"${metadata.table.fieldStructure}","userEditable":false,"renderType":"text","renderOptions":{},"selected":true,"inputProperty":false,"containsConfigurationVariables":false,"sensitive":false,"required":false,"templateProperty":null,"nameKey":"NiFi Flow-Initialize Feed Parameters-metadata.table.fieldStructure","processorNameTypeKey":"Initialize Feed Parameters-org.apache.nifi.processors.attributes.UpdateAttribute-metadata.table.fieldStructure","idKey":"c29c57e3-015c-1000-ffff-ffffc58bad3b-7c627365-3d3a-4495-8417-af64f9d0cbc7-metadata.table.fieldStructure"},{"processGroupName":"NiFi Flow","processorName":"Initialize Feed Parameters","processorId":"7c627365-3d3a-4495-8417-af64f9d0cbc7","processGroupId":"c29c57e3-015c-1000-ffff-ffffc58bad3b","processorType":"org.apache.nifi.processors.attributes.UpdateAttribute","key":"metadata.table.partitionSpecs","value":"${metadata.table.partitionSpecs}","expressionProperties":null,"propertyDescriptor":{"name":"metadata.table.partitionSpecs","displayName":null,"description":null,"defaultValue":null,"allowableValues":null,"required":null,"sensitive":null,"dynamic":null,"supportsEl":null,"identifiesControllerService":null},"templateValue":"${metadata.table.partitionSpecs}","userEditable":false,"renderType":"text","renderOptions":{},"selected":true,"inputProperty":false,"containsConfigurationVariables":false,"sensitive":false,"required":false,"templateProperty":null,"nameKey":"NiFi Flow-Initialize Feed Parameters-metadata.table.partitionSpecs","processorNameTypeKey":"Initialize Feed Parameters-org.apache.nifi.processors.attributes.UpdateAttribute-metadata.table.partitionSpecs","idKey":"c29c57e3-015c-1000-ffff-ffffc58bad3b-7c627365-3d3a-4495-8417-af64f9d0cbc7-metadata.table.partitionSpecs"},{"processGroupName":"NiFi Flow","processorName":"Initialize Feed Parameters","processorId":"7c627365-3d3a-4495-8417-af64f9d0cbc7","processGroupId":"c29c57e3-015c-1000-ffff-ffffc58bad3b","processorType":"org.apache.nifi.processors.attributes.UpdateAttribute","key":"metadata.table.partitionStructure","value":"${metadata.table.partitionStructure}","expressionProperties":null,"propertyDescriptor":{"name":"metadata.table.partitionStructure","displayName":null,"description":null,"defaultValue":null,"allowableValues":null,"required":null,"sensitive":null,"dynamic":null,"supportsEl":null,"identifiesControllerService":null},"templateValue":"${metadata.table.partitionStructure}","userEditable":false,"renderType":"text","renderOptions":{},"selected":true,"inputProperty":false,"containsConfigurationVariables":false,"sensitive":false,"required":false,"templateProperty":null,"nameKey":"NiFi Flow-Initialize Feed Parameters-metadata.table.partitionStructure","processorNameTypeKey":"Initialize Feed Parameters-org.apache.nifi.processors.attributes.UpdateAttribute-metadata.table.partitionStructure","idKey":"c29c57e3-015c-1000-ffff-ffffc58bad3b-7c627365-3d3a-4495-8417-af64f9d0cbc7-metadata.table.partitionStructure"},{"processGroupName":"NiFi Flow","processorName":"Initialize Feed Parameters","processorId":"7c627365-3d3a-4495-8417-af64f9d0cbc7","processGroupId":"c29c57e3-015c-1000-ffff-ffffc58bad3b","processorType":"org.apache.nifi.processors.attributes.UpdateAttribute","key":"metadata.table.targetFormat","value":"${metadata.table.targetFormat}","expressionProperties":null,"propertyDescriptor":{"name":"metadata.table.targetFormat","displayName":null,"description":null,"defaultValue":null,"allowableValues":null,"required":null,"sensitive":null,"dynamic":null,"supportsEl":null,"identifiesControllerService":null},"templateValue":"${metadata.table.targetFormat}","userEditable":false,"renderType":"text","renderOptions":{},"selected":true,"inputProperty":false,"containsConfigurationVariables":false,"sensitive":false,"required":false,"templateProperty":null,"nameKey":"NiFi Flow-Initialize Feed Parameters-metadata.table.targetFormat","processorNameTypeKey":"Initialize Feed Parameters-org.apache.nifi.processors.attributes.UpdateAttribute-metadata.table.targetFormat","idKey":"c29c57e3-015c-1000-ffff-ffffc58bad3b-7c627365-3d3a-4495-8417-af64f9d0cbc7-metadata.table.targetFormat"},{"processGroupName":"NiFi Flow","processorName":"Initialize Feed Parameters","processorId":"7c627365-3d3a-4495-8417-af64f9d0cbc7","processGroupId":"c29c57e3-015c-1000-ffff-ffffc58bad3b","processorType":"org.apache.nifi.processors.attributes.UpdateAttribute","key":"metadata.table.targetMergeStrategy","value":"${metadata.table.targetMergeStrategy}","expressionProperties":null,"propertyDescriptor":{"name":"metadata.table.targetMergeStrategy","displayName":null,"description":null,"defaultValue":null,"allowableValues":null,"required":null,"sensitive":null,"dynamic":null,"supportsEl":null,"identifiesControllerService":null},"templateValue":"${metadata.table.targetMergeStrategy}","userEditable":false,"renderType":"text","renderOptions":{},"selected":true,"inputProperty":false,"containsConfigurationVariables":false,"sensitive":false,"required":false,"templateProperty":null,"nameKey":"NiFi Flow-Initialize Feed Parameters-metadata.table.targetMergeStrategy","processorNameTypeKey":"Initialize Feed Parameters-org.apache.nifi.processors.attributes.UpdateAttribute-metadata.table.targetMergeStrategy","idKey":"c29c57e3-015c-1000-ffff-ffffc58bad3b-7c627365-3d3a-4495-8417-af64f9d0cbc7-metadata.table.targetMergeStrategy"},{"processGroupName":"NiFi Flow","processorName":"Initialize Feed Parameters","processorId":"7c627365-3d3a-4495-8417-af64f9d0cbc7","processGroupId":"c29c57e3-015c-1000-ffff-ffffc58bad3b","processorType":"org.apache.nifi.processors.attributes.UpdateAttribute","key":"metadata.table.targetTblProperties","value":"${metadata.table.targetTblProperties}","expressionProperties":null,"propertyDescriptor":{"name":"metadata.table.targetTblProperties","displayName":null,"description":null,"defaultValue":null,"allowableValues":null,"required":null,"sensitive":null,"dynamic":null,"supportsEl":null,"identifiesControllerService":null},"templateValue":"${metadata.table.targetTblProperties}","userEditable":false,"renderType":"text","renderOptions":{},"selected":true,"inputProperty":false,"containsConfigurationVariables":false,"sensitive":false,"required":false,"templateProperty":null,"nameKey":"NiFi Flow-Initialize Feed Parameters-metadata.table.targetTblProperties","processorNameTypeKey":"Initialize Feed Parameters-org.apache.nifi.processors.attributes.UpdateAttribute-metadata.table.targetTblProperties","idKey":"c29c57e3-015c-1000-ffff-ffffc58bad3b-7c627365-3d3a-4495-8417-af64f9d0cbc7-metadata.table.targetTblProperties"},{"processGroupName":"NiFi Flow","processorName":"Initialize Feed Parameters","processorId":"7c627365-3d3a-4495-8417-af64f9d0cbc7","processGroupId":"c29c57e3-015c-1000-ffff-ffffc58bad3b","processorType":"org.apache.nifi.processors.attributes.UpdateAttribute","key":"skipHeader","value":"${metadata.options.skipHeader}","expressionProperties":null,"propertyDescriptor":{"name":"skipHeader","displayName":null,"description":null,"defaultValue":null,"allowableValues":null,"required":null,"sensitive":null,"dynamic":null,"supportsEl":null,"identifiesControllerService":null},"templateValue":"${metadata.options.skipHeader}","userEditable":false,"renderType":"text","renderOptions":{},"selected":true,"inputProperty":false,"containsConfigurationVariables":false,"sensitive":false,"required":false,"templateProperty":null,"nameKey":"NiFi Flow-Initialize Feed Parameters-skipHeader","processorNameTypeKey":"Initialize Feed Parameters-org.apache.nifi.processors.attributes.UpdateAttribute-skipHeader","idKey":"c29c57e3-015c-1000-ffff-ffffc58bad3b-7c627365-3d3a-4495-8417-af64f9d0cbc7-skipHeader"}],"type":"org.apache.nifi.processors.attributes.UpdateAttribute","name":"Initialize Feed Parameters","id":"7c627365-3d3a-4495-8417-af64f9d0cbc7","groupName":"NiFi Flow","groupId":"c29c57e3-015c-1000-ffff-ffffc58bad3b","inputProcessor":false,"userDefinedInputProcessor":false},{"properties":[{"processGroupName":"NiFi Flow","processorName":"Initialize Cleanup Parameters","processorId":"3d3a4495-7365-1c62-8d37-08d637400152","processGroupId":"c29c57e3-015c-1000-ffff-ffffc58bad3b","processorType":"org.apache.nifi.processors.attributes.UpdateAttribute","key":"category","value":"${metadata.category.systemName}","expressionProperties":null,"propertyDescriptor":{"name":"category","displayName":null,"description":null,"defaultValue":null,"allowableValues":null,"required":null,"sensitive":null,"dynamic":null,"supportsEl":null,"identifiesControllerService":null},"templateValue":"${metadata.category.systemName}","userEditable":false,"renderType":"text","renderOptions":{},"selected":true,"inputProperty":false,"containsConfigurationVariables":false,"sensitive":false,"required":false,"templateProperty":null,"nameKey":"NiFi Flow-Initialize Cleanup Parameters-category","processorNameTypeKey":"Initialize Cleanup Parameters-org.apache.nifi.processors.attributes.UpdateAttribute-category","idKey":"c29c57e3-015c-1000-ffff-ffffc58bad3b-3d3a4495-7365-1c62-8d37-08d637400152-category"},{"processGroupName":"NiFi Flow","processorName":"Initialize Cleanup Parameters","processorId":"3d3a4495-7365-1c62-8d37-08d637400152","processGroupId":"c29c57e3-015c-1000-ffff-ffffc58bad3b","processorType":"org.apache.nifi.processors.attributes.UpdateAttribute","key":"feed","value":"${metadata.systemFeedName}","expressionProperties":null,"propertyDescriptor":{"name":"feed","displayName":null,"description":null,"defaultValue":null,"allowableValues":null,"required":null,"sensitive":null,"dynamic":null,"supportsEl":null,"identifiesControllerService":null},"templateValue":"${metadata.systemFeedName}","userEditable":false,"renderType":"text","renderOptions":{},"selected":true,"inputProperty":false,"containsConfigurationVariables":false,"sensitive":false,"required":false,"templateProperty":null,"nameKey":"NiFi Flow-Initialize Cleanup Parameters-feed","processorNameTypeKey":"Initialize Cleanup Parameters-org.apache.nifi.processors.attributes.UpdateAttribute-feed","idKey":"c29c57e3-015c-1000-ffff-ffffc58bad3b-3d3a4495-7365-1c62-8d37-08d637400152-feed"},{"processGroupName":"NiFi Flow","processorName":"Initialize Cleanup Parameters","processorId":"3d3a4495-7365-1c62-8d37-08d637400152","processGroupId":"c29c57e3-015c-1000-ffff-ffffc58bad3b","processorType":"org.apache.nifi.processors.attributes.UpdateAttribute","key":"hdfs.ingest.root","value":"${config.hdfs.ingest.root}","expressionProperties":null,"propertyDescriptor":{"name":"hdfs.ingest.root","displayName":null,"description":null,"defaultValue":null,"allowableValues":null,"required":null,"sensitive":null,"dynamic":null,"supportsEl":null,"identifiesControllerService":null},"templateValue":"${config.hdfs.ingest.root}","userEditable":false,"renderType":"text","renderOptions":{},"selected":true,"inputProperty":false,"containsConfigurationVariables":false,"sensitive":false,"required":false,"templateProperty":null,"nameKey":"NiFi Flow-Initialize Cleanup Parameters-hdfs.ingest.root","processorNameTypeKey":"Initialize Cleanup Parameters-org.apache.nifi.processors.attributes.UpdateAttribute-hdfs.ingest.root","idKey":"c29c57e3-015c-1000-ffff-ffffc58bad3b-3d3a4495-7365-1c62-8d37-08d637400152-hdfs.ingest.root"},{"processGroupName":"NiFi Flow","processorName":"Initialize Cleanup Parameters","processorId":"3d3a4495-7365-1c62-8d37-08d637400152","processGroupId":"c29c57e3-015c-1000-ffff-ffffc58bad3b","processorType":"org.apache.nifi.processors.attributes.UpdateAttribute","key":"hive.ingest.root","value":"${config.hive.ingest.root}","expressionProperties":null,"propertyDescriptor":{"name":"hive.ingest.root","displayName":null,"description":null,"defaultValue":null,"allowableValues":null,"required":null,"sensitive":null,"dynamic":null,"supportsEl":null,"identifiesControllerService":null},"templateValue":"${config.hive.ingest.root}","userEditable":false,"renderType":"text","renderOptions":{},"selected":true,"inputProperty":false,"containsConfigurationVariables":false,"sensitive":false,"required":false,"templateProperty":null,"nameKey":"NiFi Flow-Initialize Cleanup Parameters-hive.ingest.root","processorNameTypeKey":"Initialize Cleanup Parameters-org.apache.nifi.processors.attributes.UpdateAttribute-hive.ingest.root","idKey":"c29c57e3-015c-1000-ffff-ffffc58bad3b-3d3a4495-7365-1c62-8d37-08d637400152-hive.ingest.root"},{"processGroupName":"NiFi Flow","processorName":"Initialize Cleanup Parameters","processorId":"3d3a4495-7365-1c62-8d37-08d637400152","processGroupId":"c29c57e3-015c-1000-ffff-ffffc58bad3b","processorType":"org.apache.nifi.processors.attributes.UpdateAttribute","key":"hive.master.root","value":"${config.hive.master.root}","expressionProperties":null,"propertyDescriptor":{"name":"hive.master.root","displayName":null,"description":null,"defaultValue":null,"allowableValues":null,"required":null,"sensitive":null,"dynamic":null,"supportsEl":null,"identifiesControllerService":null},"templateValue":"${config.hive.master.root}","userEditable":false,"renderType":"text","renderOptions":{},"selected":true,"inputProperty":false,"containsConfigurationVariables":false,"sensitive":false,"required":false,"templateProperty":null,"nameKey":"NiFi Flow-Initialize Cleanup Parameters-hive.master.root","processorNameTypeKey":"Initialize Cleanup Parameters-org.apache.nifi.processors.attributes.UpdateAttribute-hive.master.root","idKey":"c29c57e3-015c-1000-ffff-ffffc58bad3b-3d3a4495-7365-1c62-8d37-08d637400152-hive.master.root"},{"processGroupName":"NiFi Flow","processorName":"Initialize Cleanup Parameters","processorId":"3d3a4495-7365-1c62-8d37-08d637400152","processGroupId":"c29c57e3-015c-1000-ffff-ffffc58bad3b","processorType":"org.apache.nifi.processors.attributes.UpdateAttribute","key":"hive.profile.root","value":"${config.hive.profile.root}","expressionProperties":null,"propertyDescriptor":{"name":"hive.profile.root","displayName":null,"description":null,"defaultValue":null,"allowableValues":null,"required":null,"sensitive":null,"dynamic":null,"supportsEl":null,"identifiesControllerService":null},"templateValue":"${config.hive.profile.root}","userEditable":false,"renderType":"text","renderOptions":{},"selected":true,"inputProperty":false,"containsConfigurationVariables":false,"sensitive":false,"required":false,"templateProperty":null,"nameKey":"NiFi Flow-Initialize Cleanup Parameters-hive.profile.root","processorNameTypeKey":"Initialize Cleanup Parameters-org.apache.nifi.processors.attributes.UpdateAttribute-hive.profile.root","idKey":"c29c57e3-015c-1000-ffff-ffffc58bad3b-3d3a4495-7365-1c62-8d37-08d637400152-hive.profile.root"}],"type":"org.apache.nifi.processors.attributes.UpdateAttribute","name":"Initialize Cleanup Parameters","id":"3d3a4495-7365-1c62-8d37-08d637400152","groupName":"NiFi Flow","groupId":"c29c57e3-015c-1000-ffff-ffffc58bad3b","inputProcessor":false,"userDefinedInputProcessor":false},{"properties":[{"processGroupName":"NiFi Flow","processorName":"Fetch RDBMS Data","processorId":"6aeabec7-ec36-4ed5-b630-476717ed339e","processGroupId":"c29c57e3-015c-1000-ffff-ffffc58bad3b","processorType":"com.thinkbiganalytics.nifi.v2.ingest.GetTableData","key":"Date Field","value":null,"expressionProperties":null,"propertyDescriptor":{"name":"Date Field","displayName":null,"description":null,"defaultValue":null,"allowableValues":null,"required":null,"sensitive":null,"dynamic":null,"supportsEl":null,"identifiesControllerService":null},"templateValue":null,"userEditable":true,"renderType":"text","renderOptions":{},"selected":true,"inputProperty":false,"containsConfigurationVariables":false,"sensitive":false,"required":false,"templateProperty":null,"nameKey":"NiFi Flow-Fetch RDBMS Data-Date Field","processorNameTypeKey":"Fetch RDBMS Data-com.thinkbiganalytics.nifi.v2.ingest.GetTableData-Date Field","idKey":"c29c57e3-015c-1000-ffff-ffffc58bad3b-6aeabec7-ec36-4ed5-b630-476717ed339e-Date Field"},{"processGroupName":"NiFi Flow","processorName":"Fetch RDBMS Data","processorId":"6aeabec7-ec36-4ed5-b630-476717ed339e","processGroupId":"c29c57e3-015c-1000-ffff-ffffc58bad3b","processorType":"com.thinkbiganalytics.nifi.v2.ingest.GetTableData","key":"Load Strategy","value":"FULL_LOAD","expressionProperties":null,"propertyDescriptor":{"name":"Load Strategy","displayName":null,"description":null,"defaultValue":null,"allowableValues":null,"required":null,"sensitive":null,"dynamic":null,"supportsEl":null,"identifiesControllerService":null},"templateValue":"FULL_LOAD","userEditable":true,"renderType":"text","renderOptions":{},"selected":true,"inputProperty":false,"containsConfigurationVariables":false,"sensitive":false,"required":false,"templateProperty":null,"nameKey":"NiFi Flow-Fetch RDBMS Data-Load Strategy","processorNameTypeKey":"Fetch RDBMS Data-com.thinkbiganalytics.nifi.v2.ingest.GetTableData-Load Strategy","idKey":"c29c57e3-015c-1000-ffff-ffffc58bad3b-6aeabec7-ec36-4ed5-b630-476717ed339e-Load Strategy"},{"processGroupName":"NiFi Flow","processorName":"Fetch RDBMS Data","processorId":"6aeabec7-ec36-4ed5-b630-476717ed339e","processGroupId":"c29c57e3-015c-1000-ffff-ffffc58bad3b","processorType":"com.thinkbiganalytics.nifi.v2.ingest.GetTableData","key":"Output Type","value":"DELIMITED","expressionProperties":null,"propertyDescriptor":{"name":"Output Type","displayName":"Output Type","description":"How should the results be returned.  Either a Delimited output such as CSV, or AVRO.  If delimited you must specify the delimiter.","defaultValue":"DELIMITED","allowableValues":[{"displayName":"DELIMITED","value":"DELIMITED","description":null},{"displayName":"AVRO","value":"AVRO","description":null}],"required":true,"sensitive":false,"dynamic":false,"supportsEl":false,"identifiesControllerService":null},"templateValue":"DELIMITED","userEditable":true,"renderType":"select","renderOptions":{},"selected":true,"inputProperty":false,"containsConfigurationVariables":false,"sensitive":false,"required":true,"templateProperty":null,"nameKey":"NiFi Flow-Fetch RDBMS Data-Output Type","processorNameTypeKey":"Fetch RDBMS Data-com.thinkbiganalytics.nifi.v2.ingest.GetTableData-Output Type","idKey":"c29c57e3-015c-1000-ffff-ffffc58bad3b-6aeabec7-ec36-4ed5-b630-476717ed339e-Output Type"},{"processGroupName":"NiFi Flow","processorName":"Fetch RDBMS Data","processorId":"6aeabec7-ec36-4ed5-b630-476717ed339e","processGroupId":"c29c57e3-015c-1000-ffff-ffffc58bad3b","processorType":"com.thinkbiganalytics.nifi.v2.ingest.GetTableData","key":"Source Database Connection","value":"","expressionProperties":null,"propertyDescriptor":{"name":"Source Database Connection","displayName":null,"description":null,"defaultValue":null,"allowableValues":null,"required":null,"sensitive":null,"dynamic":null,"supportsEl":null,"identifiesControllerService":"org.apache.nifi.dbcp.DBCPService"},"templateValue":"","userEditable":true,"renderType":"select","renderOptions":{},"selected":true,"inputProperty":false,"containsConfigurationVariables":false,"sensitive":false,"required":false,"templateProperty":null,"nameKey":"NiFi Flow-Fetch RDBMS Data-Source Database Connection","processorNameTypeKey":"Fetch RDBMS Data-com.thinkbiganalytics.nifi.v2.ingest.GetTableData-Source Database Connection","idKey":"c29c57e3-015c-1000-ffff-ffffc58bad3b-6aeabec7-ec36-4ed5-b630-476717ed339e-Source Database Connection"},{"processGroupName":"NiFi Flow","processorName":"Fetch RDBMS Data","processorId":"6aeabec7-ec36-4ed5-b630-476717ed339e","processGroupId":"c29c57e3-015c-1000-ffff-ffffc58bad3b","processorType":"com.thinkbiganalytics.nifi.v2.ingest.GetTableData","key":"Source Fields","value":"${metadata.table.sourceFields}","expressionProperties":null,"propertyDescriptor":{"name":"Source Fields","displayName":null,"description":null,"defaultValue":null,"allowableValues":null,"required":null,"sensitive":null,"dynamic":null,"supportsEl":null,"identifiesControllerService":null},"templateValue":"${metadata.table.sourceFields}","userEditable":false,"renderType":"text","renderOptions":{},"selected":true,"inputProperty":false,"containsConfigurationVariables":false,"sensitive":false,"required":false,"templateProperty":null,"nameKey":"NiFi Flow-Fetch RDBMS Data-Source Fields","processorNameTypeKey":"Fetch RDBMS Data-com.thinkbiganalytics.nifi.v2.ingest.GetTableData-Source Fields","idKey":"c29c57e3-015c-1000-ffff-ffffc58bad3b-6aeabec7-ec36-4ed5-b630-476717ed339e-Source Fields"},{"processGroupName":"NiFi Flow","processorName":"Fetch RDBMS Data","processorId":"6aeabec7-ec36-4ed5-b630-476717ed339e","processGroupId":"c29c57e3-015c-1000-ffff-ffffc58bad3b","processorType":"com.thinkbiganalytics.nifi.v2.ingest.GetTableData","key":"Source Table","value":"${metadata.table.sourceTableSchema.name}","expressionProperties":null,"propertyDescriptor":{"name":"Source Table","displayName":null,"description":null,"defaultValue":null,"allowableValues":null,"required":null,"sensitive":null,"dynamic":null,"supportsEl":null,"identifiesControllerService":null},"templateValue":"${metadata.table.sourceTableSchema.name}","userEditable":false,"renderType":"select","renderOptions":{},"selected":true,"inputProperty":false,"containsConfigurationVariables":false,"sensitive":false,"required":false,"templateProperty":null,"nameKey":"NiFi Flow-Fetch RDBMS Data-Source Table","processorNameTypeKey":"Fetch RDBMS Data-com.thinkbiganalytics.nifi.v2.ingest.GetTableData-Source Table","idKey":"c29c57e3-015c-1000-ffff-ffffc58bad3b-6aeabec7-ec36-4ed5-b630-476717ed339e-Source Table"},{"processGroupName":"NiFi Flow","processorName":"Fetch RDBMS Data","processorId":"6aeabec7-ec36-4ed5-b630-476717ed339e","processGroupId":"c29c57e3-015c-1000-ffff-ffffc58bad3b","processorType":"com.thinkbiganalytics.nifi.v2.ingest.GetTableData","key":"System feed category","value":"${metadata.category.systemName}","expressionProperties":null,"propertyDescriptor":{"name":"System feed category","displayName":null,"description":null,"defaultValue":null,"allowableValues":null,"required":null,"sensitive":null,"dynamic":null,"supportsEl":null,"identifiesControllerService":null},"templateValue":"${metadata.category.systemName}","userEditable":false,"renderType":"text","renderOptions":{},"selected":true,"inputProperty":false,"containsConfigurationVariables":false,"sensitive":false,"required":false,"templateProperty":null,"nameKey":"NiFi Flow-Fetch RDBMS Data-System feed category","processorNameTypeKey":"Fetch RDBMS Data-com.thinkbiganalytics.nifi.v2.ingest.GetTableData-System feed category","idKey":"c29c57e3-015c-1000-ffff-ffffc58bad3b-6aeabec7-ec36-4ed5-b630-476717ed339e-System feed category"},{"processGroupName":"NiFi Flow","processorName":"Fetch RDBMS Data","processorId":"6aeabec7-ec36-4ed5-b630-476717ed339e","processGroupId":"c29c57e3-015c-1000-ffff-ffffc58bad3b","processorType":"com.thinkbiganalytics.nifi.v2.ingest.GetTableData","key":"System feed name","value":"${metadata.systemFeedName}","expressionProperties":null,"propertyDescriptor":{"name":"System feed name","displayName":null,"description":null,"defaultValue":null,"allowableValues":null,"required":null,"sensitive":null,"dynamic":null,"supportsEl":null,"identifiesControllerService":null},"templateValue":"${metadata.systemFeedName}","userEditable":false,"renderType":"text","renderOptions":{},"selected":true,"inputProperty":false,"containsConfigurationVariables":false,"sensitive":false,"required":false,"templateProperty":null,"nameKey":"NiFi Flow-Fetch RDBMS Data-System feed name","processorNameTypeKey":"Fetch RDBMS Data-com.thinkbiganalytics.nifi.v2.ingest.GetTableData-System feed name","idKey":"c29c57e3-015c-1000-ffff-ffffc58bad3b-6aeabec7-ec36-4ed5-b630-476717ed339e-System feed name"}],"type":"com.thinkbiganalytics.nifi.v2.ingest.GetTableData","name":"Fetch RDBMS Data","id":"6aeabec7-ec36-4ed5-b630-476717ed339e","groupName":"NiFi Flow","groupId":"c29c57e3-015c-1000-ffff-ffffc58bad3b","inputProcessor":false,"userDefinedInputProcessor":false}],"inputProcessors":[{"properties":[{"processGroupName":"NiFi Flow","processorName":"Database","processorId":"2567efe0-b28d-46c2-b3b5-5fdaab609627","processGroupId":"c29c57e3-015c-1000-ffff-ffffc58bad3b","processorType":"com.thinkbiganalytics.nifi.v2.core.watermark.LoadHighWaterMark","key":"System feed category","value":"${metadata.category.systemName}","expressionProperties":null,"propertyDescriptor":{"name":"System feed category","displayName":null,"description":null,"defaultValue":null,"allowableValues":null,"required":null,"sensitive":null,"dynamic":null,"supportsEl":null,"identifiesControllerService":null},"templateValue":"${metadata.category.systemName}","userEditable":false,"renderType":"text","renderOptions":{},"selected":true,"inputProperty":true,"containsConfigurationVariables":false,"sensitive":false,"required":false,"templateProperty":null,"nameKey":"NiFi Flow-Database-System feed category","processorNameTypeKey":"Database-com.thinkbiganalytics.nifi.v2.core.watermark.LoadHighWaterMark-System feed category","idKey":"c29c57e3-015c-1000-ffff-ffffc58bad3b-2567efe0-b28d-46c2-b3b5-5fdaab609627-System feed category"},{"processGroupName":"NiFi Flow","processorName":"Database","processorId":"2567efe0-b28d-46c2-b3b5-5fdaab609627","processGroupId":"c29c57e3-015c-1000-ffff-ffffc58bad3b","processorType":"com.thinkbiganalytics.nifi.v2.core.watermark.LoadHighWaterMark","key":"System feed name","value":"${metadata.systemFeedName}","expressionProperties":null,"propertyDescriptor":{"name":"System feed name","displayName":null,"description":null,"defaultValue":null,"allowableValues":null,"required":null,"sensitive":null,"dynamic":null,"supportsEl":null,"identifiesControllerService":null},"templateValue":"${metadata.systemFeedName}","userEditable":false,"renderType":"text","renderOptions":{},"selected":true,"inputProperty":true,"containsConfigurationVariables":false,"sensitive":false,"required":false,"templateProperty":null,"nameKey":"NiFi Flow-Database-System feed name","processorNameTypeKey":"Database-com.thinkbiganalytics.nifi.v2.core.watermark.LoadHighWaterMark-System feed name","idKey":"c29c57e3-015c-1000-ffff-ffffc58bad3b-2567efe0-b28d-46c2-b3b5-5fdaab609627-System feed name"}],"type":"com.thinkbiganalytics.nifi.v2.core.watermark.LoadHighWaterMark","name":"Database","id":"2567efe0-b28d-46c2-b3b5-5fdaab609627","groupName":"NiFi Flow","groupId":"c29c57e3-015c-1000-ffff-ffffc58bad3b","inputProcessor":true,"userDefinedInputProcessor":false},{"properties":[{"processGroupName":"NiFi Flow","processorName":"Filesystem","processorId":"1f67e296-2ff8-4b5d-9eea-938e6dacb45d","processGroupId":"c29c57e3-015c-1000-ffff-ffffc58bad3b","processorType":"org.apache.nifi.processors.standard.GetFile","key":"File Filter","value":"mydata\\d{1,3}.csv","expressionProperties":null,"propertyDescriptor":{"name":"File Filter","displayName":null,"description":null,"defaultValue":null,"allowableValues":null,"required":null,"sensitive":null,"dynamic":null,"supportsEl":null,"identifiesControllerService":null},"templateValue":"mydata\\d{1,3}.csv","userEditable":true,"renderType":"text","renderOptions":{},"selected":true,"inputProperty":true,"containsConfigurationVariables":false,"sensitive":false,"required":false,"templateProperty":null,"nameKey":"NiFi Flow-Filesystem-File Filter","processorNameTypeKey":"Filesystem-org.apache.nifi.processors.standard.GetFile-File Filter","idKey":"c29c57e3-015c-1000-ffff-ffffc58bad3b-1f67e296-2ff8-4b5d-9eea-938e6dacb45d-File Filter"},{"processGroupName":"NiFi Flow","processorName":"Filesystem","processorId":"1f67e296-2ff8-4b5d-9eea-938e6dacb45d","processGroupId":"c29c57e3-015c-1000-ffff-ffffc58bad3b","processorType":"org.apache.nifi.processors.standard.GetFile","key":"Input Directory","value":"/var/dropzone","expressionProperties":null,"propertyDescriptor":{"name":"Input Directory","displayName":null,"description":null,"defaultValue":null,"allowableValues":null,"required":null,"sensitive":null,"dynamic":null,"supportsEl":null,"identifiesControllerService":null},"templateValue":"/var/dropzone","userEditable":true,"renderType":"text","renderOptions":{},"selected":true,"inputProperty":true,"containsConfigurationVariables":false,"sensitive":false,"required":false,"templateProperty":null,"nameKey":"NiFi Flow-Filesystem-Input Directory","processorNameTypeKey":"Filesystem-org.apache.nifi.processors.standard.GetFile-Input Directory","idKey":"c29c57e3-015c-1000-ffff-ffffc58bad3b-1f67e296-2ff8-4b5d-9eea-938e6dacb45d-Input Directory"}],"type":"org.apache.nifi.processors.standard.GetFile","name":"Filesystem","id":"1f67e296-2ff8-4b5d-9eea-938e6dacb45d","groupName":"NiFi Flow","groupId":"c29c57e3-015c-1000-ffff-ffffc58bad3b","inputProcessor":true,"userDefinedInputProcessor":false}],"id":"5fb95f32-7bf3-446e-9954-45bc304ff272","nifiTemplateId":"ceba97e1-96f2-306b-a05f-49bb5e21178f","templateName":"Data Ingest","updateDate":1497914061550,"createDate":1496184433925,"icon":"keyboard_tab","iconColor":"#66BB6A","description":"Standard Data Ingest","state":"ENABLED","defineTable":true,"reusableTemplate":false,"reusableTemplateConnections":[{"feedOutputPortName":"to-standard-ingest","reusableTemplateInputPortName":"standard-ingest","inputPortDisplayName":"standard-ingest"},{"feedOutputPortName":"to-standard-cleanup","reusableTemplateInputPortName":"standard-cleanup","inputPortDisplayName":"standard-cleanup"}],"registeredDatasourceDefinitions":[{"processorType":"com.thinkbiganalytics.nifi.v2.ingest.GetTableData","processorName":"Fetch RDBMS Data","processorId":"6aeabec7-ec36-4ed5-0000-000000000000","datasourceDefinition":{"processorType":"com.thinkbiganalytics.nifi.v2.ingest.GetTableData","connectionType":"SOURCE","datasourcePropertyKeys":["Source Database Connection","Source Table"],"datasourceType":"DatabaseDatasource","identityString":"${Source Table} - ${Source Database Connection}","description":null,"title":"${Source Table}"}},{"processorType":"org.apache.nifi.processors.standard.GetFile","processorName":"Filesystem","processorId":"1f67e296-2ff8-4b5d-0000-000000000000","datasourceDefinition":{"processorType":"org.apache.nifi.processors.standard.GetFile","connectionType":"SOURCE","datasourcePropertyKeys":["Input Directory","File Filter"],"datasourceType":"DirectoryDatasource","identityString":"${Input Directory}/${File Filter}","description":" Directory or File source","title":"${Input Directory}/${File Filter}"}},{"processorType":"com.thinkbiganalytics.nifi.v2.ingest.MergeTable","processorName":"Merge Table","processorId":"2b1f1ef0-4e13-1bd6-94d2-676292b6cc94","datasourceDefinition":{"processorType":"com.thinkbiganalytics.nifi.v2.ingest.MergeTable","connectionType":"DESTINATION","datasourcePropertyKeys":["Target schema","Target table"],"datasourceType":"HiveDatasource","identityString":"${Target schema}.${Target table}","description":null,"title":"${Target schema}.${Target table}"}}],"order":0,"templateOrder":null,"feedsCount":7,"stream":false,"allowPreconditions":false,"dataTransformation":false,"isStream":false}