{"owner":{"displayName":"Data Lake Administrator","email":null,"enabled":true,"groups":["admin","user"],"systemName":"dladmin"},"allowedActions":{"actions":[{"systemName":"accessTemplate","actions":[{"systemName":"editTemplate"},{"systemName":"deleteTemplate"},{"systemName":"exportTemplate"},{"systemName":"createFeedFromTemplate"},{"systemName":"changeTemplatePermissions"}]}]},"roleMemberships":[],"feedRoleMemberships":[],"properties":[{"processGroupName":"NiFi Flow","processorName":"Database","processorId":"7b95368a-e78a-33ed-e905-0800f98b3e80","processGroupId":"be968c78-0160-1000-53f9-d22aa97c2743","processorType":"com.thinkbiganalytics.nifi.v2.core.watermark.LoadHighWaterMark","key":"System feed category","value":"${metadata.category.systemName}","expressionProperties":null,"propertyDescriptor":{"name":"System feed category","displayName":null,"description":null,"defaultValue":null,"allowableValues":null,"required":null,"sensitive":null,"dynamic":null,"supportsEl":null,"identifiesControllerService":null},"templateValue":"${metadata.category.systemName}","userEditable":false,"renderType":"text","renderOptions":{},"selected":true,"inputProperty":true,"containsConfigurationVariables":false,"sensitive":false,"required":false,"templateProperty":null,"nameKey":"NiFi Flow-Database-System feed category","idKey":"be968c78-0160-1000-53f9-d22aa97c2743-7b95368a-e78a-33ed-e905-0800f98b3e80-System feed category","processorNameTypeKey":"Database-com.thinkbiganalytics.nifi.v2.core.watermark.LoadHighWaterMark-System feed category"},{"processGroupName":"NiFi Flow","processorName":"Database","processorId":"7b95368a-e78a-33ed-e905-0800f98b3e80","processGroupId":"be968c78-0160-1000-53f9-d22aa97c2743","processorType":"com.thinkbiganalytics.nifi.v2.core.watermark.LoadHighWaterMark","key":"System feed name","value":"${metadata.systemFeedName}","expressionProperties":null,"propertyDescriptor":{"name":"System feed name","displayName":null,"description":null,"defaultValue":null,"allowableValues":null,"required":null,"sensitive":null,"dynamic":null,"supportsEl":null,"identifiesControllerService":null},"templateValue":"${metadata.systemFeedName}","userEditable":false,"renderType":"text","renderOptions":{},"selected":true,"inputProperty":true,"containsConfigurationVariables":false,"sensitive":false,"required":false,"templateProperty":null,"nameKey":"NiFi Flow-Database-System feed name","idKey":"be968c78-0160-1000-53f9-d22aa97c2743-7b95368a-e78a-33ed-e905-0800f98b3e80-System feed name","processorNameTypeKey":"Database-com.thinkbiganalytics.nifi.v2.core.watermark.LoadHighWaterMark-System feed name"},{"processGroupName":"NiFi Flow","processorName":"Filesystem","processorId":"568e9bab-d309-38f4-ebca-14d7cff09c85","processGroupId":"be968c78-0160-1000-53f9-d22aa97c2743","processorType":"org.apache.nifi.processors.standard.GetFile","key":"File Filter","value":"mydata\\d{1,3}.csv","expressionProperties":null,"propertyDescriptor":{"name":"File Filter","displayName":null,"description":null,"defaultValue":null,"allowableValues":null,"required":null,"sensitive":null,"dynamic":null,"supportsEl":null,"identifiesControllerService":null},"templateValue":"mydata\\d{1,3}.csv","userEditable":true,"renderType":"text","renderOptions":{},"selected":true,"inputProperty":true,"containsConfigurationVariables":false,"sensitive":false,"required":false,"templateProperty":null,"nameKey":"NiFi Flow-Filesystem-File Filter","idKey":"be968c78-0160-1000-53f9-d22aa97c2743-568e9bab-d309-38f4-ebca-14d7cff09c85-File Filter","processorNameTypeKey":"Filesystem-org.apache.nifi.processors.standard.GetFile-File Filter"},{"processGroupName":"NiFi Flow","processorName":"Filesystem","processorId":"568e9bab-d309-38f4-ebca-14d7cff09c85","processGroupId":"be968c78-0160-1000-53f9-d22aa97c2743","processorType":"org.apache.nifi.processors.standard.GetFile","key":"Input Directory","value":"/var/dropzone","expressionProperties":null,"propertyDescriptor":{"name":"Input Directory","displayName":null,"description":null,"defaultValue":null,"allowableValues":null,"required":null,"sensitive":null,"dynamic":null,"supportsEl":null,"identifiesControllerService":null},"templateValue":"/var/dropzone","userEditable":true,"renderType":"text","renderOptions":{},"selected":true,"inputProperty":true,"containsConfigurationVariables":false,"sensitive":false,"required":false,"templateProperty":null,"nameKey":"NiFi Flow-Filesystem-Input Directory","idKey":"be968c78-0160-1000-53f9-d22aa97c2743-568e9bab-d309-38f4-ebca-14d7cff09c85-Input Directory","processorNameTypeKey":"Filesystem-org.apache.nifi.processors.standard.GetFile-Input Directory"},{"processGroupName":"NiFi Flow","processorName":"TriggerCleanup","processorId":"9919b557-656e-32ed-2554-c70a23813631","processGroupId":"be968c78-0160-1000-53f9-d22aa97c2743","processorType":"com.thinkbiganalytics.nifi.v2.metadata.TriggerCleanup","key":"System feed category","value":"${metadata.category.systemName}","expressionProperties":null,"propertyDescriptor":{"name":"System feed category","displayName":null,"description":null,"defaultValue":null,"allowableValues":null,"required":null,"sensitive":null,"dynamic":null,"supportsEl":null,"identifiesControllerService":null},"templateValue":"${metadata.category.systemName}","userEditable":false,"renderType":"text","renderOptions":{},"selected":true,"inputProperty":true,"containsConfigurationVariables":false,"sensitive":false,"required":false,"templateProperty":null,"nameKey":"NiFi Flow-TriggerCleanup-System feed category","idKey":"be968c78-0160-1000-53f9-d22aa97c2743-9919b557-656e-32ed-2554-c70a23813631-System feed category","processorNameTypeKey":"TriggerCleanup-com.thinkbiganalytics.nifi.v2.metadata.TriggerCleanup-System feed category"},{"processGroupName":"NiFi Flow","processorName":"TriggerCleanup","processorId":"9919b557-656e-32ed-2554-c70a23813631","processGroupId":"be968c78-0160-1000-53f9-d22aa97c2743","processorType":"com.thinkbiganalytics.nifi.v2.metadata.TriggerCleanup","key":"System feed name","value":"${metadata.systemFeedName}","expressionProperties":null,"propertyDescriptor":{"name":"System feed name","displayName":null,"description":null,"defaultValue":null,"allowableValues":null,"required":null,"sensitive":null,"dynamic":null,"supportsEl":null,"identifiesControllerService":null},"templateValue":"${metadata.systemFeedName}","userEditable":false,"renderType":"text","renderOptions":{},"selected":true,"inputProperty":true,"containsConfigurationVariables":false,"sensitive":false,"required":false,"templateProperty":null,"nameKey":"NiFi Flow-TriggerCleanup-System feed name","idKey":"be968c78-0160-1000-53f9-d22aa97c2743-9919b557-656e-32ed-2554-c70a23813631-System feed name","processorNameTypeKey":"TriggerCleanup-com.thinkbiganalytics.nifi.v2.metadata.TriggerCleanup-System feed name"},{"processGroupName":"NiFi Flow","processorName":"Failed - Release Highwater Mark","processorId":"1fcc382e-e340-30a8-12f5-9d904ad7a028","processGroupId":"be968c78-0160-1000-53f9-d22aa97c2743","processorType":"com.thinkbiganalytics.nifi.v2.core.watermark.ReleaseHighWaterMark","key":"System feed category","value":"${metadata.category.systemName}","expressionProperties":null,"propertyDescriptor":{"name":"System feed category","displayName":null,"description":null,"defaultValue":null,"allowableValues":null,"required":null,"sensitive":null,"dynamic":null,"supportsEl":null,"identifiesControllerService":null},"templateValue":"${metadata.category.systemName}","userEditable":false,"renderType":"text","renderOptions":{},"selected":true,"inputProperty":false,"containsConfigurationVariables":false,"sensitive":false,"required":false,"templateProperty":null,"nameKey":"NiFi Flow-Failed - Release Highwater Mark-System feed category","idKey":"be968c78-0160-1000-53f9-d22aa97c2743-1fcc382e-e340-30a8-12f5-9d904ad7a028-System feed category","processorNameTypeKey":"Failed - Release Highwater Mark-com.thinkbiganalytics.nifi.v2.core.watermark.ReleaseHighWaterMark-System feed category"},{"processGroupName":"NiFi Flow","processorName":"Failed - Release Highwater Mark","processorId":"1fcc382e-e340-30a8-12f5-9d904ad7a028","processGroupId":"be968c78-0160-1000-53f9-d22aa97c2743","processorType":"com.thinkbiganalytics.nifi.v2.core.watermark.ReleaseHighWaterMark","key":"System feed name","value":"${metadata.systemFeedName}","expressionProperties":null,"propertyDescriptor":{"name":"System feed name","displayName":null,"description":null,"defaultValue":null,"allowableValues":null,"required":null,"sensitive":null,"dynamic":null,"supportsEl":null,"identifiesControllerService":null},"templateValue":"${metadata.systemFeedName}","userEditable":false,"renderType":"text","renderOptions":{},"selected":true,"inputProperty":false,"containsConfigurationVariables":false,"sensitive":false,"required":false,"templateProperty":null,"nameKey":"NiFi Flow-Failed - Release Highwater Mark-System feed name","idKey":"be968c78-0160-1000-53f9-d22aa97c2743-1fcc382e-e340-30a8-12f5-9d904ad7a028-System feed name","processorNameTypeKey":"Failed - Release Highwater Mark-com.thinkbiganalytics.nifi.v2.core.watermark.ReleaseHighWaterMark-System feed name"},{"processGroupName":"NiFi Flow","processorName":"Fetch RDBMS Data","processorId":"6c3efa39-e7cd-3edc-9b0d-abd1dab7c007","processGroupId":"be968c78-0160-1000-53f9-d22aa97c2743","processorType":"com.thinkbiganalytics.nifi.v2.ingest.GetTableData","key":"Date Field","value":null,"expressionProperties":null,"propertyDescriptor":{"name":"Date Field","displayName":null,"description":null,"defaultValue":null,"allowableValues":null,"required":null,"sensitive":null,"dynamic":null,"supportsEl":null,"identifiesControllerService":null},"templateValue":null,"userEditable":true,"renderType":"text","renderOptions":{},"selected":true,"inputProperty":false,"containsConfigurationVariables":false,"sensitive":false,"required":false,"templateProperty":null,"nameKey":"NiFi Flow-Fetch RDBMS Data-Date Field","idKey":"be968c78-0160-1000-53f9-d22aa97c2743-6c3efa39-e7cd-3edc-9b0d-abd1dab7c007-Date Field","processorNameTypeKey":"Fetch RDBMS Data-com.thinkbiganalytics.nifi.v2.ingest.GetTableData-Date Field"},{"processGroupName":"NiFi Flow","processorName":"Fetch RDBMS Data","processorId":"6c3efa39-e7cd-3edc-9b0d-abd1dab7c007","processGroupId":"be968c78-0160-1000-53f9-d22aa97c2743","processorType":"com.thinkbiganalytics.nifi.v2.ingest.GetTableData","key":"Load Strategy","value":"FULL_LOAD","expressionProperties":null,"propertyDescriptor":{"name":"Load Strategy","displayName":null,"description":null,"defaultValue":null,"allowableValues":null,"required":null,"sensitive":null,"dynamic":null,"supportsEl":null,"identifiesControllerService":null},"templateValue":"FULL_LOAD","userEditable":true,"renderType":"text","renderOptions":{},"selected":true,"inputProperty":false,"containsConfigurationVariables":false,"sensitive":false,"required":false,"templateProperty":null,"nameKey":"NiFi Flow-Fetch RDBMS Data-Load Strategy","idKey":"be968c78-0160-1000-53f9-d22aa97c2743-6c3efa39-e7cd-3edc-9b0d-abd1dab7c007-Load Strategy","processorNameTypeKey":"Fetch RDBMS Data-com.thinkbiganalytics.nifi.v2.ingest.GetTableData-Load Strategy"},{"processGroupName":"NiFi Flow","processorName":"Fetch RDBMS Data","processorId":"6c3efa39-e7cd-3edc-9b0d-abd1dab7c007","processGroupId":"be968c78-0160-1000-53f9-d22aa97c2743","processorType":"com.thinkbiganalytics.nifi.v2.ingest.GetTableData","key":"Output Type","value":"DELIMITED","expressionProperties":null,"propertyDescriptor":{"name":"Output Type","displayName":"Output Type","description":"How should the results be returned.  Either a Delimited output such as CSV, or AVRO.  If delimited you must specify the delimiter.","defaultValue":"DELIMITED","allowableValues":[{"displayName":"DELIMITED","value":"DELIMITED","description":null},{"displayName":"AVRO","value":"AVRO","description":null}],"required":true,"sensitive":false,"dynamic":false,"supportsEl":false,"identifiesControllerService":null},"templateValue":"DELIMITED","userEditable":true,"renderType":"select","renderOptions":{},"selected":true,"inputProperty":false,"containsConfigurationVariables":false,"sensitive":false,"required":true,"templateProperty":null,"nameKey":"NiFi Flow-Fetch RDBMS Data-Output Type","idKey":"be968c78-0160-1000-53f9-d22aa97c2743-6c3efa39-e7cd-3edc-9b0d-abd1dab7c007-Output Type","processorNameTypeKey":"Fetch RDBMS Data-com.thinkbiganalytics.nifi.v2.ingest.GetTableData-Output Type"},{"processGroupName":"NiFi Flow","processorName":"Fetch RDBMS Data","processorId":"6c3efa39-e7cd-3edc-9b0d-abd1dab7c007","processGroupId":"be968c78-0160-1000-53f9-d22aa97c2743","processorType":"com.thinkbiganalytics.nifi.v2.ingest.GetTableData","key":"Source Database Connection","value":"","expressionProperties":null,"propertyDescriptor":{"name":"Source Database Connection","displayName":null,"description":null,"defaultValue":null,"allowableValues":[{"displayName":"MySQL","value":"50942031-015c-1000-0913-337b85b5e243","description":null}],"required":null,"sensitive":null,"dynamic":null,"supportsEl":null,"identifiesControllerService":"org.apache.nifi.dbcp.DBCPService"},"templateValue":"","userEditable":true,"renderType":"select","renderOptions":{},"selected":true,"inputProperty":false,"containsConfigurationVariables":false,"sensitive":false,"required":false,"templateProperty":null,"nameKey":"NiFi Flow-Fetch RDBMS Data-Source Database Connection","idKey":"be968c78-0160-1000-53f9-d22aa97c2743-6c3efa39-e7cd-3edc-9b0d-abd1dab7c007-Source Database Connection","processorNameTypeKey":"Fetch RDBMS Data-com.thinkbiganalytics.nifi.v2.ingest.GetTableData-Source Database Connection"},{"processGroupName":"NiFi Flow","processorName":"Fetch RDBMS Data","processorId":"6c3efa39-e7cd-3edc-9b0d-abd1dab7c007","processGroupId":"be968c78-0160-1000-53f9-d22aa97c2743","processorType":"com.thinkbiganalytics.nifi.v2.ingest.GetTableData","key":"Source Fields","value":"${metadata.table.sourceFields}","expressionProperties":null,"propertyDescriptor":{"name":"Source Fields","displayName":null,"description":null,"defaultValue":null,"allowableValues":null,"required":null,"sensitive":null,"dynamic":null,"supportsEl":null,"identifiesControllerService":null},"templateValue":"${metadata.table.sourceFields}","userEditable":false,"renderType":"text","renderOptions":{},"selected":true,"inputProperty":false,"containsConfigurationVariables":false,"sensitive":false,"required":false,"templateProperty":null,"nameKey":"NiFi Flow-Fetch RDBMS Data-Source Fields","idKey":"be968c78-0160-1000-53f9-d22aa97c2743-6c3efa39-e7cd-3edc-9b0d-abd1dab7c007-Source Fields","processorNameTypeKey":"Fetch RDBMS Data-com.thinkbiganalytics.nifi.v2.ingest.GetTableData-Source Fields"},{"processGroupName":"NiFi Flow","processorName":"Fetch RDBMS Data","processorId":"6c3efa39-e7cd-3edc-9b0d-abd1dab7c007","processGroupId":"be968c78-0160-1000-53f9-d22aa97c2743","processorType":"com.thinkbiganalytics.nifi.v2.ingest.GetTableData","key":"Source Table","value":"${metadata.table.sourceTableSchema.name}","expressionProperties":null,"propertyDescriptor":{"name":"Source Table","displayName":null,"description":null,"defaultValue":null,"allowableValues":null,"required":null,"sensitive":null,"dynamic":null,"supportsEl":null,"identifiesControllerService":null},"templateValue":"${metadata.table.sourceTableSchema.name}","userEditable":false,"renderType":"select","renderOptions":{},"selected":true,"inputProperty":false,"containsConfigurationVariables":false,"sensitive":false,"required":false,"templateProperty":null,"nameKey":"NiFi Flow-Fetch RDBMS Data-Source Table","idKey":"be968c78-0160-1000-53f9-d22aa97c2743-6c3efa39-e7cd-3edc-9b0d-abd1dab7c007-Source Table","processorNameTypeKey":"Fetch RDBMS Data-com.thinkbiganalytics.nifi.v2.ingest.GetTableData-Source Table"},{"processGroupName":"NiFi Flow","processorName":"Fetch RDBMS Data","processorId":"6c3efa39-e7cd-3edc-9b0d-abd1dab7c007","processGroupId":"be968c78-0160-1000-53f9-d22aa97c2743","processorType":"com.thinkbiganalytics.nifi.v2.ingest.GetTableData","key":"System feed category","value":"${metadata.category.systemName}","expressionProperties":null,"propertyDescriptor":{"name":"System feed category","displayName":null,"description":null,"defaultValue":null,"allowableValues":null,"required":null,"sensitive":null,"dynamic":null,"supportsEl":null,"identifiesControllerService":null},"templateValue":"${metadata.category.systemName}","userEditable":false,"renderType":"text","renderOptions":{},"selected":true,"inputProperty":false,"containsConfigurationVariables":false,"sensitive":false,"required":false,"templateProperty":null,"nameKey":"NiFi Flow-Fetch RDBMS Data-System feed category","idKey":"be968c78-0160-1000-53f9-d22aa97c2743-6c3efa39-e7cd-3edc-9b0d-abd1dab7c007-System feed category","processorNameTypeKey":"Fetch RDBMS Data-com.thinkbiganalytics.nifi.v2.ingest.GetTableData-System feed category"},{"processGroupName":"NiFi Flow","processorName":"Fetch RDBMS Data","processorId":"6c3efa39-e7cd-3edc-9b0d-abd1dab7c007","processGroupId":"be968c78-0160-1000-53f9-d22aa97c2743","processorType":"com.thinkbiganalytics.nifi.v2.ingest.GetTableData","key":"System feed name","value":"${metadata.systemFeedName}","expressionProperties":null,"propertyDescriptor":{"name":"System feed name","displayName":null,"description":null,"defaultValue":null,"allowableValues":null,"required":null,"sensitive":null,"dynamic":null,"supportsEl":null,"identifiesControllerService":null},"templateValue":"${metadata.systemFeedName}","userEditable":false,"renderType":"text","renderOptions":{},"selected":true,"inputProperty":false,"containsConfigurationVariables":false,"sensitive":false,"required":false,"templateProperty":null,"nameKey":"NiFi Flow-Fetch RDBMS Data-System feed name","idKey":"be968c78-0160-1000-53f9-d22aa97c2743-6c3efa39-e7cd-3edc-9b0d-abd1dab7c007-System feed name","processorNameTypeKey":"Fetch RDBMS Data-com.thinkbiganalytics.nifi.v2.ingest.GetTableData-System feed name"},{"processGroupName":"NiFi Flow","processorName":"Initialize Cleanup Parameters","processorId":"c08913ee-eb11-3b35-e304-2467992cec24","processGroupId":"be968c78-0160-1000-53f9-d22aa97c2743","processorType":"org.apache.nifi.processors.attributes.UpdateAttribute","key":"category","value":"${metadata.category.systemName}","expressionProperties":null,"propertyDescriptor":{"name":"category","displayName":null,"description":null,"defaultValue":null,"allowableValues":null,"required":null,"sensitive":null,"dynamic":null,"supportsEl":null,"identifiesControllerService":null},"templateValue":"${metadata.category.systemName}","userEditable":false,"renderType":"text","renderOptions":{},"selected":true,"inputProperty":false,"containsConfigurationVariables":false,"sensitive":false,"required":false,"templateProperty":null,"nameKey":"NiFi Flow-Initialize Cleanup Parameters-category","idKey":"be968c78-0160-1000-53f9-d22aa97c2743-c08913ee-eb11-3b35-e304-2467992cec24-category","processorNameTypeKey":"Initialize Cleanup Parameters-org.apache.nifi.processors.attributes.UpdateAttribute-category"},{"processGroupName":"NiFi Flow","processorName":"Initialize Cleanup Parameters","processorId":"c08913ee-eb11-3b35-e304-2467992cec24","processGroupId":"be968c78-0160-1000-53f9-d22aa97c2743","processorType":"org.apache.nifi.processors.attributes.UpdateAttribute","key":"feed","value":"${metadata.systemFeedName}","expressionProperties":null,"propertyDescriptor":{"name":"feed","displayName":null,"description":null,"defaultValue":null,"allowableValues":null,"required":null,"sensitive":null,"dynamic":null,"supportsEl":null,"identifiesControllerService":null},"templateValue":"${metadata.systemFeedName}","userEditable":false,"renderType":"text","renderOptions":{},"selected":true,"inputProperty":false,"containsConfigurationVariables":false,"sensitive":false,"required":false,"templateProperty":null,"nameKey":"NiFi Flow-Initialize Cleanup Parameters-feed","idKey":"be968c78-0160-1000-53f9-d22aa97c2743-c08913ee-eb11-3b35-e304-2467992cec24-feed","processorNameTypeKey":"Initialize Cleanup Parameters-org.apache.nifi.processors.attributes.UpdateAttribute-feed"},{"processGroupName":"NiFi Flow","processorName":"Initialize Cleanup Parameters","processorId":"c08913ee-eb11-3b35-e304-2467992cec24","processGroupId":"be968c78-0160-1000-53f9-d22aa97c2743","processorType":"org.apache.nifi.processors.attributes.UpdateAttribute","key":"hdfs.ingest.root","value":"${config.hdfs.ingest.root}","expressionProperties":null,"propertyDescriptor":{"name":"hdfs.ingest.root","displayName":null,"description":null,"defaultValue":null,"allowableValues":null,"required":null,"sensitive":null,"dynamic":null,"supportsEl":null,"identifiesControllerService":null},"templateValue":"${config.hdfs.ingest.root}","userEditable":false,"renderType":"text","renderOptions":{},"selected":true,"inputProperty":false,"containsConfigurationVariables":false,"sensitive":false,"required":false,"templateProperty":null,"nameKey":"NiFi Flow-Initialize Cleanup Parameters-hdfs.ingest.root","idKey":"be968c78-0160-1000-53f9-d22aa97c2743-c08913ee-eb11-3b35-e304-2467992cec24-hdfs.ingest.root","processorNameTypeKey":"Initialize Cleanup Parameters-org.apache.nifi.processors.attributes.UpdateAttribute-hdfs.ingest.root"},{"processGroupName":"NiFi Flow","processorName":"Initialize Cleanup Parameters","processorId":"c08913ee-eb11-3b35-e304-2467992cec24","processGroupId":"be968c78-0160-1000-53f9-d22aa97c2743","processorType":"org.apache.nifi.processors.attributes.UpdateAttribute","key":"hive.ingest.root","value":"${config.hive.ingest.root}","expressionProperties":null,"propertyDescriptor":{"name":"hive.ingest.root","displayName":null,"description":null,"defaultValue":null,"allowableValues":null,"required":null,"sensitive":null,"dynamic":null,"supportsEl":null,"identifiesControllerService":null},"templateValue":"${config.hive.ingest.root}","userEditable":false,"renderType":"text","renderOptions":{},"selected":true,"inputProperty":false,"containsConfigurationVariables":false,"sensitive":false,"required":false,"templateProperty":null,"nameKey":"NiFi Flow-Initialize Cleanup Parameters-hive.ingest.root","idKey":"be968c78-0160-1000-53f9-d22aa97c2743-c08913ee-eb11-3b35-e304-2467992cec24-hive.ingest.root","processorNameTypeKey":"Initialize Cleanup Parameters-org.apache.nifi.processors.attributes.UpdateAttribute-hive.ingest.root"},{"processGroupName":"NiFi Flow","processorName":"Initialize Cleanup Parameters","processorId":"c08913ee-eb11-3b35-e304-2467992cec24","processGroupId":"be968c78-0160-1000-53f9-d22aa97c2743","processorType":"org.apache.nifi.processors.attributes.UpdateAttribute","key":"hive.master.root","value":"${config.hive.master.root}","expressionProperties":null,"propertyDescriptor":{"name":"hive.master.root","displayName":null,"description":null,"defaultValue":null,"allowableValues":null,"required":null,"sensitive":null,"dynamic":null,"supportsEl":null,"identifiesControllerService":null},"templateValue":"${config.hive.master.root}","userEditable":false,"renderType":"text","renderOptions":{},"selected":true,"inputProperty":false,"containsConfigurationVariables":false,"sensitive":false,"required":false,"templateProperty":null,"nameKey":"NiFi Flow-Initialize Cleanup Parameters-hive.master.root","idKey":"be968c78-0160-1000-53f9-d22aa97c2743-c08913ee-eb11-3b35-e304-2467992cec24-hive.master.root","processorNameTypeKey":"Initialize Cleanup Parameters-org.apache.nifi.processors.attributes.UpdateAttribute-hive.master.root"},{"processGroupName":"NiFi Flow","processorName":"Initialize Cleanup Parameters","processorId":"c08913ee-eb11-3b35-e304-2467992cec24","processGroupId":"be968c78-0160-1000-53f9-d22aa97c2743","processorType":"org.apache.nifi.processors.attributes.UpdateAttribute","key":"hive.profile.root","value":"${config.hive.profile.root}","expressionProperties":null,"propertyDescriptor":{"name":"hive.profile.root","displayName":null,"description":null,"defaultValue":null,"allowableValues":null,"required":null,"sensitive":null,"dynamic":null,"supportsEl":null,"identifiesControllerService":null},"templateValue":"${config.hive.profile.root}","userEditable":false,"renderType":"text","renderOptions":{},"selected":true,"inputProperty":false,"containsConfigurationVariables":false,"sensitive":false,"required":false,"templateProperty":null,"nameKey":"NiFi Flow-Initialize Cleanup Parameters-hive.profile.root","idKey":"be968c78-0160-1000-53f9-d22aa97c2743-c08913ee-eb11-3b35-e304-2467992cec24-hive.profile.root","processorNameTypeKey":"Initialize Cleanup Parameters-org.apache.nifi.processors.attributes.UpdateAttribute-hive.profile.root"},{"processGroupName":"NiFi Flow","processorName":"Initialize Feed Parameters","processorId":"4494d71f-4100-340c-981c-84dd8a6540ee","processGroupId":"be968c78-0160-1000-53f9-d22aa97c2743","processorType":"org.apache.nifi.processors.attributes.UpdateAttribute","key":"category","value":"${metadata.category.systemName}","expressionProperties":null,"propertyDescriptor":{"name":"category","displayName":null,"description":null,"defaultValue":null,"allowableValues":null,"required":null,"sensitive":null,"dynamic":null,"supportsEl":null,"identifiesControllerService":null},"templateValue":"${metadata.category.systemName}","userEditable":false,"renderType":"text","renderOptions":{},"selected":true,"inputProperty":false,"containsConfigurationVariables":false,"sensitive":false,"required":false,"templateProperty":null,"nameKey":"NiFi Flow-Initialize Feed Parameters-category","idKey":"be968c78-0160-1000-53f9-d22aa97c2743-4494d71f-4100-340c-981c-84dd8a6540ee-category","processorNameTypeKey":"Initialize Feed Parameters-org.apache.nifi.processors.attributes.UpdateAttribute-category"},{"processGroupName":"NiFi Flow","processorName":"Initialize Feed Parameters","processorId":"4494d71f-4100-340c-981c-84dd8a6540ee","processGroupId":"be968c78-0160-1000-53f9-d22aa97c2743","processorType":"org.apache.nifi.processors.attributes.UpdateAttribute","key":"feed","value":"${metadata.systemFeedName}","expressionProperties":null,"propertyDescriptor":{"name":"feed","displayName":null,"description":null,"defaultValue":null,"allowableValues":null,"required":null,"sensitive":null,"dynamic":null,"supportsEl":null,"identifiesControllerService":null},"templateValue":"${metadata.systemFeedName}","userEditable":false,"renderType":"text","renderOptions":{},"selected":true,"inputProperty":false,"containsConfigurationVariables":false,"sensitive":false,"required":false,"templateProperty":null,"nameKey":"NiFi Flow-Initialize Feed Parameters-feed","idKey":"be968c78-0160-1000-53f9-d22aa97c2743-4494d71f-4100-340c-981c-84dd8a6540ee-feed","processorNameTypeKey":"Initialize Feed Parameters-org.apache.nifi.processors.attributes.UpdateAttribute-feed"},{"processGroupName":"NiFi Flow","processorName":"Initialize Feed Parameters","processorId":"4494d71f-4100-340c-981c-84dd8a6540ee","processGroupId":"be968c78-0160-1000-53f9-d22aa97c2743","processorType":"org.apache.nifi.processors.attributes.UpdateAttribute","key":"hdfs.archive.root","value":"${config.hdfs.archive.root}","expressionProperties":null,"propertyDescriptor":{"name":"hdfs.archive.root","displayName":"hdfs.archive.root","description":"","defaultValue":null,"allowableValues":null,"required":false,"sensitive":false,"dynamic":true,"supportsEl":true,"identifiesControllerService":null},"templateValue":"${config.hdfs.archive.root}","userEditable":false,"renderType":"text","renderOptions":{},"selected":true,"inputProperty":false,"containsConfigurationVariables":false,"sensitive":false,"required":false,"templateProperty":null,"nameKey":"NiFi Flow-Initialize Feed Parameters-hdfs.archive.root","idKey":"be968c78-0160-1000-53f9-d22aa97c2743-4494d71f-4100-340c-981c-84dd8a6540ee-hdfs.archive.root","processorNameTypeKey":"Initialize Feed Parameters-org.apache.nifi.processors.attributes.UpdateAttribute-hdfs.archive.root"},{"processGroupName":"NiFi Flow","processorName":"Initialize Feed Parameters","processorId":"4494d71f-4100-340c-981c-84dd8a6540ee","processGroupId":"be968c78-0160-1000-53f9-d22aa97c2743","processorType":"org.apache.nifi.processors.attributes.UpdateAttribute","key":"hdfs.ingest.root","value":"${config.hdfs.ingest.root}","expressionProperties":null,"propertyDescriptor":{"name":"hdfs.ingest.root","displayName":null,"description":null,"defaultValue":null,"allowableValues":null,"required":null,"sensitive":null,"dynamic":null,"supportsEl":null,"identifiesControllerService":null},"templateValue":"${config.hdfs.ingest.root}","userEditable":false,"renderType":"text","renderOptions":{},"selected":true,"inputProperty":false,"containsConfigurationVariables":false,"sensitive":false,"required":false,"templateProperty":null,"nameKey":"NiFi Flow-Initialize Feed Parameters-hdfs.ingest.root","idKey":"be968c78-0160-1000-53f9-d22aa97c2743-4494d71f-4100-340c-981c-84dd8a6540ee-hdfs.ingest.root","processorNameTypeKey":"Initialize Feed Parameters-org.apache.nifi.processors.attributes.UpdateAttribute-hdfs.ingest.root"},{"processGroupName":"NiFi Flow","processorName":"Initialize Feed Parameters","processorId":"4494d71f-4100-340c-981c-84dd8a6540ee","processGroupId":"be968c78-0160-1000-53f9-d22aa97c2743","processorType":"org.apache.nifi.processors.attributes.UpdateAttribute","key":"hive.ingest.root","value":"${config.hive.ingest.root}","expressionProperties":null,"propertyDescriptor":{"name":"hive.ingest.root","displayName":null,"description":null,"defaultValue":null,"allowableValues":null,"required":null,"sensitive":null,"dynamic":null,"supportsEl":null,"identifiesControllerService":null},"templateValue":"${config.hive.ingest.root}","userEditable":false,"renderType":"text","renderOptions":{},"selected":true,"inputProperty":false,"containsConfigurationVariables":false,"sensitive":false,"required":false,"templateProperty":null,"nameKey":"NiFi Flow-Initialize Feed Parameters-hive.ingest.root","idKey":"be968c78-0160-1000-53f9-d22aa97c2743-4494d71f-4100-340c-981c-84dd8a6540ee-hive.ingest.root","processorNameTypeKey":"Initialize Feed Parameters-org.apache.nifi.processors.attributes.UpdateAttribute-hive.ingest.root"},{"processGroupName":"NiFi Flow","processorName":"Initialize Feed Parameters","processorId":"4494d71f-4100-340c-981c-84dd8a6540ee","processGroupId":"be968c78-0160-1000-53f9-d22aa97c2743","processorType":"org.apache.nifi.processors.attributes.UpdateAttribute","key":"hive.master.root","value":"${config.hive.master.root}","expressionProperties":null,"propertyDescriptor":{"name":"hive.master.root","displayName":null,"description":null,"defaultValue":null,"allowableValues":null,"required":null,"sensitive":null,"dynamic":null,"supportsEl":null,"identifiesControllerService":null},"templateValue":"${config.hive.master.root}","userEditable":false,"renderType":"text","renderOptions":{},"selected":true,"inputProperty":false,"containsConfigurationVariables":false,"sensitive":false,"required":false,"templateProperty":null,"nameKey":"NiFi Flow-Initialize Feed Parameters-hive.master.root","idKey":"be968c78-0160-1000-53f9-d22aa97c2743-4494d71f-4100-340c-981c-84dd8a6540ee-hive.master.root","processorNameTypeKey":"Initialize Feed Parameters-org.apache.nifi.processors.attributes.UpdateAttribute-hive.master.root"},{"processGroupName":"NiFi Flow","processorName":"Initialize Feed Parameters","processorId":"4494d71f-4100-340c-981c-84dd8a6540ee","processGroupId":"be968c78-0160-1000-53f9-d22aa97c2743","processorType":"org.apache.nifi.processors.attributes.UpdateAttribute","key":"hive.profile.root","value":"${config.hive.profile.root}","expressionProperties":null,"propertyDescriptor":{"name":"hive.profile.root","displayName":null,"description":null,"defaultValue":null,"allowableValues":null,"required":null,"sensitive":null,"dynamic":null,"supportsEl":null,"identifiesControllerService":null},"templateValue":"${config.hive.profile.root}","userEditable":false,"renderType":"text","renderOptions":{},"selected":true,"inputProperty":false,"containsConfigurationVariables":false,"sensitive":false,"required":false,"templateProperty":null,"nameKey":"NiFi Flow-Initialize Feed Parameters-hive.profile.root","idKey":"be968c78-0160-1000-53f9-d22aa97c2743-4494d71f-4100-340c-981c-84dd8a6540ee-hive.profile.root","processorNameTypeKey":"Initialize Feed Parameters-org.apache.nifi.processors.attributes.UpdateAttribute-hive.profile.root"},{"processGroupName":"NiFi Flow","processorName":"Initialize Feed Parameters","processorId":"4494d71f-4100-340c-981c-84dd8a6540ee","processGroupId":"be968c78-0160-1000-53f9-d22aa97c2743","processorType":"org.apache.nifi.processors.attributes.UpdateAttribute","key":"metadata.table.feedFieldStructure","value":"${metadata.table.feedFieldStructure}","expressionProperties":null,"propertyDescriptor":{"name":"metadata.table.feedFieldStructure","displayName":null,"description":null,"defaultValue":null,"allowableValues":null,"required":null,"sensitive":null,"dynamic":null,"supportsEl":null,"identifiesControllerService":null},"templateValue":"${metadata.table.feedFieldStructure}","userEditable":false,"renderType":"text","renderOptions":{},"selected":true,"inputProperty":false,"containsConfigurationVariables":false,"sensitive":false,"required":false,"templateProperty":null,"nameKey":"NiFi Flow-Initialize Feed Parameters-metadata.table.feedFieldStructure","idKey":"be968c78-0160-1000-53f9-d22aa97c2743-4494d71f-4100-340c-981c-84dd8a6540ee-metadata.table.feedFieldStructure","processorNameTypeKey":"Initialize Feed Parameters-org.apache.nifi.processors.attributes.UpdateAttribute-metadata.table.feedFieldStructure"},{"processGroupName":"NiFi Flow","processorName":"Initialize Feed Parameters","processorId":"4494d71f-4100-340c-981c-84dd8a6540ee","processGroupId":"be968c78-0160-1000-53f9-d22aa97c2743","processorType":"org.apache.nifi.processors.attributes.UpdateAttribute","key":"metadata.table.feedFormat","value":"${metadata.table.feedFormat}","expressionProperties":null,"propertyDescriptor":{"name":"metadata.table.feedFormat","displayName":null,"description":null,"defaultValue":null,"allowableValues":null,"required":null,"sensitive":null,"dynamic":null,"supportsEl":null,"identifiesControllerService":null},"templateValue":"${metadata.table.feedFormat}","userEditable":false,"renderType":"text","renderOptions":{},"selected":true,"inputProperty":false,"containsConfigurationVariables":false,"sensitive":false,"required":false,"templateProperty":null,"nameKey":"NiFi Flow-Initialize Feed Parameters-metadata.table.feedFormat","idKey":"be968c78-0160-1000-53f9-d22aa97c2743-4494d71f-4100-340c-981c-84dd8a6540ee-metadata.table.feedFormat","processorNameTypeKey":"Initialize Feed Parameters-org.apache.nifi.processors.attributes.UpdateAttribute-metadata.table.feedFormat"},{"processGroupName":"NiFi Flow","processorName":"Initialize Feed Parameters","processorId":"4494d71f-4100-340c-981c-84dd8a6540ee","processGroupId":"be968c78-0160-1000-53f9-d22aa97c2743","processorType":"org.apache.nifi.processors.attributes.UpdateAttribute","key":"metadata.table.fieldIndexString","value":"${metadata.table.fieldIndexString}","expressionProperties":null,"propertyDescriptor":{"name":"metadata.table.fieldIndexString","displayName":null,"description":null,"defaultValue":null,"allowableValues":null,"required":null,"sensitive":null,"dynamic":null,"supportsEl":null,"identifiesControllerService":null},"templateValue":"${metadata.table.fieldIndexString}","userEditable":false,"renderType":"text","renderOptions":{},"selected":true,"inputProperty":false,"containsConfigurationVariables":false,"sensitive":false,"required":false,"templateProperty":null,"nameKey":"NiFi Flow-Initialize Feed Parameters-metadata.table.fieldIndexString","idKey":"be968c78-0160-1000-53f9-d22aa97c2743-4494d71f-4100-340c-981c-84dd8a6540ee-metadata.table.fieldIndexString","processorNameTypeKey":"Initialize Feed Parameters-org.apache.nifi.processors.attributes.UpdateAttribute-metadata.table.fieldIndexString"},{"processGroupName":"NiFi Flow","processorName":"Initialize Feed Parameters","processorId":"4494d71f-4100-340c-981c-84dd8a6540ee","processGroupId":"be968c78-0160-1000-53f9-d22aa97c2743","processorType":"org.apache.nifi.processors.attributes.UpdateAttribute","key":"metadata.table.fieldPoliciesJson","value":"${metadata.table.fieldPoliciesJson}","expressionProperties":null,"propertyDescriptor":{"name":"metadata.table.fieldPoliciesJson","displayName":null,"description":null,"defaultValue":null,"allowableValues":null,"required":null,"sensitive":null,"dynamic":null,"supportsEl":null,"identifiesControllerService":null},"templateValue":"${metadata.table.fieldPoliciesJson}","userEditable":false,"renderType":"text","renderOptions":{},"selected":true,"inputProperty":false,"containsConfigurationVariables":false,"sensitive":false,"required":false,"templateProperty":null,"nameKey":"NiFi Flow-Initialize Feed Parameters-metadata.table.fieldPoliciesJson","idKey":"be968c78-0160-1000-53f9-d22aa97c2743-4494d71f-4100-340c-981c-84dd8a6540ee-metadata.table.fieldPoliciesJson","processorNameTypeKey":"Initialize Feed Parameters-org.apache.nifi.processors.attributes.UpdateAttribute-metadata.table.fieldPoliciesJson"},{"processGroupName":"NiFi Flow","processorName":"Initialize Feed Parameters","processorId":"4494d71f-4100-340c-981c-84dd8a6540ee","processGroupId":"be968c78-0160-1000-53f9-d22aa97c2743","processorType":"org.apache.nifi.processors.attributes.UpdateAttribute","key":"metadata.table.fieldStructure","value":"${metadata.table.fieldStructure}","expressionProperties":null,"propertyDescriptor":{"name":"metadata.table.fieldStructure","displayName":null,"description":null,"defaultValue":null,"allowableValues":null,"required":null,"sensitive":null,"dynamic":null,"supportsEl":null,"identifiesControllerService":null},"templateValue":"${metadata.table.fieldStructure}","userEditable":false,"renderType":"text","renderOptions":{},"selected":true,"inputProperty":false,"containsConfigurationVariables":false,"sensitive":false,"required":false,"templateProperty":null,"nameKey":"NiFi Flow-Initialize Feed Parameters-metadata.table.fieldStructure","idKey":"be968c78-0160-1000-53f9-d22aa97c2743-4494d71f-4100-340c-981c-84dd8a6540ee-metadata.table.fieldStructure","processorNameTypeKey":"Initialize Feed Parameters-org.apache.nifi.processors.attributes.UpdateAttribute-metadata.table.fieldStructure"},{"processGroupName":"NiFi Flow","processorName":"Initialize Feed Parameters","processorId":"4494d71f-4100-340c-981c-84dd8a6540ee","processGroupId":"be968c78-0160-1000-53f9-d22aa97c2743","processorType":"org.apache.nifi.processors.attributes.UpdateAttribute","key":"metadata.table.partitionSpecs","value":"${metadata.table.partitionSpecs}","expressionProperties":null,"propertyDescriptor":{"name":"metadata.table.partitionSpecs","displayName":null,"description":null,"defaultValue":null,"allowableValues":null,"required":null,"sensitive":null,"dynamic":null,"supportsEl":null,"identifiesControllerService":null},"templateValue":"${metadata.table.partitionSpecs}","userEditable":false,"renderType":"text","renderOptions":{},"selected":true,"inputProperty":false,"containsConfigurationVariables":false,"sensitive":false,"required":false,"templateProperty":null,"nameKey":"NiFi Flow-Initialize Feed Parameters-metadata.table.partitionSpecs","idKey":"be968c78-0160-1000-53f9-d22aa97c2743-4494d71f-4100-340c-981c-84dd8a6540ee-metadata.table.partitionSpecs","processorNameTypeKey":"Initialize Feed Parameters-org.apache.nifi.processors.attributes.UpdateAttribute-metadata.table.partitionSpecs"},{"processGroupName":"NiFi Flow","processorName":"Initialize Feed Parameters","processorId":"4494d71f-4100-340c-981c-84dd8a6540ee","processGroupId":"be968c78-0160-1000-53f9-d22aa97c2743","processorType":"org.apache.nifi.processors.attributes.UpdateAttribute","key":"metadata.table.partitionStructure","value":"${metadata.table.partitionStructure}","expressionProperties":null,"propertyDescriptor":{"name":"metadata.table.partitionStructure","displayName":null,"description":null,"defaultValue":null,"allowableValues":null,"required":null,"sensitive":null,"dynamic":null,"supportsEl":null,"identifiesControllerService":null},"templateValue":"${metadata.table.partitionStructure}","userEditable":false,"renderType":"text","renderOptions":{},"selected":true,"inputProperty":false,"containsConfigurationVariables":false,"sensitive":false,"required":false,"templateProperty":null,"nameKey":"NiFi Flow-Initialize Feed Parameters-metadata.table.partitionStructure","idKey":"be968c78-0160-1000-53f9-d22aa97c2743-4494d71f-4100-340c-981c-84dd8a6540ee-metadata.table.partitionStructure","processorNameTypeKey":"Initialize Feed Parameters-org.apache.nifi.processors.attributes.UpdateAttribute-metadata.table.partitionStructure"},{"processGroupName":"NiFi Flow","processorName":"Initialize Feed Parameters","processorId":"4494d71f-4100-340c-981c-84dd8a6540ee","processGroupId":"be968c78-0160-1000-53f9-d22aa97c2743","processorType":"org.apache.nifi.processors.attributes.UpdateAttribute","key":"metadata.table.targetFormat","value":"${metadata.table.targetFormat}","expressionProperties":null,"propertyDescriptor":{"name":"metadata.table.targetFormat","displayName":null,"description":null,"defaultValue":null,"allowableValues":null,"required":null,"sensitive":null,"dynamic":null,"supportsEl":null,"identifiesControllerService":null},"templateValue":"${metadata.table.targetFormat}","userEditable":false,"renderType":"text","renderOptions":{},"selected":true,"inputProperty":false,"containsConfigurationVariables":false,"sensitive":false,"required":false,"templateProperty":null,"nameKey":"NiFi Flow-Initialize Feed Parameters-metadata.table.targetFormat","idKey":"be968c78-0160-1000-53f9-d22aa97c2743-4494d71f-4100-340c-981c-84dd8a6540ee-metadata.table.targetFormat","processorNameTypeKey":"Initialize Feed Parameters-org.apache.nifi.processors.attributes.UpdateAttribute-metadata.table.targetFormat"},{"processGroupName":"NiFi Flow","processorName":"Initialize Feed Parameters","processorId":"4494d71f-4100-340c-981c-84dd8a6540ee","processGroupId":"be968c78-0160-1000-53f9-d22aa97c2743","processorType":"org.apache.nifi.processors.attributes.UpdateAttribute","key":"metadata.table.targetMergeStrategy","value":"${metadata.table.targetMergeStrategy}","expressionProperties":null,"propertyDescriptor":{"name":"metadata.table.targetMergeStrategy","displayName":null,"description":null,"defaultValue":null,"allowableValues":null,"required":null,"sensitive":null,"dynamic":null,"supportsEl":null,"identifiesControllerService":null},"templateValue":"${metadata.table.targetMergeStrategy}","userEditable":false,"renderType":"text","renderOptions":{},"selected":true,"inputProperty":false,"containsConfigurationVariables":false,"sensitive":false,"required":false,"templateProperty":null,"nameKey":"NiFi Flow-Initialize Feed Parameters-metadata.table.targetMergeStrategy","idKey":"be968c78-0160-1000-53f9-d22aa97c2743-4494d71f-4100-340c-981c-84dd8a6540ee-metadata.table.targetMergeStrategy","processorNameTypeKey":"Initialize Feed Parameters-org.apache.nifi.processors.attributes.UpdateAttribute-metadata.table.targetMergeStrategy"},{"processGroupName":"NiFi Flow","processorName":"Initialize Feed Parameters","processorId":"4494d71f-4100-340c-981c-84dd8a6540ee","processGroupId":"be968c78-0160-1000-53f9-d22aa97c2743","processorType":"org.apache.nifi.processors.attributes.UpdateAttribute","key":"metadata.table.targetTblProperties","value":"${metadata.table.targetTblProperties}","expressionProperties":null,"propertyDescriptor":{"name":"metadata.table.targetTblProperties","displayName":null,"description":null,"defaultValue":null,"allowableValues":null,"required":null,"sensitive":null,"dynamic":null,"supportsEl":null,"identifiesControllerService":null},"templateValue":"${metadata.table.targetTblProperties}","userEditable":false,"renderType":"text","renderOptions":{},"selected":true,"inputProperty":false,"containsConfigurationVariables":false,"sensitive":false,"required":false,"templateProperty":null,"nameKey":"NiFi Flow-Initialize Feed Parameters-metadata.table.targetTblProperties","idKey":"be968c78-0160-1000-53f9-d22aa97c2743-4494d71f-4100-340c-981c-84dd8a6540ee-metadata.table.targetTblProperties","processorNameTypeKey":"Initialize Feed Parameters-org.apache.nifi.processors.attributes.UpdateAttribute-metadata.table.targetTblProperties"},{"processGroupName":"NiFi Flow","processorName":"Initialize Feed Parameters","processorId":"4494d71f-4100-340c-981c-84dd8a6540ee","processGroupId":"be968c78-0160-1000-53f9-d22aa97c2743","processorType":"org.apache.nifi.processors.attributes.UpdateAttribute","key":"nifi.home","value":"${config.nifi.home}","expressionProperties":null,"propertyDescriptor":{"name":"nifi.home","displayName":"nifi.home","description":"","defaultValue":null,"allowableValues":null,"required":false,"sensitive":false,"dynamic":true,"supportsEl":true,"identifiesControllerService":null},"templateValue":"${config.nifi.home}","userEditable":false,"renderType":"text","renderOptions":{},"selected":true,"inputProperty":false,"containsConfigurationVariables":false,"sensitive":false,"required":false,"templateProperty":null,"nameKey":"NiFi Flow-Initialize Feed Parameters-nifi.home","idKey":"be968c78-0160-1000-53f9-d22aa97c2743-4494d71f-4100-340c-981c-84dd8a6540ee-nifi.home","processorNameTypeKey":"Initialize Feed Parameters-org.apache.nifi.processors.attributes.UpdateAttribute-nifi.home"},{"processGroupName":"NiFi Flow","processorName":"Initialize Feed Parameters","processorId":"4494d71f-4100-340c-981c-84dd8a6540ee","processGroupId":"be968c78-0160-1000-53f9-d22aa97c2743","processorType":"org.apache.nifi.processors.attributes.UpdateAttribute","key":"skipHeader","value":"${metadata.options.skipHeader}","expressionProperties":null,"propertyDescriptor":{"name":"skipHeader","displayName":null,"description":null,"defaultValue":null,"allowableValues":null,"required":null,"sensitive":null,"dynamic":null,"supportsEl":null,"identifiesControllerService":null},"templateValue":"${metadata.options.skipHeader}","userEditable":false,"renderType":"text","renderOptions":{},"selected":true,"inputProperty":false,"containsConfigurationVariables":false,"sensitive":false,"required":false,"templateProperty":null,"nameKey":"NiFi Flow-Initialize Feed Parameters-skipHeader","idKey":"be968c78-0160-1000-53f9-d22aa97c2743-4494d71f-4100-340c-981c-84dd8a6540ee-skipHeader","processorNameTypeKey":"Initialize Feed Parameters-org.apache.nifi.processors.attributes.UpdateAttribute-skipHeader"},{"processGroupName":"NiFi Flow","processorName":"No Data - Release Highwater Mark","processorId":"a3aef5a8-c632-3065-153a-69934d878112","processGroupId":"be968c78-0160-1000-53f9-d22aa97c2743","processorType":"com.thinkbiganalytics.nifi.v2.core.watermark.ReleaseHighWaterMark","key":"System feed category","value":"${metadata.category.systemName}","expressionProperties":null,"propertyDescriptor":{"name":"System feed category","displayName":null,"description":null,"defaultValue":null,"allowableValues":null,"required":null,"sensitive":null,"dynamic":null,"supportsEl":null,"identifiesControllerService":null},"templateValue":"${metadata.category.systemName}","userEditable":false,"renderType":"text","renderOptions":{},"selected":true,"inputProperty":false,"containsConfigurationVariables":false,"sensitive":false,"required":false,"templateProperty":null,"nameKey":"NiFi Flow-No Data - Release Highwater Mark-System feed category","idKey":"be968c78-0160-1000-53f9-d22aa97c2743-a3aef5a8-c632-3065-153a-69934d878112-System feed category","processorNameTypeKey":"No Data - Release Highwater Mark-com.thinkbiganalytics.nifi.v2.core.watermark.ReleaseHighWaterMark-System feed category"},{"processGroupName":"NiFi Flow","processorName":"No Data - Release Highwater Mark","processorId":"a3aef5a8-c632-3065-153a-69934d878112","processGroupId":"be968c78-0160-1000-53f9-d22aa97c2743","processorType":"com.thinkbiganalytics.nifi.v2.core.watermark.ReleaseHighWaterMark","key":"System feed name","value":"${metadata.systemFeedName}","expressionProperties":null,"propertyDescriptor":{"name":"System feed name","displayName":null,"description":null,"defaultValue":null,"allowableValues":null,"required":null,"sensitive":null,"dynamic":null,"supportsEl":null,"identifiesControllerService":null},"templateValue":"${metadata.systemFeedName}","userEditable":false,"renderType":"text","renderOptions":{},"selected":true,"inputProperty":false,"containsConfigurationVariables":false,"sensitive":false,"required":false,"templateProperty":null,"nameKey":"NiFi Flow-No Data - Release Highwater Mark-System feed name","idKey":"be968c78-0160-1000-53f9-d22aa97c2743-a3aef5a8-c632-3065-153a-69934d878112-System feed name","processorNameTypeKey":"No Data - Release Highwater Mark-com.thinkbiganalytics.nifi.v2.core.watermark.ReleaseHighWaterMark-System feed name"}],"nonInputProcessors":[{"properties":[{"processGroupName":"NiFi Flow","processorName":"No Data - Release Highwater Mark","processorId":"a3aef5a8-c632-3065-153a-69934d878112","processGroupId":"be968c78-0160-1000-53f9-d22aa97c2743","processorType":"com.thinkbiganalytics.nifi.v2.core.watermark.ReleaseHighWaterMark","key":"System feed category","value":"${metadata.category.systemName}","expressionProperties":null,"propertyDescriptor":{"name":"System feed category","displayName":null,"description":null,"defaultValue":null,"allowableValues":null,"required":null,"sensitive":null,"dynamic":null,"supportsEl":null,"identifiesControllerService":null},"templateValue":"${metadata.category.systemName}","userEditable":false,"renderType":"text","renderOptions":{},"selected":true,"inputProperty":false,"containsConfigurationVariables":false,"sensitive":false,"required":false,"templateProperty":null,"nameKey":"NiFi Flow-No Data - Release Highwater Mark-System feed category","idKey":"be968c78-0160-1000-53f9-d22aa97c2743-a3aef5a8-c632-3065-153a-69934d878112-System feed category","processorNameTypeKey":"No Data - Release Highwater Mark-com.thinkbiganalytics.nifi.v2.core.watermark.ReleaseHighWaterMark-System feed category"},{"processGroupName":"NiFi Flow","processorName":"No Data - Release Highwater Mark","processorId":"a3aef5a8-c632-3065-153a-69934d878112","processGroupId":"be968c78-0160-1000-53f9-d22aa97c2743","processorType":"com.thinkbiganalytics.nifi.v2.core.watermark.ReleaseHighWaterMark","key":"System feed name","value":"${metadata.systemFeedName}","expressionProperties":null,"propertyDescriptor":{"name":"System feed name","displayName":null,"description":null,"defaultValue":null,"allowableValues":null,"required":null,"sensitive":null,"dynamic":null,"supportsEl":null,"identifiesControllerService":null},"templateValue":"${metadata.systemFeedName}","userEditable":false,"renderType":"text","renderOptions":{},"selected":true,"inputProperty":false,"containsConfigurationVariables":false,"sensitive":false,"required":false,"templateProperty":null,"nameKey":"NiFi Flow-No Data - Release Highwater Mark-System feed name","idKey":"be968c78-0160-1000-53f9-d22aa97c2743-a3aef5a8-c632-3065-153a-69934d878112-System feed name","processorNameTypeKey":"No Data - Release Highwater Mark-com.thinkbiganalytics.nifi.v2.core.watermark.ReleaseHighWaterMark-System feed name"}],"type":"com.thinkbiganalytics.nifi.v2.core.watermark.ReleaseHighWaterMark","name":"No Data - Release Highwater Mark","id":"a3aef5a8-c632-3065-153a-69934d878112","groupName":"NiFi Flow","groupId":"be968c78-0160-1000-53f9-d22aa97c2743","inputProcessor":false,"userDefinedInputProcessor":false},{"properties":[{"processGroupName":"NiFi Flow","processorName":"Failed - Release Highwater Mark","processorId":"1fcc382e-e340-30a8-12f5-9d904ad7a028","processGroupId":"be968c78-0160-1000-53f9-d22aa97c2743","processorType":"com.thinkbiganalytics.nifi.v2.core.watermark.ReleaseHighWaterMark","key":"System feed category","value":"${metadata.category.systemName}","expressionProperties":null,"propertyDescriptor":{"name":"System feed category","displayName":null,"description":null,"defaultValue":null,"allowableValues":null,"required":null,"sensitive":null,"dynamic":null,"supportsEl":null,"identifiesControllerService":null},"templateValue":"${metadata.category.systemName}","userEditable":false,"renderType":"text","renderOptions":{},"selected":true,"inputProperty":false,"containsConfigurationVariables":false,"sensitive":false,"required":false,"templateProperty":null,"nameKey":"NiFi Flow-Failed - Release Highwater Mark-System feed category","idKey":"be968c78-0160-1000-53f9-d22aa97c2743-1fcc382e-e340-30a8-12f5-9d904ad7a028-System feed category","processorNameTypeKey":"Failed - Release Highwater Mark-com.thinkbiganalytics.nifi.v2.core.watermark.ReleaseHighWaterMark-System feed category"},{"processGroupName":"NiFi Flow","processorName":"Failed - Release Highwater Mark","processorId":"1fcc382e-e340-30a8-12f5-9d904ad7a028","processGroupId":"be968c78-0160-1000-53f9-d22aa97c2743","processorType":"com.thinkbiganalytics.nifi.v2.core.watermark.ReleaseHighWaterMark","key":"System feed name","value":"${metadata.systemFeedName}","expressionProperties":null,"propertyDescriptor":{"name":"System feed name","displayName":null,"description":null,"defaultValue":null,"allowableValues":null,"required":null,"sensitive":null,"dynamic":null,"supportsEl":null,"identifiesControllerService":null},"templateValue":"${metadata.systemFeedName}","userEditable":false,"renderType":"text","renderOptions":{},"selected":true,"inputProperty":false,"containsConfigurationVariables":false,"sensitive":false,"required":false,"templateProperty":null,"nameKey":"NiFi Flow-Failed - Release Highwater Mark-System feed name","idKey":"be968c78-0160-1000-53f9-d22aa97c2743-1fcc382e-e340-30a8-12f5-9d904ad7a028-System feed name","processorNameTypeKey":"Failed - Release Highwater Mark-com.thinkbiganalytics.nifi.v2.core.watermark.ReleaseHighWaterMark-System feed name"}],"type":"com.thinkbiganalytics.nifi.v2.core.watermark.ReleaseHighWaterMark","name":"Failed - Release Highwater Mark","id":"1fcc382e-e340-30a8-12f5-9d904ad7a028","groupName":"NiFi Flow","groupId":"be968c78-0160-1000-53f9-d22aa97c2743","inputProcessor":false,"userDefinedInputProcessor":false},{"properties":[{"processGroupName":"NiFi Flow","processorName":"Fetch RDBMS Data","processorId":"6c3efa39-e7cd-3edc-9b0d-abd1dab7c007","processGroupId":"be968c78-0160-1000-53f9-d22aa97c2743","processorType":"com.thinkbiganalytics.nifi.v2.ingest.GetTableData","key":"Date Field","value":null,"expressionProperties":null,"propertyDescriptor":{"name":"Date Field","displayName":null,"description":null,"defaultValue":null,"allowableValues":null,"required":null,"sensitive":null,"dynamic":null,"supportsEl":null,"identifiesControllerService":null},"templateValue":null,"userEditable":true,"renderType":"text","renderOptions":{},"selected":true,"inputProperty":false,"containsConfigurationVariables":false,"sensitive":false,"required":false,"templateProperty":null,"nameKey":"NiFi Flow-Fetch RDBMS Data-Date Field","idKey":"be968c78-0160-1000-53f9-d22aa97c2743-6c3efa39-e7cd-3edc-9b0d-abd1dab7c007-Date Field","processorNameTypeKey":"Fetch RDBMS Data-com.thinkbiganalytics.nifi.v2.ingest.GetTableData-Date Field"},{"processGroupName":"NiFi Flow","processorName":"Fetch RDBMS Data","processorId":"6c3efa39-e7cd-3edc-9b0d-abd1dab7c007","processGroupId":"be968c78-0160-1000-53f9-d22aa97c2743","processorType":"com.thinkbiganalytics.nifi.v2.ingest.GetTableData","key":"Load Strategy","value":"FULL_LOAD","expressionProperties":null,"propertyDescriptor":{"name":"Load Strategy","displayName":null,"description":null,"defaultValue":null,"allowableValues":null,"required":null,"sensitive":null,"dynamic":null,"supportsEl":null,"identifiesControllerService":null},"templateValue":"FULL_LOAD","userEditable":true,"renderType":"text","renderOptions":{},"selected":true,"inputProperty":false,"containsConfigurationVariables":false,"sensitive":false,"required":false,"templateProperty":null,"nameKey":"NiFi Flow-Fetch RDBMS Data-Load Strategy","idKey":"be968c78-0160-1000-53f9-d22aa97c2743-6c3efa39-e7cd-3edc-9b0d-abd1dab7c007-Load Strategy","processorNameTypeKey":"Fetch RDBMS Data-com.thinkbiganalytics.nifi.v2.ingest.GetTableData-Load Strategy"},{"processGroupName":"NiFi Flow","processorName":"Fetch RDBMS Data","processorId":"6c3efa39-e7cd-3edc-9b0d-abd1dab7c007","processGroupId":"be968c78-0160-1000-53f9-d22aa97c2743","processorType":"com.thinkbiganalytics.nifi.v2.ingest.GetTableData","key":"Output Type","value":"DELIMITED","expressionProperties":null,"propertyDescriptor":{"name":"Output Type","displayName":"Output Type","description":"How should the results be returned.  Either a Delimited output such as CSV, or AVRO.  If delimited you must specify the delimiter.","defaultValue":"DELIMITED","allowableValues":[{"displayName":"DELIMITED","value":"DELIMITED","description":null},{"displayName":"AVRO","value":"AVRO","description":null}],"required":true,"sensitive":false,"dynamic":false,"supportsEl":false,"identifiesControllerService":null},"templateValue":"DELIMITED","userEditable":true,"renderType":"select","renderOptions":{},"selected":true,"inputProperty":false,"containsConfigurationVariables":false,"sensitive":false,"required":true,"templateProperty":null,"nameKey":"NiFi Flow-Fetch RDBMS Data-Output Type","idKey":"be968c78-0160-1000-53f9-d22aa97c2743-6c3efa39-e7cd-3edc-9b0d-abd1dab7c007-Output Type","processorNameTypeKey":"Fetch RDBMS Data-com.thinkbiganalytics.nifi.v2.ingest.GetTableData-Output Type"},{"processGroupName":"NiFi Flow","processorName":"Fetch RDBMS Data","processorId":"6c3efa39-e7cd-3edc-9b0d-abd1dab7c007","processGroupId":"be968c78-0160-1000-53f9-d22aa97c2743","processorType":"com.thinkbiganalytics.nifi.v2.ingest.GetTableData","key":"Source Database Connection","value":"","expressionProperties":null,"propertyDescriptor":{"name":"Source Database Connection","displayName":null,"description":null,"defaultValue":null,"allowableValues":[{"displayName":"MySQL","value":"50942031-015c-1000-0913-337b85b5e243","description":null}],"required":null,"sensitive":null,"dynamic":null,"supportsEl":null,"identifiesControllerService":"org.apache.nifi.dbcp.DBCPService"},"templateValue":"","userEditable":true,"renderType":"select","renderOptions":{},"selected":true,"inputProperty":false,"containsConfigurationVariables":false,"sensitive":false,"required":false,"templateProperty":null,"nameKey":"NiFi Flow-Fetch RDBMS Data-Source Database Connection","idKey":"be968c78-0160-1000-53f9-d22aa97c2743-6c3efa39-e7cd-3edc-9b0d-abd1dab7c007-Source Database Connection","processorNameTypeKey":"Fetch RDBMS Data-com.thinkbiganalytics.nifi.v2.ingest.GetTableData-Source Database Connection"},{"processGroupName":"NiFi Flow","processorName":"Fetch RDBMS Data","processorId":"6c3efa39-e7cd-3edc-9b0d-abd1dab7c007","processGroupId":"be968c78-0160-1000-53f9-d22aa97c2743","processorType":"com.thinkbiganalytics.nifi.v2.ingest.GetTableData","key":"Source Fields","value":"${metadata.table.sourceFields}","expressionProperties":null,"propertyDescriptor":{"name":"Source Fields","displayName":null,"description":null,"defaultValue":null,"allowableValues":null,"required":null,"sensitive":null,"dynamic":null,"supportsEl":null,"identifiesControllerService":null},"templateValue":"${metadata.table.sourceFields}","userEditable":false,"renderType":"text","renderOptions":{},"selected":true,"inputProperty":false,"containsConfigurationVariables":false,"sensitive":false,"required":false,"templateProperty":null,"nameKey":"NiFi Flow-Fetch RDBMS Data-Source Fields","idKey":"be968c78-0160-1000-53f9-d22aa97c2743-6c3efa39-e7cd-3edc-9b0d-abd1dab7c007-Source Fields","processorNameTypeKey":"Fetch RDBMS Data-com.thinkbiganalytics.nifi.v2.ingest.GetTableData-Source Fields"},{"processGroupName":"NiFi Flow","processorName":"Fetch RDBMS Data","processorId":"6c3efa39-e7cd-3edc-9b0d-abd1dab7c007","processGroupId":"be968c78-0160-1000-53f9-d22aa97c2743","processorType":"com.thinkbiganalytics.nifi.v2.ingest.GetTableData","key":"Source Table","value":"${metadata.table.sourceTableSchema.name}","expressionProperties":null,"propertyDescriptor":{"name":"Source Table","displayName":null,"description":null,"defaultValue":null,"allowableValues":null,"required":null,"sensitive":null,"dynamic":null,"supportsEl":null,"identifiesControllerService":null},"templateValue":"${metadata.table.sourceTableSchema.name}","userEditable":false,"renderType":"select","renderOptions":{},"selected":true,"inputProperty":false,"containsConfigurationVariables":false,"sensitive":false,"required":false,"templateProperty":null,"nameKey":"NiFi Flow-Fetch RDBMS Data-Source Table","idKey":"be968c78-0160-1000-53f9-d22aa97c2743-6c3efa39-e7cd-3edc-9b0d-abd1dab7c007-Source Table","processorNameTypeKey":"Fetch RDBMS Data-com.thinkbiganalytics.nifi.v2.ingest.GetTableData-Source Table"},{"processGroupName":"NiFi Flow","processorName":"Fetch RDBMS Data","processorId":"6c3efa39-e7cd-3edc-9b0d-abd1dab7c007","processGroupId":"be968c78-0160-1000-53f9-d22aa97c2743","processorType":"com.thinkbiganalytics.nifi.v2.ingest.GetTableData","key":"System feed category","value":"${metadata.category.systemName}","expressionProperties":null,"propertyDescriptor":{"name":"System feed category","displayName":null,"description":null,"defaultValue":null,"allowableValues":null,"required":null,"sensitive":null,"dynamic":null,"supportsEl":null,"identifiesControllerService":null},"templateValue":"${metadata.category.systemName}","userEditable":false,"renderType":"text","renderOptions":{},"selected":true,"inputProperty":false,"containsConfigurationVariables":false,"sensitive":false,"required":false,"templateProperty":null,"nameKey":"NiFi Flow-Fetch RDBMS Data-System feed category","idKey":"be968c78-0160-1000-53f9-d22aa97c2743-6c3efa39-e7cd-3edc-9b0d-abd1dab7c007-System feed category","processorNameTypeKey":"Fetch RDBMS Data-com.thinkbiganalytics.nifi.v2.ingest.GetTableData-System feed category"},{"processGroupName":"NiFi Flow","processorName":"Fetch RDBMS Data","processorId":"6c3efa39-e7cd-3edc-9b0d-abd1dab7c007","processGroupId":"be968c78-0160-1000-53f9-d22aa97c2743","processorType":"com.thinkbiganalytics.nifi.v2.ingest.GetTableData","key":"System feed name","value":"${metadata.systemFeedName}","expressionProperties":null,"propertyDescriptor":{"name":"System feed name","displayName":null,"description":null,"defaultValue":null,"allowableValues":null,"required":null,"sensitive":null,"dynamic":null,"supportsEl":null,"identifiesControllerService":null},"templateValue":"${metadata.systemFeedName}","userEditable":false,"renderType":"text","renderOptions":{},"selected":true,"inputProperty":false,"containsConfigurationVariables":false,"sensitive":false,"required":false,"templateProperty":null,"nameKey":"NiFi Flow-Fetch RDBMS Data-System feed name","idKey":"be968c78-0160-1000-53f9-d22aa97c2743-6c3efa39-e7cd-3edc-9b0d-abd1dab7c007-System feed name","processorNameTypeKey":"Fetch RDBMS Data-com.thinkbiganalytics.nifi.v2.ingest.GetTableData-System feed name"}],"type":"com.thinkbiganalytics.nifi.v2.ingest.GetTableData","name":"Fetch RDBMS Data","id":"6c3efa39-e7cd-3edc-9b0d-abd1dab7c007","groupName":"NiFi Flow","groupId":"be968c78-0160-1000-53f9-d22aa97c2743","inputProcessor":false,"userDefinedInputProcessor":false},{"properties":[{"processGroupName":"NiFi Flow","processorName":"Initialize Feed Parameters","processorId":"4494d71f-4100-340c-981c-84dd8a6540ee","processGroupId":"be968c78-0160-1000-53f9-d22aa97c2743","processorType":"org.apache.nifi.processors.attributes.UpdateAttribute","key":"category","value":"${metadata.category.systemName}","expressionProperties":null,"propertyDescriptor":{"name":"category","displayName":null,"description":null,"defaultValue":null,"allowableValues":null,"required":null,"sensitive":null,"dynamic":null,"supportsEl":null,"identifiesControllerService":null},"templateValue":"${metadata.category.systemName}","userEditable":false,"renderType":"text","renderOptions":{},"selected":true,"inputProperty":false,"containsConfigurationVariables":false,"sensitive":false,"required":false,"templateProperty":null,"nameKey":"NiFi Flow-Initialize Feed Parameters-category","idKey":"be968c78-0160-1000-53f9-d22aa97c2743-4494d71f-4100-340c-981c-84dd8a6540ee-category","processorNameTypeKey":"Initialize Feed Parameters-org.apache.nifi.processors.attributes.UpdateAttribute-category"},{"processGroupName":"NiFi Flow","processorName":"Initialize Feed Parameters","processorId":"4494d71f-4100-340c-981c-84dd8a6540ee","processGroupId":"be968c78-0160-1000-53f9-d22aa97c2743","processorType":"org.apache.nifi.processors.attributes.UpdateAttribute","key":"feed","value":"${metadata.systemFeedName}","expressionProperties":null,"propertyDescriptor":{"name":"feed","displayName":null,"description":null,"defaultValue":null,"allowableValues":null,"required":null,"sensitive":null,"dynamic":null,"supportsEl":null,"identifiesControllerService":null},"templateValue":"${metadata.systemFeedName}","userEditable":false,"renderType":"text","renderOptions":{},"selected":true,"inputProperty":false,"containsConfigurationVariables":false,"sensitive":false,"required":false,"templateProperty":null,"nameKey":"NiFi Flow-Initialize Feed Parameters-feed","idKey":"be968c78-0160-1000-53f9-d22aa97c2743-4494d71f-4100-340c-981c-84dd8a6540ee-feed","processorNameTypeKey":"Initialize Feed Parameters-org.apache.nifi.processors.attributes.UpdateAttribute-feed"},{"processGroupName":"NiFi Flow","processorName":"Initialize Feed Parameters","processorId":"4494d71f-4100-340c-981c-84dd8a6540ee","processGroupId":"be968c78-0160-1000-53f9-d22aa97c2743","processorType":"org.apache.nifi.processors.attributes.UpdateAttribute","key":"hdfs.archive.root","value":"${config.hdfs.archive.root}","expressionProperties":null,"propertyDescriptor":{"name":"hdfs.archive.root","displayName":"hdfs.archive.root","description":"","defaultValue":null,"allowableValues":null,"required":false,"sensitive":false,"dynamic":true,"supportsEl":true,"identifiesControllerService":null},"templateValue":"${config.hdfs.archive.root}","userEditable":false,"renderType":"text","renderOptions":{},"selected":true,"inputProperty":false,"containsConfigurationVariables":false,"sensitive":false,"required":false,"templateProperty":null,"nameKey":"NiFi Flow-Initialize Feed Parameters-hdfs.archive.root","idKey":"be968c78-0160-1000-53f9-d22aa97c2743-4494d71f-4100-340c-981c-84dd8a6540ee-hdfs.archive.root","processorNameTypeKey":"Initialize Feed Parameters-org.apache.nifi.processors.attributes.UpdateAttribute-hdfs.archive.root"},{"processGroupName":"NiFi Flow","processorName":"Initialize Feed Parameters","processorId":"4494d71f-4100-340c-981c-84dd8a6540ee","processGroupId":"be968c78-0160-1000-53f9-d22aa97c2743","processorType":"org.apache.nifi.processors.attributes.UpdateAttribute","key":"hdfs.ingest.root","value":"${config.hdfs.ingest.root}","expressionProperties":null,"propertyDescriptor":{"name":"hdfs.ingest.root","displayName":null,"description":null,"defaultValue":null,"allowableValues":null,"required":null,"sensitive":null,"dynamic":null,"supportsEl":null,"identifiesControllerService":null},"templateValue":"${config.hdfs.ingest.root}","userEditable":false,"renderType":"text","renderOptions":{},"selected":true,"inputProperty":false,"containsConfigurationVariables":false,"sensitive":false,"required":false,"templateProperty":null,"nameKey":"NiFi Flow-Initialize Feed Parameters-hdfs.ingest.root","idKey":"be968c78-0160-1000-53f9-d22aa97c2743-4494d71f-4100-340c-981c-84dd8a6540ee-hdfs.ingest.root","processorNameTypeKey":"Initialize Feed Parameters-org.apache.nifi.processors.attributes.UpdateAttribute-hdfs.ingest.root"},{"processGroupName":"NiFi Flow","processorName":"Initialize Feed Parameters","processorId":"4494d71f-4100-340c-981c-84dd8a6540ee","processGroupId":"be968c78-0160-1000-53f9-d22aa97c2743","processorType":"org.apache.nifi.processors.attributes.UpdateAttribute","key":"hive.ingest.root","value":"${config.hive.ingest.root}","expressionProperties":null,"propertyDescriptor":{"name":"hive.ingest.root","displayName":null,"description":null,"defaultValue":null,"allowableValues":null,"required":null,"sensitive":null,"dynamic":null,"supportsEl":null,"identifiesControllerService":null},"templateValue":"${config.hive.ingest.root}","userEditable":false,"renderType":"text","renderOptions":{},"selected":true,"inputProperty":false,"containsConfigurationVariables":false,"sensitive":false,"required":false,"templateProperty":null,"nameKey":"NiFi Flow-Initialize Feed Parameters-hive.ingest.root","idKey":"be968c78-0160-1000-53f9-d22aa97c2743-4494d71f-4100-340c-981c-84dd8a6540ee-hive.ingest.root","processorNameTypeKey":"Initialize Feed Parameters-org.apache.nifi.processors.attributes.UpdateAttribute-hive.ingest.root"},{"processGroupName":"NiFi Flow","processorName":"Initialize Feed Parameters","processorId":"4494d71f-4100-340c-981c-84dd8a6540ee","processGroupId":"be968c78-0160-1000-53f9-d22aa97c2743","processorType":"org.apache.nifi.processors.attributes.UpdateAttribute","key":"hive.master.root","value":"${config.hive.master.root}","expressionProperties":null,"propertyDescriptor":{"name":"hive.master.root","displayName":null,"description":null,"defaultValue":null,"allowableValues":null,"required":null,"sensitive":null,"dynamic":null,"supportsEl":null,"identifiesControllerService":null},"templateValue":"${config.hive.master.root}","userEditable":false,"renderType":"text","renderOptions":{},"selected":true,"inputProperty":false,"containsConfigurationVariables":false,"sensitive":false,"required":false,"templateProperty":null,"nameKey":"NiFi Flow-Initialize Feed Parameters-hive.master.root","idKey":"be968c78-0160-1000-53f9-d22aa97c2743-4494d71f-4100-340c-981c-84dd8a6540ee-hive.master.root","processorNameTypeKey":"Initialize Feed Parameters-org.apache.nifi.processors.attributes.UpdateAttribute-hive.master.root"},{"processGroupName":"NiFi Flow","processorName":"Initialize Feed Parameters","processorId":"4494d71f-4100-340c-981c-84dd8a6540ee","processGroupId":"be968c78-0160-1000-53f9-d22aa97c2743","processorType":"org.apache.nifi.processors.attributes.UpdateAttribute","key":"hive.profile.root","value":"${config.hive.profile.root}","expressionProperties":null,"propertyDescriptor":{"name":"hive.profile.root","displayName":null,"description":null,"defaultValue":null,"allowableValues":null,"required":null,"sensitive":null,"dynamic":null,"supportsEl":null,"identifiesControllerService":null},"templateValue":"${config.hive.profile.root}","userEditable":false,"renderType":"text","renderOptions":{},"selected":true,"inputProperty":false,"containsConfigurationVariables":false,"sensitive":false,"required":false,"templateProperty":null,"nameKey":"NiFi Flow-Initialize Feed Parameters-hive.profile.root","idKey":"be968c78-0160-1000-53f9-d22aa97c2743-4494d71f-4100-340c-981c-84dd8a6540ee-hive.profile.root","processorNameTypeKey":"Initialize Feed Parameters-org.apache.nifi.processors.attributes.UpdateAttribute-hive.profile.root"},{"processGroupName":"NiFi Flow","processorName":"Initialize Feed Parameters","processorId":"4494d71f-4100-340c-981c-84dd8a6540ee","processGroupId":"be968c78-0160-1000-53f9-d22aa97c2743","processorType":"org.apache.nifi.processors.attributes.UpdateAttribute","key":"metadata.table.feedFieldStructure","value":"${metadata.table.feedFieldStructure}","expressionProperties":null,"propertyDescriptor":{"name":"metadata.table.feedFieldStructure","displayName":null,"description":null,"defaultValue":null,"allowableValues":null,"required":null,"sensitive":null,"dynamic":null,"supportsEl":null,"identifiesControllerService":null},"templateValue":"${metadata.table.feedFieldStructure}","userEditable":false,"renderType":"text","renderOptions":{},"selected":true,"inputProperty":false,"containsConfigurationVariables":false,"sensitive":false,"required":false,"templateProperty":null,"nameKey":"NiFi Flow-Initialize Feed Parameters-metadata.table.feedFieldStructure","idKey":"be968c78-0160-1000-53f9-d22aa97c2743-4494d71f-4100-340c-981c-84dd8a6540ee-metadata.table.feedFieldStructure","processorNameTypeKey":"Initialize Feed Parameters-org.apache.nifi.processors.attributes.UpdateAttribute-metadata.table.feedFieldStructure"},{"processGroupName":"NiFi Flow","processorName":"Initialize Feed Parameters","processorId":"4494d71f-4100-340c-981c-84dd8a6540ee","processGroupId":"be968c78-0160-1000-53f9-d22aa97c2743","processorType":"org.apache.nifi.processors.attributes.UpdateAttribute","key":"metadata.table.feedFormat","value":"${metadata.table.feedFormat}","expressionProperties":null,"propertyDescriptor":{"name":"metadata.table.feedFormat","displayName":null,"description":null,"defaultValue":null,"allowableValues":null,"required":null,"sensitive":null,"dynamic":null,"supportsEl":null,"identifiesControllerService":null},"templateValue":"${metadata.table.feedFormat}","userEditable":false,"renderType":"text","renderOptions":{},"selected":true,"inputProperty":false,"containsConfigurationVariables":false,"sensitive":false,"required":false,"templateProperty":null,"nameKey":"NiFi Flow-Initialize Feed Parameters-metadata.table.feedFormat","idKey":"be968c78-0160-1000-53f9-d22aa97c2743-4494d71f-4100-340c-981c-84dd8a6540ee-metadata.table.feedFormat","processorNameTypeKey":"Initialize Feed Parameters-org.apache.nifi.processors.attributes.UpdateAttribute-metadata.table.feedFormat"},{"processGroupName":"NiFi Flow","processorName":"Initialize Feed Parameters","processorId":"4494d71f-4100-340c-981c-84dd8a6540ee","processGroupId":"be968c78-0160-1000-53f9-d22aa97c2743","processorType":"org.apache.nifi.processors.attributes.UpdateAttribute","key":"metadata.table.fieldIndexString","value":"${metadata.table.fieldIndexString}","expressionProperties":null,"propertyDescriptor":{"name":"metadata.table.fieldIndexString","displayName":null,"description":null,"defaultValue":null,"allowableValues":null,"required":null,"sensitive":null,"dynamic":null,"supportsEl":null,"identifiesControllerService":null},"templateValue":"${metadata.table.fieldIndexString}","userEditable":false,"renderType":"text","renderOptions":{},"selected":true,"inputProperty":false,"containsConfigurationVariables":false,"sensitive":false,"required":false,"templateProperty":null,"nameKey":"NiFi Flow-Initialize Feed Parameters-metadata.table.fieldIndexString","idKey":"be968c78-0160-1000-53f9-d22aa97c2743-4494d71f-4100-340c-981c-84dd8a6540ee-metadata.table.fieldIndexString","processorNameTypeKey":"Initialize Feed Parameters-org.apache.nifi.processors.attributes.UpdateAttribute-metadata.table.fieldIndexString"},{"processGroupName":"NiFi Flow","processorName":"Initialize Feed Parameters","processorId":"4494d71f-4100-340c-981c-84dd8a6540ee","processGroupId":"be968c78-0160-1000-53f9-d22aa97c2743","processorType":"org.apache.nifi.processors.attributes.UpdateAttribute","key":"metadata.table.fieldPoliciesJson","value":"${metadata.table.fieldPoliciesJson}","expressionProperties":null,"propertyDescriptor":{"name":"metadata.table.fieldPoliciesJson","displayName":null,"description":null,"defaultValue":null,"allowableValues":null,"required":null,"sensitive":null,"dynamic":null,"supportsEl":null,"identifiesControllerService":null},"templateValue":"${metadata.table.fieldPoliciesJson}","userEditable":false,"renderType":"text","renderOptions":{},"selected":true,"inputProperty":false,"containsConfigurationVariables":false,"sensitive":false,"required":false,"templateProperty":null,"nameKey":"NiFi Flow-Initialize Feed Parameters-metadata.table.fieldPoliciesJson","idKey":"be968c78-0160-1000-53f9-d22aa97c2743-4494d71f-4100-340c-981c-84dd8a6540ee-metadata.table.fieldPoliciesJson","processorNameTypeKey":"Initialize Feed Parameters-org.apache.nifi.processors.attributes.UpdateAttribute-metadata.table.fieldPoliciesJson"},{"processGroupName":"NiFi Flow","processorName":"Initialize Feed Parameters","processorId":"4494d71f-4100-340c-981c-84dd8a6540ee","processGroupId":"be968c78-0160-1000-53f9-d22aa97c2743","processorType":"org.apache.nifi.processors.attributes.UpdateAttribute","key":"metadata.table.fieldStructure","value":"${metadata.table.fieldStructure}","expressionProperties":null,"propertyDescriptor":{"name":"metadata.table.fieldStructure","displayName":null,"description":null,"defaultValue":null,"allowableValues":null,"required":null,"sensitive":null,"dynamic":null,"supportsEl":null,"identifiesControllerService":null},"templateValue":"${metadata.table.fieldStructure}","userEditable":false,"renderType":"text","renderOptions":{},"selected":true,"inputProperty":false,"containsConfigurationVariables":false,"sensitive":false,"required":false,"templateProperty":null,"nameKey":"NiFi Flow-Initialize Feed Parameters-metadata.table.fieldStructure","idKey":"be968c78-0160-1000-53f9-d22aa97c2743-4494d71f-4100-340c-981c-84dd8a6540ee-metadata.table.fieldStructure","processorNameTypeKey":"Initialize Feed Parameters-org.apache.nifi.processors.attributes.UpdateAttribute-metadata.table.fieldStructure"},{"processGroupName":"NiFi Flow","processorName":"Initialize Feed Parameters","processorId":"4494d71f-4100-340c-981c-84dd8a6540ee","processGroupId":"be968c78-0160-1000-53f9-d22aa97c2743","processorType":"org.apache.nifi.processors.attributes.UpdateAttribute","key":"metadata.table.partitionSpecs","value":"${metadata.table.partitionSpecs}","expressionProperties":null,"propertyDescriptor":{"name":"metadata.table.partitionSpecs","displayName":null,"description":null,"defaultValue":null,"allowableValues":null,"required":null,"sensitive":null,"dynamic":null,"supportsEl":null,"identifiesControllerService":null},"templateValue":"${metadata.table.partitionSpecs}","userEditable":false,"renderType":"text","renderOptions":{},"selected":true,"inputProperty":false,"containsConfigurationVariables":false,"sensitive":false,"required":false,"templateProperty":null,"nameKey":"NiFi Flow-Initialize Feed Parameters-metadata.table.partitionSpecs","idKey":"be968c78-0160-1000-53f9-d22aa97c2743-4494d71f-4100-340c-981c-84dd8a6540ee-metadata.table.partitionSpecs","processorNameTypeKey":"Initialize Feed Parameters-org.apache.nifi.processors.attributes.UpdateAttribute-metadata.table.partitionSpecs"},{"processGroupName":"NiFi Flow","processorName":"Initialize Feed Parameters","processorId":"4494d71f-4100-340c-981c-84dd8a6540ee","processGroupId":"be968c78-0160-1000-53f9-d22aa97c2743","processorType":"org.apache.nifi.processors.attributes.UpdateAttribute","key":"metadata.table.partitionStructure","value":"${metadata.table.partitionStructure}","expressionProperties":null,"propertyDescriptor":{"name":"metadata.table.partitionStructure","displayName":null,"description":null,"defaultValue":null,"allowableValues":null,"required":null,"sensitive":null,"dynamic":null,"supportsEl":null,"identifiesControllerService":null},"templateValue":"${metadata.table.partitionStructure}","userEditable":false,"renderType":"text","renderOptions":{},"selected":true,"inputProperty":false,"containsConfigurationVariables":false,"sensitive":false,"required":false,"templateProperty":null,"nameKey":"NiFi Flow-Initialize Feed Parameters-metadata.table.partitionStructure","idKey":"be968c78-0160-1000-53f9-d22aa97c2743-4494d71f-4100-340c-981c-84dd8a6540ee-metadata.table.partitionStructure","processorNameTypeKey":"Initialize Feed Parameters-org.apache.nifi.processors.attributes.UpdateAttribute-metadata.table.partitionStructure"},{"processGroupName":"NiFi Flow","processorName":"Initialize Feed Parameters","processorId":"4494d71f-4100-340c-981c-84dd8a6540ee","processGroupId":"be968c78-0160-1000-53f9-d22aa97c2743","processorType":"org.apache.nifi.processors.attributes.UpdateAttribute","key":"metadata.table.targetFormat","value":"${metadata.table.targetFormat}","expressionProperties":null,"propertyDescriptor":{"name":"metadata.table.targetFormat","displayName":null,"description":null,"defaultValue":null,"allowableValues":null,"required":null,"sensitive":null,"dynamic":null,"supportsEl":null,"identifiesControllerService":null},"templateValue":"${metadata.table.targetFormat}","userEditable":false,"renderType":"text","renderOptions":{},"selected":true,"inputProperty":false,"containsConfigurationVariables":false,"sensitive":false,"required":false,"templateProperty":null,"nameKey":"NiFi Flow-Initialize Feed Parameters-metadata.table.targetFormat","idKey":"be968c78-0160-1000-53f9-d22aa97c2743-4494d71f-4100-340c-981c-84dd8a6540ee-metadata.table.targetFormat","processorNameTypeKey":"Initialize Feed Parameters-org.apache.nifi.processors.attributes.UpdateAttribute-metadata.table.targetFormat"},{"processGroupName":"NiFi Flow","processorName":"Initialize Feed Parameters","processorId":"4494d71f-4100-340c-981c-84dd8a6540ee","processGroupId":"be968c78-0160-1000-53f9-d22aa97c2743","processorType":"org.apache.nifi.processors.attributes.UpdateAttribute","key":"metadata.table.targetMergeStrategy","value":"${metadata.table.targetMergeStrategy}","expressionProperties":null,"propertyDescriptor":{"name":"metadata.table.targetMergeStrategy","displayName":null,"description":null,"defaultValue":null,"allowableValues":null,"required":null,"sensitive":null,"dynamic":null,"supportsEl":null,"identifiesControllerService":null},"templateValue":"${metadata.table.targetMergeStrategy}","userEditable":false,"renderType":"text","renderOptions":{},"selected":true,"inputProperty":false,"containsConfigurationVariables":false,"sensitive":false,"required":false,"templateProperty":null,"nameKey":"NiFi Flow-Initialize Feed Parameters-metadata.table.targetMergeStrategy","idKey":"be968c78-0160-1000-53f9-d22aa97c2743-4494d71f-4100-340c-981c-84dd8a6540ee-metadata.table.targetMergeStrategy","processorNameTypeKey":"Initialize Feed Parameters-org.apache.nifi.processors.attributes.UpdateAttribute-metadata.table.targetMergeStrategy"},{"processGroupName":"NiFi Flow","processorName":"Initialize Feed Parameters","processorId":"4494d71f-4100-340c-981c-84dd8a6540ee","processGroupId":"be968c78-0160-1000-53f9-d22aa97c2743","processorType":"org.apache.nifi.processors.attributes.UpdateAttribute","key":"metadata.table.targetTblProperties","value":"${metadata.table.targetTblProperties}","expressionProperties":null,"propertyDescriptor":{"name":"metadata.table.targetTblProperties","displayName":null,"description":null,"defaultValue":null,"allowableValues":null,"required":null,"sensitive":null,"dynamic":null,"supportsEl":null,"identifiesControllerService":null},"templateValue":"${metadata.table.targetTblProperties}","userEditable":false,"renderType":"text","renderOptions":{},"selected":true,"inputProperty":false,"containsConfigurationVariables":false,"sensitive":false,"required":false,"templateProperty":null,"nameKey":"NiFi Flow-Initialize Feed Parameters-metadata.table.targetTblProperties","idKey":"be968c78-0160-1000-53f9-d22aa97c2743-4494d71f-4100-340c-981c-84dd8a6540ee-metadata.table.targetTblProperties","processorNameTypeKey":"Initialize Feed Parameters-org.apache.nifi.processors.attributes.UpdateAttribute-metadata.table.targetTblProperties"},{"processGroupName":"NiFi Flow","processorName":"Initialize Feed Parameters","processorId":"4494d71f-4100-340c-981c-84dd8a6540ee","processGroupId":"be968c78-0160-1000-53f9-d22aa97c2743","processorType":"org.apache.nifi.processors.attributes.UpdateAttribute","key":"nifi.home","value":"${config.nifi.home}","expressionProperties":null,"propertyDescriptor":{"name":"nifi.home","displayName":"nifi.home","description":"","defaultValue":null,"allowableValues":null,"required":false,"sensitive":false,"dynamic":true,"supportsEl":true,"identifiesControllerService":null},"templateValue":"${config.nifi.home}","userEditable":false,"renderType":"text","renderOptions":{},"selected":true,"inputProperty":false,"containsConfigurationVariables":false,"sensitive":false,"required":false,"templateProperty":null,"nameKey":"NiFi Flow-Initialize Feed Parameters-nifi.home","idKey":"be968c78-0160-1000-53f9-d22aa97c2743-4494d71f-4100-340c-981c-84dd8a6540ee-nifi.home","processorNameTypeKey":"Initialize Feed Parameters-org.apache.nifi.processors.attributes.UpdateAttribute-nifi.home"},{"processGroupName":"NiFi Flow","processorName":"Initialize Feed Parameters","processorId":"4494d71f-4100-340c-981c-84dd8a6540ee","processGroupId":"be968c78-0160-1000-53f9-d22aa97c2743","processorType":"org.apache.nifi.processors.attributes.UpdateAttribute","key":"skipHeader","value":"${metadata.options.skipHeader}","expressionProperties":null,"propertyDescriptor":{"name":"skipHeader","displayName":null,"description":null,"defaultValue":null,"allowableValues":null,"required":null,"sensitive":null,"dynamic":null,"supportsEl":null,"identifiesControllerService":null},"templateValue":"${metadata.options.skipHeader}","userEditable":false,"renderType":"text","renderOptions":{},"selected":true,"inputProperty":false,"containsConfigurationVariables":false,"sensitive":false,"required":false,"templateProperty":null,"nameKey":"NiFi Flow-Initialize Feed Parameters-skipHeader","idKey":"be968c78-0160-1000-53f9-d22aa97c2743-4494d71f-4100-340c-981c-84dd8a6540ee-skipHeader","processorNameTypeKey":"Initialize Feed Parameters-org.apache.nifi.processors.attributes.UpdateAttribute-skipHeader"}],"type":"org.apache.nifi.processors.attributes.UpdateAttribute","name":"Initialize Feed Parameters","id":"4494d71f-4100-340c-981c-84dd8a6540ee","groupName":"NiFi Flow","groupId":"be968c78-0160-1000-53f9-d22aa97c2743","inputProcessor":false,"userDefinedInputProcessor":false},{"properties":[{"processGroupName":"NiFi Flow","processorName":"Initialize Cleanup Parameters","processorId":"c08913ee-eb11-3b35-e304-2467992cec24","processGroupId":"be968c78-0160-1000-53f9-d22aa97c2743","processorType":"org.apache.nifi.processors.attributes.UpdateAttribute","key":"category","value":"${metadata.category.systemName}","expressionProperties":null,"propertyDescriptor":{"name":"category","displayName":null,"description":null,"defaultValue":null,"allowableValues":null,"required":null,"sensitive":null,"dynamic":null,"supportsEl":null,"identifiesControllerService":null},"templateValue":"${metadata.category.systemName}","userEditable":false,"renderType":"text","renderOptions":{},"selected":true,"inputProperty":false,"containsConfigurationVariables":false,"sensitive":false,"required":false,"templateProperty":null,"nameKey":"NiFi Flow-Initialize Cleanup Parameters-category","idKey":"be968c78-0160-1000-53f9-d22aa97c2743-c08913ee-eb11-3b35-e304-2467992cec24-category","processorNameTypeKey":"Initialize Cleanup Parameters-org.apache.nifi.processors.attributes.UpdateAttribute-category"},{"processGroupName":"NiFi Flow","processorName":"Initialize Cleanup Parameters","processorId":"c08913ee-eb11-3b35-e304-2467992cec24","processGroupId":"be968c78-0160-1000-53f9-d22aa97c2743","processorType":"org.apache.nifi.processors.attributes.UpdateAttribute","key":"feed","value":"${metadata.systemFeedName}","expressionProperties":null,"propertyDescriptor":{"name":"feed","displayName":null,"description":null,"defaultValue":null,"allowableValues":null,"required":null,"sensitive":null,"dynamic":null,"supportsEl":null,"identifiesControllerService":null},"templateValue":"${metadata.systemFeedName}","userEditable":false,"renderType":"text","renderOptions":{},"selected":true,"inputProperty":false,"containsConfigurationVariables":false,"sensitive":false,"required":false,"templateProperty":null,"nameKey":"NiFi Flow-Initialize Cleanup Parameters-feed","idKey":"be968c78-0160-1000-53f9-d22aa97c2743-c08913ee-eb11-3b35-e304-2467992cec24-feed","processorNameTypeKey":"Initialize Cleanup Parameters-org.apache.nifi.processors.attributes.UpdateAttribute-feed"},{"processGroupName":"NiFi Flow","processorName":"Initialize Cleanup Parameters","processorId":"c08913ee-eb11-3b35-e304-2467992cec24","processGroupId":"be968c78-0160-1000-53f9-d22aa97c2743","processorType":"org.apache.nifi.processors.attributes.UpdateAttribute","key":"hdfs.ingest.root","value":"${config.hdfs.ingest.root}","expressionProperties":null,"propertyDescriptor":{"name":"hdfs.ingest.root","displayName":null,"description":null,"defaultValue":null,"allowableValues":null,"required":null,"sensitive":null,"dynamic":null,"supportsEl":null,"identifiesControllerService":null},"templateValue":"${config.hdfs.ingest.root}","userEditable":false,"renderType":"text","renderOptions":{},"selected":true,"inputProperty":false,"containsConfigurationVariables":false,"sensitive":false,"required":false,"templateProperty":null,"nameKey":"NiFi Flow-Initialize Cleanup Parameters-hdfs.ingest.root","idKey":"be968c78-0160-1000-53f9-d22aa97c2743-c08913ee-eb11-3b35-e304-2467992cec24-hdfs.ingest.root","processorNameTypeKey":"Initialize Cleanup Parameters-org.apache.nifi.processors.attributes.UpdateAttribute-hdfs.ingest.root"},{"processGroupName":"NiFi Flow","processorName":"Initialize Cleanup Parameters","processorId":"c08913ee-eb11-3b35-e304-2467992cec24","processGroupId":"be968c78-0160-1000-53f9-d22aa97c2743","processorType":"org.apache.nifi.processors.attributes.UpdateAttribute","key":"hive.ingest.root","value":"${config.hive.ingest.root}","expressionProperties":null,"propertyDescriptor":{"name":"hive.ingest.root","displayName":null,"description":null,"defaultValue":null,"allowableValues":null,"required":null,"sensitive":null,"dynamic":null,"supportsEl":null,"identifiesControllerService":null},"templateValue":"${config.hive.ingest.root}","userEditable":false,"renderType":"text","renderOptions":{},"selected":true,"inputProperty":false,"containsConfigurationVariables":false,"sensitive":false,"required":false,"templateProperty":null,"nameKey":"NiFi Flow-Initialize Cleanup Parameters-hive.ingest.root","idKey":"be968c78-0160-1000-53f9-d22aa97c2743-c08913ee-eb11-3b35-e304-2467992cec24-hive.ingest.root","processorNameTypeKey":"Initialize Cleanup Parameters-org.apache.nifi.processors.attributes.UpdateAttribute-hive.ingest.root"},{"processGroupName":"NiFi Flow","processorName":"Initialize Cleanup Parameters","processorId":"c08913ee-eb11-3b35-e304-2467992cec24","processGroupId":"be968c78-0160-1000-53f9-d22aa97c2743","processorType":"org.apache.nifi.processors.attributes.UpdateAttribute","key":"hive.master.root","value":"${config.hive.master.root}","expressionProperties":null,"propertyDescriptor":{"name":"hive.master.root","displayName":null,"description":null,"defaultValue":null,"allowableValues":null,"required":null,"sensitive":null,"dynamic":null,"supportsEl":null,"identifiesControllerService":null},"templateValue":"${config.hive.master.root}","userEditable":false,"renderType":"text","renderOptions":{},"selected":true,"inputProperty":false,"containsConfigurationVariables":false,"sensitive":false,"required":false,"templateProperty":null,"nameKey":"NiFi Flow-Initialize Cleanup Parameters-hive.master.root","idKey":"be968c78-0160-1000-53f9-d22aa97c2743-c08913ee-eb11-3b35-e304-2467992cec24-hive.master.root","processorNameTypeKey":"Initialize Cleanup Parameters-org.apache.nifi.processors.attributes.UpdateAttribute-hive.master.root"},{"processGroupName":"NiFi Flow","processorName":"Initialize Cleanup Parameters","processorId":"c08913ee-eb11-3b35-e304-2467992cec24","processGroupId":"be968c78-0160-1000-53f9-d22aa97c2743","processorType":"org.apache.nifi.processors.attributes.UpdateAttribute","key":"hive.profile.root","value":"${config.hive.profile.root}","expressionProperties":null,"propertyDescriptor":{"name":"hive.profile.root","displayName":null,"description":null,"defaultValue":null,"allowableValues":null,"required":null,"sensitive":null,"dynamic":null,"supportsEl":null,"identifiesControllerService":null},"templateValue":"${config.hive.profile.root}","userEditable":false,"renderType":"text","renderOptions":{},"selected":true,"inputProperty":false,"containsConfigurationVariables":false,"sensitive":false,"required":false,"templateProperty":null,"nameKey":"NiFi Flow-Initialize Cleanup Parameters-hive.profile.root","idKey":"be968c78-0160-1000-53f9-d22aa97c2743-c08913ee-eb11-3b35-e304-2467992cec24-hive.profile.root","processorNameTypeKey":"Initialize Cleanup Parameters-org.apache.nifi.processors.attributes.UpdateAttribute-hive.profile.root"}],"type":"org.apache.nifi.processors.attributes.UpdateAttribute","name":"Initialize Cleanup Parameters","id":"c08913ee-eb11-3b35-e304-2467992cec24","groupName":"NiFi Flow","groupId":"be968c78-0160-1000-53f9-d22aa97c2743","inputProcessor":false,"userDefinedInputProcessor":false}],"inputProcessors":[{"properties":[{"processGroupName":"NiFi Flow","processorName":"Database","processorId":"7b95368a-e78a-33ed-e905-0800f98b3e80","processGroupId":"be968c78-0160-1000-53f9-d22aa97c2743","processorType":"com.thinkbiganalytics.nifi.v2.core.watermark.LoadHighWaterMark","key":"System feed category","value":"${metadata.category.systemName}","expressionProperties":null,"propertyDescriptor":{"name":"System feed category","displayName":null,"description":null,"defaultValue":null,"allowableValues":null,"required":null,"sensitive":null,"dynamic":null,"supportsEl":null,"identifiesControllerService":null},"templateValue":"${metadata.category.systemName}","userEditable":false,"renderType":"text","renderOptions":{},"selected":true,"inputProperty":true,"containsConfigurationVariables":false,"sensitive":false,"required":false,"templateProperty":null,"nameKey":"NiFi Flow-Database-System feed category","idKey":"be968c78-0160-1000-53f9-d22aa97c2743-7b95368a-e78a-33ed-e905-0800f98b3e80-System feed category","processorNameTypeKey":"Database-com.thinkbiganalytics.nifi.v2.core.watermark.LoadHighWaterMark-System feed category"},{"processGroupName":"NiFi Flow","processorName":"Database","processorId":"7b95368a-e78a-33ed-e905-0800f98b3e80","processGroupId":"be968c78-0160-1000-53f9-d22aa97c2743","processorType":"com.thinkbiganalytics.nifi.v2.core.watermark.LoadHighWaterMark","key":"System feed name","value":"${metadata.systemFeedName}","expressionProperties":null,"propertyDescriptor":{"name":"System feed name","displayName":null,"description":null,"defaultValue":null,"allowableValues":null,"required":null,"sensitive":null,"dynamic":null,"supportsEl":null,"identifiesControllerService":null},"templateValue":"${metadata.systemFeedName}","userEditable":false,"renderType":"text","renderOptions":{},"selected":true,"inputProperty":true,"containsConfigurationVariables":false,"sensitive":false,"required":false,"templateProperty":null,"nameKey":"NiFi Flow-Database-System feed name","idKey":"be968c78-0160-1000-53f9-d22aa97c2743-7b95368a-e78a-33ed-e905-0800f98b3e80-System feed name","processorNameTypeKey":"Database-com.thinkbiganalytics.nifi.v2.core.watermark.LoadHighWaterMark-System feed name"}],"type":"com.thinkbiganalytics.nifi.v2.core.watermark.LoadHighWaterMark","name":"Database","id":"7b95368a-e78a-33ed-e905-0800f98b3e80","groupName":"NiFi Flow","groupId":"be968c78-0160-1000-53f9-d22aa97c2743","inputProcessor":true,"userDefinedInputProcessor":false},{"properties":[{"processGroupName":"NiFi Flow","processorName":"Filesystem","processorId":"568e9bab-d309-38f4-ebca-14d7cff09c85","processGroupId":"be968c78-0160-1000-53f9-d22aa97c2743","processorType":"org.apache.nifi.processors.standard.GetFile","key":"File Filter","value":"mydata\\d{1,3}.csv","expressionProperties":null,"propertyDescriptor":{"name":"File Filter","displayName":null,"description":null,"defaultValue":null,"allowableValues":null,"required":null,"sensitive":null,"dynamic":null,"supportsEl":null,"identifiesControllerService":null},"templateValue":"mydata\\d{1,3}.csv","userEditable":true,"renderType":"text","renderOptions":{},"selected":true,"inputProperty":true,"containsConfigurationVariables":false,"sensitive":false,"required":false,"templateProperty":null,"nameKey":"NiFi Flow-Filesystem-File Filter","idKey":"be968c78-0160-1000-53f9-d22aa97c2743-568e9bab-d309-38f4-ebca-14d7cff09c85-File Filter","processorNameTypeKey":"Filesystem-org.apache.nifi.processors.standard.GetFile-File Filter"},{"processGroupName":"NiFi Flow","processorName":"Filesystem","processorId":"568e9bab-d309-38f4-ebca-14d7cff09c85","processGroupId":"be968c78-0160-1000-53f9-d22aa97c2743","processorType":"org.apache.nifi.processors.standard.GetFile","key":"Input Directory","value":"/var/dropzone","expressionProperties":null,"propertyDescriptor":{"name":"Input Directory","displayName":null,"description":null,"defaultValue":null,"allowableValues":null,"required":null,"sensitive":null,"dynamic":null,"supportsEl":null,"identifiesControllerService":null},"templateValue":"/var/dropzone","userEditable":true,"renderType":"text","renderOptions":{},"selected":true,"inputProperty":true,"containsConfigurationVariables":false,"sensitive":false,"required":false,"templateProperty":null,"nameKey":"NiFi Flow-Filesystem-Input Directory","idKey":"be968c78-0160-1000-53f9-d22aa97c2743-568e9bab-d309-38f4-ebca-14d7cff09c85-Input Directory","processorNameTypeKey":"Filesystem-org.apache.nifi.processors.standard.GetFile-Input Directory"}],"type":"org.apache.nifi.processors.standard.GetFile","name":"Filesystem","id":"568e9bab-d309-38f4-ebca-14d7cff09c85","groupName":"NiFi Flow","groupId":"be968c78-0160-1000-53f9-d22aa97c2743","inputProcessor":true,"userDefinedInputProcessor":false}],"id":"6040f562-c8b3-4b84-a3ce-9ba3e324bf3a","nifiTemplateId":"96a0994e-0f4b-49c1-bdf3-0d9b06298b75","templateName":"Data Ingest","updateDate":1519424431302,"createDate":1499780630764,"icon":"keyboard_tab","iconColor":"#66BB6A","description":"Standard Data Ingest","state":"ENABLED","defineTable":true,"reusableTemplate":false,"reusableTemplateConnections":[{"feedOutputPortName":"to-standard-cleanup","reusableTemplateInputPortName":"standard-cleanup","inputPortDisplayName":"standard-cleanup","reusableTemplateProcessGroupName":null},{"feedOutputPortName":"to-standard-ingest","reusableTemplateInputPortName":"standard-ingest","inputPortDisplayName":"standard-ingest","reusableTemplateProcessGroupName":null}],"registeredDatasourceDefinitions":[{"processorType":"com.thinkbiganalytics.nifi.v2.ingest.GetTableData","processorName":"Fetch RDBMS Data","processorId":"6c3efa39-e7cd-3edc-0000-000000000000","datasourceDefinition":{"processorType":"com.thinkbiganalytics.nifi.v2.ingest.GetTableData","connectionType":"SOURCE","datasourcePropertyKeys":["Source Database Connection","Source Table","{Source Database Connection:Database Connection URL}"],"datasourceType":"DatabaseDatasource","identityString":"${Source Table} - ${Source Database Connection}","description":null,"title":"${Source Table}"}},{"processorType":"org.apache.nifi.processors.standard.GetFile","processorName":"Filesystem","processorId":"568e9bab-d309-38f4-0000-000000000000","datasourceDefinition":{"processorType":"org.apache.nifi.processors.standard.GetFile","connectionType":"SOURCE","datasourcePropertyKeys":["Input Directory","File Filter"],"datasourceType":"DirectoryDatasource","identityString":"${Input Directory}/${File Filter}","description":" Directory or File source","title":"${Input Directory}/${File Filter}"}},{"processorType":"com.thinkbiganalytics.nifi.v2.ingest.MergeTable","processorName":"Merge Table","processorId":"36365568-36bb-35ad-9a40-064a8eeb2030","datasourceDefinition":{"processorType":"com.thinkbiganalytics.nifi.v2.ingest.MergeTable","connectionType":"DESTINATION","datasourcePropertyKeys":["Target schema","Target table"],"datasourceType":"HiveDatasource","identityString":"${Target schema}.${Target table}","description":null,"title":"${Target schema}.${Target table}"}}],"order":0,"templateOrder":null,"feedsCount":30,"templateTableOption":"DEFINE_TABLE","timeBetweenStartingBatchJobs":1000,"stream":false,"allowPreconditions":false,"dataTransformation":false,"isStream":false}