{"properties":[{"processGroupName":"NiFi Flow","processorName":"Database","processorId":"2567efe0-b28d-46c2-0000-000000000000","processGroupId":"73a2f0d6-0158-1000-0000-000000000000","processorType":"com.thinkbiganalytics.nifi.v2.core.watermark.LoadHighWaterMark","key":"System feed category","value":"${metadata.category.systemName}","templateValue":"${metadata.category.systemName}","userEditable":false,"expressionProperties":null,"propertyDescriptor":{"name":"System feed category","displayName":null,"description":null,"defaultValue":null,"allowableValues":null,"required":null,"sensitive":null,"dynamic":null,"supportsEl":null,"identifiesControllerService":null},"renderType":"text","renderOptions":{},"selected":true,"inputProperty":true,"templateProperty":null,"idKey":"73a2f0d6-0158-1000-0000-000000000000-2567efe0-b28d-46c2-0000-000000000000-System feed category","nameKey":"NiFi Flow-Database-System feed category"},{"processGroupName":"NiFi Flow","processorName":"Database","processorId":"2567efe0-b28d-46c2-0000-000000000000","processGroupId":"73a2f0d6-0158-1000-0000-000000000000","processorType":"com.thinkbiganalytics.nifi.v2.core.watermark.LoadHighWaterMark","key":"System feed name","value":"${metadata.systemFeedName}","templateValue":"${metadata.systemFeedName}","userEditable":false,"expressionProperties":null,"propertyDescriptor":{"name":"System feed name","displayName":null,"description":null,"defaultValue":null,"allowableValues":null,"required":null,"sensitive":null,"dynamic":null,"supportsEl":null,"identifiesControllerService":null},"renderType":"text","renderOptions":{},"selected":true,"inputProperty":true,"templateProperty":null,"idKey":"73a2f0d6-0158-1000-0000-000000000000-2567efe0-b28d-46c2-0000-000000000000-System feed name","nameKey":"NiFi Flow-Database-System feed name"},{"processGroupName":"NiFi Flow","processorName":"Filesystem","processorId":"1f67e296-2ff8-4b5d-0000-000000000000","processGroupId":"73a2f0d6-0158-1000-0000-000000000000","processorType":"org.apache.nifi.processors.standard.GetFile","key":"File Filter","value":"mydata\\d{1,3}.csv","templateValue":"mydata\\d{1,3}.csv","userEditable":true,"expressionProperties":null,"propertyDescriptor":{"name":"File Filter","displayName":null,"description":null,"defaultValue":null,"allowableValues":null,"required":null,"sensitive":null,"dynamic":null,"supportsEl":null,"identifiesControllerService":null},"renderType":"text","renderOptions":{},"selected":true,"inputProperty":true,"templateProperty":null,"idKey":"73a2f0d6-0158-1000-0000-000000000000-1f67e296-2ff8-4b5d-0000-000000000000-File Filter","nameKey":"NiFi Flow-Filesystem-File Filter"},{"processGroupName":"NiFi Flow","processorName":"Filesystem","processorId":"1f67e296-2ff8-4b5d-0000-000000000000","processGroupId":"73a2f0d6-0158-1000-0000-000000000000","processorType":"org.apache.nifi.processors.standard.GetFile","key":"Input Directory","value":"/var/dropzone","templateValue":"/var/dropzone","userEditable":true,"expressionProperties":null,"propertyDescriptor":{"name":"Input Directory","displayName":null,"description":null,"defaultValue":null,"allowableValues":null,"required":null,"sensitive":null,"dynamic":null,"supportsEl":null,"identifiesControllerService":null},"renderType":"text","renderOptions":{},"selected":true,"inputProperty":true,"templateProperty":null,"idKey":"73a2f0d6-0158-1000-0000-000000000000-1f67e296-2ff8-4b5d-0000-000000000000-Input Directory","nameKey":"NiFi Flow-Filesystem-Input Directory"},{"processGroupName":"NiFi Flow","processorName":"TriggerCleanup","processorId":"eb244f60-aaa3-1bba-0000-000000000000","processGroupId":"73a2f0d6-0158-1000-0000-000000000000","processorType":"com.thinkbiganalytics.nifi.v2.metadata.TriggerCleanup","key":"System feed category","value":"${metadata.category.systemName}","templateValue":"${metadata.category.systemName}","userEditable":false,"expressionProperties":null,"propertyDescriptor":{"name":"System feed category","displayName":null,"description":null,"defaultValue":null,"allowableValues":null,"required":null,"sensitive":null,"dynamic":null,"supportsEl":null,"identifiesControllerService":null},"renderType":"text","renderOptions":{},"selected":true,"inputProperty":true,"templateProperty":null,"idKey":"73a2f0d6-0158-1000-0000-000000000000-eb244f60-aaa3-1bba-0000-000000000000-System feed category","nameKey":"NiFi Flow-TriggerCleanup-System feed category"},{"processGroupName":"NiFi Flow","processorName":"TriggerCleanup","processorId":"eb244f60-aaa3-1bba-0000-000000000000","processGroupId":"73a2f0d6-0158-1000-0000-000000000000","processorType":"com.thinkbiganalytics.nifi.v2.metadata.TriggerCleanup","key":"System feed name","value":"${metadata.systemFeedName}","templateValue":"${metadata.systemFeedName}","userEditable":false,"expressionProperties":null,"propertyDescriptor":{"name":"System feed name","displayName":null,"description":null,"defaultValue":null,"allowableValues":null,"required":null,"sensitive":null,"dynamic":null,"supportsEl":null,"identifiesControllerService":null},"renderType":"text","renderOptions":{},"selected":true,"inputProperty":true,"templateProperty":null,"idKey":"73a2f0d6-0158-1000-0000-000000000000-eb244f60-aaa3-1bba-0000-000000000000-System feed name","nameKey":"NiFi Flow-TriggerCleanup-System feed name"},{"processGroupName":"NiFi Flow","processorName":"Failed - Release Highwater Mark","processorId":"eb244f65-aaa3-1bba-0000-000000000000","processGroupId":"73a2f0d6-0158-1000-0000-000000000000","processorType":"com.thinkbiganalytics.nifi.v2.core.watermark.ReleaseHighWaterMark","key":"System feed category","value":"${metadata.category.systemName}","templateValue":"${metadata.category.systemName}","userEditable":false,"expressionProperties":null,"propertyDescriptor":{"name":"System feed category","displayName":null,"description":null,"defaultValue":null,"allowableValues":null,"required":null,"sensitive":null,"dynamic":null,"supportsEl":null,"identifiesControllerService":null},"renderType":"text","renderOptions":{},"selected":true,"inputProperty":false,"templateProperty":null,"idKey":"73a2f0d6-0158-1000-0000-000000000000-eb244f65-aaa3-1bba-0000-000000000000-System feed category","nameKey":"NiFi Flow-Failed - Release Highwater Mark-System feed category"},{"processGroupName":"NiFi Flow","processorName":"Failed - Release Highwater Mark","processorId":"eb244f65-aaa3-1bba-0000-000000000000","processGroupId":"73a2f0d6-0158-1000-0000-000000000000","processorType":"com.thinkbiganalytics.nifi.v2.core.watermark.ReleaseHighWaterMark","key":"System feed name","value":"${metadata.systemFeedName}","templateValue":"${metadata.systemFeedName}","userEditable":false,"expressionProperties":null,"propertyDescriptor":{"name":"System feed name","displayName":null,"description":null,"defaultValue":null,"allowableValues":null,"required":null,"sensitive":null,"dynamic":null,"supportsEl":null,"identifiesControllerService":null},"renderType":"text","renderOptions":{},"selected":true,"inputProperty":false,"templateProperty":null,"idKey":"73a2f0d6-0158-1000-0000-000000000000-eb244f65-aaa3-1bba-0000-000000000000-System feed name","nameKey":"NiFi Flow-Failed - Release Highwater Mark-System feed name"},{"processGroupName":"NiFi Flow","processorName":"Fetch RDBMS Data","processorId":"6aeabec7-ec36-4ed5-0000-000000000000","processGroupId":"73a2f0d6-0158-1000-0000-000000000000","processorType":"com.thinkbiganalytics.nifi.v2.ingest.GetTableData","key":"Date Field","value":null,"templateValue":null,"userEditable":true,"expressionProperties":null,"propertyDescriptor":{"name":"Date Field","displayName":null,"description":null,"defaultValue":null,"allowableValues":null,"required":null,"sensitive":null,"dynamic":null,"supportsEl":null,"identifiesControllerService":null},"renderType":"text","renderOptions":{},"selected":true,"inputProperty":false,"templateProperty":null,"idKey":"73a2f0d6-0158-1000-0000-000000000000-6aeabec7-ec36-4ed5-0000-000000000000-Date Field","nameKey":"NiFi Flow-Fetch RDBMS Data-Date Field"},{"processGroupName":"NiFi Flow","processorName":"Fetch RDBMS Data","processorId":"6aeabec7-ec36-4ed5-0000-000000000000","processGroupId":"73a2f0d6-0158-1000-0000-000000000000","processorType":"com.thinkbiganalytics.nifi.v2.ingest.GetTableData","key":"Load Strategy","value":"FULL_LOAD","templateValue":"FULL_LOAD","userEditable":true,"expressionProperties":null,"propertyDescriptor":{"name":"Load Strategy","displayName":null,"description":null,"defaultValue":null,"allowableValues":null,"required":null,"sensitive":null,"dynamic":null,"supportsEl":null,"identifiesControllerService":null},"renderType":"text","renderOptions":{},"selected":true,"inputProperty":false,"templateProperty":null,"idKey":"73a2f0d6-0158-1000-0000-000000000000-6aeabec7-ec36-4ed5-0000-000000000000-Load Strategy","nameKey":"NiFi Flow-Fetch RDBMS Data-Load Strategy"},{"processGroupName":"NiFi Flow","processorName":"Fetch RDBMS Data","processorId":"6aeabec7-ec36-4ed5-0000-000000000000","processGroupId":"73a2f0d6-0158-1000-0000-000000000000","processorType":"com.thinkbiganalytics.nifi.v2.ingest.GetTableData","key":"Source Database Connection","value":"","templateValue":"","userEditable":true,"expressionProperties":null,"propertyDescriptor":{"name":"Source Database Connection","displayName":null,"description":null,"defaultValue":null,"allowableValues":null,"required":null,"sensitive":null,"dynamic":null,"supportsEl":null,"identifiesControllerService":"org.apache.nifi.dbcp.DBCPService"},"renderType":"select","renderOptions":{},"selected":true,"inputProperty":false,"templateProperty":null,"idKey":"73a2f0d6-0158-1000-0000-000000000000-6aeabec7-ec36-4ed5-0000-000000000000-Source Database Connection","nameKey":"NiFi Flow-Fetch RDBMS Data-Source Database Connection"},{"processGroupName":"NiFi Flow","processorName":"Fetch RDBMS Data","processorId":"6aeabec7-ec36-4ed5-0000-000000000000","processGroupId":"73a2f0d6-0158-1000-0000-000000000000","processorType":"com.thinkbiganalytics.nifi.v2.ingest.GetTableData","key":"Source Fields","value":"${metadata.table.sourceFields}","templateValue":"${metadata.table.sourceFields}","userEditable":false,"expressionProperties":null,"propertyDescriptor":{"name":"Source Fields","displayName":null,"description":null,"defaultValue":null,"allowableValues":null,"required":null,"sensitive":null,"dynamic":null,"supportsEl":null,"identifiesControllerService":null},"renderType":"text","renderOptions":{},"selected":true,"inputProperty":false,"templateProperty":null,"idKey":"73a2f0d6-0158-1000-0000-000000000000-6aeabec7-ec36-4ed5-0000-000000000000-Source Fields","nameKey":"NiFi Flow-Fetch RDBMS Data-Source Fields"},{"processGroupName":"NiFi Flow","processorName":"Fetch RDBMS Data","processorId":"6aeabec7-ec36-4ed5-0000-000000000000","processGroupId":"73a2f0d6-0158-1000-0000-000000000000","processorType":"com.thinkbiganalytics.nifi.v2.ingest.GetTableData","key":"Source Table","value":"${metadata.table.sourceTableSchema.name}","templateValue":"${metadata.table.sourceTableSchema.name}","userEditable":false,"expressionProperties":null,"propertyDescriptor":{"name":"Source Table","displayName":null,"description":null,"defaultValue":null,"allowableValues":null,"required":null,"sensitive":null,"dynamic":null,"supportsEl":null,"identifiesControllerService":null},"renderType":"select","renderOptions":{},"selected":true,"inputProperty":false,"templateProperty":null,"idKey":"73a2f0d6-0158-1000-0000-000000000000-6aeabec7-ec36-4ed5-0000-000000000000-Source Table","nameKey":"NiFi Flow-Fetch RDBMS Data-Source Table"},{"processGroupName":"NiFi Flow","processorName":"Fetch RDBMS Data","processorId":"6aeabec7-ec36-4ed5-0000-000000000000","processGroupId":"73a2f0d6-0158-1000-0000-000000000000","processorType":"com.thinkbiganalytics.nifi.v2.ingest.GetTableData","key":"System feed category","value":"${metadata.category.systemName}","templateValue":"${metadata.category.systemName}","userEditable":false,"expressionProperties":null,"propertyDescriptor":{"name":"System feed category","displayName":null,"description":null,"defaultValue":null,"allowableValues":null,"required":null,"sensitive":null,"dynamic":null,"supportsEl":null,"identifiesControllerService":null},"renderType":"text","renderOptions":{},"selected":true,"inputProperty":false,"templateProperty":null,"idKey":"73a2f0d6-0158-1000-0000-000000000000-6aeabec7-ec36-4ed5-0000-000000000000-System feed category","nameKey":"NiFi Flow-Fetch RDBMS Data-System feed category"},{"processGroupName":"NiFi Flow","processorName":"Fetch RDBMS Data","processorId":"6aeabec7-ec36-4ed5-0000-000000000000","processGroupId":"73a2f0d6-0158-1000-0000-000000000000","processorType":"com.thinkbiganalytics.nifi.v2.ingest.GetTableData","key":"System feed name","value":"${metadata.systemFeedName}","templateValue":"${metadata.systemFeedName}","userEditable":false,"expressionProperties":null,"propertyDescriptor":{"name":"System feed name","displayName":null,"description":null,"defaultValue":null,"allowableValues":null,"required":null,"sensitive":null,"dynamic":null,"supportsEl":null,"identifiesControllerService":null},"renderType":"text","renderOptions":{},"selected":true,"inputProperty":false,"templateProperty":null,"idKey":"73a2f0d6-0158-1000-0000-000000000000-6aeabec7-ec36-4ed5-0000-000000000000-System feed name","nameKey":"NiFi Flow-Fetch RDBMS Data-System feed name"},{"processGroupName":"NiFi Flow","processorName":"Initialize Cleanup Parameters","processorId":"3d3a4495-7365-1c62-0000-000000000000","processGroupId":"73a2f0d6-0158-1000-0000-000000000000","processorType":"org.apache.nifi.processors.attributes.UpdateAttribute","key":"category","value":"${metadata.category.systemName}","templateValue":"${metadata.category.systemName}","userEditable":false,"expressionProperties":null,"propertyDescriptor":{"name":"category","displayName":null,"description":null,"defaultValue":null,"allowableValues":null,"required":null,"sensitive":null,"dynamic":null,"supportsEl":null,"identifiesControllerService":null},"renderType":"text","renderOptions":{},"selected":true,"inputProperty":false,"templateProperty":null,"idKey":"73a2f0d6-0158-1000-0000-000000000000-3d3a4495-7365-1c62-0000-000000000000-category","nameKey":"NiFi Flow-Initialize Cleanup Parameters-category"},{"processGroupName":"NiFi Flow","processorName":"Initialize Cleanup Parameters","processorId":"3d3a4495-7365-1c62-0000-000000000000","processGroupId":"73a2f0d6-0158-1000-0000-000000000000","processorType":"org.apache.nifi.processors.attributes.UpdateAttribute","key":"feed","value":"${metadata.systemFeedName}","templateValue":"${metadata.systemFeedName}","userEditable":false,"expressionProperties":null,"propertyDescriptor":{"name":"feed","displayName":null,"description":null,"defaultValue":null,"allowableValues":null,"required":null,"sensitive":null,"dynamic":null,"supportsEl":null,"identifiesControllerService":null},"renderType":"text","renderOptions":{},"selected":true,"inputProperty":false,"templateProperty":null,"idKey":"73a2f0d6-0158-1000-0000-000000000000-3d3a4495-7365-1c62-0000-000000000000-feed","nameKey":"NiFi Flow-Initialize Cleanup Parameters-feed"},{"processGroupName":"NiFi Flow","processorName":"Initialize Cleanup Parameters","processorId":"3d3a4495-7365-1c62-0000-000000000000","processGroupId":"73a2f0d6-0158-1000-0000-000000000000","processorType":"org.apache.nifi.processors.attributes.UpdateAttribute","key":"hdfs.ingest.root","value":"${config.hdfs.ingest.root}","templateValue":"${config.hdfs.ingest.root}","userEditable":false,"expressionProperties":null,"propertyDescriptor":{"name":"hdfs.ingest.root","displayName":null,"description":null,"defaultValue":null,"allowableValues":null,"required":null,"sensitive":null,"dynamic":null,"supportsEl":null,"identifiesControllerService":null},"renderType":"text","renderOptions":{},"selected":true,"inputProperty":false,"templateProperty":null,"idKey":"73a2f0d6-0158-1000-0000-000000000000-3d3a4495-7365-1c62-0000-000000000000-hdfs.ingest.root","nameKey":"NiFi Flow-Initialize Cleanup Parameters-hdfs.ingest.root"},{"processGroupName":"NiFi Flow","processorName":"Initialize Cleanup Parameters","processorId":"3d3a4495-7365-1c62-0000-000000000000","processGroupId":"73a2f0d6-0158-1000-0000-000000000000","processorType":"org.apache.nifi.processors.attributes.UpdateAttribute","key":"hive.ingest.root","value":"${config.hive.ingest.root}","templateValue":"${config.hive.ingest.root}","userEditable":false,"expressionProperties":null,"propertyDescriptor":{"name":"hive.ingest.root","displayName":null,"description":null,"defaultValue":null,"allowableValues":null,"required":null,"sensitive":null,"dynamic":null,"supportsEl":null,"identifiesControllerService":null},"renderType":"text","renderOptions":{},"selected":true,"inputProperty":false,"templateProperty":null,"idKey":"73a2f0d6-0158-1000-0000-000000000000-3d3a4495-7365-1c62-0000-000000000000-hive.ingest.root","nameKey":"NiFi Flow-Initialize Cleanup Parameters-hive.ingest.root"},{"processGroupName":"NiFi Flow","processorName":"Initialize Cleanup Parameters","processorId":"3d3a4495-7365-1c62-0000-000000000000","processGroupId":"73a2f0d6-0158-1000-0000-000000000000","processorType":"org.apache.nifi.processors.attributes.UpdateAttribute","key":"hive.master.root","value":"${config.hive.master.root}","templateValue":"${config.hive.master.root}","userEditable":false,"expressionProperties":null,"propertyDescriptor":{"name":"hive.master.root","displayName":null,"description":null,"defaultValue":null,"allowableValues":null,"required":null,"sensitive":null,"dynamic":null,"supportsEl":null,"identifiesControllerService":null},"renderType":"text","renderOptions":{},"selected":true,"inputProperty":false,"templateProperty":null,"idKey":"73a2f0d6-0158-1000-0000-000000000000-3d3a4495-7365-1c62-0000-000000000000-hive.master.root","nameKey":"NiFi Flow-Initialize Cleanup Parameters-hive.master.root"},{"processGroupName":"NiFi Flow","processorName":"Initialize Cleanup Parameters","processorId":"3d3a4495-7365-1c62-0000-000000000000","processGroupId":"73a2f0d6-0158-1000-0000-000000000000","processorType":"org.apache.nifi.processors.attributes.UpdateAttribute","key":"hive.profile.root","value":"${config.hive.profile.root}","templateValue":"${config.hive.profile.root}","userEditable":false,"expressionProperties":null,"propertyDescriptor":{"name":"hive.profile.root","displayName":null,"description":null,"defaultValue":null,"allowableValues":null,"required":null,"sensitive":null,"dynamic":null,"supportsEl":null,"identifiesControllerService":null},"renderType":"text","renderOptions":{},"selected":true,"inputProperty":false,"templateProperty":null,"idKey":"73a2f0d6-0158-1000-0000-000000000000-3d3a4495-7365-1c62-0000-000000000000-hive.profile.root","nameKey":"NiFi Flow-Initialize Cleanup Parameters-hive.profile.root"},{"processGroupName":"NiFi Flow","processorName":"Initialize Feed Parameters","processorId":"7c627365-3d3a-4495-0000-000000000000","processGroupId":"73a2f0d6-0158-1000-0000-000000000000","processorType":"org.apache.nifi.processors.attributes.UpdateAttribute","key":"category","value":"${metadata.category.systemName}","templateValue":"${metadata.category.systemName}","userEditable":false,"expressionProperties":null,"propertyDescriptor":{"name":"category","displayName":null,"description":null,"defaultValue":null,"allowableValues":null,"required":null,"sensitive":null,"dynamic":null,"supportsEl":null,"identifiesControllerService":null},"renderType":"text","renderOptions":{},"selected":true,"inputProperty":false,"templateProperty":null,"idKey":"73a2f0d6-0158-1000-0000-000000000000-7c627365-3d3a-4495-0000-000000000000-category","nameKey":"NiFi Flow-Initialize Feed Parameters-category"},{"processGroupName":"NiFi Flow","processorName":"Initialize Feed Parameters","processorId":"7c627365-3d3a-4495-0000-000000000000","processGroupId":"73a2f0d6-0158-1000-0000-000000000000","processorType":"org.apache.nifi.processors.attributes.UpdateAttribute","key":"feed","value":"${metadata.systemFeedName}","templateValue":"${metadata.systemFeedName}","userEditable":false,"expressionProperties":null,"propertyDescriptor":{"name":"feed","displayName":null,"description":null,"defaultValue":null,"allowableValues":null,"required":null,"sensitive":null,"dynamic":null,"supportsEl":null,"identifiesControllerService":null},"renderType":"text","renderOptions":{},"selected":true,"inputProperty":false,"templateProperty":null,"idKey":"73a2f0d6-0158-1000-0000-000000000000-7c627365-3d3a-4495-0000-000000000000-feed","nameKey":"NiFi Flow-Initialize Feed Parameters-feed"},{"processGroupName":"NiFi Flow","processorName":"Initialize Feed Parameters","processorId":"7c627365-3d3a-4495-0000-000000000000","processGroupId":"73a2f0d6-0158-1000-0000-000000000000","processorType":"org.apache.nifi.processors.attributes.UpdateAttribute","key":"hdfs.ingest.root","value":"${config.hdfs.ingest.root}","templateValue":"${config.hdfs.ingest.root}","userEditable":false,"expressionProperties":null,"propertyDescriptor":{"name":"hdfs.ingest.root","displayName":null,"description":null,"defaultValue":null,"allowableValues":null,"required":null,"sensitive":null,"dynamic":null,"supportsEl":null,"identifiesControllerService":null},"renderType":"text","renderOptions":{},"selected":true,"inputProperty":false,"templateProperty":null,"idKey":"73a2f0d6-0158-1000-0000-000000000000-7c627365-3d3a-4495-0000-000000000000-hdfs.ingest.root","nameKey":"NiFi Flow-Initialize Feed Parameters-hdfs.ingest.root"},{"processGroupName":"NiFi Flow","processorName":"Initialize Feed Parameters","processorId":"7c627365-3d3a-4495-0000-000000000000","processGroupId":"73a2f0d6-0158-1000-0000-000000000000","processorType":"org.apache.nifi.processors.attributes.UpdateAttribute","key":"hive.ingest.root","value":"${config.hive.ingest.root}","templateValue":"${config.hive.ingest.root}","userEditable":false,"expressionProperties":null,"propertyDescriptor":{"name":"hive.ingest.root","displayName":null,"description":null,"defaultValue":null,"allowableValues":null,"required":null,"sensitive":null,"dynamic":null,"supportsEl":null,"identifiesControllerService":null},"renderType":"text","renderOptions":{},"selected":true,"inputProperty":false,"templateProperty":null,"idKey":"73a2f0d6-0158-1000-0000-000000000000-7c627365-3d3a-4495-0000-000000000000-hive.ingest.root","nameKey":"NiFi Flow-Initialize Feed Parameters-hive.ingest.root"},{"processGroupName":"NiFi Flow","processorName":"Initialize Feed Parameters","processorId":"7c627365-3d3a-4495-0000-000000000000","processGroupId":"73a2f0d6-0158-1000-0000-000000000000","processorType":"org.apache.nifi.processors.attributes.UpdateAttribute","key":"hive.master.root","value":"${config.hive.master.root}","templateValue":"${config.hive.master.root}","userEditable":false,"expressionProperties":null,"propertyDescriptor":{"name":"hive.master.root","displayName":null,"description":null,"defaultValue":null,"allowableValues":null,"required":null,"sensitive":null,"dynamic":null,"supportsEl":null,"identifiesControllerService":null},"renderType":"text","renderOptions":{},"selected":true,"inputProperty":false,"templateProperty":null,"idKey":"73a2f0d6-0158-1000-0000-000000000000-7c627365-3d3a-4495-0000-000000000000-hive.master.root","nameKey":"NiFi Flow-Initialize Feed Parameters-hive.master.root"},{"processGroupName":"NiFi Flow","processorName":"Initialize Feed Parameters","processorId":"7c627365-3d3a-4495-0000-000000000000","processGroupId":"73a2f0d6-0158-1000-0000-000000000000","processorType":"org.apache.nifi.processors.attributes.UpdateAttribute","key":"hive.profile.root","value":"${config.hive.profile.root}","templateValue":"${config.hive.profile.root}","userEditable":false,"expressionProperties":null,"propertyDescriptor":{"name":"hive.profile.root","displayName":null,"description":null,"defaultValue":null,"allowableValues":null,"required":null,"sensitive":null,"dynamic":null,"supportsEl":null,"identifiesControllerService":null},"renderType":"text","renderOptions":{},"selected":true,"inputProperty":false,"templateProperty":null,"idKey":"73a2f0d6-0158-1000-0000-000000000000-7c627365-3d3a-4495-0000-000000000000-hive.profile.root","nameKey":"NiFi Flow-Initialize Feed Parameters-hive.profile.root"},{"processGroupName":"NiFi Flow","processorName":"Initialize Feed Parameters","processorId":"7c627365-3d3a-4495-0000-000000000000","processGroupId":"73a2f0d6-0158-1000-0000-000000000000","processorType":"org.apache.nifi.processors.attributes.UpdateAttribute","key":"metadata.table.feedFormat","value":"${metadata.table.feedFormat}","templateValue":"${metadata.table.feedFormat}","userEditable":false,"expressionProperties":null,"propertyDescriptor":{"name":"metadata.table.feedFormat","displayName":null,"description":null,"defaultValue":null,"allowableValues":null,"required":null,"sensitive":null,"dynamic":null,"supportsEl":null,"identifiesControllerService":null},"renderType":"text","renderOptions":{},"selected":true,"inputProperty":false,"templateProperty":null,"idKey":"73a2f0d6-0158-1000-0000-000000000000-7c627365-3d3a-4495-0000-000000000000-metadata.table.feedFormat","nameKey":"NiFi Flow-Initialize Feed Parameters-metadata.table.feedFormat"},{"processGroupName":"NiFi Flow","processorName":"Initialize Feed Parameters","processorId":"7c627365-3d3a-4495-0000-000000000000","processGroupId":"73a2f0d6-0158-1000-0000-000000000000","processorType":"org.apache.nifi.processors.attributes.UpdateAttribute","key":"metadata.table.fieldIndexString","value":"${metadata.table.fieldIndexString}","templateValue":"${metadata.table.fieldIndexString}","userEditable":false,"expressionProperties":null,"propertyDescriptor":{"name":"metadata.table.fieldIndexString","displayName":null,"description":null,"defaultValue":null,"allowableValues":null,"required":null,"sensitive":null,"dynamic":null,"supportsEl":null,"identifiesControllerService":null},"renderType":"text","renderOptions":{},"selected":true,"inputProperty":false,"templateProperty":null,"idKey":"73a2f0d6-0158-1000-0000-000000000000-7c627365-3d3a-4495-0000-000000000000-metadata.table.fieldIndexString","nameKey":"NiFi Flow-Initialize Feed Parameters-metadata.table.fieldIndexString"},{"processGroupName":"NiFi Flow","processorName":"Initialize Feed Parameters","processorId":"7c627365-3d3a-4495-0000-000000000000","processGroupId":"73a2f0d6-0158-1000-0000-000000000000","processorType":"org.apache.nifi.processors.attributes.UpdateAttribute","key":"metadata.table.fieldPoliciesJson","value":"${metadata.table.fieldPoliciesJson}","templateValue":"${metadata.table.fieldPoliciesJson}","userEditable":false,"expressionProperties":null,"propertyDescriptor":{"name":"metadata.table.fieldPoliciesJson","displayName":null,"description":null,"defaultValue":null,"allowableValues":null,"required":null,"sensitive":null,"dynamic":null,"supportsEl":null,"identifiesControllerService":null},"renderType":"text","renderOptions":{},"selected":true,"inputProperty":false,"templateProperty":null,"idKey":"73a2f0d6-0158-1000-0000-000000000000-7c627365-3d3a-4495-0000-000000000000-metadata.table.fieldPoliciesJson","nameKey":"NiFi Flow-Initialize Feed Parameters-metadata.table.fieldPoliciesJson"},{"processGroupName":"NiFi Flow","processorName":"Initialize Feed Parameters","processorId":"7c627365-3d3a-4495-0000-000000000000","processGroupId":"73a2f0d6-0158-1000-0000-000000000000","processorType":"org.apache.nifi.processors.attributes.UpdateAttribute","key":"metadata.table.fieldStructure","value":"${metadata.table.fieldStructure}","templateValue":"${metadata.table.fieldStructure}","userEditable":false,"expressionProperties":null,"propertyDescriptor":{"name":"metadata.table.fieldStructure","displayName":null,"description":null,"defaultValue":null,"allowableValues":null,"required":null,"sensitive":null,"dynamic":null,"supportsEl":null,"identifiesControllerService":null},"renderType":"text","renderOptions":{},"selected":true,"inputProperty":false,"templateProperty":null,"idKey":"73a2f0d6-0158-1000-0000-000000000000-7c627365-3d3a-4495-0000-000000000000-metadata.table.fieldStructure","nameKey":"NiFi Flow-Initialize Feed Parameters-metadata.table.fieldStructure"},{"processGroupName":"NiFi Flow","processorName":"Initialize Feed Parameters","processorId":"7c627365-3d3a-4495-0000-000000000000","processGroupId":"73a2f0d6-0158-1000-0000-000000000000","processorType":"org.apache.nifi.processors.attributes.UpdateAttribute","key":"metadata.table.partitionSpecs","value":"${metadata.table.partitionSpecs}","templateValue":"${metadata.table.partitionSpecs}","userEditable":false,"expressionProperties":null,"propertyDescriptor":{"name":"metadata.table.partitionSpecs","displayName":null,"description":null,"defaultValue":null,"allowableValues":null,"required":null,"sensitive":null,"dynamic":null,"supportsEl":null,"identifiesControllerService":null},"renderType":"text","renderOptions":{},"selected":true,"inputProperty":false,"templateProperty":null,"idKey":"73a2f0d6-0158-1000-0000-000000000000-7c627365-3d3a-4495-0000-000000000000-metadata.table.partitionSpecs","nameKey":"NiFi Flow-Initialize Feed Parameters-metadata.table.partitionSpecs"},{"processGroupName":"NiFi Flow","processorName":"Initialize Feed Parameters","processorId":"7c627365-3d3a-4495-0000-000000000000","processGroupId":"73a2f0d6-0158-1000-0000-000000000000","processorType":"org.apache.nifi.processors.attributes.UpdateAttribute","key":"metadata.table.partitionStructure","value":"${metadata.table.partitionStructure}","templateValue":"${metadata.table.partitionStructure}","userEditable":false,"expressionProperties":null,"propertyDescriptor":{"name":"metadata.table.partitionStructure","displayName":null,"description":null,"defaultValue":null,"allowableValues":null,"required":null,"sensitive":null,"dynamic":null,"supportsEl":null,"identifiesControllerService":null},"renderType":"text","renderOptions":{},"selected":true,"inputProperty":false,"templateProperty":null,"idKey":"73a2f0d6-0158-1000-0000-000000000000-7c627365-3d3a-4495-0000-000000000000-metadata.table.partitionStructure","nameKey":"NiFi Flow-Initialize Feed Parameters-metadata.table.partitionStructure"},{"processGroupName":"NiFi Flow","processorName":"Initialize Feed Parameters","processorId":"7c627365-3d3a-4495-0000-000000000000","processGroupId":"73a2f0d6-0158-1000-0000-000000000000","processorType":"org.apache.nifi.processors.attributes.UpdateAttribute","key":"metadata.table.targetFormat","value":"${metadata.table.targetFormat}","templateValue":"${metadata.table.targetFormat}","userEditable":false,"expressionProperties":null,"propertyDescriptor":{"name":"metadata.table.targetFormat","displayName":null,"description":null,"defaultValue":null,"allowableValues":null,"required":null,"sensitive":null,"dynamic":null,"supportsEl":null,"identifiesControllerService":null},"renderType":"text","renderOptions":{},"selected":true,"inputProperty":false,"templateProperty":null,"idKey":"73a2f0d6-0158-1000-0000-000000000000-7c627365-3d3a-4495-0000-000000000000-metadata.table.targetFormat","nameKey":"NiFi Flow-Initialize Feed Parameters-metadata.table.targetFormat"},{"processGroupName":"NiFi Flow","processorName":"Initialize Feed Parameters","processorId":"7c627365-3d3a-4495-0000-000000000000","processGroupId":"73a2f0d6-0158-1000-0000-000000000000","processorType":"org.apache.nifi.processors.attributes.UpdateAttribute","key":"metadata.table.targetMergeStrategy","value":"${metadata.table.targetMergeStrategy}","templateValue":"${metadata.table.targetMergeStrategy}","userEditable":false,"expressionProperties":null,"propertyDescriptor":{"name":"metadata.table.targetMergeStrategy","displayName":null,"description":null,"defaultValue":null,"allowableValues":null,"required":null,"sensitive":null,"dynamic":null,"supportsEl":null,"identifiesControllerService":null},"renderType":"text","renderOptions":{},"selected":true,"inputProperty":false,"templateProperty":null,"idKey":"73a2f0d6-0158-1000-0000-000000000000-7c627365-3d3a-4495-0000-000000000000-metadata.table.targetMergeStrategy","nameKey":"NiFi Flow-Initialize Feed Parameters-metadata.table.targetMergeStrategy"},{"processGroupName":"NiFi Flow","processorName":"Initialize Feed Parameters","processorId":"7c627365-3d3a-4495-0000-000000000000","processGroupId":"73a2f0d6-0158-1000-0000-000000000000","processorType":"org.apache.nifi.processors.attributes.UpdateAttribute","key":"metadata.table.targetTblProperties","value":"${metadata.table.targetTblProperties}","templateValue":"${metadata.table.targetTblProperties}","userEditable":false,"expressionProperties":null,"propertyDescriptor":{"name":"metadata.table.targetTblProperties","displayName":null,"description":null,"defaultValue":null,"allowableValues":null,"required":null,"sensitive":null,"dynamic":null,"supportsEl":null,"identifiesControllerService":null},"renderType":"text","renderOptions":{},"selected":true,"inputProperty":false,"templateProperty":null,"idKey":"73a2f0d6-0158-1000-0000-000000000000-7c627365-3d3a-4495-0000-000000000000-metadata.table.targetTblProperties","nameKey":"NiFi Flow-Initialize Feed Parameters-metadata.table.targetTblProperties"},{"processGroupName":"NiFi Flow","processorName":"Initialize Feed Parameters","processorId":"7c627365-3d3a-4495-0000-000000000000","processGroupId":"73a2f0d6-0158-1000-0000-000000000000","processorType":"org.apache.nifi.processors.attributes.UpdateAttribute","key":"skipHeader","value":"${metadata.options.skipHeader}","templateValue":"${metadata.options.skipHeader}","userEditable":false,"expressionProperties":null,"propertyDescriptor":{"name":"skipHeader","displayName":null,"description":null,"defaultValue":null,"allowableValues":null,"required":null,"sensitive":null,"dynamic":null,"supportsEl":null,"identifiesControllerService":null},"renderType":"text","renderOptions":{},"selected":true,"inputProperty":false,"templateProperty":null,"idKey":"73a2f0d6-0158-1000-0000-000000000000-7c627365-3d3a-4495-0000-000000000000-skipHeader","nameKey":"NiFi Flow-Initialize Feed Parameters-skipHeader"}],"nonInputProcessors":[{"type":"org.apache.nifi.processors.attributes.UpdateAttribute","name":"Initialize Cleanup Parameters","id":"3d3a4495-7365-1c62-0000-000000000000","groupName":"NiFi Flow","groupId":"73a2f0d6-0158-1000-0000-000000000000","inputProcessor":false,"userDefinedInputProcessor":false,"properties":[{"processGroupName":"NiFi Flow","processorName":"Initialize Cleanup Parameters","processorId":"3d3a4495-7365-1c62-0000-000000000000","processGroupId":"73a2f0d6-0158-1000-0000-000000000000","processorType":"org.apache.nifi.processors.attributes.UpdateAttribute","key":"category","value":"${metadata.category.systemName}","templateValue":"${metadata.category.systemName}","userEditable":false,"expressionProperties":null,"propertyDescriptor":{"name":"category","displayName":null,"description":null,"defaultValue":null,"allowableValues":null,"required":null,"sensitive":null,"dynamic":null,"supportsEl":null,"identifiesControllerService":null},"renderType":"text","renderOptions":{},"selected":true,"inputProperty":false,"templateProperty":null,"idKey":"73a2f0d6-0158-1000-0000-000000000000-3d3a4495-7365-1c62-0000-000000000000-category","nameKey":"NiFi Flow-Initialize Cleanup Parameters-category"},{"processGroupName":"NiFi Flow","processorName":"Initialize Cleanup Parameters","processorId":"3d3a4495-7365-1c62-0000-000000000000","processGroupId":"73a2f0d6-0158-1000-0000-000000000000","processorType":"org.apache.nifi.processors.attributes.UpdateAttribute","key":"feed","value":"${metadata.systemFeedName}","templateValue":"${metadata.systemFeedName}","userEditable":false,"expressionProperties":null,"propertyDescriptor":{"name":"feed","displayName":null,"description":null,"defaultValue":null,"allowableValues":null,"required":null,"sensitive":null,"dynamic":null,"supportsEl":null,"identifiesControllerService":null},"renderType":"text","renderOptions":{},"selected":true,"inputProperty":false,"templateProperty":null,"idKey":"73a2f0d6-0158-1000-0000-000000000000-3d3a4495-7365-1c62-0000-000000000000-feed","nameKey":"NiFi Flow-Initialize Cleanup Parameters-feed"},{"processGroupName":"NiFi Flow","processorName":"Initialize Cleanup Parameters","processorId":"3d3a4495-7365-1c62-0000-000000000000","processGroupId":"73a2f0d6-0158-1000-0000-000000000000","processorType":"org.apache.nifi.processors.attributes.UpdateAttribute","key":"hdfs.ingest.root","value":"${config.hdfs.ingest.root}","templateValue":"${config.hdfs.ingest.root}","userEditable":false,"expressionProperties":null,"propertyDescriptor":{"name":"hdfs.ingest.root","displayName":null,"description":null,"defaultValue":null,"allowableValues":null,"required":null,"sensitive":null,"dynamic":null,"supportsEl":null,"identifiesControllerService":null},"renderType":"text","renderOptions":{},"selected":true,"inputProperty":false,"templateProperty":null,"idKey":"73a2f0d6-0158-1000-0000-000000000000-3d3a4495-7365-1c62-0000-000000000000-hdfs.ingest.root","nameKey":"NiFi Flow-Initialize Cleanup Parameters-hdfs.ingest.root"},{"processGroupName":"NiFi Flow","processorName":"Initialize Cleanup Parameters","processorId":"3d3a4495-7365-1c62-0000-000000000000","processGroupId":"73a2f0d6-0158-1000-0000-000000000000","processorType":"org.apache.nifi.processors.attributes.UpdateAttribute","key":"hive.ingest.root","value":"${config.hive.ingest.root}","templateValue":"${config.hive.ingest.root}","userEditable":false,"expressionProperties":null,"propertyDescriptor":{"name":"hive.ingest.root","displayName":null,"description":null,"defaultValue":null,"allowableValues":null,"required":null,"sensitive":null,"dynamic":null,"supportsEl":null,"identifiesControllerService":null},"renderType":"text","renderOptions":{},"selected":true,"inputProperty":false,"templateProperty":null,"idKey":"73a2f0d6-0158-1000-0000-000000000000-3d3a4495-7365-1c62-0000-000000000000-hive.ingest.root","nameKey":"NiFi Flow-Initialize Cleanup Parameters-hive.ingest.root"},{"processGroupName":"NiFi Flow","processorName":"Initialize Cleanup Parameters","processorId":"3d3a4495-7365-1c62-0000-000000000000","processGroupId":"73a2f0d6-0158-1000-0000-000000000000","processorType":"org.apache.nifi.processors.attributes.UpdateAttribute","key":"hive.master.root","value":"${config.hive.master.root}","templateValue":"${config.hive.master.root}","userEditable":false,"expressionProperties":null,"propertyDescriptor":{"name":"hive.master.root","displayName":null,"description":null,"defaultValue":null,"allowableValues":null,"required":null,"sensitive":null,"dynamic":null,"supportsEl":null,"identifiesControllerService":null},"renderType":"text","renderOptions":{},"selected":true,"inputProperty":false,"templateProperty":null,"idKey":"73a2f0d6-0158-1000-0000-000000000000-3d3a4495-7365-1c62-0000-000000000000-hive.master.root","nameKey":"NiFi Flow-Initialize Cleanup Parameters-hive.master.root"},{"processGroupName":"NiFi Flow","processorName":"Initialize Cleanup Parameters","processorId":"3d3a4495-7365-1c62-0000-000000000000","processGroupId":"73a2f0d6-0158-1000-0000-000000000000","processorType":"org.apache.nifi.processors.attributes.UpdateAttribute","key":"hive.profile.root","value":"${config.hive.profile.root}","templateValue":"${config.hive.profile.root}","userEditable":false,"expressionProperties":null,"propertyDescriptor":{"name":"hive.profile.root","displayName":null,"description":null,"defaultValue":null,"allowableValues":null,"required":null,"sensitive":null,"dynamic":null,"supportsEl":null,"identifiesControllerService":null},"renderType":"text","renderOptions":{},"selected":true,"inputProperty":false,"templateProperty":null,"idKey":"73a2f0d6-0158-1000-0000-000000000000-3d3a4495-7365-1c62-0000-000000000000-hive.profile.root","nameKey":"NiFi Flow-Initialize Cleanup Parameters-hive.profile.root"}]},{"type":"com.thinkbiganalytics.nifi.v2.core.watermark.ReleaseHighWaterMark","name":"Failed - Release Highwater Mark","id":"eb244f65-aaa3-1bba-0000-000000000000","groupName":"NiFi Flow","groupId":"73a2f0d6-0158-1000-0000-000000000000","inputProcessor":false,"userDefinedInputProcessor":false,"properties":[{"processGroupName":"NiFi Flow","processorName":"Failed - Release Highwater Mark","processorId":"eb244f65-aaa3-1bba-0000-000000000000","processGroupId":"73a2f0d6-0158-1000-0000-000000000000","processorType":"com.thinkbiganalytics.nifi.v2.core.watermark.ReleaseHighWaterMark","key":"System feed category","value":"${metadata.category.systemName}","templateValue":"${metadata.category.systemName}","userEditable":false,"expressionProperties":null,"propertyDescriptor":{"name":"System feed category","displayName":null,"description":null,"defaultValue":null,"allowableValues":null,"required":null,"sensitive":null,"dynamic":null,"supportsEl":null,"identifiesControllerService":null},"renderType":"text","renderOptions":{},"selected":true,"inputProperty":false,"templateProperty":null,"idKey":"73a2f0d6-0158-1000-0000-000000000000-eb244f65-aaa3-1bba-0000-000000000000-System feed category","nameKey":"NiFi Flow-Failed - Release Highwater Mark-System feed category"},{"processGroupName":"NiFi Flow","processorName":"Failed - Release Highwater Mark","processorId":"eb244f65-aaa3-1bba-0000-000000000000","processGroupId":"73a2f0d6-0158-1000-0000-000000000000","processorType":"com.thinkbiganalytics.nifi.v2.core.watermark.ReleaseHighWaterMark","key":"System feed name","value":"${metadata.systemFeedName}","templateValue":"${metadata.systemFeedName}","userEditable":false,"expressionProperties":null,"propertyDescriptor":{"name":"System feed name","displayName":null,"description":null,"defaultValue":null,"allowableValues":null,"required":null,"sensitive":null,"dynamic":null,"supportsEl":null,"identifiesControllerService":null},"renderType":"text","renderOptions":{},"selected":true,"inputProperty":false,"templateProperty":null,"idKey":"73a2f0d6-0158-1000-0000-000000000000-eb244f65-aaa3-1bba-0000-000000000000-System feed name","nameKey":"NiFi Flow-Failed - Release Highwater Mark-System feed name"}]},{"type":"com.thinkbiganalytics.nifi.v2.ingest.GetTableData","name":"Fetch RDBMS Data","id":"6aeabec7-ec36-4ed5-0000-000000000000","groupName":"NiFi Flow","groupId":"73a2f0d6-0158-1000-0000-000000000000","inputProcessor":false,"userDefinedInputProcessor":false,"properties":[{"processGroupName":"NiFi Flow","processorName":"Fetch RDBMS Data","processorId":"6aeabec7-ec36-4ed5-0000-000000000000","processGroupId":"73a2f0d6-0158-1000-0000-000000000000","processorType":"com.thinkbiganalytics.nifi.v2.ingest.GetTableData","key":"Date Field","value":null,"templateValue":null,"userEditable":true,"expressionProperties":null,"propertyDescriptor":{"name":"Date Field","displayName":null,"description":null,"defaultValue":null,"allowableValues":null,"required":null,"sensitive":null,"dynamic":null,"supportsEl":null,"identifiesControllerService":null},"renderType":"text","renderOptions":{},"selected":true,"inputProperty":false,"templateProperty":null,"idKey":"73a2f0d6-0158-1000-0000-000000000000-6aeabec7-ec36-4ed5-0000-000000000000-Date Field","nameKey":"NiFi Flow-Fetch RDBMS Data-Date Field"},{"processGroupName":"NiFi Flow","processorName":"Fetch RDBMS Data","processorId":"6aeabec7-ec36-4ed5-0000-000000000000","processGroupId":"73a2f0d6-0158-1000-0000-000000000000","processorType":"com.thinkbiganalytics.nifi.v2.ingest.GetTableData","key":"Load Strategy","value":"FULL_LOAD","templateValue":"FULL_LOAD","userEditable":true,"expressionProperties":null,"propertyDescriptor":{"name":"Load Strategy","displayName":null,"description":null,"defaultValue":null,"allowableValues":null,"required":null,"sensitive":null,"dynamic":null,"supportsEl":null,"identifiesControllerService":null},"renderType":"text","renderOptions":{},"selected":true,"inputProperty":false,"templateProperty":null,"idKey":"73a2f0d6-0158-1000-0000-000000000000-6aeabec7-ec36-4ed5-0000-000000000000-Load Strategy","nameKey":"NiFi Flow-Fetch RDBMS Data-Load Strategy"},{"processGroupName":"NiFi Flow","processorName":"Fetch RDBMS Data","processorId":"6aeabec7-ec36-4ed5-0000-000000000000","processGroupId":"73a2f0d6-0158-1000-0000-000000000000","processorType":"com.thinkbiganalytics.nifi.v2.ingest.GetTableData","key":"Source Database Connection","value":"","templateValue":"","userEditable":true,"expressionProperties":null,"propertyDescriptor":{"name":"Source Database Connection","displayName":null,"description":null,"defaultValue":null,"allowableValues":null,"required":null,"sensitive":null,"dynamic":null,"supportsEl":null,"identifiesControllerService":"org.apache.nifi.dbcp.DBCPService"},"renderType":"select","renderOptions":{},"selected":true,"inputProperty":false,"templateProperty":null,"idKey":"73a2f0d6-0158-1000-0000-000000000000-6aeabec7-ec36-4ed5-0000-000000000000-Source Database Connection","nameKey":"NiFi Flow-Fetch RDBMS Data-Source Database Connection"},{"processGroupName":"NiFi Flow","processorName":"Fetch RDBMS Data","processorId":"6aeabec7-ec36-4ed5-0000-000000000000","processGroupId":"73a2f0d6-0158-1000-0000-000000000000","processorType":"com.thinkbiganalytics.nifi.v2.ingest.GetTableData","key":"Source Fields","value":"${metadata.table.sourceFields}","templateValue":"${metadata.table.sourceFields}","userEditable":false,"expressionProperties":null,"propertyDescriptor":{"name":"Source Fields","displayName":null,"description":null,"defaultValue":null,"allowableValues":null,"required":null,"sensitive":null,"dynamic":null,"supportsEl":null,"identifiesControllerService":null},"renderType":"text","renderOptions":{},"selected":true,"inputProperty":false,"templateProperty":null,"idKey":"73a2f0d6-0158-1000-0000-000000000000-6aeabec7-ec36-4ed5-0000-000000000000-Source Fields","nameKey":"NiFi Flow-Fetch RDBMS Data-Source Fields"},{"processGroupName":"NiFi Flow","processorName":"Fetch RDBMS Data","processorId":"6aeabec7-ec36-4ed5-0000-000000000000","processGroupId":"73a2f0d6-0158-1000-0000-000000000000","processorType":"com.thinkbiganalytics.nifi.v2.ingest.GetTableData","key":"Source Table","value":"${metadata.table.sourceTableSchema.name}","templateValue":"${metadata.table.sourceTableSchema.name}","userEditable":false,"expressionProperties":null,"propertyDescriptor":{"name":"Source Table","displayName":null,"description":null,"defaultValue":null,"allowableValues":null,"required":null,"sensitive":null,"dynamic":null,"supportsEl":null,"identifiesControllerService":null},"renderType":"select","renderOptions":{},"selected":true,"inputProperty":false,"templateProperty":null,"idKey":"73a2f0d6-0158-1000-0000-000000000000-6aeabec7-ec36-4ed5-0000-000000000000-Source Table","nameKey":"NiFi Flow-Fetch RDBMS Data-Source Table"},{"processGroupName":"NiFi Flow","processorName":"Fetch RDBMS Data","processorId":"6aeabec7-ec36-4ed5-0000-000000000000","processGroupId":"73a2f0d6-0158-1000-0000-000000000000","processorType":"com.thinkbiganalytics.nifi.v2.ingest.GetTableData","key":"System feed category","value":"${metadata.category.systemName}","templateValue":"${metadata.category.systemName}","userEditable":false,"expressionProperties":null,"propertyDescriptor":{"name":"System feed category","displayName":null,"description":null,"defaultValue":null,"allowableValues":null,"required":null,"sensitive":null,"dynamic":null,"supportsEl":null,"identifiesControllerService":null},"renderType":"text","renderOptions":{},"selected":true,"inputProperty":false,"templateProperty":null,"idKey":"73a2f0d6-0158-1000-0000-000000000000-6aeabec7-ec36-4ed5-0000-000000000000-System feed category","nameKey":"NiFi Flow-Fetch RDBMS Data-System feed category"},{"processGroupName":"NiFi Flow","processorName":"Fetch RDBMS Data","processorId":"6aeabec7-ec36-4ed5-0000-000000000000","processGroupId":"73a2f0d6-0158-1000-0000-000000000000","processorType":"com.thinkbiganalytics.nifi.v2.ingest.GetTableData","key":"System feed name","value":"${metadata.systemFeedName}","templateValue":"${metadata.systemFeedName}","userEditable":false,"expressionProperties":null,"propertyDescriptor":{"name":"System feed name","displayName":null,"description":null,"defaultValue":null,"allowableValues":null,"required":null,"sensitive":null,"dynamic":null,"supportsEl":null,"identifiesControllerService":null},"renderType":"text","renderOptions":{},"selected":true,"inputProperty":false,"templateProperty":null,"idKey":"73a2f0d6-0158-1000-0000-000000000000-6aeabec7-ec36-4ed5-0000-000000000000-System feed name","nameKey":"NiFi Flow-Fetch RDBMS Data-System feed name"}]},{"type":"org.apache.nifi.processors.attributes.UpdateAttribute","name":"Initialize Feed Parameters","id":"7c627365-3d3a-4495-0000-000000000000","groupName":"NiFi Flow","groupId":"73a2f0d6-0158-1000-0000-000000000000","inputProcessor":false,"userDefinedInputProcessor":false,"properties":[{"processGroupName":"NiFi Flow","processorName":"Initialize Feed Parameters","processorId":"7c627365-3d3a-4495-0000-000000000000","processGroupId":"73a2f0d6-0158-1000-0000-000000000000","processorType":"org.apache.nifi.processors.attributes.UpdateAttribute","key":"category","value":"${metadata.category.systemName}","templateValue":"${metadata.category.systemName}","userEditable":false,"expressionProperties":null,"propertyDescriptor":{"name":"category","displayName":null,"description":null,"defaultValue":null,"allowableValues":null,"required":null,"sensitive":null,"dynamic":null,"supportsEl":null,"identifiesControllerService":null},"renderType":"text","renderOptions":{},"selected":true,"inputProperty":false,"templateProperty":null,"idKey":"73a2f0d6-0158-1000-0000-000000000000-7c627365-3d3a-4495-0000-000000000000-category","nameKey":"NiFi Flow-Initialize Feed Parameters-category"},{"processGroupName":"NiFi Flow","processorName":"Initialize Feed Parameters","processorId":"7c627365-3d3a-4495-0000-000000000000","processGroupId":"73a2f0d6-0158-1000-0000-000000000000","processorType":"org.apache.nifi.processors.attributes.UpdateAttribute","key":"feed","value":"${metadata.systemFeedName}","templateValue":"${metadata.systemFeedName}","userEditable":false,"expressionProperties":null,"propertyDescriptor":{"name":"feed","displayName":null,"description":null,"defaultValue":null,"allowableValues":null,"required":null,"sensitive":null,"dynamic":null,"supportsEl":null,"identifiesControllerService":null},"renderType":"text","renderOptions":{},"selected":true,"inputProperty":false,"templateProperty":null,"idKey":"73a2f0d6-0158-1000-0000-000000000000-7c627365-3d3a-4495-0000-000000000000-feed","nameKey":"NiFi Flow-Initialize Feed Parameters-feed"},{"processGroupName":"NiFi Flow","processorName":"Initialize Feed Parameters","processorId":"7c627365-3d3a-4495-0000-000000000000","processGroupId":"73a2f0d6-0158-1000-0000-000000000000","processorType":"org.apache.nifi.processors.attributes.UpdateAttribute","key":"hdfs.ingest.root","value":"${config.hdfs.ingest.root}","templateValue":"${config.hdfs.ingest.root}","userEditable":false,"expressionProperties":null,"propertyDescriptor":{"name":"hdfs.ingest.root","displayName":null,"description":null,"defaultValue":null,"allowableValues":null,"required":null,"sensitive":null,"dynamic":null,"supportsEl":null,"identifiesControllerService":null},"renderType":"text","renderOptions":{},"selected":true,"inputProperty":false,"templateProperty":null,"idKey":"73a2f0d6-0158-1000-0000-000000000000-7c627365-3d3a-4495-0000-000000000000-hdfs.ingest.root","nameKey":"NiFi Flow-Initialize Feed Parameters-hdfs.ingest.root"},{"processGroupName":"NiFi Flow","processorName":"Initialize Feed Parameters","processorId":"7c627365-3d3a-4495-0000-000000000000","processGroupId":"73a2f0d6-0158-1000-0000-000000000000","processorType":"org.apache.nifi.processors.attributes.UpdateAttribute","key":"hive.ingest.root","value":"${config.hive.ingest.root}","templateValue":"${config.hive.ingest.root}","userEditable":false,"expressionProperties":null,"propertyDescriptor":{"name":"hive.ingest.root","displayName":null,"description":null,"defaultValue":null,"allowableValues":null,"required":null,"sensitive":null,"dynamic":null,"supportsEl":null,"identifiesControllerService":null},"renderType":"text","renderOptions":{},"selected":true,"inputProperty":false,"templateProperty":null,"idKey":"73a2f0d6-0158-1000-0000-000000000000-7c627365-3d3a-4495-0000-000000000000-hive.ingest.root","nameKey":"NiFi Flow-Initialize Feed Parameters-hive.ingest.root"},{"processGroupName":"NiFi Flow","processorName":"Initialize Feed Parameters","processorId":"7c627365-3d3a-4495-0000-000000000000","processGroupId":"73a2f0d6-0158-1000-0000-000000000000","processorType":"org.apache.nifi.processors.attributes.UpdateAttribute","key":"hive.master.root","value":"${config.hive.master.root}","templateValue":"${config.hive.master.root}","userEditable":false,"expressionProperties":null,"propertyDescriptor":{"name":"hive.master.root","displayName":null,"description":null,"defaultValue":null,"allowableValues":null,"required":null,"sensitive":null,"dynamic":null,"supportsEl":null,"identifiesControllerService":null},"renderType":"text","renderOptions":{},"selected":true,"inputProperty":false,"templateProperty":null,"idKey":"73a2f0d6-0158-1000-0000-000000000000-7c627365-3d3a-4495-0000-000000000000-hive.master.root","nameKey":"NiFi Flow-Initialize Feed Parameters-hive.master.root"},{"processGroupName":"NiFi Flow","processorName":"Initialize Feed Parameters","processorId":"7c627365-3d3a-4495-0000-000000000000","processGroupId":"73a2f0d6-0158-1000-0000-000000000000","processorType":"org.apache.nifi.processors.attributes.UpdateAttribute","key":"hive.profile.root","value":"${config.hive.profile.root}","templateValue":"${config.hive.profile.root}","userEditable":false,"expressionProperties":null,"propertyDescriptor":{"name":"hive.profile.root","displayName":null,"description":null,"defaultValue":null,"allowableValues":null,"required":null,"sensitive":null,"dynamic":null,"supportsEl":null,"identifiesControllerService":null},"renderType":"text","renderOptions":{},"selected":true,"inputProperty":false,"templateProperty":null,"idKey":"73a2f0d6-0158-1000-0000-000000000000-7c627365-3d3a-4495-0000-000000000000-hive.profile.root","nameKey":"NiFi Flow-Initialize Feed Parameters-hive.profile.root"},{"processGroupName":"NiFi Flow","processorName":"Initialize Feed Parameters","processorId":"7c627365-3d3a-4495-0000-000000000000","processGroupId":"73a2f0d6-0158-1000-0000-000000000000","processorType":"org.apache.nifi.processors.attributes.UpdateAttribute","key":"metadata.table.feedFormat","value":"${metadata.table.feedFormat}","templateValue":"${metadata.table.feedFormat}","userEditable":false,"expressionProperties":null,"propertyDescriptor":{"name":"metadata.table.feedFormat","displayName":null,"description":null,"defaultValue":null,"allowableValues":null,"required":null,"sensitive":null,"dynamic":null,"supportsEl":null,"identifiesControllerService":null},"renderType":"text","renderOptions":{},"selected":true,"inputProperty":false,"templateProperty":null,"idKey":"73a2f0d6-0158-1000-0000-000000000000-7c627365-3d3a-4495-0000-000000000000-metadata.table.feedFormat","nameKey":"NiFi Flow-Initialize Feed Parameters-metadata.table.feedFormat"},{"processGroupName":"NiFi Flow","processorName":"Initialize Feed Parameters","processorId":"7c627365-3d3a-4495-0000-000000000000","processGroupId":"73a2f0d6-0158-1000-0000-000000000000","processorType":"org.apache.nifi.processors.attributes.UpdateAttribute","key":"metadata.table.fieldIndexString","value":"${metadata.table.fieldIndexString}","templateValue":"${metadata.table.fieldIndexString}","userEditable":false,"expressionProperties":null,"propertyDescriptor":{"name":"metadata.table.fieldIndexString","displayName":null,"description":null,"defaultValue":null,"allowableValues":null,"required":null,"sensitive":null,"dynamic":null,"supportsEl":null,"identifiesControllerService":null},"renderType":"text","renderOptions":{},"selected":true,"inputProperty":false,"templateProperty":null,"idKey":"73a2f0d6-0158-1000-0000-000000000000-7c627365-3d3a-4495-0000-000000000000-metadata.table.fieldIndexString","nameKey":"NiFi Flow-Initialize Feed Parameters-metadata.table.fieldIndexString"},{"processGroupName":"NiFi Flow","processorName":"Initialize Feed Parameters","processorId":"7c627365-3d3a-4495-0000-000000000000","processGroupId":"73a2f0d6-0158-1000-0000-000000000000","processorType":"org.apache.nifi.processors.attributes.UpdateAttribute","key":"metadata.table.fieldPoliciesJson","value":"${metadata.table.fieldPoliciesJson}","templateValue":"${metadata.table.fieldPoliciesJson}","userEditable":false,"expressionProperties":null,"propertyDescriptor":{"name":"metadata.table.fieldPoliciesJson","displayName":null,"description":null,"defaultValue":null,"allowableValues":null,"required":null,"sensitive":null,"dynamic":null,"supportsEl":null,"identifiesControllerService":null},"renderType":"text","renderOptions":{},"selected":true,"inputProperty":false,"templateProperty":null,"idKey":"73a2f0d6-0158-1000-0000-000000000000-7c627365-3d3a-4495-0000-000000000000-metadata.table.fieldPoliciesJson","nameKey":"NiFi Flow-Initialize Feed Parameters-metadata.table.fieldPoliciesJson"},{"processGroupName":"NiFi Flow","processorName":"Initialize Feed Parameters","processorId":"7c627365-3d3a-4495-0000-000000000000","processGroupId":"73a2f0d6-0158-1000-0000-000000000000","processorType":"org.apache.nifi.processors.attributes.UpdateAttribute","key":"metadata.table.fieldStructure","value":"${metadata.table.fieldStructure}","templateValue":"${metadata.table.fieldStructure}","userEditable":false,"expressionProperties":null,"propertyDescriptor":{"name":"metadata.table.fieldStructure","displayName":null,"description":null,"defaultValue":null,"allowableValues":null,"required":null,"sensitive":null,"dynamic":null,"supportsEl":null,"identifiesControllerService":null},"renderType":"text","renderOptions":{},"selected":true,"inputProperty":false,"templateProperty":null,"idKey":"73a2f0d6-0158-1000-0000-000000000000-7c627365-3d3a-4495-0000-000000000000-metadata.table.fieldStructure","nameKey":"NiFi Flow-Initialize Feed Parameters-metadata.table.fieldStructure"},{"processGroupName":"NiFi Flow","processorName":"Initialize Feed Parameters","processorId":"7c627365-3d3a-4495-0000-000000000000","processGroupId":"73a2f0d6-0158-1000-0000-000000000000","processorType":"org.apache.nifi.processors.attributes.UpdateAttribute","key":"metadata.table.partitionSpecs","value":"${metadata.table.partitionSpecs}","templateValue":"${metadata.table.partitionSpecs}","userEditable":false,"expressionProperties":null,"propertyDescriptor":{"name":"metadata.table.partitionSpecs","displayName":null,"description":null,"defaultValue":null,"allowableValues":null,"required":null,"sensitive":null,"dynamic":null,"supportsEl":null,"identifiesControllerService":null},"renderType":"text","renderOptions":{},"selected":true,"inputProperty":false,"templateProperty":null,"idKey":"73a2f0d6-0158-1000-0000-000000000000-7c627365-3d3a-4495-0000-000000000000-metadata.table.partitionSpecs","nameKey":"NiFi Flow-Initialize Feed Parameters-metadata.table.partitionSpecs"},{"processGroupName":"NiFi Flow","processorName":"Initialize Feed Parameters","processorId":"7c627365-3d3a-4495-0000-000000000000","processGroupId":"73a2f0d6-0158-1000-0000-000000000000","processorType":"org.apache.nifi.processors.attributes.UpdateAttribute","key":"metadata.table.partitionStructure","value":"${metadata.table.partitionStructure}","templateValue":"${metadata.table.partitionStructure}","userEditable":false,"expressionProperties":null,"propertyDescriptor":{"name":"metadata.table.partitionStructure","displayName":null,"description":null,"defaultValue":null,"allowableValues":null,"required":null,"sensitive":null,"dynamic":null,"supportsEl":null,"identifiesControllerService":null},"renderType":"text","renderOptions":{},"selected":true,"inputProperty":false,"templateProperty":null,"idKey":"73a2f0d6-0158-1000-0000-000000000000-7c627365-3d3a-4495-0000-000000000000-metadata.table.partitionStructure","nameKey":"NiFi Flow-Initialize Feed Parameters-metadata.table.partitionStructure"},{"processGroupName":"NiFi Flow","processorName":"Initialize Feed Parameters","processorId":"7c627365-3d3a-4495-0000-000000000000","processGroupId":"73a2f0d6-0158-1000-0000-000000000000","processorType":"org.apache.nifi.processors.attributes.UpdateAttribute","key":"metadata.table.targetFormat","value":"${metadata.table.targetFormat}","templateValue":"${metadata.table.targetFormat}","userEditable":false,"expressionProperties":null,"propertyDescriptor":{"name":"metadata.table.targetFormat","displayName":null,"description":null,"defaultValue":null,"allowableValues":null,"required":null,"sensitive":null,"dynamic":null,"supportsEl":null,"identifiesControllerService":null},"renderType":"text","renderOptions":{},"selected":true,"inputProperty":false,"templateProperty":null,"idKey":"73a2f0d6-0158-1000-0000-000000000000-7c627365-3d3a-4495-0000-000000000000-metadata.table.targetFormat","nameKey":"NiFi Flow-Initialize Feed Parameters-metadata.table.targetFormat"},{"processGroupName":"NiFi Flow","processorName":"Initialize Feed Parameters","processorId":"7c627365-3d3a-4495-0000-000000000000","processGroupId":"73a2f0d6-0158-1000-0000-000000000000","processorType":"org.apache.nifi.processors.attributes.UpdateAttribute","key":"metadata.table.targetMergeStrategy","value":"${metadata.table.targetMergeStrategy}","templateValue":"${metadata.table.targetMergeStrategy}","userEditable":false,"expressionProperties":null,"propertyDescriptor":{"name":"metadata.table.targetMergeStrategy","displayName":null,"description":null,"defaultValue":null,"allowableValues":null,"required":null,"sensitive":null,"dynamic":null,"supportsEl":null,"identifiesControllerService":null},"renderType":"text","renderOptions":{},"selected":true,"inputProperty":false,"templateProperty":null,"idKey":"73a2f0d6-0158-1000-0000-000000000000-7c627365-3d3a-4495-0000-000000000000-metadata.table.targetMergeStrategy","nameKey":"NiFi Flow-Initialize Feed Parameters-metadata.table.targetMergeStrategy"},{"processGroupName":"NiFi Flow","processorName":"Initialize Feed Parameters","processorId":"7c627365-3d3a-4495-0000-000000000000","processGroupId":"73a2f0d6-0158-1000-0000-000000000000","processorType":"org.apache.nifi.processors.attributes.UpdateAttribute","key":"metadata.table.targetTblProperties","value":"${metadata.table.targetTblProperties}","templateValue":"${metadata.table.targetTblProperties}","userEditable":false,"expressionProperties":null,"propertyDescriptor":{"name":"metadata.table.targetTblProperties","displayName":null,"description":null,"defaultValue":null,"allowableValues":null,"required":null,"sensitive":null,"dynamic":null,"supportsEl":null,"identifiesControllerService":null},"renderType":"text","renderOptions":{},"selected":true,"inputProperty":false,"templateProperty":null,"idKey":"73a2f0d6-0158-1000-0000-000000000000-7c627365-3d3a-4495-0000-000000000000-metadata.table.targetTblProperties","nameKey":"NiFi Flow-Initialize Feed Parameters-metadata.table.targetTblProperties"},{"processGroupName":"NiFi Flow","processorName":"Initialize Feed Parameters","processorId":"7c627365-3d3a-4495-0000-000000000000","processGroupId":"73a2f0d6-0158-1000-0000-000000000000","processorType":"org.apache.nifi.processors.attributes.UpdateAttribute","key":"skipHeader","value":"${metadata.options.skipHeader}","templateValue":"${metadata.options.skipHeader}","userEditable":false,"expressionProperties":null,"propertyDescriptor":{"name":"skipHeader","displayName":null,"description":null,"defaultValue":null,"allowableValues":null,"required":null,"sensitive":null,"dynamic":null,"supportsEl":null,"identifiesControllerService":null},"renderType":"text","renderOptions":{},"selected":true,"inputProperty":false,"templateProperty":null,"idKey":"73a2f0d6-0158-1000-0000-000000000000-7c627365-3d3a-4495-0000-000000000000-skipHeader","nameKey":"NiFi Flow-Initialize Feed Parameters-skipHeader"}]}],"inputProcessors":[{"type":"com.thinkbiganalytics.nifi.v2.core.watermark.LoadHighWaterMark","name":"Database","id":"2567efe0-b28d-46c2-0000-000000000000","groupName":"NiFi Flow","groupId":"73a2f0d6-0158-1000-0000-000000000000","inputProcessor":true,"userDefinedInputProcessor":false,"properties":[{"processGroupName":"NiFi Flow","processorName":"Database","processorId":"2567efe0-b28d-46c2-0000-000000000000","processGroupId":"73a2f0d6-0158-1000-0000-000000000000","processorType":"com.thinkbiganalytics.nifi.v2.core.watermark.LoadHighWaterMark","key":"System feed category","value":"${metadata.category.systemName}","templateValue":"${metadata.category.systemName}","userEditable":false,"expressionProperties":null,"propertyDescriptor":{"name":"System feed category","displayName":null,"description":null,"defaultValue":null,"allowableValues":null,"required":null,"sensitive":null,"dynamic":null,"supportsEl":null,"identifiesControllerService":null},"renderType":"text","renderOptions":{},"selected":true,"inputProperty":true,"templateProperty":null,"idKey":"73a2f0d6-0158-1000-0000-000000000000-2567efe0-b28d-46c2-0000-000000000000-System feed category","nameKey":"NiFi Flow-Database-System feed category"},{"processGroupName":"NiFi Flow","processorName":"Database","processorId":"2567efe0-b28d-46c2-0000-000000000000","processGroupId":"73a2f0d6-0158-1000-0000-000000000000","processorType":"com.thinkbiganalytics.nifi.v2.core.watermark.LoadHighWaterMark","key":"System feed name","value":"${metadata.systemFeedName}","templateValue":"${metadata.systemFeedName}","userEditable":false,"expressionProperties":null,"propertyDescriptor":{"name":"System feed name","displayName":null,"description":null,"defaultValue":null,"allowableValues":null,"required":null,"sensitive":null,"dynamic":null,"supportsEl":null,"identifiesControllerService":null},"renderType":"text","renderOptions":{},"selected":true,"inputProperty":true,"templateProperty":null,"idKey":"73a2f0d6-0158-1000-0000-000000000000-2567efe0-b28d-46c2-0000-000000000000-System feed name","nameKey":"NiFi Flow-Database-System feed name"}]},{"type":"org.apache.nifi.processors.standard.GetFile","name":"Filesystem","id":"1f67e296-2ff8-4b5d-0000-000000000000","groupName":"NiFi Flow","groupId":"73a2f0d6-0158-1000-0000-000000000000","inputProcessor":true,"userDefinedInputProcessor":false,"properties":[{"processGroupName":"NiFi Flow","processorName":"Filesystem","processorId":"1f67e296-2ff8-4b5d-0000-000000000000","processGroupId":"73a2f0d6-0158-1000-0000-000000000000","processorType":"org.apache.nifi.processors.standard.GetFile","key":"File Filter","value":"mydata\\d{1,3}.csv","templateValue":"mydata\\d{1,3}.csv","userEditable":true,"expressionProperties":null,"propertyDescriptor":{"name":"File Filter","displayName":null,"description":null,"defaultValue":null,"allowableValues":null,"required":null,"sensitive":null,"dynamic":null,"supportsEl":null,"identifiesControllerService":null},"renderType":"text","renderOptions":{},"selected":true,"inputProperty":true,"templateProperty":null,"idKey":"73a2f0d6-0158-1000-0000-000000000000-1f67e296-2ff8-4b5d-0000-000000000000-File Filter","nameKey":"NiFi Flow-Filesystem-File Filter"},{"processGroupName":"NiFi Flow","processorName":"Filesystem","processorId":"1f67e296-2ff8-4b5d-0000-000000000000","processGroupId":"73a2f0d6-0158-1000-0000-000000000000","processorType":"org.apache.nifi.processors.standard.GetFile","key":"Input Directory","value":"/var/dropzone","templateValue":"/var/dropzone","userEditable":true,"expressionProperties":null,"propertyDescriptor":{"name":"Input Directory","displayName":null,"description":null,"defaultValue":null,"allowableValues":null,"required":null,"sensitive":null,"dynamic":null,"supportsEl":null,"identifiesControllerService":null},"renderType":"text","renderOptions":{},"selected":true,"inputProperty":true,"templateProperty":null,"idKey":"73a2f0d6-0158-1000-0000-000000000000-1f67e296-2ff8-4b5d-0000-000000000000-Input Directory","nameKey":"NiFi Flow-Filesystem-Input Directory"}]}],"id":"1bd98e75-8e37-46b7-af13-018b15a7ac1a","nifiTemplateId":"2c8fa25b-9f60-4c10-b4a2-ba72c055ea27","templateName":"Data Ingest","updateDate":1481241657458,"createDate":1481241657458,"icon":"input","iconColor":"#66BB6A","description":"Standard Data Ingest","state":"ENABLED","defineTable":true,"reusableTemplate":false,"reusableTemplateConnections":[{"feedOutputPortName":"to-standard-ingest","reusableTemplateInputPortName":"standard-ingest","inputPortDisplayName":"standard-ingest"},{"feedOutputPortName":"to-standard-cleanup","reusableTemplateInputPortName":"standard-cleanup","inputPortDisplayName":"standard-cleanup"}],"registeredDatasourceDefinitions":[{"processorType":"com.thinkbiganalytics.nifi.v2.ingest.GetTableData","processorName":"Fetch RDBMS Data","processorId":"6aeabec7-ec36-4ed5-0000-000000000000","datasourceDefinition":{"processorType":"com.thinkbiganalytics.nifi.v2.ingest.GetTableData","connectionType":"SOURCE","datasourcePropertyKeys":["Source Database Connection","Source Table"],"datasourceType":"DatabaseDatasource","identityString":"${Source Table} - ${Source Database Connection}","description":null,"title":"${Source Table}"}},{"processorType":"org.apache.nifi.processors.standard.GetFile","processorName":"Filesystem","processorId":"1f67e296-2ff8-4b5d-0000-000000000000","datasourceDefinition":{"processorType":"org.apache.nifi.processors.standard.GetFile","connectionType":"SOURCE","datasourcePropertyKeys":["Input Directory","File Filter"],"datasourceType":"DirectoryDatasource","identityString":"${Input Directory}/${File Filter}","description":" Directory or File source","title":"${Input Directory}/${File Filter}"}},{"processorType":"com.thinkbiganalytics.nifi.v2.ingest.MergeTable","processorName":"Merge Table","processorId":"2b1f1ef0-4e13-1bd6-0a37-7c17000c2065","datasourceDefinition":{"processorType":"com.thinkbiganalytics.nifi.v2.ingest.MergeTable","connectionType":"DESTINATION","datasourcePropertyKeys":["Target schema","Target table"],"datasourceType":"HiveDatasource","identityString":"${Target schema}.${Target table}","description":null,"title":"${Target schema}.${Target table}"}}],"order":0,"templateOrder":null,"feedsCount":0,"allowPreconditions":false,"dataTransformation":false}