<?xml version="1.0" ?>
<template encoding-version="1.1">
  <description></description>
  <groupId>53ea92d9-015e-1000-ddd4-3313aff37f8d</groupId>
  <name>Sample Spark App with Provenance</name>
  <snippet>
    <connections>
      <id>d708795b-2a92-39c6-0000-000000000000</id>
      <parentGroupId>e905313e-eb7e-39df-0000-000000000000</parentGroupId>
      <backPressureDataSizeThreshold>1 GB</backPressureDataSizeThreshold>
      <backPressureObjectThreshold>10000</backPressureObjectThreshold>
      <destination>
        <groupId>e905313e-eb7e-39df-0000-000000000000</groupId>
        <id>60d0996d-a91d-3c9f-0000-000000000000</id>
        <type>PROCESSOR</type>
      </destination>
      <flowFileExpiration>0 sec</flowFileExpiration>
      <labelIndex>1</labelIndex>
      <name></name>
      <selectedRelationships>success</selectedRelationships>
      <source>
        <groupId>e905313e-eb7e-39df-0000-000000000000</groupId>
        <id>8be99ee6-33dc-3cf6-0000-000000000000</id>
        <type>PROCESSOR</type>
      </source>
      <zIndex>0</zIndex>
    </connections>
    <connections>
      <id>fb2fd0c0-c546-37db-0000-000000000000</id>
      <parentGroupId>e905313e-eb7e-39df-0000-000000000000</parentGroupId>
      <backPressureDataSizeThreshold>1 GB</backPressureDataSizeThreshold>
      <backPressureObjectThreshold>10000</backPressureObjectThreshold>
      <destination>
        <groupId>e905313e-eb7e-39df-0000-000000000000</groupId>
        <id>0121f9c6-ef32-39b2-0000-000000000000</id>
        <type>PROCESSOR</type>
      </destination>
      <flowFileExpiration>0 sec</flowFileExpiration>
      <labelIndex>1</labelIndex>
      <name></name>
      <selectedRelationships>success</selectedRelationships>
      <source>
        <groupId>e905313e-eb7e-39df-0000-000000000000</groupId>
        <id>a533b664-ab58-3117-0000-000000000000</id>
        <type>PROCESSOR</type>
      </source>
      <zIndex>0</zIndex>
    </connections>
    <connections>
      <id>37ebe7f0-a540-3388-0000-000000000000</id>
      <parentGroupId>e905313e-eb7e-39df-0000-000000000000</parentGroupId>
      <backPressureDataSizeThreshold>1 GB</backPressureDataSizeThreshold>
      <backPressureObjectThreshold>10000</backPressureObjectThreshold>
      <destination>
        <groupId>e905313e-eb7e-39df-0000-000000000000</groupId>
        <id>a533b664-ab58-3117-0000-000000000000</id>
        <type>PROCESSOR</type>
      </destination>
      <flowFileExpiration>0 sec</flowFileExpiration>
      <labelIndex>1</labelIndex>
      <name></name>
      <selectedRelationships>success</selectedRelationships>
      <source>
        <groupId>e905313e-eb7e-39df-0000-000000000000</groupId>
        <id>60d0996d-a91d-3c9f-0000-000000000000</id>
        <type>PROCESSOR</type>
      </source>
      <zIndex>0</zIndex>
    </connections>
    <connections>
      <id>6854a5a0-1923-3cc5-0000-000000000000</id>
      <parentGroupId>e905313e-eb7e-39df-0000-000000000000</parentGroupId>
      <backPressureDataSizeThreshold>1 GB</backPressureDataSizeThreshold>
      <backPressureObjectThreshold>10000</backPressureObjectThreshold>
      <destination>
        <groupId>e905313e-eb7e-39df-0000-000000000000</groupId>
        <id>2f2d2e23-8084-3152-0000-000000000000</id>
        <type>PROCESSOR</type>
      </destination>
      <flowFileExpiration>0 sec</flowFileExpiration>
      <labelIndex>1</labelIndex>
      <name></name>
      <selectedRelationships>failure</selectedRelationships>
      <source>
        <groupId>e905313e-eb7e-39df-0000-000000000000</groupId>
        <id>a533b664-ab58-3117-0000-000000000000</id>
        <type>PROCESSOR</type>
      </source>
      <zIndex>0</zIndex>
    </connections>
    <processors>
      <id>8be99ee6-33dc-3cf6-0000-000000000000</id>
      <parentGroupId>e905313e-eb7e-39df-0000-000000000000</parentGroupId>
      <position>
        <x>0.0</x>
        <y>0.0</y>
      </position>
      <bundle>
        <artifact>nifi-standard-nar</artifact>
        <group>org.apache.nifi</group>
        <version>1.3.0</version>
      </bundle>
      <config>
        <bulletinLevel>WARN</bulletinLevel>
        <comments></comments>
        <concurrentlySchedulableTaskCount>1</concurrentlySchedulableTaskCount>
        <descriptors>
          <entry>
            <key>File Size</key>
            <value>
              <name>File Size</name>
            </value>
          </entry>
          <entry>
            <key>Batch Size</key>
            <value>
              <name>Batch Size</name>
            </value>
          </entry>
          <entry>
            <key>Data Format</key>
            <value>
              <name>Data Format</name>
            </value>
          </entry>
          <entry>
            <key>Unique FlowFiles</key>
            <value>
              <name>Unique FlowFiles</name>
            </value>
          </entry>
          <entry>
            <key>generate-ff-custom-text</key>
            <value>
              <name>generate-ff-custom-text</name>
            </value>
          </entry>
        </descriptors>
        <executionNode>ALL</executionNode>
        <lossTolerant>false</lossTolerant>
        <penaltyDuration>30 sec</penaltyDuration>
        <properties>
          <entry>
            <key>File Size</key>
            <value>0B</value>
          </entry>
          <entry>
            <key>Batch Size</key>
            <value>1</value>
          </entry>
          <entry>
            <key>Data Format</key>
            <value>Text</value>
          </entry>
          <entry>
            <key>Unique FlowFiles</key>
            <value>false</value>
          </entry>
          <entry>
            <key>generate-ff-custom-text</key>
          </entry>
        </properties>
        <runDurationMillis>0</runDurationMillis>
        <schedulingPeriod>0 sec</schedulingPeriod>
        <schedulingStrategy>TIMER_DRIVEN</schedulingStrategy>
        <yieldDuration>1 sec</yieldDuration>
      </config>
      <name>GenerateFlowFile</name>
      <relationships>
        <autoTerminate>false</autoTerminate>
        <name>success</name>
      </relationships>
      <style></style>
      <type>org.apache.nifi.processors.standard.GenerateFlowFile</type>
    </processors>
    <processors>
      <id>a533b664-ab58-3117-0000-000000000000</id>
      <parentGroupId>e905313e-eb7e-39df-0000-000000000000</parentGroupId>
      <position>
        <x>594.693364275081</x>
        <y>265.47142756017</y>
      </position>
      <bundle>
        <artifact>kylo-nifi-spark-v1.2-nar</artifact>
        <group>default</group>
        <version>unversioned</version>
      </bundle>
      <config>
        <bulletinLevel>WARN</bulletinLevel>
        <comments></comments>
        <concurrentlySchedulableTaskCount>10</concurrentlySchedulableTaskCount>
        <descriptors>
          <entry>
            <key>ApplicationJAR</key>
            <value>
              <name>ApplicationJAR</name>
            </value>
          </entry>
          <entry>
            <key>Extra JARs</key>
            <value>
              <name>Extra JARs</name>
            </value>
          </entry>
          <entry>
            <key>MainClass</key>
            <value>
              <name>MainClass</name>
            </value>
          </entry>
          <entry>
            <key>MainArgs</key>
            <value>
              <name>MainArgs</name>
            </value>
          </entry>
          <entry>
            <key>SparkMaster</key>
            <value>
              <name>SparkMaster</name>
            </value>
          </entry>
          <entry>
            <key>Spark YARN Deploy Mode</key>
            <value>
              <name>Spark YARN Deploy Mode</name>
            </value>
          </entry>
          <entry>
            <key>SparkHome</key>
            <value>
              <name>SparkHome</name>
            </value>
          </entry>
          <entry>
            <key>Spark Process Timeout</key>
            <value>
              <name>Spark Process Timeout</name>
            </value>
          </entry>
          <entry>
            <key>Driver Memory</key>
            <value>
              <name>Driver Memory</name>
            </value>
          </entry>
          <entry>
            <key>Executor Memory</key>
            <value>
              <name>Executor Memory</name>
            </value>
          </entry>
          <entry>
            <key>Number of Executors</key>
            <value>
              <name>Number of Executors</name>
            </value>
          </entry>
          <entry>
            <key>Spark Application Name</key>
            <value>
              <name>Spark Application Name</name>
            </value>
          </entry>
          <entry>
            <key>Executor Cores</key>
            <value>
              <name>Executor Cores</name>
            </value>
          </entry>
          <entry>
            <key>Network Timeout</key>
            <value>
              <name>Network Timeout</name>
            </value>
          </entry>
          <entry>
            <key>Hadoop Configuration Resources</key>
            <value>
              <name>Hadoop Configuration Resources</name>
            </value>
          </entry>
          <entry>
            <key>Kerberos Principal</key>
            <value>
              <name>Kerberos Principal</name>
            </value>
          </entry>
          <entry>
            <key>Kerberos Keytab</key>
            <value>
              <name>Kerberos Keytab</name>
            </value>
          </entry>
          <entry>
            <key>Yarn Queue</key>
            <value>
              <name>Yarn Queue</name>
            </value>
          </entry>
          <entry>
            <key>Spark Configurations</key>
            <value>
              <name>Spark Configurations</name>
            </value>
          </entry>
          <entry>
            <key>Extra Files</key>
            <value>
              <name>Extra Files</name>
            </value>
          </entry>
          <entry>
            <key>Data Sources</key>
            <value>
              <name>Data Sources</name>
            </value>
          </entry>
          <entry>
            <key>Metadata Service</key>
            <value>
              <identifiesControllerService>com.thinkbiganalytics.nifi.core.api.metadata.MetadataProviderService</identifiesControllerService>
              <name>Metadata Service</name>
            </value>
          </entry>
        </descriptors>
        <executionNode>ALL</executionNode>
        <lossTolerant>false</lossTolerant>
        <penaltyDuration>30 sec</penaltyDuration>
        <properties>
          <entry>
            <key>ApplicationJAR</key>
            <value>${nifi.home}/current/lib/app/kylo-spark-provenance-app-with-dependencies.jar</value>
          </entry>
          <entry>
            <key>Extra JARs</key>
            <value>/usr/hdp/current/hive-webhcat/share/hcatalog/hive-hcatalog-core.jar</value>
          </entry>
          <entry>
            <key>MainClass</key>
            <value>com.example.spark.provenance.SparkProvenance</value>
          </entry>
          <entry>
            <key>MainArgs</key>
            <value>${uuid},${job.uuid},${category}.${feed},${connectionUrl},${connectionType}</value>
          </entry>
          <entry>
            <key>SparkMaster</key>
            <value>yarn</value>
          </entry>
          <entry>
            <key>Spark YARN Deploy Mode</key>
            <value>cluster</value>
          </entry>
          <entry>
            <key>SparkHome</key>
            <value>/usr/hdp/current/spark2-client</value>
          </entry>
          <entry>
            <key>Spark Process Timeout</key>
            <value>3 min</value>
          </entry>
          <entry>
            <key>Driver Memory</key>
            <value>1024m</value>
          </entry>
          <entry>
            <key>Executor Memory</key>
            <value>512m</value>
          </entry>
          <entry>
            <key>Number of Executors</key>
            <value>1</value>
          </entry>
          <entry>
            <key>Spark Application Name</key>
            <value>Spark_Provenance</value>
          </entry>
          <entry>
            <key>Executor Cores</key>
            <value>1</value>
          </entry>
          <entry>
            <key>Network Timeout</key>
            <value>120s</value>
          </entry>
          <entry>
            <key>Hadoop Configuration Resources</key>
          </entry>
          <entry>
            <key>Kerberos Principal</key>
          </entry>
          <entry>
            <key>Kerberos Keytab</key>
          </entry>
          <entry>
            <key>Yarn Queue</key>
          </entry>
          <entry>
            <key>Spark Configurations</key>
          </entry>
          <entry>
            <key>Extra Files</key>
          </entry>
          <entry>
            <key>Data Sources</key>
          </entry>
          <entry>
            <key>Metadata Service</key>
          </entry>
        </properties>
        <runDurationMillis>0</runDurationMillis>
        <schedulingPeriod>0 sec</schedulingPeriod>
        <schedulingStrategy>TIMER_DRIVEN</schedulingStrategy>
        <yieldDuration>1 sec</yieldDuration>
      </config>
      <name>Spark Provenance</name>
      <relationships>
        <autoTerminate>false</autoTerminate>
        <name>failure</name>
      </relationships>
      <relationships>
        <autoTerminate>false</autoTerminate>
        <name>success</name>
      </relationships>
      <style>
        <entry>
          <key>background-color</key>
          <value>#2cfa08</value>
        </entry>
      </style>
      <type>com.thinkbiganalytics.nifi.v2.spark.ExecuteSparkJob</type>
    </processors>
    <processors>
      <id>0121f9c6-ef32-39b2-0000-000000000000</id>
      <parentGroupId>e905313e-eb7e-39df-0000-000000000000</parentGroupId>
      <position>
        <x>1019.2179623936663</x>
        <y>54.1001230149368</y>
      </position>
      <bundle>
        <artifact>nifi-update-attribute-nar</artifact>
        <group>org.apache.nifi</group>
        <version>1.3.0</version>
      </bundle>
      <config>
        <bulletinLevel>WARN</bulletinLevel>
        <comments></comments>
        <concurrentlySchedulableTaskCount>1</concurrentlySchedulableTaskCount>
        <descriptors>
          <entry>
            <key>Delete Attributes Expression</key>
            <value>
              <name>Delete Attributes Expression</name>
            </value>
          </entry>
          <entry>
            <key>Store State</key>
            <value>
              <name>Store State</name>
            </value>
          </entry>
          <entry>
            <key>Stateful Variables Initial Value</key>
            <value>
              <name>Stateful Variables Initial Value</name>
            </value>
          </entry>
          <entry>
            <key>Finshed</key>
            <value>
              <name>Finshed</name>
            </value>
          </entry>
        </descriptors>
        <executionNode>ALL</executionNode>
        <lossTolerant>false</lossTolerant>
        <penaltyDuration>30 sec</penaltyDuration>
        <properties>
          <entry>
            <key>Delete Attributes Expression</key>
          </entry>
          <entry>
            <key>Store State</key>
            <value>Do not store state</value>
          </entry>
          <entry>
            <key>Stateful Variables Initial Value</key>
          </entry>
          <entry>
            <key>Finshed</key>
            <value>true</value>
          </entry>
        </properties>
        <runDurationMillis>0</runDurationMillis>
        <schedulingPeriod>0 sec</schedulingPeriod>
        <schedulingStrategy>TIMER_DRIVEN</schedulingStrategy>
        <yieldDuration>1 sec</yieldDuration>
      </config>
      <name>Winner Winner</name>
      <relationships>
        <autoTerminate>true</autoTerminate>
        <name>success</name>
      </relationships>
      <style></style>
      <type>org.apache.nifi.processors.attributes.UpdateAttribute</type>
    </processors>
    <processors>
      <id>2f2d2e23-8084-3152-0000-000000000000</id>
      <parentGroupId>e905313e-eb7e-39df-0000-000000000000</parentGroupId>
      <position>
        <x>1021.861318080244</x>
        <y>485.16255496603753</y>
      </position>
      <bundle>
        <artifact>nifi-update-attribute-nar</artifact>
        <group>org.apache.nifi</group>
        <version>1.3.0</version>
      </bundle>
      <config>
        <bulletinLevel>WARN</bulletinLevel>
        <comments></comments>
        <concurrentlySchedulableTaskCount>1</concurrentlySchedulableTaskCount>
        <descriptors>
          <entry>
            <key>Delete Attributes Expression</key>
            <value>
              <name>Delete Attributes Expression</name>
            </value>
          </entry>
          <entry>
            <key>Store State</key>
            <value>
              <name>Store State</name>
            </value>
          </entry>
          <entry>
            <key>Stateful Variables Initial Value</key>
            <value>
              <name>Stateful Variables Initial Value</name>
            </value>
          </entry>
        </descriptors>
        <executionNode>ALL</executionNode>
        <lossTolerant>false</lossTolerant>
        <penaltyDuration>30 sec</penaltyDuration>
        <properties>
          <entry>
            <key>Delete Attributes Expression</key>
          </entry>
          <entry>
            <key>Store State</key>
            <value>Do not store state</value>
          </entry>
          <entry>
            <key>Stateful Variables Initial Value</key>
          </entry>
        </properties>
        <runDurationMillis>0</runDurationMillis>
        <schedulingPeriod>0 sec</schedulingPeriod>
        <schedulingStrategy>TIMER_DRIVEN</schedulingStrategy>
        <yieldDuration>1 sec</yieldDuration>
      </config>
      <name>Failed</name>
      <relationships>
        <autoTerminate>true</autoTerminate>
        <name>success</name>
      </relationships>
      <style></style>
      <type>org.apache.nifi.processors.attributes.UpdateAttribute</type>
    </processors>
    <processors>
      <id>60d0996d-a91d-3c9f-0000-000000000000</id>
      <parentGroupId>e905313e-eb7e-39df-0000-000000000000</parentGroupId>
      <position>
        <x>2.0560987003937043</x>
        <y>266.90046989566144</y>
      </position>
      <bundle>
        <artifact>nifi-update-attribute-nar</artifact>
        <group>org.apache.nifi</group>
        <version>1.3.0</version>
      </bundle>
      <config>
        <bulletinLevel>WARN</bulletinLevel>
        <comments></comments>
        <concurrentlySchedulableTaskCount>1</concurrentlySchedulableTaskCount>
        <descriptors>
          <entry>
            <key>Delete Attributes Expression</key>
            <value>
              <name>Delete Attributes Expression</name>
            </value>
          </entry>
          <entry>
            <key>Store State</key>
            <value>
              <name>Store State</name>
            </value>
          </entry>
          <entry>
            <key>Stateful Variables Initial Value</key>
            <value>
              <name>Stateful Variables Initial Value</name>
            </value>
          </entry>
          <entry>
            <key>category</key>
            <value>
              <name>category</name>
            </value>
          </entry>
          <entry>
            <key>connectionType</key>
            <value>
              <name>connectionType</name>
            </value>
          </entry>
          <entry>
            <key>connectionUrl</key>
            <value>
              <name>connectionUrl</name>
            </value>
          </entry>
          <entry>
            <key>feed</key>
            <value>
              <name>feed</name>
            </value>
          </entry>
          <entry>
            <key>job.uuid</key>
            <value>
              <name>job.uuid</name>
            </value>
          </entry>
          <entry>
            <key>nifi.home</key>
            <value>
              <name>nifi.home</name>
            </value>
          </entry>
          <entry>
            <key>skipHeader</key>
            <value>
              <name>skipHeader</name>
            </value>
          </entry>
          <entry>
            <key>spark.input_folder</key>
            <value>
              <name>spark.input_folder</name>
            </value>
          </entry>
        </descriptors>
        <executionNode>ALL</executionNode>
        <lossTolerant>false</lossTolerant>
        <penaltyDuration>30 sec</penaltyDuration>
        <properties>
          <entry>
            <key>Delete Attributes Expression</key>
          </entry>
          <entry>
            <key>Store State</key>
            <value>Do not store state</value>
          </entry>
          <entry>
            <key>Stateful Variables Initial Value</key>
            <value></value>
          </entry>
          <entry>
            <key>category</key>
            <value>${metadata.category.systemName}</value>
          </entry>
          <entry>
            <key>connectionType</key>
            <value>KAFKA</value>
          </entry>
          <entry>
            <key>connectionUrl</key>
            <value>sandbox.kylo.io:6667</value>
          </entry>
          <entry>
            <key>feed</key>
            <value>${metadata.systemFeedName}</value>
          </entry>
          <entry>
            <key>job.uuid</key>
            <value>${uuid}</value>
          </entry>
          <entry>
            <key>nifi.home</key>
            <value>${config.nifi.home}</value>
          </entry>
          <entry>
            <key>skipHeader</key>
            <value>${metadata.options.skipHeader}</value>
          </entry>
          <entry>
            <key>spark.input_folder</key>
            <value>/tmp/kylo-nifi/spark</value>
          </entry>
        </properties>
        <runDurationMillis>0</runDurationMillis>
        <schedulingPeriod>0 sec</schedulingPeriod>
        <schedulingStrategy>TIMER_DRIVEN</schedulingStrategy>
        <yieldDuration>1 sec</yieldDuration>
      </config>
      <name>Initialize Feed Parameters</name>
      <relationships>
        <autoTerminate>false</autoTerminate>
        <name>success</name>
      </relationships>
      <style>
        <entry>
          <key>background-color</key>
          <value>#11f237</value>
        </entry>
      </style>
      <type>org.apache.nifi.processors.attributes.UpdateAttribute</type>
    </processors>
  </snippet>
  <timestamp>03/09/2018 01:39:35 UTC</timestamp>
</template>