{"owner":{"displayName":"Data Lake Administrator","email":null,"enabled":true,"groups":["admin","user"],"systemName":"dladmin"},"allowedActions":{"actions":[{"systemName":"accessTemplate","actions":[{"systemName":"editTemplate"},{"systemName":"deleteTemplate"},{"systemName":"exportTemplate"},{"systemName":"createFeedFromTemplate"},{"systemName":"changeTemplatePermissions"}]}]},"roleMemberships":[],"feedRoleMemberships":[],"properties":[{"processGroupName":"NiFi Flow","processorName":"GenerateFlowFile","processorId":"8be99ee6-33dc-3cf6-ba00-0438fe84b358","processGroupId":"0869fc4a-0162-1000-40f3-b212baab2655","processorType":"org.apache.nifi.processors.standard.GenerateFlowFile","key":"Batch Size","value":"1","expressionProperties":null,"propertyDescriptor":{"name":"Batch Size","displayName":"Batch Size","description":"The number of FlowFiles to be transferred in each invocation","defaultValue":"1","allowableValues":null,"required":true,"sensitive":false,"dynamic":false,"supportsEl":false,"identifiesControllerService":null},"templateValue":"1","userEditable":true,"renderType":"number","renderOptions":{"selectCustom":"false"},"selected":true,"inputProperty":true,"containsConfigurationVariables":false,"sensitive":false,"required":true,"templateProperty":null,"nameKey":"NiFi Flow-GenerateFlowFile-Batch Size","idKey":"0869fc4a-0162-1000-40f3-b212baab2655-8be99ee6-33dc-3cf6-ba00-0438fe84b358-Batch Size","processorNameTypeKey":"GenerateFlowFile-org.apache.nifi.processors.standard.GenerateFlowFile-Batch Size"},{"processGroupName":"NiFi Flow","processorName":"Initialize Feed Parameters","processorId":"60d0996d-a91d-3c9f-43e9-f4b763343ee3","processGroupId":"0869fc4a-0162-1000-40f3-b212baab2655","processorType":"org.apache.nifi.processors.attributes.UpdateAttribute","key":"category","value":"${metadata.category.systemName}","expressionProperties":null,"propertyDescriptor":{"name":"category","displayName":"category","description":"","defaultValue":null,"allowableValues":null,"required":false,"sensitive":false,"dynamic":true,"supportsEl":true,"identifiesControllerService":null},"templateValue":"${metadata.category.systemName}","userEditable":false,"renderType":"text","renderOptions":{},"selected":true,"inputProperty":false,"containsConfigurationVariables":false,"sensitive":false,"required":false,"templateProperty":null,"nameKey":"NiFi Flow-Initialize Feed Parameters-category","idKey":"0869fc4a-0162-1000-40f3-b212baab2655-60d0996d-a91d-3c9f-43e9-f4b763343ee3-category","processorNameTypeKey":"Initialize Feed Parameters-org.apache.nifi.processors.attributes.UpdateAttribute-category"},{"processGroupName":"NiFi Flow","processorName":"Initialize Feed Parameters","processorId":"60d0996d-a91d-3c9f-43e9-f4b763343ee3","processGroupId":"0869fc4a-0162-1000-40f3-b212baab2655","processorType":"org.apache.nifi.processors.attributes.UpdateAttribute","key":"connectionType","value":"KAFKA","expressionProperties":null,"propertyDescriptor":{"name":"connectionType","displayName":"connectionType","description":"","defaultValue":null,"allowableValues":null,"required":false,"sensitive":false,"dynamic":true,"supportsEl":true,"identifiesControllerService":null},"templateValue":"KAFKA","userEditable":true,"renderType":"select","renderOptions":{"selectCustom":"true","selectOptions":"[\"JMS\",\"KAFKA\"]"},"selected":true,"inputProperty":false,"containsConfigurationVariables":false,"sensitive":false,"required":true,"templateProperty":null,"nameKey":"NiFi Flow-Initialize Feed Parameters-connectionType","idKey":"0869fc4a-0162-1000-40f3-b212baab2655-60d0996d-a91d-3c9f-43e9-f4b763343ee3-connectionType","processorNameTypeKey":"Initialize Feed Parameters-org.apache.nifi.processors.attributes.UpdateAttribute-connectionType"},{"processGroupName":"NiFi Flow","processorName":"Initialize Feed Parameters","processorId":"60d0996d-a91d-3c9f-43e9-f4b763343ee3","processGroupId":"0869fc4a-0162-1000-40f3-b212baab2655","processorType":"org.apache.nifi.processors.attributes.UpdateAttribute","key":"connectionUrl","value":"sandbox.kylo.io:6667","expressionProperties":null,"propertyDescriptor":{"name":"connectionUrl","displayName":"connectionUrl","description":"","defaultValue":null,"allowableValues":null,"required":false,"sensitive":false,"dynamic":true,"supportsEl":true,"identifiesControllerService":null},"templateValue":"sandbox.kylo.io:6667","userEditable":true,"renderType":"text","renderOptions":{},"selected":true,"inputProperty":false,"containsConfigurationVariables":false,"sensitive":false,"required":true,"templateProperty":null,"nameKey":"NiFi Flow-Initialize Feed Parameters-connectionUrl","idKey":"0869fc4a-0162-1000-40f3-b212baab2655-60d0996d-a91d-3c9f-43e9-f4b763343ee3-connectionUrl","processorNameTypeKey":"Initialize Feed Parameters-org.apache.nifi.processors.attributes.UpdateAttribute-connectionUrl"},{"processGroupName":"NiFi Flow","processorName":"Initialize Feed Parameters","processorId":"60d0996d-a91d-3c9f-43e9-f4b763343ee3","processGroupId":"0869fc4a-0162-1000-40f3-b212baab2655","processorType":"org.apache.nifi.processors.attributes.UpdateAttribute","key":"feed","value":"${metadata.systemFeedName}","expressionProperties":null,"propertyDescriptor":{"name":"feed","displayName":"feed","description":"","defaultValue":null,"allowableValues":null,"required":false,"sensitive":false,"dynamic":true,"supportsEl":true,"identifiesControllerService":null},"templateValue":"${metadata.systemFeedName}","userEditable":false,"renderType":"text","renderOptions":{},"selected":true,"inputProperty":false,"containsConfigurationVariables":false,"sensitive":false,"required":false,"templateProperty":null,"nameKey":"NiFi Flow-Initialize Feed Parameters-feed","idKey":"0869fc4a-0162-1000-40f3-b212baab2655-60d0996d-a91d-3c9f-43e9-f4b763343ee3-feed","processorNameTypeKey":"Initialize Feed Parameters-org.apache.nifi.processors.attributes.UpdateAttribute-feed"},{"processGroupName":"NiFi Flow","processorName":"Initialize Feed Parameters","processorId":"60d0996d-a91d-3c9f-43e9-f4b763343ee3","processGroupId":"0869fc4a-0162-1000-40f3-b212baab2655","processorType":"org.apache.nifi.processors.attributes.UpdateAttribute","key":"nifi.home","value":"${config.nifi.home}","expressionProperties":null,"propertyDescriptor":{"name":"nifi.home","displayName":"nifi.home","description":"","defaultValue":null,"allowableValues":null,"required":false,"sensitive":false,"dynamic":true,"supportsEl":true,"identifiesControllerService":null},"templateValue":"${config.nifi.home}","userEditable":false,"renderType":"text","renderOptions":{},"selected":true,"inputProperty":false,"containsConfigurationVariables":false,"sensitive":false,"required":false,"templateProperty":null,"nameKey":"NiFi Flow-Initialize Feed Parameters-nifi.home","idKey":"0869fc4a-0162-1000-40f3-b212baab2655-60d0996d-a91d-3c9f-43e9-f4b763343ee3-nifi.home","processorNameTypeKey":"Initialize Feed Parameters-org.apache.nifi.processors.attributes.UpdateAttribute-nifi.home"},{"processGroupName":"NiFi Flow","processorName":"Initialize Feed Parameters","processorId":"60d0996d-a91d-3c9f-43e9-f4b763343ee3","processGroupId":"0869fc4a-0162-1000-40f3-b212baab2655","processorType":"org.apache.nifi.processors.attributes.UpdateAttribute","key":"skipHeader","value":"${metadata.options.skipHeader}","expressionProperties":null,"propertyDescriptor":{"name":"skipHeader","displayName":"skipHeader","description":"","defaultValue":null,"allowableValues":null,"required":false,"sensitive":false,"dynamic":true,"supportsEl":true,"identifiesControllerService":null},"templateValue":"${metadata.options.skipHeader}","userEditable":false,"renderType":"text","renderOptions":{},"selected":true,"inputProperty":false,"containsConfigurationVariables":false,"sensitive":false,"required":false,"templateProperty":null,"nameKey":"NiFi Flow-Initialize Feed Parameters-skipHeader","idKey":"0869fc4a-0162-1000-40f3-b212baab2655-60d0996d-a91d-3c9f-43e9-f4b763343ee3-skipHeader","processorNameTypeKey":"Initialize Feed Parameters-org.apache.nifi.processors.attributes.UpdateAttribute-skipHeader"},{"processGroupName":"NiFi Flow","processorName":"Spark Provenance","processorId":"a533b664-ab58-3117-f050-baba0a8ae040","processGroupId":"0869fc4a-0162-1000-40f3-b212baab2655","processorType":"com.thinkbiganalytics.nifi.v2.spark.ExecuteSparkJob","key":"Spark Application Name","value":"Spark_Provenance","expressionProperties":null,"propertyDescriptor":{"name":"Spark Application Name","displayName":"Spark Application Name","description":"The name of the spark application","defaultValue":null,"allowableValues":null,"required":true,"sensitive":false,"dynamic":false,"supportsEl":true,"identifiesControllerService":null},"templateValue":"Spark_Provenance","userEditable":true,"renderType":"text","renderOptions":{},"selected":true,"inputProperty":false,"containsConfigurationVariables":false,"sensitive":false,"required":true,"templateProperty":null,"nameKey":"NiFi Flow-Spark Provenance-Spark Application Name","idKey":"0869fc4a-0162-1000-40f3-b212baab2655-a533b664-ab58-3117-f050-baba0a8ae040-Spark Application Name","processorNameTypeKey":"Spark Provenance-com.thinkbiganalytics.nifi.v2.spark.ExecuteSparkJob-Spark Application Name"},{"processGroupName":"NiFi Flow","processorName":"Spark Provenance","processorId":"a533b664-ab58-3117-f050-baba0a8ae040","processGroupId":"0869fc4a-0162-1000-40f3-b212baab2655","processorType":"com.thinkbiganalytics.nifi.v2.spark.ExecuteSparkJob","key":"SparkHome","value":"/usr/hdp/current/spark2-client","expressionProperties":null,"propertyDescriptor":{"name":"SparkHome","displayName":"SparkHome","description":"Path to the Spark Client directory","defaultValue":"/usr/hdp/current/spark-client/","allowableValues":null,"required":true,"sensitive":false,"dynamic":false,"supportsEl":true,"identifiesControllerService":null},"templateValue":"/usr/hdp/current/spark2-client","userEditable":true,"renderType":"text","renderOptions":{},"selected":true,"inputProperty":false,"containsConfigurationVariables":false,"sensitive":false,"required":true,"templateProperty":null,"nameKey":"NiFi Flow-Spark Provenance-SparkHome","idKey":"0869fc4a-0162-1000-40f3-b212baab2655-a533b664-ab58-3117-f050-baba0a8ae040-SparkHome","processorNameTypeKey":"Spark Provenance-com.thinkbiganalytics.nifi.v2.spark.ExecuteSparkJob-SparkHome"}],"nonInputProcessors":[{"properties":[{"processGroupName":"NiFi Flow","processorName":"Initialize Feed Parameters","processorId":"60d0996d-a91d-3c9f-43e9-f4b763343ee3","processGroupId":"0869fc4a-0162-1000-40f3-b212baab2655","processorType":"org.apache.nifi.processors.attributes.UpdateAttribute","key":"category","value":"${metadata.category.systemName}","expressionProperties":null,"propertyDescriptor":{"name":"category","displayName":"category","description":"","defaultValue":null,"allowableValues":null,"required":false,"sensitive":false,"dynamic":true,"supportsEl":true,"identifiesControllerService":null},"templateValue":"${metadata.category.systemName}","userEditable":false,"renderType":"text","renderOptions":{},"selected":true,"inputProperty":false,"containsConfigurationVariables":false,"sensitive":false,"required":false,"templateProperty":null,"nameKey":"NiFi Flow-Initialize Feed Parameters-category","idKey":"0869fc4a-0162-1000-40f3-b212baab2655-60d0996d-a91d-3c9f-43e9-f4b763343ee3-category","processorNameTypeKey":"Initialize Feed Parameters-org.apache.nifi.processors.attributes.UpdateAttribute-category"},{"processGroupName":"NiFi Flow","processorName":"Initialize Feed Parameters","processorId":"60d0996d-a91d-3c9f-43e9-f4b763343ee3","processGroupId":"0869fc4a-0162-1000-40f3-b212baab2655","processorType":"org.apache.nifi.processors.attributes.UpdateAttribute","key":"connectionType","value":"KAFKA","expressionProperties":null,"propertyDescriptor":{"name":"connectionType","displayName":"connectionType","description":"","defaultValue":null,"allowableValues":null,"required":false,"sensitive":false,"dynamic":true,"supportsEl":true,"identifiesControllerService":null},"templateValue":"KAFKA","userEditable":true,"renderType":"select","renderOptions":{"selectCustom":"true","selectOptions":"[\"JMS\",\"KAFKA\"]"},"selected":true,"inputProperty":false,"containsConfigurationVariables":false,"sensitive":false,"required":true,"templateProperty":null,"nameKey":"NiFi Flow-Initialize Feed Parameters-connectionType","idKey":"0869fc4a-0162-1000-40f3-b212baab2655-60d0996d-a91d-3c9f-43e9-f4b763343ee3-connectionType","processorNameTypeKey":"Initialize Feed Parameters-org.apache.nifi.processors.attributes.UpdateAttribute-connectionType"},{"processGroupName":"NiFi Flow","processorName":"Initialize Feed Parameters","processorId":"60d0996d-a91d-3c9f-43e9-f4b763343ee3","processGroupId":"0869fc4a-0162-1000-40f3-b212baab2655","processorType":"org.apache.nifi.processors.attributes.UpdateAttribute","key":"connectionUrl","value":"sandbox.kylo.io:6667","expressionProperties":null,"propertyDescriptor":{"name":"connectionUrl","displayName":"connectionUrl","description":"","defaultValue":null,"allowableValues":null,"required":false,"sensitive":false,"dynamic":true,"supportsEl":true,"identifiesControllerService":null},"templateValue":"sandbox.kylo.io:6667","userEditable":true,"renderType":"text","renderOptions":{},"selected":true,"inputProperty":false,"containsConfigurationVariables":false,"sensitive":false,"required":true,"templateProperty":null,"nameKey":"NiFi Flow-Initialize Feed Parameters-connectionUrl","idKey":"0869fc4a-0162-1000-40f3-b212baab2655-60d0996d-a91d-3c9f-43e9-f4b763343ee3-connectionUrl","processorNameTypeKey":"Initialize Feed Parameters-org.apache.nifi.processors.attributes.UpdateAttribute-connectionUrl"},{"processGroupName":"NiFi Flow","processorName":"Initialize Feed Parameters","processorId":"60d0996d-a91d-3c9f-43e9-f4b763343ee3","processGroupId":"0869fc4a-0162-1000-40f3-b212baab2655","processorType":"org.apache.nifi.processors.attributes.UpdateAttribute","key":"feed","value":"${metadata.systemFeedName}","expressionProperties":null,"propertyDescriptor":{"name":"feed","displayName":"feed","description":"","defaultValue":null,"allowableValues":null,"required":false,"sensitive":false,"dynamic":true,"supportsEl":true,"identifiesControllerService":null},"templateValue":"${metadata.systemFeedName}","userEditable":false,"renderType":"text","renderOptions":{},"selected":true,"inputProperty":false,"containsConfigurationVariables":false,"sensitive":false,"required":false,"templateProperty":null,"nameKey":"NiFi Flow-Initialize Feed Parameters-feed","idKey":"0869fc4a-0162-1000-40f3-b212baab2655-60d0996d-a91d-3c9f-43e9-f4b763343ee3-feed","processorNameTypeKey":"Initialize Feed Parameters-org.apache.nifi.processors.attributes.UpdateAttribute-feed"},{"processGroupName":"NiFi Flow","processorName":"Initialize Feed Parameters","processorId":"60d0996d-a91d-3c9f-43e9-f4b763343ee3","processGroupId":"0869fc4a-0162-1000-40f3-b212baab2655","processorType":"org.apache.nifi.processors.attributes.UpdateAttribute","key":"nifi.home","value":"${config.nifi.home}","expressionProperties":null,"propertyDescriptor":{"name":"nifi.home","displayName":"nifi.home","description":"","defaultValue":null,"allowableValues":null,"required":false,"sensitive":false,"dynamic":true,"supportsEl":true,"identifiesControllerService":null},"templateValue":"${config.nifi.home}","userEditable":false,"renderType":"text","renderOptions":{},"selected":true,"inputProperty":false,"containsConfigurationVariables":false,"sensitive":false,"required":false,"templateProperty":null,"nameKey":"NiFi Flow-Initialize Feed Parameters-nifi.home","idKey":"0869fc4a-0162-1000-40f3-b212baab2655-60d0996d-a91d-3c9f-43e9-f4b763343ee3-nifi.home","processorNameTypeKey":"Initialize Feed Parameters-org.apache.nifi.processors.attributes.UpdateAttribute-nifi.home"},{"processGroupName":"NiFi Flow","processorName":"Initialize Feed Parameters","processorId":"60d0996d-a91d-3c9f-43e9-f4b763343ee3","processGroupId":"0869fc4a-0162-1000-40f3-b212baab2655","processorType":"org.apache.nifi.processors.attributes.UpdateAttribute","key":"skipHeader","value":"${metadata.options.skipHeader}","expressionProperties":null,"propertyDescriptor":{"name":"skipHeader","displayName":"skipHeader","description":"","defaultValue":null,"allowableValues":null,"required":false,"sensitive":false,"dynamic":true,"supportsEl":true,"identifiesControllerService":null},"templateValue":"${metadata.options.skipHeader}","userEditable":false,"renderType":"text","renderOptions":{},"selected":true,"inputProperty":false,"containsConfigurationVariables":false,"sensitive":false,"required":false,"templateProperty":null,"nameKey":"NiFi Flow-Initialize Feed Parameters-skipHeader","idKey":"0869fc4a-0162-1000-40f3-b212baab2655-60d0996d-a91d-3c9f-43e9-f4b763343ee3-skipHeader","processorNameTypeKey":"Initialize Feed Parameters-org.apache.nifi.processors.attributes.UpdateAttribute-skipHeader"}],"type":"org.apache.nifi.processors.attributes.UpdateAttribute","name":"Initialize Feed Parameters","id":"60d0996d-a91d-3c9f-43e9-f4b763343ee3","groupName":"NiFi Flow","groupId":"0869fc4a-0162-1000-40f3-b212baab2655","inputProcessor":false,"userDefinedInputProcessor":false},{"properties":[{"processGroupName":"NiFi Flow","processorName":"Spark Provenance","processorId":"a533b664-ab58-3117-f050-baba0a8ae040","processGroupId":"0869fc4a-0162-1000-40f3-b212baab2655","processorType":"com.thinkbiganalytics.nifi.v2.spark.ExecuteSparkJob","key":"Spark Application Name","value":"Spark_Provenance","expressionProperties":null,"propertyDescriptor":{"name":"Spark Application Name","displayName":"Spark Application Name","description":"The name of the spark application","defaultValue":null,"allowableValues":null,"required":true,"sensitive":false,"dynamic":false,"supportsEl":true,"identifiesControllerService":null},"templateValue":"Spark_Provenance","userEditable":true,"renderType":"text","renderOptions":{},"selected":true,"inputProperty":false,"containsConfigurationVariables":false,"sensitive":false,"required":true,"templateProperty":null,"nameKey":"NiFi Flow-Spark Provenance-Spark Application Name","idKey":"0869fc4a-0162-1000-40f3-b212baab2655-a533b664-ab58-3117-f050-baba0a8ae040-Spark Application Name","processorNameTypeKey":"Spark Provenance-com.thinkbiganalytics.nifi.v2.spark.ExecuteSparkJob-Spark Application Name"},{"processGroupName":"NiFi Flow","processorName":"Spark Provenance","processorId":"a533b664-ab58-3117-f050-baba0a8ae040","processGroupId":"0869fc4a-0162-1000-40f3-b212baab2655","processorType":"com.thinkbiganalytics.nifi.v2.spark.ExecuteSparkJob","key":"SparkHome","value":"/usr/hdp/current/spark2-client","expressionProperties":null,"propertyDescriptor":{"name":"SparkHome","displayName":"SparkHome","description":"Path to the Spark Client directory","defaultValue":"/usr/hdp/current/spark-client/","allowableValues":null,"required":true,"sensitive":false,"dynamic":false,"supportsEl":true,"identifiesControllerService":null},"templateValue":"/usr/hdp/current/spark2-client","userEditable":true,"renderType":"text","renderOptions":{},"selected":true,"inputProperty":false,"containsConfigurationVariables":false,"sensitive":false,"required":true,"templateProperty":null,"nameKey":"NiFi Flow-Spark Provenance-SparkHome","idKey":"0869fc4a-0162-1000-40f3-b212baab2655-a533b664-ab58-3117-f050-baba0a8ae040-SparkHome","processorNameTypeKey":"Spark Provenance-com.thinkbiganalytics.nifi.v2.spark.ExecuteSparkJob-SparkHome"}],"type":"com.thinkbiganalytics.nifi.v2.spark.ExecuteSparkJob","name":"Spark Provenance","id":"a533b664-ab58-3117-f050-baba0a8ae040","groupName":"NiFi Flow","groupId":"0869fc4a-0162-1000-40f3-b212baab2655","inputProcessor":false,"userDefinedInputProcessor":false}],"inputProcessors":[{"properties":[{"processGroupName":"NiFi Flow","processorName":"GenerateFlowFile","processorId":"8be99ee6-33dc-3cf6-ba00-0438fe84b358","processGroupId":"0869fc4a-0162-1000-40f3-b212baab2655","processorType":"org.apache.nifi.processors.standard.GenerateFlowFile","key":"Batch Size","value":"1","expressionProperties":null,"propertyDescriptor":{"name":"Batch Size","displayName":"Batch Size","description":"The number of FlowFiles to be transferred in each invocation","defaultValue":"1","allowableValues":null,"required":true,"sensitive":false,"dynamic":false,"supportsEl":false,"identifiesControllerService":null},"templateValue":"1","userEditable":true,"renderType":"number","renderOptions":{"selectCustom":"false"},"selected":true,"inputProperty":true,"containsConfigurationVariables":false,"sensitive":false,"required":true,"templateProperty":null,"nameKey":"NiFi Flow-GenerateFlowFile-Batch Size","idKey":"0869fc4a-0162-1000-40f3-b212baab2655-8be99ee6-33dc-3cf6-ba00-0438fe84b358-Batch Size","processorNameTypeKey":"GenerateFlowFile-org.apache.nifi.processors.standard.GenerateFlowFile-Batch Size"}],"type":"org.apache.nifi.processors.standard.GenerateFlowFile","name":"GenerateFlowFile","id":"8be99ee6-33dc-3cf6-ba00-0438fe84b358","groupName":"NiFi Flow","groupId":"0869fc4a-0162-1000-40f3-b212baab2655","inputProcessor":true,"userDefinedInputProcessor":false}],"id":"2c8260ab-ee77-4708-9f8b-453338982070","nifiTemplateId":"06d4840f-b8a6-4fdb-9de5-051c86ef2e1f","templateName":"Sample Spark App with Provenance","updateDate":1520560372496,"createDate":1520559479666,"icon":"timeline","iconColor":"#90CAF9","description":"Sample Spark application that uses the provenance api to add additional provenance events","state":"ENABLED","defineTable":false,"reusableTemplate":false,"reusableTemplateConnections":[],"registeredDatasourceDefinitions":[],"order":11,"templateOrder":null,"feedsCount":1,"templateTableOption":"NO_TABLE","timeBetweenStartingBatchJobs":1000,"stream":false,"allowPreconditions":false,"dataTransformation":false,"isStream":false}