{"id":"ee5e9078-adec-4a4a-9bd0-fd61294348e0","feedId":"ee5e9078-adec-4a4a-9bd0-fd61294348e0","templateId":"384a0cd2-12af-4d73-829c-97952785ae60","inputProcessorType":"org.apache.nifi.processors.standard.GetJMSTopic","templateName":"Index Text Service","properties":[],"schedule":{"schedulingPeriod":"1 sec","schedulingStrategy":"TIMER_DRIVEN","concurrentTasks":1,"preconditions":null},"feedName":"Index Text Service","systemFeedName":"index_text_service","description":"Global Index Text Service","tags":[],"dataOwner":"","category":{"id":"6d53c250-d005-4fb6-ad4f-8823c493d1ad","name":"System","systemName":"system","icon":"cloud","iconColor":"#FFCA28","description":"System Data","securityGroups":null,"userFields":null,"userProperties":null,"relatedFeeds":0,"createDate":1482349721257,"updateDate":1482349740529},"table":{"tableSchema":{"name":null,"description":"","charset":null,"properties":{},"fields":[],"schemaName":null,"databaseName":null,"id":"819d2053-a76c-4ab0-8014-b91ead2976af"},"sourceTableSchema":{"name":"NA","description":"","charset":null,"properties":{},"fields":[],"schemaName":null,"databaseName":null,"id":"bb70f008-4d73-41d0-9dd0-d000ee03c8b0"},"feedTableSchema":null,"method":"MANUAL","description":"","fieldPolicies":[],"partitions":[],"tableType":null,"incrementalDateField":null,"sourceTableIncrementalDateField":null,"options":{"compress":false,"auditLogging":true,"encrypt":false,"trackHistory":false,"compressionFormat":null},"feedFormat":"ROW FORMAT SERDE 'org.apache.hadoop.hive.serde2.OpenCSVSerde' WITH SERDEPROPERTIES ( 'separatorChar' = ',' ,'escapeChar' = '\\' ,'quoteChar' = '\"') STORED AS TEXTFILE","targetFormat":null,"targetTblProperties":"","targetMergeStrategy":"DEDUPE_AND_MERGE","fieldPoliciesJson":"[]","fieldIndexString":"","partitionStructure":"","partitionSpecs":"","fieldStructure":"","fieldsString":"","sourceFields":"NA","sourceFieldsCommaString":"NA","feedFieldStructure":null,"existingTableName":null,"nullableFields":"","primaryKeyFields":""},"createDate":1482349740529,"updateDate":1482349740760,"dataTransformation":{"chartViewModel":null,"dataTransformScript":null,"sql":null,"states":[]},"active":true,"state":"ENABLED","nifiProcessGroupId":"22edff47-0159-1000-5417-b3cceb190b93","options":{"skipHeader":false},"version":0,"registeredTemplate":{"properties":[],"nonInputProcessors":null,"inputProcessors":[{"type":"org.apache.nifi.processors.standard.GetJMSTopic","name":"Receive Index Request","id":"2bd64d97-2b1f-1ef0-0000-000000000000","groupName":null,"groupId":"7c664aaf-3d33-447e-0000-000000000000","inputProcessor":true,"userDefinedInputProcessor":false,"properties":[]}],"id":"384a0cd2-12af-4d73-829c-97952785ae60","nifiTemplateId":"bba2ee19-acf6-42b2-9365-13ce8e451d61","templateName":"Index Text Service","updateDate":1483748181265,"createDate":1482349739272,"icon":"message","iconColor":"#66BB6A","description":"Global Text Index Service","state":"ENABLED","defineTable":false,"reusableTemplate":false,"reusableTemplateConnections":[],"registeredDatasourceDefinitions":[],"order":2,"templateOrder":null,"processorFlowTypeMap":{},"feedsCount":1,"stream":false,"allowPreconditions":false,"dataTransformation":false,"isStream":false},"userProperties":[],"securityGroups":[],"usedByFeeds":[],"categoryId":"6d53c250-d005-4fb6-ad4f-8823c493d1ad","categoryIcon":"cloud","categoryIconColor":"#FFCA28","new":false,"categoryAndFeedDisplayName":"System.Index Text Service","categoryName":"System","systemCategoryName":"system","reusableFeed":false}