{"id":"2d045be5-dd89-402e-8284-a6781df86805","feedId":"2d045be5-dd89-402e-8284-a6781df86805","templateId":"a641ad4d-9f89-45bb-a1ba-c00a385ba8a7","inputProcessorType":"org.apache.nifi.processors.standard.GetJMSTopic","templateName":"Index Text Service","properties":[],"schedule":{"schedulingPeriod":"1 sec","schedulingStrategy":"TIMER_DRIVEN","concurrentTasks":1,"preconditions":null},"feedName":"Index Text Service","systemFeedName":"index_text_service","description":"Global Index Text Service","tags":[],"dataOwner":"","category":{"id":"41d37975-0a35-4d75-92a7-cbd4bd150823","name":"System","systemName":"system","icon":"cloud","iconColor":"#FFCA28","description":"System Data","securityGroups":null,"userFields":null,"userProperties":null,"relatedFeeds":0,"createDate":1466629796580,"updateDate":1478211708115},"table":{"tableSchema":{"name":null,"schemaName":null,"description":"","fields":[],"delim":null,"escape":null,"quote":null,"hiveRecordFormat":null},"sourceTableSchema":{"name":null,"schemaName":null,"description":"","fields":[],"delim":null,"escape":null,"quote":null,"hiveRecordFormat":null},"method":"MANUAL","description":"","fieldPolicies":[],"partitions":[],"tableType":null,"incrementalDateField":null,"sourceTableIncrementalDateField":null,"options":{"compress":false,"auditLogging":true,"encrypt":false,"trackHistory":false,"compressionFormat":null},"feedFormat":"ROW FORMAT SERDE 'org.apache.hadoop.hive.serde2.OpenCSVSerde' WITH SERDEPROPERTIES ( 'separatorChar' = ',' ,'escapeChar' = '\\' ,'quoteChar' = '\"') STORED AS TEXTFILE","targetFormat":null,"targetTblProperties":"","targetMergeStrategy":"DEDUPE_AND_MERGE","fieldPoliciesJson":"[]","fieldIndexString":"","partitionStructure":"","partitionSpecs":"","fieldStructure":"","fieldsString":"","sourceFields":"","existingTableName":null,"nullableFields":"","primaryKeyFields":""},"createDate":1478211708115,"updateDate":1478211708115,"dataTransformation":{"chartViewModel":null,"dataTransformScript":null,"sql":null,"states":[]},"active":true,"state":"ENABLED","nifiProcessGroupId":"2bd64da9-2b1f-1ef0-481f-6c59bee69f94","options":{"skipHeader":false},"version":0,"versionName":"1.0","registeredTemplate":{"properties":[],"nonInputProcessors":null,"inputProcessors":[{"type":"org.apache.nifi.processors.standard.GetJMSTopic","name":"Receive Index Request","id":"2bd64d97-2b1f-1ef0-0000-000000000000","groupName":null,"groupId":"7c664aaf-3d33-447e-0000-000000000000","inputProcessor":true,"userDefinedInputProcessor":false,"properties":[]}],"id":"a641ad4d-9f89-45bb-a1ba-c00a385ba8a7","nifiTemplateId":"d5005acc-6831-4ad8-b927-3f1ecc2ae91d","templateName":"Index Text Service","updateDate":1478211708115,"createDate":1478211598251,"icon":"message","iconColor":"#66BB6A","description":"Global Text Index Service","defineTable":false,"reusableTemplate":false,"reusableTemplateConnections":[],"allowPreconditions":false,"dataTransformation":false},"userProperties":[{"description":"Organizational unit","displayName":"Business Unit","order":0,"required":false,"systemName":"businessUnit","locked":true,"value":null}],"hadoopSecurityGroups":null,"hadoopAuthorizationType":null,"securityGroups":[],"categoryIconColor":"#FFCA28","categoryIcon":"cloud","categoryId":"41d37975-0a35-4d75-92a7-cbd4bd150823","systemCategoryName":"system","new":false,"categoryAndFeedDisplayName":"System.Index Text Service","categoryName":"System","reusableFeed":false}