{"properties":[],"nonInputProcessors":null,"inputProcessors":[{"type":"org.apache.nifi.processors.standard.GetJMSTopic","name":"Receive Index Request","id":"2bd64d97-2b1f-1ef0-0000-000000000000","groupName":null,"groupId":"7c664aaf-3d33-447e-0000-000000000000","inputProcessor":true,"userDefinedInputProcessor":false,"properties":[]}],"id":"a641ad4d-9f89-45bb-a1ba-c00a385ba8a7","nifiTemplateId":"d5005acc-6831-4ad8-b927-3f1ecc2ae91d","templateName":"Index Text Service","updateDate":1478211708115,"createDate":1478211598251,"icon":"message","iconColor":"#66BB6A","description":"Global Text Index Service","defineTable":false,"reusableTemplate":false,"reusableTemplateConnections":[],"allowPreconditions":false,"dataTransformation":false}