{"properties":[],"nonInputProcessors":[],"inputProcessors":[],"id":"384a0cd2-12af-4d73-829c-97952785ae60","nifiTemplateId":"eeff9d66-3a5b-45e8-92df-8b258c129fda","templateName":"Index Text Service","updateDate":1483748181265,"createDate":1482349739272,"icon":"message","iconColor":"#66BB6A","description":"Global Text Index Service","state":"ENABLED","defineTable":false,"reusableTemplate":false,"reusableTemplateConnections":[],"registeredDatasourceDefinitions":[],"order":2,"templateOrder":null,"processorFlowTypeMap":{},"feedsCount":1,"stream":false,"allowPreconditions":false,"dataTransformation":false,"isStream":false}