{"properties":[{"processGroupName":"NiFi Flow","processorName":"Database","processorId":"2567efe0-b28d-46c2-8e3d-654610b35123","processGroupId":"203cb983-967c-402f-9457-f44ee6b54d03","processorType":"com.thinkbiganalytics.nifi.v2.core.watermark.LoadHighWaterMark","key":"System feed category","value":"${metadata.category.systemName}","templateValue":"${metadata.category.systemName}","userEditable":false,"expressionProperties":null,"propertyDescriptor":{"name":"System feed category","displayName":null,"description":null,"defaultValue":null,"allowableValues":null,"required":null,"sensitive":null,"dynamic":null,"supportsEl":null,"identifiesControllerService":null},"renderType":"text","renderOptions":{},"selected":true,"inputProperty":true,"templateProperty":null,"idKey":"203cb983-967c-402f-9457-f44ee6b54d03-2567efe0-b28d-46c2-8e3d-654610b35123-System feed category","nameKey":"NiFi Flow-Database-System feed category"},{"processGroupName":"NiFi Flow","processorName":"Database","processorId":"2567efe0-b28d-46c2-8e3d-654610b35123","processGroupId":"203cb983-967c-402f-9457-f44ee6b54d03","processorType":"com.thinkbiganalytics.nifi.v2.core.watermark.LoadHighWaterMark","key":"System feed name","value":"${metadata.systemFeedName}","templateValue":"${metadata.systemFeedName}","userEditable":false,"expressionProperties":null,"propertyDescriptor":{"name":"System feed name","displayName":null,"description":null,"defaultValue":null,"allowableValues":null,"required":null,"sensitive":null,"dynamic":null,"supportsEl":null,"identifiesControllerService":null},"renderType":"text","renderOptions":{},"selected":true,"inputProperty":true,"templateProperty":null,"idKey":"203cb983-967c-402f-9457-f44ee6b54d03-2567efe0-b28d-46c2-8e3d-654610b35123-System feed name","nameKey":"NiFi Flow-Database-System feed name"},{"processGroupName":"NiFi Flow","processorName":"Filesystem","processorId":"1f67e296-2ff8-4b5d-9ac1-cc0736e7a085","processGroupId":"203cb983-967c-402f-9457-f44ee6b54d03","processorType":"org.apache.nifi.processors.standard.GetFile","key":"File Filter","value":"mydata\\d{1,3}.csv","templateValue":"mydata\\d{1,3}.csv","userEditable":true,"expressionProperties":null,"propertyDescriptor":{"name":"File Filter","displayName":null,"description":null,"defaultValue":null,"allowableValues":null,"required":null,"sensitive":null,"dynamic":null,"supportsEl":null,"identifiesControllerService":null},"renderType":"text","renderOptions":{},"selected":true,"inputProperty":true,"templateProperty":null,"idKey":"203cb983-967c-402f-9457-f44ee6b54d03-1f67e296-2ff8-4b5d-9ac1-cc0736e7a085-File Filter","nameKey":"NiFi Flow-Filesystem-File Filter"},{"processGroupName":"NiFi Flow","processorName":"Filesystem","processorId":"1f67e296-2ff8-4b5d-9ac1-cc0736e7a085","processGroupId":"203cb983-967c-402f-9457-f44ee6b54d03","processorType":"org.apache.nifi.processors.standard.GetFile","key":"Input Directory","value":"/var/dropzone","templateValue":"/var/dropzone","userEditable":true,"expressionProperties":null,"propertyDescriptor":{"name":"Input Directory","displayName":null,"description":null,"defaultValue":null,"allowableValues":null,"required":null,"sensitive":null,"dynamic":null,"supportsEl":null,"identifiesControllerService":null},"renderType":"text","renderOptions":{},"selected":true,"inputProperty":true,"templateProperty":null,"idKey":"203cb983-967c-402f-9457-f44ee6b54d03-1f67e296-2ff8-4b5d-9ac1-cc0736e7a085-Input Directory","nameKey":"NiFi Flow-Filesystem-Input Directory"},{"processGroupName":"NiFi Flow","processorName":"TriggerCleanup","processorId":"8501857c-7d1c-487a-96e7-e2ebbaec5d28","processGroupId":"203cb983-967c-402f-9457-f44ee6b54d03","processorType":"com.thinkbiganalytics.nifi.v2.metadata.TriggerCleanup","key":"System feed category","value":"${metadata.category.systemName}","templateValue":"${metadata.category.systemName}","userEditable":false,"expressionProperties":null,"propertyDescriptor":{"name":"System feed category","displayName":null,"description":null,"defaultValue":null,"allowableValues":null,"required":null,"sensitive":null,"dynamic":null,"supportsEl":null,"identifiesControllerService":null},"renderType":"text","renderOptions":{},"selected":true,"inputProperty":true,"templateProperty":null,"idKey":"203cb983-967c-402f-9457-f44ee6b54d03-8501857c-7d1c-487a-96e7-e2ebbaec5d28-System feed category","nameKey":"NiFi Flow-TriggerCleanup-System feed category"},{"processGroupName":"NiFi Flow","processorName":"TriggerCleanup","processorId":"8501857c-7d1c-487a-96e7-e2ebbaec5d28","processGroupId":"203cb983-967c-402f-9457-f44ee6b54d03","processorType":"com.thinkbiganalytics.nifi.v2.metadata.TriggerCleanup","key":"System feed name","value":"${metadata.systemFeedName}","templateValue":"${metadata.systemFeedName}","userEditable":false,"expressionProperties":null,"propertyDescriptor":{"name":"System feed name","displayName":null,"description":null,"defaultValue":null,"allowableValues":null,"required":null,"sensitive":null,"dynamic":null,"supportsEl":null,"identifiesControllerService":null},"renderType":"text","renderOptions":{},"selected":true,"inputProperty":true,"templateProperty":null,"idKey":"203cb983-967c-402f-9457-f44ee6b54d03-8501857c-7d1c-487a-96e7-e2ebbaec5d28-System feed name","nameKey":"NiFi Flow-TriggerCleanup-System feed name"},{"processGroupName":"NiFi Flow","processorName":"Failed Input - Release High Water Mark","processorId":"020a9efe-8ae0-427b-b76b-0169671d9155","processGroupId":"203cb983-967c-402f-9457-f44ee6b54d03","processorType":"com.thinkbiganalytics.nifi.v2.core.watermark.ReleaseHighWaterMark","key":"System feed category","value":"${metadata.category.systemName}","templateValue":"${metadata.category.systemName}","userEditable":false,"expressionProperties":null,"propertyDescriptor":{"name":"System feed category","displayName":null,"description":null,"defaultValue":null,"allowableValues":null,"required":null,"sensitive":null,"dynamic":null,"supportsEl":null,"identifiesControllerService":null},"renderType":"text","renderOptions":{},"selected":true,"inputProperty":false,"templateProperty":null,"idKey":"203cb983-967c-402f-9457-f44ee6b54d03-020a9efe-8ae0-427b-b76b-0169671d9155-System feed category","nameKey":"NiFi Flow-Failed Input - Release High Water Mark-System feed category"},{"processGroupName":"NiFi Flow","processorName":"Failed Input - Release High Water Mark","processorId":"020a9efe-8ae0-427b-b76b-0169671d9155","processGroupId":"203cb983-967c-402f-9457-f44ee6b54d03","processorType":"com.thinkbiganalytics.nifi.v2.core.watermark.ReleaseHighWaterMark","key":"System feed name","value":"${metadata.systemFeedName}","templateValue":"${metadata.systemFeedName}","userEditable":false,"expressionProperties":null,"propertyDescriptor":{"name":"System feed name","displayName":null,"description":null,"defaultValue":null,"allowableValues":null,"required":null,"sensitive":null,"dynamic":null,"supportsEl":null,"identifiesControllerService":null},"renderType":"text","renderOptions":{},"selected":true,"inputProperty":false,"templateProperty":null,"idKey":"203cb983-967c-402f-9457-f44ee6b54d03-020a9efe-8ae0-427b-b76b-0169671d9155-System feed name","nameKey":"NiFi Flow-Failed Input - Release High Water Mark-System feed name"},{"processGroupName":"NiFi Flow","processorName":"Failed Input Processing","processorId":"0c6a8557-8fc8-4da8-bb89-cb4d8c0931ae","processGroupId":"203cb983-967c-402f-9457-f44ee6b54d03","processorType":"org.apache.nifi.processors.standard.PutFile","key":"Directory","value":"/tmp/${metadata.category.systemName}/${metadata.systemFeedName}/failure","templateValue":"/tmp/${metadata.category.systemName}/${metadata.systemFeedName}/failure","userEditable":false,"expressionProperties":null,"propertyDescriptor":{"name":"Directory","displayName":null,"description":null,"defaultValue":null,"allowableValues":null,"required":null,"sensitive":null,"dynamic":null,"supportsEl":null,"identifiesControllerService":null},"renderType":"text","renderOptions":{},"selected":true,"inputProperty":false,"templateProperty":null,"idKey":"203cb983-967c-402f-9457-f44ee6b54d03-0c6a8557-8fc8-4da8-bb89-cb4d8c0931ae-Directory","nameKey":"NiFi Flow-Failed Input Processing-Directory"},{"processGroupName":"NiFi Flow","processorName":"Query database","processorId":"6aeabec7-ec36-4ed5-ac0d-15fed8be3248","processGroupId":"203cb983-967c-402f-9457-f44ee6b54d03","processorType":"com.thinkbiganalytics.nifi.v2.ingest.GetTableData","key":"Date Field","value":null,"templateValue":null,"userEditable":true,"expressionProperties":null,"propertyDescriptor":{"name":"Date Field","displayName":null,"description":null,"defaultValue":null,"allowableValues":null,"required":null,"sensitive":null,"dynamic":null,"supportsEl":null,"identifiesControllerService":null},"renderType":"text","renderOptions":{},"selected":true,"inputProperty":false,"templateProperty":null,"idKey":"203cb983-967c-402f-9457-f44ee6b54d03-6aeabec7-ec36-4ed5-ac0d-15fed8be3248-Date Field","nameKey":"NiFi Flow-Query database-Date Field"},{"processGroupName":"NiFi Flow","processorName":"Query database","processorId":"6aeabec7-ec36-4ed5-ac0d-15fed8be3248","processGroupId":"203cb983-967c-402f-9457-f44ee6b54d03","processorType":"com.thinkbiganalytics.nifi.v2.ingest.GetTableData","key":"Load Strategy","value":"FULL_LOAD","templateValue":"FULL_LOAD","userEditable":true,"expressionProperties":null,"propertyDescriptor":{"name":"Load Strategy","displayName":null,"description":null,"defaultValue":null,"allowableValues":null,"required":null,"sensitive":null,"dynamic":null,"supportsEl":null,"identifiesControllerService":null},"renderType":"select","renderOptions":{},"selected":true,"inputProperty":false,"templateProperty":null,"idKey":"203cb983-967c-402f-9457-f44ee6b54d03-6aeabec7-ec36-4ed5-ac0d-15fed8be3248-Load Strategy","nameKey":"NiFi Flow-Query database-Load Strategy"},{"processGroupName":"NiFi Flow","processorName":"Query database","processorId":"6aeabec7-ec36-4ed5-ac0d-15fed8be3248","processGroupId":"203cb983-967c-402f-9457-f44ee6b54d03","processorType":"com.thinkbiganalytics.nifi.v2.ingest.GetTableData","key":"Source Database Connection","value":"28ebe4b5-aeaf-4fe4-aacc-7a8aed0c7c1b","templateValue":"28ebe4b5-aeaf-4fe4-aacc-7a8aed0c7c1b","userEditable":true,"expressionProperties":null,"propertyDescriptor":{"name":"Source Database Connection","displayName":null,"description":null,"defaultValue":null,"allowableValues":null,"required":null,"sensitive":null,"dynamic":null,"supportsEl":null,"identifiesControllerService":"org.apache.nifi.dbcp.DBCPService"},"renderType":"select","renderOptions":{},"selected":true,"inputProperty":false,"templateProperty":null,"idKey":"203cb983-967c-402f-9457-f44ee6b54d03-6aeabec7-ec36-4ed5-ac0d-15fed8be3248-Source Database Connection","nameKey":"NiFi Flow-Query database-Source Database Connection"},{"processGroupName":"NiFi Flow","processorName":"Query database","processorId":"6aeabec7-ec36-4ed5-ac0d-15fed8be3248","processGroupId":"203cb983-967c-402f-9457-f44ee6b54d03","processorType":"com.thinkbiganalytics.nifi.v2.ingest.GetTableData","key":"Source Fields","value":"${metadata.table.sourceFields}","templateValue":"${metadata.table.sourceFields}","userEditable":false,"expressionProperties":null,"propertyDescriptor":{"name":"Source Fields","displayName":null,"description":null,"defaultValue":null,"allowableValues":null,"required":null,"sensitive":null,"dynamic":null,"supportsEl":null,"identifiesControllerService":null},"renderType":"text","renderOptions":{},"selected":true,"inputProperty":false,"templateProperty":null,"idKey":"203cb983-967c-402f-9457-f44ee6b54d03-6aeabec7-ec36-4ed5-ac0d-15fed8be3248-Source Fields","nameKey":"NiFi Flow-Query database-Source Fields"},{"processGroupName":"NiFi Flow","processorName":"Query database","processorId":"6aeabec7-ec36-4ed5-ac0d-15fed8be3248","processGroupId":"203cb983-967c-402f-9457-f44ee6b54d03","processorType":"com.thinkbiganalytics.nifi.v2.ingest.GetTableData","key":"Source Table","value":"${metadata.table.sourceTableSchema.name}","templateValue":"${metadata.table.sourceTableSchema.name}","userEditable":false,"expressionProperties":null,"propertyDescriptor":{"name":"Source Table","displayName":null,"description":null,"defaultValue":null,"allowableValues":null,"required":null,"sensitive":null,"dynamic":null,"supportsEl":null,"identifiesControllerService":null},"renderType":"text","renderOptions":{},"selected":true,"inputProperty":false,"templateProperty":null,"idKey":"203cb983-967c-402f-9457-f44ee6b54d03-6aeabec7-ec36-4ed5-ac0d-15fed8be3248-Source Table","nameKey":"NiFi Flow-Query database-Source Table"},{"processGroupName":"NiFi Flow","processorName":"Query database","processorId":"6aeabec7-ec36-4ed5-ac0d-15fed8be3248","processGroupId":"203cb983-967c-402f-9457-f44ee6b54d03","processorType":"com.thinkbiganalytics.nifi.v2.ingest.GetTableData","key":"System feed category","value":"${metadata.category.systemName}","templateValue":"${metadata.category.systemName}","userEditable":false,"expressionProperties":null,"propertyDescriptor":{"name":"System feed category","displayName":null,"description":null,"defaultValue":null,"allowableValues":null,"required":null,"sensitive":null,"dynamic":null,"supportsEl":null,"identifiesControllerService":null},"renderType":"text","renderOptions":{},"selected":true,"inputProperty":false,"templateProperty":null,"idKey":"203cb983-967c-402f-9457-f44ee6b54d03-6aeabec7-ec36-4ed5-ac0d-15fed8be3248-System feed category","nameKey":"NiFi Flow-Query database-System feed category"},{"processGroupName":"NiFi Flow","processorName":"Query database","processorId":"6aeabec7-ec36-4ed5-ac0d-15fed8be3248","processGroupId":"203cb983-967c-402f-9457-f44ee6b54d03","processorType":"com.thinkbiganalytics.nifi.v2.ingest.GetTableData","key":"System feed name","value":"${metadata.systemFeedName}","templateValue":"${metadata.systemFeedName}","userEditable":false,"expressionProperties":null,"propertyDescriptor":{"name":"System feed name","displayName":null,"description":null,"defaultValue":null,"allowableValues":null,"required":null,"sensitive":null,"dynamic":null,"supportsEl":null,"identifiesControllerService":null},"renderType":"text","renderOptions":{},"selected":true,"inputProperty":false,"templateProperty":null,"idKey":"203cb983-967c-402f-9457-f44ee6b54d03-6aeabec7-ec36-4ed5-ac0d-15fed8be3248-System feed name","nameKey":"NiFi Flow-Query database-System feed name"},{"processGroupName":"NiFi Flow","processorName":"Update flow parameters","processorId":"7c627365-3d3a-4495-bac0-0cdcc230abe3","processGroupId":"203cb983-967c-402f-9457-f44ee6b54d03","processorType":"org.apache.nifi.processors.attributes.UpdateAttribute","key":"category","value":"${metadata.category.systemName}","templateValue":"${metadata.category.systemName}","userEditable":false,"expressionProperties":null,"propertyDescriptor":{"name":"category","displayName":null,"description":null,"defaultValue":null,"allowableValues":null,"required":null,"sensitive":null,"dynamic":null,"supportsEl":null,"identifiesControllerService":null},"renderType":"text","renderOptions":{},"selected":true,"inputProperty":false,"templateProperty":null,"idKey":"203cb983-967c-402f-9457-f44ee6b54d03-7c627365-3d3a-4495-bac0-0cdcc230abe3-category","nameKey":"NiFi Flow-Update flow parameters-category"},{"processGroupName":"NiFi Flow","processorName":"Update flow parameters","processorId":"7c627365-3d3a-4495-bac0-0cdcc230abe3","processGroupId":"203cb983-967c-402f-9457-f44ee6b54d03","processorType":"org.apache.nifi.processors.attributes.UpdateAttribute","key":"feed","value":"${metadata.systemFeedName}","templateValue":"${metadata.systemFeedName}","userEditable":false,"expressionProperties":null,"propertyDescriptor":{"name":"feed","displayName":null,"description":null,"defaultValue":null,"allowableValues":null,"required":null,"sensitive":null,"dynamic":null,"supportsEl":null,"identifiesControllerService":null},"renderType":"text","renderOptions":{},"selected":true,"inputProperty":false,"templateProperty":null,"idKey":"203cb983-967c-402f-9457-f44ee6b54d03-7c627365-3d3a-4495-bac0-0cdcc230abe3-feed","nameKey":"NiFi Flow-Update flow parameters-feed"},{"processGroupName":"NiFi Flow","processorName":"Update flow parameters","processorId":"7c627365-3d3a-4495-bac0-0cdcc230abe3","processGroupId":"203cb983-967c-402f-9457-f44ee6b54d03","processorType":"org.apache.nifi.processors.attributes.UpdateAttribute","key":"hdfs.ingest.root","value":"${config.hdfs.ingest.root}","templateValue":"${config.hdfs.ingest.root}","userEditable":false,"expressionProperties":null,"propertyDescriptor":{"name":"hdfs.ingest.root","displayName":null,"description":null,"defaultValue":null,"allowableValues":null,"required":null,"sensitive":null,"dynamic":null,"supportsEl":null,"identifiesControllerService":null},"renderType":"text","renderOptions":{},"selected":true,"inputProperty":false,"templateProperty":null,"idKey":"203cb983-967c-402f-9457-f44ee6b54d03-7c627365-3d3a-4495-bac0-0cdcc230abe3-hdfs.ingest.root","nameKey":"NiFi Flow-Update flow parameters-hdfs.ingest.root"},{"processGroupName":"NiFi Flow","processorName":"Update flow parameters","processorId":"7c627365-3d3a-4495-bac0-0cdcc230abe3","processGroupId":"203cb983-967c-402f-9457-f44ee6b54d03","processorType":"org.apache.nifi.processors.attributes.UpdateAttribute","key":"hive.ingest.root","value":"${config.hive.ingest.root}","templateValue":"${config.hive.ingest.root}","userEditable":false,"expressionProperties":null,"propertyDescriptor":{"name":"hive.ingest.root","displayName":null,"description":null,"defaultValue":null,"allowableValues":null,"required":null,"sensitive":null,"dynamic":null,"supportsEl":null,"identifiesControllerService":null},"renderType":"text","renderOptions":{},"selected":true,"inputProperty":false,"templateProperty":null,"idKey":"203cb983-967c-402f-9457-f44ee6b54d03-7c627365-3d3a-4495-bac0-0cdcc230abe3-hive.ingest.root","nameKey":"NiFi Flow-Update flow parameters-hive.ingest.root"},{"processGroupName":"NiFi Flow","processorName":"Update flow parameters","processorId":"7c627365-3d3a-4495-bac0-0cdcc230abe3","processGroupId":"203cb983-967c-402f-9457-f44ee6b54d03","processorType":"org.apache.nifi.processors.attributes.UpdateAttribute","key":"hive.master.root","value":"${config.hive.master.root}","templateValue":"${config.hive.master.root}","userEditable":false,"expressionProperties":null,"propertyDescriptor":{"name":"hive.master.root","displayName":null,"description":null,"defaultValue":null,"allowableValues":null,"required":null,"sensitive":null,"dynamic":null,"supportsEl":null,"identifiesControllerService":null},"renderType":"text","renderOptions":{},"selected":true,"inputProperty":false,"templateProperty":null,"idKey":"203cb983-967c-402f-9457-f44ee6b54d03-7c627365-3d3a-4495-bac0-0cdcc230abe3-hive.master.root","nameKey":"NiFi Flow-Update flow parameters-hive.master.root"},{"processGroupName":"NiFi Flow","processorName":"Update flow parameters","processorId":"7c627365-3d3a-4495-bac0-0cdcc230abe3","processGroupId":"203cb983-967c-402f-9457-f44ee6b54d03","processorType":"org.apache.nifi.processors.attributes.UpdateAttribute","key":"hive.profile.root","value":"${config.hive.profile.root}","templateValue":"${config.hive.profile.root}","userEditable":false,"expressionProperties":null,"propertyDescriptor":{"name":"hive.profile.root","displayName":null,"description":null,"defaultValue":null,"allowableValues":null,"required":null,"sensitive":null,"dynamic":null,"supportsEl":null,"identifiesControllerService":null},"renderType":"text","renderOptions":{},"selected":true,"inputProperty":false,"templateProperty":null,"idKey":"203cb983-967c-402f-9457-f44ee6b54d03-7c627365-3d3a-4495-bac0-0cdcc230abe3-hive.profile.root","nameKey":"NiFi Flow-Update flow parameters-hive.profile.root"},{"processGroupName":"NiFi Flow","processorName":"Update flow parameters","processorId":"7c627365-3d3a-4495-bac0-0cdcc230abe3","processGroupId":"203cb983-967c-402f-9457-f44ee6b54d03","processorType":"org.apache.nifi.processors.attributes.UpdateAttribute","key":"metadata.table.feedFormat","value":"${metadata.table.feedFormat}","templateValue":"${metadata.table.feedFormat}","userEditable":false,"expressionProperties":null,"propertyDescriptor":{"name":"metadata.table.feedFormat","displayName":null,"description":null,"defaultValue":null,"allowableValues":null,"required":null,"sensitive":null,"dynamic":null,"supportsEl":null,"identifiesControllerService":null},"renderType":"text","renderOptions":{},"selected":true,"inputProperty":false,"templateProperty":null,"idKey":"203cb983-967c-402f-9457-f44ee6b54d03-7c627365-3d3a-4495-bac0-0cdcc230abe3-metadata.table.feedFormat","nameKey":"NiFi Flow-Update flow parameters-metadata.table.feedFormat"},{"processGroupName":"NiFi Flow","processorName":"Update flow parameters","processorId":"7c627365-3d3a-4495-bac0-0cdcc230abe3","processGroupId":"203cb983-967c-402f-9457-f44ee6b54d03","processorType":"org.apache.nifi.processors.attributes.UpdateAttribute","key":"metadata.table.fieldIndexString","value":"${metadata.table.fieldIndexString}","templateValue":"${metadata.table.fieldIndexString}","userEditable":false,"expressionProperties":null,"propertyDescriptor":{"name":"metadata.table.fieldIndexString","displayName":null,"description":null,"defaultValue":null,"allowableValues":null,"required":null,"sensitive":null,"dynamic":null,"supportsEl":null,"identifiesControllerService":null},"renderType":"text","renderOptions":{},"selected":true,"inputProperty":false,"templateProperty":null,"idKey":"203cb983-967c-402f-9457-f44ee6b54d03-7c627365-3d3a-4495-bac0-0cdcc230abe3-metadata.table.fieldIndexString","nameKey":"NiFi Flow-Update flow parameters-metadata.table.fieldIndexString"},{"processGroupName":"NiFi Flow","processorName":"Update flow parameters","processorId":"7c627365-3d3a-4495-bac0-0cdcc230abe3","processGroupId":"203cb983-967c-402f-9457-f44ee6b54d03","processorType":"org.apache.nifi.processors.attributes.UpdateAttribute","key":"metadata.table.fieldPoliciesJson","value":"${metadata.table.fieldPoliciesJson}","templateValue":"${metadata.table.fieldPoliciesJson}","userEditable":false,"expressionProperties":null,"propertyDescriptor":{"name":"metadata.table.fieldPoliciesJson","displayName":null,"description":null,"defaultValue":null,"allowableValues":null,"required":null,"sensitive":null,"dynamic":null,"supportsEl":null,"identifiesControllerService":null},"renderType":"text","renderOptions":{},"selected":true,"inputProperty":false,"templateProperty":null,"idKey":"203cb983-967c-402f-9457-f44ee6b54d03-7c627365-3d3a-4495-bac0-0cdcc230abe3-metadata.table.fieldPoliciesJson","nameKey":"NiFi Flow-Update flow parameters-metadata.table.fieldPoliciesJson"},{"processGroupName":"NiFi Flow","processorName":"Update flow parameters","processorId":"7c627365-3d3a-4495-bac0-0cdcc230abe3","processGroupId":"203cb983-967c-402f-9457-f44ee6b54d03","processorType":"org.apache.nifi.processors.attributes.UpdateAttribute","key":"metadata.table.fieldStructure","value":"${metadata.table.fieldStructure}","templateValue":"${metadata.table.fieldStructure}","userEditable":false,"expressionProperties":null,"propertyDescriptor":{"name":"metadata.table.fieldStructure","displayName":null,"description":null,"defaultValue":null,"allowableValues":null,"required":null,"sensitive":null,"dynamic":null,"supportsEl":null,"identifiesControllerService":null},"renderType":"text","renderOptions":{},"selected":true,"inputProperty":false,"templateProperty":null,"idKey":"203cb983-967c-402f-9457-f44ee6b54d03-7c627365-3d3a-4495-bac0-0cdcc230abe3-metadata.table.fieldStructure","nameKey":"NiFi Flow-Update flow parameters-metadata.table.fieldStructure"},{"processGroupName":"NiFi Flow","processorName":"Update flow parameters","processorId":"7c627365-3d3a-4495-bac0-0cdcc230abe3","processGroupId":"203cb983-967c-402f-9457-f44ee6b54d03","processorType":"org.apache.nifi.processors.attributes.UpdateAttribute","key":"metadata.table.partitionSpecs","value":"${metadata.table.partitionSpecs}","templateValue":"${metadata.table.partitionSpecs}","userEditable":false,"expressionProperties":null,"propertyDescriptor":{"name":"metadata.table.partitionSpecs","displayName":null,"description":null,"defaultValue":null,"allowableValues":null,"required":null,"sensitive":null,"dynamic":null,"supportsEl":null,"identifiesControllerService":null},"renderType":"text","renderOptions":{},"selected":true,"inputProperty":false,"templateProperty":null,"idKey":"203cb983-967c-402f-9457-f44ee6b54d03-7c627365-3d3a-4495-bac0-0cdcc230abe3-metadata.table.partitionSpecs","nameKey":"NiFi Flow-Update flow parameters-metadata.table.partitionSpecs"},{"processGroupName":"NiFi Flow","processorName":"Update flow parameters","processorId":"7c627365-3d3a-4495-bac0-0cdcc230abe3","processGroupId":"203cb983-967c-402f-9457-f44ee6b54d03","processorType":"org.apache.nifi.processors.attributes.UpdateAttribute","key":"metadata.table.partitionStructure","value":"${metadata.table.partitionStructure}","templateValue":"${metadata.table.partitionStructure}","userEditable":false,"expressionProperties":null,"propertyDescriptor":{"name":"metadata.table.partitionStructure","displayName":null,"description":null,"defaultValue":null,"allowableValues":null,"required":null,"sensitive":null,"dynamic":null,"supportsEl":null,"identifiesControllerService":null},"renderType":"text","renderOptions":{},"selected":true,"inputProperty":false,"templateProperty":null,"idKey":"203cb983-967c-402f-9457-f44ee6b54d03-7c627365-3d3a-4495-bac0-0cdcc230abe3-metadata.table.partitionStructure","nameKey":"NiFi Flow-Update flow parameters-metadata.table.partitionStructure"},{"processGroupName":"NiFi Flow","processorName":"Update flow parameters","processorId":"7c627365-3d3a-4495-bac0-0cdcc230abe3","processGroupId":"203cb983-967c-402f-9457-f44ee6b54d03","processorType":"org.apache.nifi.processors.attributes.UpdateAttribute","key":"metadata.table.targetFormat","value":"${metadata.table.targetFormat}","templateValue":"${metadata.table.targetFormat}","userEditable":false,"expressionProperties":null,"propertyDescriptor":{"name":"metadata.table.targetFormat","displayName":null,"description":null,"defaultValue":null,"allowableValues":null,"required":null,"sensitive":null,"dynamic":null,"supportsEl":null,"identifiesControllerService":null},"renderType":"text","renderOptions":{},"selected":true,"inputProperty":false,"templateProperty":null,"idKey":"203cb983-967c-402f-9457-f44ee6b54d03-7c627365-3d3a-4495-bac0-0cdcc230abe3-metadata.table.targetFormat","nameKey":"NiFi Flow-Update flow parameters-metadata.table.targetFormat"},{"processGroupName":"NiFi Flow","processorName":"Update flow parameters","processorId":"7c627365-3d3a-4495-bac0-0cdcc230abe3","processGroupId":"203cb983-967c-402f-9457-f44ee6b54d03","processorType":"org.apache.nifi.processors.attributes.UpdateAttribute","key":"metadata.table.targetMergeStrategy","value":"${metadata.table.targetMergeStrategy}","templateValue":"${metadata.table.targetMergeStrategy}","userEditable":false,"expressionProperties":null,"propertyDescriptor":{"name":"metadata.table.targetMergeStrategy","displayName":null,"description":null,"defaultValue":null,"allowableValues":null,"required":null,"sensitive":null,"dynamic":null,"supportsEl":null,"identifiesControllerService":null},"renderType":"text","renderOptions":{},"selected":true,"inputProperty":false,"templateProperty":null,"idKey":"203cb983-967c-402f-9457-f44ee6b54d03-7c627365-3d3a-4495-bac0-0cdcc230abe3-metadata.table.targetMergeStrategy","nameKey":"NiFi Flow-Update flow parameters-metadata.table.targetMergeStrategy"},{"processGroupName":"NiFi Flow","processorName":"Update flow parameters","processorId":"7c627365-3d3a-4495-bac0-0cdcc230abe3","processGroupId":"203cb983-967c-402f-9457-f44ee6b54d03","processorType":"org.apache.nifi.processors.attributes.UpdateAttribute","key":"metadata.table.targetTblProperties","value":"${metadata.table.targetTblProperties}","templateValue":"${metadata.table.targetTblProperties}","userEditable":false,"expressionProperties":null,"propertyDescriptor":{"name":"metadata.table.targetTblProperties","displayName":null,"description":null,"defaultValue":null,"allowableValues":null,"required":null,"sensitive":null,"dynamic":null,"supportsEl":null,"identifiesControllerService":null},"renderType":"text","renderOptions":{},"selected":true,"inputProperty":false,"templateProperty":null,"idKey":"203cb983-967c-402f-9457-f44ee6b54d03-7c627365-3d3a-4495-bac0-0cdcc230abe3-metadata.table.targetTblProperties","nameKey":"NiFi Flow-Update flow parameters-metadata.table.targetTblProperties"},{"processGroupName":"NiFi Flow","processorName":"Update flow parameters","processorId":"7c627365-3d3a-4495-bac0-0cdcc230abe3","processGroupId":"203cb983-967c-402f-9457-f44ee6b54d03","processorType":"org.apache.nifi.processors.attributes.UpdateAttribute","key":"skipHeader","value":"${metadata.options.skipHeader}","templateValue":"${metadata.options.skipHeader}","userEditable":false,"expressionProperties":null,"propertyDescriptor":{"name":"skipHeader","displayName":null,"description":null,"defaultValue":null,"allowableValues":null,"required":null,"sensitive":null,"dynamic":null,"supportsEl":null,"identifiesControllerService":null},"renderType":"text","renderOptions":{},"selected":true,"inputProperty":false,"templateProperty":null,"idKey":"203cb983-967c-402f-9457-f44ee6b54d03-7c627365-3d3a-4495-bac0-0cdcc230abe3-skipHeader","nameKey":"NiFi Flow-Update flow parameters-skipHeader"}],"nonInputProcessors":null,"inputProcessors":[{"type":"org.apache.nifi.processors.standard.GetFile","name":"Filesystem","id":"1f67e296-2ff8-4b5d-9ac1-cc0736e7a085","groupName":"NiFi Flow","groupId":"203cb983-967c-402f-9457-f44ee6b54d03","inputProcessor":true,"userDefinedInputProcessor":false,"properties":[{"processGroupName":"NiFi Flow","processorName":"Filesystem","processorId":"1f67e296-2ff8-4b5d-9ac1-cc0736e7a085","processGroupId":"203cb983-967c-402f-9457-f44ee6b54d03","processorType":"org.apache.nifi.processors.standard.GetFile","key":"File Filter","value":"mydata\\d{1,3}.csv","templateValue":"mydata\\d{1,3}.csv","userEditable":true,"expressionProperties":null,"propertyDescriptor":{"name":"File Filter","displayName":null,"description":null,"defaultValue":null,"allowableValues":null,"required":null,"sensitive":null,"dynamic":null,"supportsEl":null,"identifiesControllerService":null},"renderType":"text","renderOptions":{},"selected":true,"inputProperty":true,"templateProperty":null,"idKey":"203cb983-967c-402f-9457-f44ee6b54d03-1f67e296-2ff8-4b5d-9ac1-cc0736e7a085-File Filter","nameKey":"NiFi Flow-Filesystem-File Filter"},{"processGroupName":"NiFi Flow","processorName":"Filesystem","processorId":"1f67e296-2ff8-4b5d-9ac1-cc0736e7a085","processGroupId":"203cb983-967c-402f-9457-f44ee6b54d03","processorType":"org.apache.nifi.processors.standard.GetFile","key":"Input Directory","value":"/var/dropzone","templateValue":"/var/dropzone","userEditable":true,"expressionProperties":null,"propertyDescriptor":{"name":"Input Directory","displayName":null,"description":null,"defaultValue":null,"allowableValues":null,"required":null,"sensitive":null,"dynamic":null,"supportsEl":null,"identifiesControllerService":null},"renderType":"text","renderOptions":{},"selected":true,"inputProperty":true,"templateProperty":null,"idKey":"203cb983-967c-402f-9457-f44ee6b54d03-1f67e296-2ff8-4b5d-9ac1-cc0736e7a085-Input Directory","nameKey":"NiFi Flow-Filesystem-Input Directory"}]},{"type":"com.thinkbiganalytics.nifi.v2.core.watermark.LoadHighWaterMark","name":"Database","id":"2567efe0-b28d-46c2-8e3d-654610b35123","groupName":"NiFi Flow","groupId":"203cb983-967c-402f-9457-f44ee6b54d03","inputProcessor":true,"userDefinedInputProcessor":false,"properties":[{"processGroupName":"NiFi Flow","processorName":"Database","processorId":"2567efe0-b28d-46c2-8e3d-654610b35123","processGroupId":"203cb983-967c-402f-9457-f44ee6b54d03","processorType":"com.thinkbiganalytics.nifi.v2.core.watermark.LoadHighWaterMark","key":"System feed category","value":"${metadata.category.systemName}","templateValue":"${metadata.category.systemName}","userEditable":false,"expressionProperties":null,"propertyDescriptor":{"name":"System feed category","displayName":null,"description":null,"defaultValue":null,"allowableValues":null,"required":null,"sensitive":null,"dynamic":null,"supportsEl":null,"identifiesControllerService":null},"renderType":"text","renderOptions":{},"selected":true,"inputProperty":true,"templateProperty":null,"idKey":"203cb983-967c-402f-9457-f44ee6b54d03-2567efe0-b28d-46c2-8e3d-654610b35123-System feed category","nameKey":"NiFi Flow-Database-System feed category"},{"processGroupName":"NiFi Flow","processorName":"Database","processorId":"2567efe0-b28d-46c2-8e3d-654610b35123","processGroupId":"203cb983-967c-402f-9457-f44ee6b54d03","processorType":"com.thinkbiganalytics.nifi.v2.core.watermark.LoadHighWaterMark","key":"System feed name","value":"${metadata.systemFeedName}","templateValue":"${metadata.systemFeedName}","userEditable":false,"expressionProperties":null,"propertyDescriptor":{"name":"System feed name","displayName":null,"description":null,"defaultValue":null,"allowableValues":null,"required":null,"sensitive":null,"dynamic":null,"supportsEl":null,"identifiesControllerService":null},"renderType":"text","renderOptions":{},"selected":true,"inputProperty":true,"templateProperty":null,"idKey":"203cb983-967c-402f-9457-f44ee6b54d03-2567efe0-b28d-46c2-8e3d-654610b35123-System feed name","nameKey":"NiFi Flow-Database-System feed name"}]}],"id":"ad2085dc-69ae-4877-84ad-8375f59a9b1b","nifiTemplateId":"48cd9a86-931a-4986-87d3-ffccb39294ed","templateName":"Data Ingest","updateDate":1478205266866,"createDate":1473885792521,"icon":"input","iconColor":"#66BB6A","description":"Data Ingest","defineTable":true,"reusableTemplate":false,"reusableTemplateConnections":[{"feedOutputPortName":"to-standard-ingest","reusableTemplateInputPortName":"standard-ingest","inputPortDisplayName":"standard-ingest"},{"feedOutputPortName":"to-standard-cleanup","reusableTemplateInputPortName":"standard-cleanup","inputPortDisplayName":"standard-cleanup"}],"allowPreconditions":false,"dataTransformation":false}