{"owner":{"displayName":"Data Lake Administrator","email":null,"enabled":true,"groups":["admin","user"],"systemName":"dladmin"},"allowedActions":{"actions":[{"systemName":"accessFeed","actions":[{"systemName":"editFeedSummary"},{"systemName":"accessFeedDetails","actions":[{"systemName":"editFeedDetails"},{"systemName":"deleteFeed"},{"systemName":"enableFeed"},{"systemName":"exportFeed"}]},{"systemName":"accessFeedOperations"},{"systemName":"changeFeedPermissions"}]}]},"roleMemberships":[],"id":"9d0b61e1-91eb-4137-9952-6ba7bcc77430","feedId":"9d0b61e1-91eb-4137-9952-6ba7bcc77430","templateId":"f20367b7-3f58-4acf-b5b7-52c8febd1630","inputProcessorType":"org.apache.nifi.jms.processors.ConsumeJMS","templateName":"Index Schema Service","properties":[{"processGroupName":"NiFi Flow","processorName":"Set Parameters","processorId":"1fae2c3c-015d-1000-0000-000000000000","processGroupId":"f31ee9bf-015a-1000-0000-000000000000","processorType":"org.apache.nifi.processors.attributes.UpdateAttribute","key":"searchengine","value":"elasticsearch","expressionProperties":null,"propertyDescriptor":{"name":"searchengine","displayName":"searchengine","description":"","defaultValue":null,"allowableValues":null,"required":false,"sensitive":false,"dynamic":true,"supportsEl":true,"identifiesControllerService":null},"templateValue":null,"userEditable":true,"renderType":"select","renderOptions":{"selectCustom":"true","selectOptions":"[\"elasticsearch\",\"solr\"]"},"selected":false,"inputProperty":false,"containsConfigurationVariables":false,"sensitive":false,"required":true,"templateProperty":null,"nameKey":"NiFi Flow-Set Parameters-searchengine","idKey":"f31ee9bf-015a-1000-0000-000000000000-1fae2c3c-015d-1000-0000-000000000000-searchengine","processorNameTypeKey":"Set Parameters-org.apache.nifi.processors.attributes.UpdateAttribute-searchengine"},{"processGroupName":"NiFi Flow","processorName":"Set Parameters","processorId":"1fae2c3c-015d-1000-0000-000000000000","processGroupId":"f31ee9bf-015a-1000-0000-000000000000","processorType":"org.apache.nifi.processors.attributes.UpdateAttribute","key":"hive.schema","value":"hive","expressionProperties":null,"propertyDescriptor":{"name":"hive.schema","displayName":"hive.schema","description":"","defaultValue":null,"allowableValues":null,"required":false,"sensitive":false,"dynamic":true,"supportsEl":true,"identifiesControllerService":null},"templateValue":null,"userEditable":true,"renderType":"text","renderOptions":{},"selected":false,"inputProperty":false,"containsConfigurationVariables":false,"sensitive":false,"required":true,"templateProperty":null,"nameKey":"NiFi Flow-Set Parameters-hive.schema","idKey":"f31ee9bf-015a-1000-0000-000000000000-1fae2c3c-015d-1000-0000-000000000000-hive.schema","processorNameTypeKey":"Set Parameters-org.apache.nifi.processors.attributes.UpdateAttribute-hive.schema"}],"schedule":{"schedulingPeriod":"1 sec","schedulingStrategy":"TIMER_DRIVEN","concurrentTasks":1,"preconditions":null},"feedName":"Index Schema Service","systemFeedName":"index_schema_service","description":"Global Index Schema Service - Elasticsearch engine","tags":[],"dataOwner":"","category":{"owner":null,"allowedActions":null,"roleMemberships":[],"id":"f1f71186-0481-4544-8f4c-a6f33a166606","name":"System","systemName":"system","icon":"cloud","iconColor":"#FFCA28","description":"System Data","securityGroups":null,"userFields":null,"userProperties":null,"relatedFeeds":0,"createDate":1499507529500,"updateDate":1499892862614},"table":{"fieldStructure":"","existingTableName":null,"tableSchema":{"name":null,"description":null,"charset":null,"properties":{},"fields":[],"schemaName":null,"databaseName":null,"id":"578461f3-c514-417f-aa0c-75e70086ca59"},"sourceTableSchema":{"name":"NA","description":null,"charset":null,"properties":{},"fields":[],"schemaName":null,"databaseName":null,"id":"e8860bbb-e8f1-4785-a323-17cf5963d0dd"},"feedTableSchema":{"name":null,"description":null,"charset":null,"properties":{},"fields":[],"schemaName":null,"databaseName":null,"id":"7e28a6e0-683e-4e28-8183-39349fd5cabc"},"method":"SAMPLE_FILE","description":"","fieldPolicies":[],"partitions":[],"tableType":null,"incrementalDateField":null,"sourceTableIncrementalDateField":null,"options":{"compress":false,"auditLogging":true,"encrypt":false,"trackHistory":false,"compressionFormat":null},"feedFormat":"ROW FORMAT SERDE 'org.apache.hadoop.hive.serde2.OpenCSVSerde' WITH SERDEPROPERTIES ( 'separatorChar' = ',' ,'escapeChar' = '\\\\' ,'quoteChar' = '\"') STORED AS TEXTFILE","targetFormat":null,"targetTblProperties":"","targetMergeStrategy":"DEDUPE_AND_MERGE","fieldPoliciesJson":"[]","fieldIndexString":"","partitionStructure":"","partitionSpecs":"","fieldsString":"","sourceFields":"NA","sourceFieldsCommaString":"NA","feedFieldStructure":"","nullableFields":"","primaryKeyFields":""},"createDate":1499892862614,"updateDate":1499893108337,"dataTransformation":{"chartViewModel":null,"datasourceIds":null,"dataTransformScript":null,"sql":null,"states":[]},"active":true,"state":"ENABLED","nifiProcessGroupId":"386666ff-015d-1000-da40-aca535c86660","options":{"skipHeader":false},"version":null,"versionName":null,"registeredTemplate":{"owner":{"displayName":"Data Lake Administrator","email":null,"enabled":true,"groups":["admin","user"],"systemName":"dladmin"},"allowedActions":{"actions":[{"systemName":"accessTemplate","actions":[{"systemName":"editTemplate"},{"systemName":"deleteTemplate"},{"systemName":"exportTemplate"},{"systemName":"createFeedFromTemplate"},{"systemName":"changeTemplatePermissions"}]}]},"roleMemberships":[],"properties":[{"processGroupName":"NiFi Flow","processorName":"Set Parameters","processorId":"1fae2c3c-015d-1000-a87f-676aa75a51fe","processGroupId":"34a36ea8-015d-1000-cb51-11e354b42180","processorType":"org.apache.nifi.processors.attributes.UpdateAttribute","key":"hive.schema","value":"${config.hive.schema}","expressionProperties":null,"propertyDescriptor":{"name":"hive.schema","displayName":"hive.schema","description":"","defaultValue":null,"allowableValues":null,"required":false,"sensitive":false,"dynamic":true,"supportsEl":true,"identifiesControllerService":null},"templateValue":"${config.hive.schema}","userEditable":true,"renderType":"text","renderOptions":{},"selected":true,"inputProperty":false,"containsConfigurationVariables":false,"sensitive":false,"required":true,"templateProperty":null,"nameKey":"NiFi Flow-Set Parameters-hive.schema","idKey":"34a36ea8-015d-1000-cb51-11e354b42180-1fae2c3c-015d-1000-a87f-676aa75a51fe-hive.schema","processorNameTypeKey":"Set Parameters-org.apache.nifi.processors.attributes.UpdateAttribute-hive.schema"},{"processGroupName":"NiFi Flow","processorName":"Set Parameters","processorId":"1fae2c3c-015d-1000-a87f-676aa75a51fe","processGroupId":"34a36ea8-015d-1000-cb51-11e354b42180","processorType":"org.apache.nifi.processors.attributes.UpdateAttribute","key":"searchengine","value":"elasticsearch","expressionProperties":null,"propertyDescriptor":{"name":"searchengine","displayName":"searchengine","description":"","defaultValue":null,"allowableValues":null,"required":false,"sensitive":false,"dynamic":true,"supportsEl":true,"identifiesControllerService":null},"templateValue":"elasticsearch","userEditable":true,"renderType":"select","renderOptions":{"selectCustom":"true","selectOptions":"[\"elasticsearch\",\"solr\"]"},"selected":true,"inputProperty":false,"containsConfigurationVariables":false,"sensitive":false,"required":true,"templateProperty":null,"nameKey":"NiFi Flow-Set Parameters-searchengine","idKey":"34a36ea8-015d-1000-cb51-11e354b42180-1fae2c3c-015d-1000-a87f-676aa75a51fe-searchengine","processorNameTypeKey":"Set Parameters-org.apache.nifi.processors.attributes.UpdateAttribute-searchengine"}],"nonInputProcessors":[{"properties":[{"processGroupName":"NiFi Flow","processorName":"Set Parameters","processorId":"1fae2c3c-015d-1000-a87f-676aa75a51fe","processGroupId":"34a36ea8-015d-1000-cb51-11e354b42180","processorType":"org.apache.nifi.processors.attributes.UpdateAttribute","key":"hive.schema","value":"${config.hive.schema}","expressionProperties":null,"propertyDescriptor":{"name":"hive.schema","displayName":"hive.schema","description":"","defaultValue":null,"allowableValues":null,"required":false,"sensitive":false,"dynamic":true,"supportsEl":true,"identifiesControllerService":null},"templateValue":"${config.hive.schema}","userEditable":true,"renderType":"text","renderOptions":{},"selected":true,"inputProperty":false,"containsConfigurationVariables":false,"sensitive":false,"required":true,"templateProperty":null,"nameKey":"NiFi Flow-Set Parameters-hive.schema","idKey":"34a36ea8-015d-1000-cb51-11e354b42180-1fae2c3c-015d-1000-a87f-676aa75a51fe-hive.schema","processorNameTypeKey":"Set Parameters-org.apache.nifi.processors.attributes.UpdateAttribute-hive.schema"},{"processGroupName":"NiFi Flow","processorName":"Set Parameters","processorId":"1fae2c3c-015d-1000-a87f-676aa75a51fe","processGroupId":"34a36ea8-015d-1000-cb51-11e354b42180","processorType":"org.apache.nifi.processors.attributes.UpdateAttribute","key":"searchengine","value":"elasticsearch","expressionProperties":null,"propertyDescriptor":{"name":"searchengine","displayName":"searchengine","description":"","defaultValue":null,"allowableValues":null,"required":false,"sensitive":false,"dynamic":true,"supportsEl":true,"identifiesControllerService":null},"templateValue":"elasticsearch","userEditable":true,"renderType":"select","renderOptions":{"selectCustom":"true","selectOptions":"[\"elasticsearch\",\"solr\"]"},"selected":true,"inputProperty":false,"containsConfigurationVariables":false,"sensitive":false,"required":true,"templateProperty":null,"nameKey":"NiFi Flow-Set Parameters-searchengine","idKey":"34a36ea8-015d-1000-cb51-11e354b42180-1fae2c3c-015d-1000-a87f-676aa75a51fe-searchengine","processorNameTypeKey":"Set Parameters-org.apache.nifi.processors.attributes.UpdateAttribute-searchengine"}],"type":"org.apache.nifi.processors.attributes.UpdateAttribute","name":"Set Parameters","id":"1fae2c3c-015d-1000-a87f-676aa75a51fe","groupName":"NiFi Flow","groupId":"34a36ea8-015d-1000-cb51-11e354b42180","inputProcessor":false,"userDefinedInputProcessor":false}],"inputProcessors":[{"properties":[],"type":"org.apache.nifi.jms.processors.ConsumeJMS","name":"Receive Schema Index Request","id":"764c577c-0159-1000-0000-000000000000","groupName":null,"groupId":"f31ee9bf-015a-1000-0000-000000000000","inputProcessor":true,"userDefinedInputProcessor":false}],"id":"f20367b7-3f58-4acf-b5b7-52c8febd1630","nifiTemplateId":"77225be9-86ba-4733-8e2b-348b8a0e8619","templateName":"Index Schema Service","updateDate":1499892862614,"createDate":1499892422761,"icon":"assignment","iconColor":"#80CBC4","description":"Index Schema Service","state":"ENABLED","defineTable":false,"reusableTemplate":false,"reusableTemplateConnections":[],"registeredDatasourceDefinitions":[{"processorType":"org.apache.nifi.jms.processors.ConsumeJMS","processorName":"Receive Schema Index Request","processorId":"764c577c-0159-1000-0000-000000000000","datasourceDefinition":{"processorType":"org.apache.nifi.jms.processors.ConsumeJMS","connectionType":"SOURCE","datasourcePropertyKeys":["Destination Name"],"datasourceType":"JMSDatasource","identityString":"${Destination Name}","description":null,"title":"${Destination Name}"}}],"order":1,"templateOrder":null,"feedsCount":1,"templateTableOption":"NO_TABLE","timeBetweenStartingBatchJobs":1000,"stream":false,"allowPreconditions":false,"dataTransformation":false,"isStream":false},"userProperties":[],"hadoopSecurityGroups":null,"hadoopAuthorizationType":null,"securityGroups":[],"usedByFeeds":[],"userDatasources":null,"tableOption":{},"categoryId":"f1f71186-0481-4544-8f4c-a6f33a166606","categoryIcon":"cloud","categoryIconColor":"#FFCA28","new":false,"categoryAndFeedDisplayName":"System.Index Schema Service","categoryName":"System","systemCategoryName":"system","reusableFeed":false}