{"owner":{"displayName":"Data Lake Administrator","email":null,"enabled":true,"groups":["admin","user"],"systemName":"dladmin"},"allowedActions":{"actions":[{"systemName":"accessFeed","actions":[{"systemName":"editFeedSummary"},{"systemName":"accessFeedDetails","actions":[{"systemName":"editFeedDetails"},{"systemName":"deleteFeed"},{"systemName":"enableFeed"},{"systemName":"exportFeed"}]},{"systemName":"accessFeedOperations"},{"systemName":"changeFeedPermissions"}]}]},"roleMemberships":[],"id":"bfd3e676-bf0b-4742-ad9b-fae23836e86a","feedId":"bfd3e676-bf0b-4742-ad9b-fae23836e86a","templateId":"53a9648a-4a62-42f7-a504-9892533ccd9a","inputProcessorType":"org.apache.nifi.jms.processors.ConsumeJMS","templateName":"Index Schema Service","properties":[{"processGroupName":"NiFi Flow","processorName":"Set Parameters","processorId":"1fae2c3c-015d-1000-a87f-676aa75a51fe","processGroupId":"34a36ea8-015d-1000-cb51-11e354b42180","processorType":"org.apache.nifi.processors.attributes.UpdateAttribute","key":"hive.schema","value":"hive","expressionProperties":null,"propertyDescriptor":{"name":"hive.schema","displayName":"hive.schema","description":"","defaultValue":null,"allowableValues":null,"required":false,"sensitive":false,"dynamic":true,"supportsEl":true,"identifiesControllerService":null},"templateValue":null,"userEditable":true,"renderType":"text","renderOptions":{},"selected":false,"inputProperty":false,"containsConfigurationVariables":false,"sensitive":false,"required":true,"templateProperty":null,"idKey":"34a36ea8-015d-1000-cb51-11e354b42180-1fae2c3c-015d-1000-a87f-676aa75a51fe-hive.schema","processorNameTypeKey":"Set Parameters-org.apache.nifi.processors.attributes.UpdateAttribute-hive.schema","nameKey":"NiFi Flow-Set Parameters-hive.schema"},{"processGroupName":"NiFi Flow","processorName":"Set Parameters","processorId":"1fae2c3c-015d-1000-a87f-676aa75a51fe","processGroupId":"34a36ea8-015d-1000-cb51-11e354b42180","processorType":"org.apache.nifi.processors.attributes.UpdateAttribute","key":"searchengine","value":"elasticsearch","expressionProperties":null,"propertyDescriptor":{"name":"searchengine","displayName":"searchengine","description":"","defaultValue":null,"allowableValues":null,"required":false,"sensitive":false,"dynamic":true,"supportsEl":true,"identifiesControllerService":null},"templateValue":null,"userEditable":true,"renderType":"select","renderOptions":{"selectCustom":"true","selectOptions":"[\"elasticsearch\",\"solr\"]"},"selected":false,"inputProperty":false,"containsConfigurationVariables":false,"sensitive":false,"required":true,"templateProperty":null,"idKey":"34a36ea8-015d-1000-cb51-11e354b42180-1fae2c3c-015d-1000-a87f-676aa75a51fe-searchengine","processorNameTypeKey":"Set Parameters-org.apache.nifi.processors.attributes.UpdateAttribute-searchengine","nameKey":"NiFi Flow-Set Parameters-searchengine"}],"schedule":{"schedulingPeriod":"1 sec","schedulingStrategy":"TIMER_DRIVEN","concurrentTasks":1,"preconditions":null},"feedName":"Index Schema Service","systemFeedName":"index_schema_service","description":"Global Index Schema Service - Elasticsearch engine","tags":[],"dataOwner":"","category":{"owner":null,"allowedActions":null,"roleMemberships":[],"id":"f1f71186-0481-4544-8f4c-a6f33a166606","name":"System","systemName":"system","icon":"cloud","iconColor":"#FFCA28","description":"System Data","securityGroups":null,"userFields":null,"userProperties":null,"relatedFeeds":0,"createDate":1499507529500,"updateDate":1499871305421},"table":{"fieldStructure":"","existingTableName":null,"tableSchema":{"name":null,"description":null,"charset":null,"properties":{},"fields":[],"schemaName":null,"databaseName":null,"id":"bbd2a6ed-0122-4911-b8f6-9043d7f8d18a"},"sourceTableSchema":{"name":"NA","description":null,"charset":null,"properties":{},"fields":[],"schemaName":null,"databaseName":null,"id":"6730c607-5655-4def-8830-8fc175403fb1"},"feedTableSchema":{"name":null,"description":null,"charset":null,"properties":{},"fields":[],"schemaName":null,"databaseName":null,"id":"35e90c3b-cc4e-42c1-bbc5-5898a9434a18"},"method":"SAMPLE_FILE","description":"","fieldPolicies":[],"partitions":[],"tableType":null,"incrementalDateField":null,"sourceTableIncrementalDateField":null,"options":{"compress":false,"auditLogging":true,"encrypt":false,"trackHistory":false,"compressionFormat":null},"feedFormat":"ROW FORMAT SERDE 'org.apache.hadoop.hive.serde2.OpenCSVSerde' WITH SERDEPROPERTIES ( 'separatorChar' = ',' ,'escapeChar' = '\\\\' ,'quoteChar' = '\"') STORED AS TEXTFILE","targetFormat":null,"targetTblProperties":"","targetMergeStrategy":"DEDUPE_AND_MERGE","fieldPoliciesJson":"[]","fieldIndexString":"","partitionStructure":"","partitionSpecs":"","fieldsString":"","sourceFields":"NA","sourceFieldsCommaString":"NA","feedFieldStructure":"","nullableFields":"","primaryKeyFields":""},"createDate":1499871305421,"updateDate":1499871305421,"dataTransformation":{"chartViewModel":null,"datasourceIds":null,"dataTransformScript":null,"sql":null,"states":[]},"active":true,"state":"ENABLED","nifiProcessGroupId":"374be82d-015d-1000-57ad-2a256fdba7b5","options":{"skipHeader":false},"version":null,"versionName":null,"registeredTemplate":{"owner":{"displayName":"Data Lake Administrator","email":null,"enabled":true,"groups":["admin","user"],"systemName":"dladmin"},"allowedActions":{"actions":[{"systemName":"accessTemplate","actions":[{"systemName":"editTemplate"},{"systemName":"deleteTemplate"},{"systemName":"exportTemplate"},{"systemName":"createFeedFromTemplate"},{"systemName":"changeTemplatePermissions"}]}]},"roleMemberships":[],"properties":[{"processGroupName":"NiFi Flow","processorName":"Set Parameters","processorId":"1fae2c3c-015d-1000-a87f-676aa75a51fe","processGroupId":"34a36ea8-015d-1000-cb51-11e354b42180","processorType":"org.apache.nifi.processors.attributes.UpdateAttribute","key":"hive.schema","value":"${config.hive.schema}","expressionProperties":null,"propertyDescriptor":{"name":"hive.schema","displayName":"hive.schema","description":"","defaultValue":null,"allowableValues":null,"required":false,"sensitive":false,"dynamic":true,"supportsEl":true,"identifiesControllerService":null},"templateValue":"${config.hive.schema}","userEditable":true,"renderType":"text","renderOptions":{},"selected":true,"inputProperty":false,"containsConfigurationVariables":false,"sensitive":false,"required":true,"templateProperty":null,"idKey":"34a36ea8-015d-1000-cb51-11e354b42180-1fae2c3c-015d-1000-a87f-676aa75a51fe-hive.schema","processorNameTypeKey":"Set Parameters-org.apache.nifi.processors.attributes.UpdateAttribute-hive.schema","nameKey":"NiFi Flow-Set Parameters-hive.schema"},{"processGroupName":"NiFi Flow","processorName":"Set Parameters","processorId":"1fae2c3c-015d-1000-a87f-676aa75a51fe","processGroupId":"34a36ea8-015d-1000-cb51-11e354b42180","processorType":"org.apache.nifi.processors.attributes.UpdateAttribute","key":"searchengine","value":"elasticsearch","expressionProperties":null,"propertyDescriptor":{"name":"searchengine","displayName":"searchengine","description":"","defaultValue":null,"allowableValues":null,"required":false,"sensitive":false,"dynamic":true,"supportsEl":true,"identifiesControllerService":null},"templateValue":"elasticsearch","userEditable":true,"renderType":"select","renderOptions":{"selectCustom":"true","selectOptions":"[\"elasticsearch\",\"solr\"]"},"selected":true,"inputProperty":false,"containsConfigurationVariables":false,"sensitive":false,"required":true,"templateProperty":null,"idKey":"34a36ea8-015d-1000-cb51-11e354b42180-1fae2c3c-015d-1000-a87f-676aa75a51fe-searchengine","processorNameTypeKey":"Set Parameters-org.apache.nifi.processors.attributes.UpdateAttribute-searchengine","nameKey":"NiFi Flow-Set Parameters-searchengine"}],"nonInputProcessors":null,"inputProcessors":[{"properties":[],"type":"org.apache.nifi.jms.processors.ConsumeJMS","name":"Receive Schema Index Request","id":"764c577c-0159-1000-0000-000000000000","groupName":null,"groupId":"f31ee9bf-015a-1000-0000-000000000000","inputProcessor":true,"userDefinedInputProcessor":false}],"id":"53a9648a-4a62-42f7-a504-9892533ccd9a","nifiTemplateId":"2b976b93-95bd-41ec-a947-c458b22790fd","templateName":"Index Schema Service","updateDate":1499871305421,"createDate":1499871158348,"icon":"assignment","iconColor":"#80CBC4","description":"Index Schema Service","state":"ENABLED","defineTable":false,"reusableTemplate":false,"reusableTemplateConnections":[],"registeredDatasourceDefinitions":[{"processorType":"org.apache.nifi.jms.processors.ConsumeJMS","processorName":"Receive Schema Index Request","processorId":"764c577c-0159-1000-0000-000000000000","datasourceDefinition":{"processorType":"org.apache.nifi.jms.processors.ConsumeJMS","connectionType":"SOURCE","datasourcePropertyKeys":["Destination Name"],"datasourceType":"JMSDatasource","identityString":"${Destination Name}","description":null,"title":"${Destination Name}"}}],"order":1,"templateOrder":null,"feedsCount":1,"templateTableOption":"NO_TABLE","timeBetweenStartingBatchJobs":1000,"stream":false,"allowPreconditions":false,"dataTransformation":false,"isStream":false},"userProperties":[],"hadoopSecurityGroups":null,"hadoopAuthorizationType":null,"securityGroups":[],"usedByFeeds":[],"userDatasources":null,"tableOption":{},"categoryAndFeedDisplayName":"System.Index Schema Service","categoryName":"System","new":false,"systemCategoryName":"system","categoryId":"f1f71186-0481-4544-8f4c-a6f33a166606","categoryIcon":"cloud","categoryIconColor":"#FFCA28","reusableFeed":false}