{"owner":{"displayName":"Data Lake Administrator","email":null,"enabled":true,"groups":["admin","user"],"systemName":"dladmin"},"allowedActions":{"actions":[{"systemName":"accessFeed","actions":[{"systemName":"editFeedSummary"},{"systemName":"accessFeedDetails","actions":[{"systemName":"editFeedDetails"},{"systemName":"deleteFeed"},{"systemName":"enableFeed"},{"systemName":"exportFeed"}]},{"systemName":"accessFeedOperations"},{"systemName":"changeFeedPermissions"}]}]},"roleMemberships":[],"id":"63f915ea-1c5f-447b-9710-e5001c8c7460","feedId":"63f915ea-1c5f-447b-9710-e5001c8c7460","templateId":"e2ea1870-e670-420e-916f-30307530461e","inputProcessorType":"org.apache.nifi.jms.processors.ConsumeJMS","templateName":"Index Schema Service","properties":[{"processGroupName":"NiFi Flow","processorName":"Set Parameters","processorId":"1fae2c3c-015d-1000-2644-8430dfe07060","processGroupId":"1fc10abd-015d-1000-d19e-a8fb7852dd04","processorType":"org.apache.nifi.processors.attributes.UpdateAttribute","key":"hive.schema","value":"hive","expressionProperties":null,"propertyDescriptor":{"name":"hive.schema","displayName":"hive.schema","description":"","defaultValue":null,"allowableValues":null,"required":false,"sensitive":false,"dynamic":true,"supportsEl":true,"identifiesControllerService":null},"templateValue":null,"userEditable":true,"renderType":"text","renderOptions":{},"selected":false,"inputProperty":false,"containsConfigurationVariables":false,"sensitive":false,"required":true,"templateProperty":null,"idKey":"1fc10abd-015d-1000-d19e-a8fb7852dd04-1fae2c3c-015d-1000-2644-8430dfe07060-hive.schema","processorNameTypeKey":"Set Parameters-org.apache.nifi.processors.attributes.UpdateAttribute-hive.schema","nameKey":"NiFi Flow-Set Parameters-hive.schema"},{"processGroupName":"NiFi Flow","processorName":"Set Parameters","processorId":"1fae2c3c-015d-1000-2644-8430dfe07060","processGroupId":"1fc10abd-015d-1000-d19e-a8fb7852dd04","processorType":"org.apache.nifi.processors.attributes.UpdateAttribute","key":"searchengine","value":"elasticsearch","expressionProperties":null,"propertyDescriptor":{"name":"searchengine","displayName":"searchengine","description":"","defaultValue":null,"allowableValues":null,"required":false,"sensitive":false,"dynamic":true,"supportsEl":true,"identifiesControllerService":null},"templateValue":null,"userEditable":true,"renderType":"select","renderOptions":{"selectCustom":"true","selectOptions":"[\"elasticsearch\",\"solr\"]"},"selected":false,"inputProperty":false,"containsConfigurationVariables":false,"sensitive":false,"required":true,"templateProperty":null,"idKey":"1fc10abd-015d-1000-d19e-a8fb7852dd04-1fae2c3c-015d-1000-2644-8430dfe07060-searchengine","processorNameTypeKey":"Set Parameters-org.apache.nifi.processors.attributes.UpdateAttribute-searchengine","nameKey":"NiFi Flow-Set Parameters-searchengine"}],"schedule":{"schedulingPeriod":"1 sec","schedulingStrategy":"TIMER_DRIVEN","concurrentTasks":1,"preconditions":null},"feedName":"Index Schema Service","systemFeedName":"index_schema_service","description":"Index Schema - Elasticsearch engine","tags":[],"dataOwner":"","category":{"owner":null,"allowedActions":null,"roleMemberships":[],"id":"9475b9f9-5ed2-4030-b566-8876d51683f4","name":"System","systemName":"system","icon":"cloud","iconColor":"#FFCA28","description":"System Data","securityGroups":null,"userFields":null,"userProperties":null,"relatedFeeds":0,"createDate":1496707266399,"updateDate":1499476445262},"table":{"fieldStructure":"","existingTableName":null,"tableSchema":{"name":null,"description":null,"charset":null,"properties":{},"fields":[],"schemaName":null,"databaseName":null,"id":"66ea463e-142d-47dd-b1a4-feecd04b39ec"},"sourceTableSchema":{"name":"NA","description":null,"charset":null,"properties":{},"fields":[],"schemaName":null,"databaseName":null,"id":"dceb64bd-8057-416c-9814-43c63c8e73c9"},"feedTableSchema":{"name":null,"description":null,"charset":null,"properties":{},"fields":[],"schemaName":null,"databaseName":null,"id":"21f56528-487f-4f2c-8d94-643097fb5475"},"method":"SAMPLE_FILE","description":"","fieldPolicies":[],"partitions":[],"tableType":null,"incrementalDateField":null,"sourceTableIncrementalDateField":null,"options":{"compress":false,"auditLogging":true,"encrypt":false,"trackHistory":false,"compressionFormat":null},"feedFormat":"ROW FORMAT SERDE 'org.apache.hadoop.hive.serde2.OpenCSVSerde' WITH SERDEPROPERTIES ( 'separatorChar' = ',' ,'escapeChar' = '\\\\' ,'quoteChar' = '\"') STORED AS TEXTFILE","targetFormat":null,"targetTblProperties":"","targetMergeStrategy":"DEDUPE_AND_MERGE","fieldPoliciesJson":"[]","fieldIndexString":"","partitionStructure":"","partitionSpecs":"","fieldsString":"","sourceFields":"NA","sourceFieldsCommaString":"NA","feedFieldStructure":"","nullableFields":"","primaryKeyFields":""},"createDate":1499476445262,"updateDate":1499476445262,"dataTransformation":{"chartViewModel":null,"datasourceIds":null,"dataTransformScript":null,"sql":null,"states":[]},"active":false,"state":"DISABLED","nifiProcessGroupId":"1fc2c415-015d-1000-3781-d1ca0e04f11e","options":{"skipHeader":false},"version":null,"versionName":null,"registeredTemplate":{"owner":{"displayName":"Data Lake Administrator","email":null,"enabled":true,"groups":["admin","user"],"systemName":"dladmin"},"allowedActions":{"actions":[{"systemName":"accessTemplate","actions":[{"systemName":"editTemplate"},{"systemName":"deleteTemplate"},{"systemName":"exportTemplate"},{"systemName":"createFeedFromTemplate"},{"systemName":"changeTemplatePermissions"}]}]},"roleMemberships":[],"properties":[{"processGroupName":"NiFi Flow","processorName":"Set Parameters","processorId":"1fae2c3c-015d-1000-2644-8430dfe07060","processGroupId":"1fc10abd-015d-1000-d19e-a8fb7852dd04","processorType":"org.apache.nifi.processors.attributes.UpdateAttribute","key":"hive.schema","value":"${config.hive.schema}","expressionProperties":null,"propertyDescriptor":{"name":"hive.schema","displayName":"hive.schema","description":"","defaultValue":null,"allowableValues":null,"required":false,"sensitive":false,"dynamic":true,"supportsEl":true,"identifiesControllerService":null},"templateValue":"${config.hive.schema}","userEditable":true,"renderType":"text","renderOptions":{},"selected":true,"inputProperty":false,"containsConfigurationVariables":false,"sensitive":false,"required":true,"templateProperty":null,"idKey":"1fc10abd-015d-1000-d19e-a8fb7852dd04-1fae2c3c-015d-1000-2644-8430dfe07060-hive.schema","processorNameTypeKey":"Set Parameters-org.apache.nifi.processors.attributes.UpdateAttribute-hive.schema","nameKey":"NiFi Flow-Set Parameters-hive.schema"},{"processGroupName":"NiFi Flow","processorName":"Set Parameters","processorId":"1fae2c3c-015d-1000-2644-8430dfe07060","processGroupId":"1fc10abd-015d-1000-d19e-a8fb7852dd04","processorType":"org.apache.nifi.processors.attributes.UpdateAttribute","key":"searchengine","value":"elasticsearch","expressionProperties":null,"propertyDescriptor":{"name":"searchengine","displayName":"searchengine","description":"","defaultValue":null,"allowableValues":null,"required":false,"sensitive":false,"dynamic":true,"supportsEl":true,"identifiesControllerService":null},"templateValue":"elasticsearch","userEditable":true,"renderType":"select","renderOptions":{"selectCustom":"true","selectOptions":"[\"elasticsearch\",\"solr\"]"},"selected":true,"inputProperty":false,"containsConfigurationVariables":false,"sensitive":false,"required":true,"templateProperty":null,"idKey":"1fc10abd-015d-1000-d19e-a8fb7852dd04-1fae2c3c-015d-1000-2644-8430dfe07060-searchengine","processorNameTypeKey":"Set Parameters-org.apache.nifi.processors.attributes.UpdateAttribute-searchengine","nameKey":"NiFi Flow-Set Parameters-searchengine"}],"nonInputProcessors":null,"inputProcessors":[{"properties":[],"type":"org.apache.nifi.jms.processors.ConsumeJMS","name":"Receive Schema Index Request","id":"764c577c-0159-1000-0000-000000000000","groupName":null,"groupId":"f31ee9bf-015a-1000-0000-000000000000","inputProcessor":true,"userDefinedInputProcessor":false}],"id":"e2ea1870-e670-420e-916f-30307530461e","nifiTemplateId":"40459b90-8c37-4244-b4ba-b56cc3bb8aad","templateName":"Index Schema Service","updateDate":1499476445262,"createDate":1499476393436,"icon":"assignment","iconColor":"#80CBC4","description":"Index Schema Service","state":"ENABLED","defineTable":false,"reusableTemplate":false,"reusableTemplateConnections":[],"registeredDatasourceDefinitions":[{"processorType":"org.apache.nifi.jms.processors.ConsumeJMS","processorName":"Receive Schema Index Request","processorId":"764c577c-0159-1000-0000-000000000000","datasourceDefinition":{"processorType":"org.apache.nifi.jms.processors.ConsumeJMS","connectionType":"SOURCE","datasourcePropertyKeys":["Destination Name"],"datasourceType":"JMSDatasource","identityString":"${Destination Name}","description":null,"title":"${Destination Name}"}}],"order":4,"templateOrder":null,"feedsCount":1,"templateTableOption":"NO_TABLE","timeBetweenStartingBatchJobs":1000,"stream":false,"allowPreconditions":false,"dataTransformation":false,"isStream":false},"userProperties":[],"hadoopSecurityGroups":null,"hadoopAuthorizationType":null,"securityGroups":[],"usedByFeeds":[],"userDatasources":null,"tableOption":{},"categoryId":"9475b9f9-5ed2-4030-b566-8876d51683f4","categoryIcon":"cloud","categoryIconColor":"#FFCA28","systemCategoryName":"system","categoryAndFeedDisplayName":"System.Index Schema Service","categoryName":"System","new":false,"reusableFeed":false}