<?xml version="1.0" ?>
<template encoding-version="1.0">
  <description>Kylo Template - Index Schema</description>
  <groupId>f31ee9bf-015a-1000-f41e-6c938477de44</groupId>
  <name>Index Schema Service</name>
  <snippet>
    <connections>
      <id>19fa2bf1-015d-1000-0000-000000000000</id>
      <parentGroupId>f31ee9bf-015a-1000-0000-000000000000</parentGroupId>
      <backPressureDataSizeThreshold>1 GB</backPressureDataSizeThreshold>
      <backPressureObjectThreshold>10000</backPressureObjectThreshold>
      <destination>
        <groupId>f31ee9bf-015a-1000-0000-000000000000</groupId>
        <id>19f7d953-015d-1000-0000-000000000000</id>
        <type>PROCESSOR</type>
      </destination>
      <flowFileExpiration>0 sec</flowFileExpiration>
      <labelIndex>1</labelIndex>
      <name></name>
      <selectedRelationships>success</selectedRelationships>
      <source>
        <groupId>f31ee9bf-015a-1000-0000-000000000000</groupId>
        <id>2bd64d88-2b1f-1ef0-0000-000000000000</id>
        <type>PROCESSOR</type>
      </source>
      <zIndex>0</zIndex>
    </connections>
    <connections>
      <id>1a00af35-015d-1000-0000-000000000000</id>
      <parentGroupId>f31ee9bf-015a-1000-0000-000000000000</parentGroupId>
      <backPressureDataSizeThreshold>1 GB</backPressureDataSizeThreshold>
      <backPressureObjectThreshold>10000</backPressureObjectThreshold>
      <destination>
        <groupId>f31ee9bf-015a-1000-0000-000000000000</groupId>
        <id>2bd64d89-2b1f-1ef0-0000-000000000000</id>
        <type>PROCESSOR</type>
      </destination>
      <flowFileExpiration>0 sec</flowFileExpiration>
      <labelIndex>1</labelIndex>
      <name></name>
      <selectedRelationships>elasticsearch</selectedRelationships>
      <source>
        <groupId>f31ee9bf-015a-1000-0000-000000000000</groupId>
        <id>19f7d953-015d-1000-0000-000000000000</id>
        <type>PROCESSOR</type>
      </source>
      <zIndex>0</zIndex>
    </connections>
    <connections>
      <id>1a037a7d-015d-1000-0000-000000000000</id>
      <parentGroupId>f31ee9bf-015a-1000-0000-000000000000</parentGroupId>
      <backPressureDataSizeThreshold>1 GB</backPressureDataSizeThreshold>
      <backPressureObjectThreshold>10000</backPressureObjectThreshold>
      <destination>
        <groupId>f31ee9bf-015a-1000-0000-000000000000</groupId>
        <id>1a035110-015d-1000-0000-000000000000</id>
        <type>PROCESSOR</type>
      </destination>
      <flowFileExpiration>0 sec</flowFileExpiration>
      <labelIndex>1</labelIndex>
      <name></name>
      <selectedRelationships>solr</selectedRelationships>
      <source>
        <groupId>f31ee9bf-015a-1000-0000-000000000000</groupId>
        <id>19f7d953-015d-1000-0000-000000000000</id>
        <type>PROCESSOR</type>
      </source>
      <zIndex>0</zIndex>
    </connections>
    <connections>
      <id>1faf88b4-015d-1000-0000-000000000000</id>
      <parentGroupId>f31ee9bf-015a-1000-0000-000000000000</parentGroupId>
      <backPressureDataSizeThreshold>1 GB</backPressureDataSizeThreshold>
      <backPressureObjectThreshold>10000</backPressureObjectThreshold>
      <destination>
        <groupId>f31ee9bf-015a-1000-0000-000000000000</groupId>
        <id>764b9a62-0159-1000-0000-000000000000</id>
        <type>PROCESSOR</type>
      </destination>
      <flowFileExpiration>0 sec</flowFileExpiration>
      <labelIndex>1</labelIndex>
      <name></name>
      <selectedRelationships>success</selectedRelationships>
      <source>
        <groupId>f31ee9bf-015a-1000-0000-000000000000</groupId>
        <id>1fae2c3c-015d-1000-0000-000000000000</id>
        <type>PROCESSOR</type>
      </source>
      <zIndex>0</zIndex>
    </connections>
    <connections>
      <id>1faf9641-015d-1000-0000-000000000000</id>
      <parentGroupId>f31ee9bf-015a-1000-0000-000000000000</parentGroupId>
      <backPressureDataSizeThreshold>1 GB</backPressureDataSizeThreshold>
      <backPressureObjectThreshold>10000</backPressureObjectThreshold>
      <destination>
        <groupId>f31ee9bf-015a-1000-0000-000000000000</groupId>
        <id>1fae2c3c-015d-1000-0000-000000000000</id>
        <type>PROCESSOR</type>
      </destination>
      <flowFileExpiration>0 sec</flowFileExpiration>
      <labelIndex>1</labelIndex>
      <name></name>
      <selectedRelationships>success</selectedRelationships>
      <source>
        <groupId>f31ee9bf-015a-1000-0000-000000000000</groupId>
        <id>764c577c-0159-1000-0000-000000000000</id>
        <type>PROCESSOR</type>
      </source>
      <zIndex>0</zIndex>
    </connections>
    <connections>
      <id>2bd64d8d-2b1f-1ef0-0000-000000000000</id>
      <parentGroupId>f31ee9bf-015a-1000-0000-000000000000</parentGroupId>
      <backPressureDataSizeThreshold>0 MB</backPressureDataSizeThreshold>
      <backPressureObjectThreshold>0</backPressureObjectThreshold>
      <destination>
        <groupId>f31ee9bf-015a-1000-0000-000000000000</groupId>
        <id>2bd64d88-2b1f-1ef0-0000-000000000000</id>
        <type>PROCESSOR</type>
      </destination>
      <flowFileExpiration>0 sec</flowFileExpiration>
      <labelIndex>1</labelIndex>
      <name></name>
      <selectedRelationships>success</selectedRelationships>
      <source>
        <groupId>f31ee9bf-015a-1000-0000-000000000000</groupId>
        <id>2bd64d87-2b1f-1ef0-0000-000000000000</id>
        <type>PROCESSOR</type>
      </source>
      <zIndex>0</zIndex>
    </connections>
    <connections>
      <id>2bd64d90-2b1f-1ef0-0000-000000000000</id>
      <parentGroupId>f31ee9bf-015a-1000-0000-000000000000</parentGroupId>
      <backPressureDataSizeThreshold>0 MB</backPressureDataSizeThreshold>
      <backPressureObjectThreshold>0</backPressureObjectThreshold>
      <destination>
        <groupId>f31ee9bf-015a-1000-0000-000000000000</groupId>
        <id>2bd64d87-2b1f-1ef0-0000-000000000000</id>
        <type>PROCESSOR</type>
      </destination>
      <flowFileExpiration>0 sec</flowFileExpiration>
      <labelIndex>1</labelIndex>
      <name></name>
      <selectedRelationships>success</selectedRelationships>
      <source>
        <groupId>f31ee9bf-015a-1000-0000-000000000000</groupId>
        <id>2bd64d86-2b1f-1ef0-0000-000000000000</id>
        <type>PROCESSOR</type>
      </source>
      <zIndex>0</zIndex>
    </connections>
    <connections>
      <id>764d14f1-0159-1000-0000-000000000000</id>
      <parentGroupId>f31ee9bf-015a-1000-0000-000000000000</parentGroupId>
      <backPressureDataSizeThreshold>1 GB</backPressureDataSizeThreshold>
      <backPressureObjectThreshold>10000</backPressureObjectThreshold>
      <destination>
        <groupId>f31ee9bf-015a-1000-0000-000000000000</groupId>
        <id>2bd64d86-2b1f-1ef0-0000-000000000000</id>
        <type>PROCESSOR</type>
      </destination>
      <flowFileExpiration>0 sec</flowFileExpiration>
      <labelIndex>1</labelIndex>
      <name></name>
      <selectedRelationships>matched</selectedRelationships>
      <source>
        <groupId>f31ee9bf-015a-1000-0000-000000000000</groupId>
        <id>764b9a62-0159-1000-0000-000000000000</id>
        <type>PROCESSOR</type>
      </source>
      <zIndex>0</zIndex>
    </connections>
    <controllerServices>
      <id>2196101d-015d-1000-0000-000000000000</id>
      <parentGroupId>f31ee9bf-015a-1000-0000-000000000000</parentGroupId>
      <comments></comments>
      <descriptors>
        <entry>
          <key>cf</key>
          <value>
            <name>cf</name>
          </value>
        </entry>
        <entry>
          <key>cflib</key>
          <value>
            <name>cflib</name>
          </value>
        </entry>
        <entry>
          <key>broker</key>
          <value>
            <name>broker</name>
          </value>
        </entry>
        <entry>
          <key>SSL Context Service</key>
          <value>
            <identifiesControllerService>org.apache.nifi.ssl.SSLContextService</identifiesControllerService>
            <name>SSL Context Service</name>
          </value>
        </entry>
      </descriptors>
      <name>JMSConnectionFactoryProvider</name>
      <properties>
        <entry>
          <key>cf</key>
          <value>org.apache.activemq.ActiveMQConnectionFactory</value>
        </entry>
        <entry>
          <key>cflib</key>
          <value>/opt/nifi/activemq</value>
        </entry>
        <entry>
          <key>broker</key>
          <value>tcp://localhost:61616</value>
        </entry>
        <entry>
          <key>SSL Context Service</key>
        </entry>
      </properties>
      <state>ENABLED</state>
      <type>org.apache.nifi.jms.cf.JMSConnectionFactoryProvider</type>
    </controllerServices>
    <controllerServices>
      <id>21965a98-015d-1000-0000-000000000000</id>
      <parentGroupId>f31ee9bf-015a-1000-0000-000000000000</parentGroupId>
      <comments></comments>
      <descriptors>
        <entry>
          <key>Database Connection URL</key>
          <value>
            <name>Database Connection URL</name>
          </value>
        </entry>
        <entry>
          <key>Database Driver Class Name</key>
          <value>
            <name>Database Driver Class Name</name>
          </value>
        </entry>
        <entry>
          <key>database-driver-locations</key>
          <value>
            <name>database-driver-locations</name>
          </value>
        </entry>
        <entry>
          <key>Database User</key>
          <value>
            <name>Database User</name>
          </value>
        </entry>
        <entry>
          <key>Password</key>
          <value>
            <name>Password</name>
          </value>
        </entry>
        <entry>
          <key>Max Wait Time</key>
          <value>
            <name>Max Wait Time</name>
          </value>
        </entry>
        <entry>
          <key>Max Total Connections</key>
          <value>
            <name>Max Total Connections</name>
          </value>
        </entry>
      </descriptors>
      <name>MySQL</name>
      <properties>
        <entry>
          <key>Database Connection URL</key>
          <value>jdbc:mysql://localhost</value>
        </entry>
        <entry>
          <key>Database Driver Class Name</key>
          <value>org.mariadb.jdbc.Driver</value>
        </entry>
        <entry>
          <key>database-driver-locations</key>
          <value>file:///opt/nifi/mysql/mariadb-java-client-1.5.7.jar</value>
        </entry>
        <entry>
          <key>Database User</key>
          <value>root</value>
        </entry>
        <entry>
          <key>Password</key>
        </entry>
        <entry>
          <key>Max Wait Time</key>
          <value>500 millis</value>
        </entry>
        <entry>
          <key>Max Total Connections</key>
          <value>8</value>
        </entry>
      </properties>
      <state>ENABLED</state>
      <type>org.apache.nifi.dbcp.DBCPConnectionPool</type>
    </controllerServices>
    <processors>
      <id>19f7d953-015d-1000-0000-000000000000</id>
      <parentGroupId>f31ee9bf-015a-1000-0000-000000000000</parentGroupId>
      <position>
        <x>1915.0391049601335</x>
        <y>618.1166196426943</y>
      </position>
      <config>
        <bulletinLevel>WARN</bulletinLevel>
        <comments></comments>
        <concurrentlySchedulableTaskCount>1</concurrentlySchedulableTaskCount>
        <descriptors>
          <entry>
            <key>Routing Strategy</key>
            <value>
              <name>Routing Strategy</name>
            </value>
          </entry>
          <entry>
            <key>elasticsearch</key>
            <value>
              <name>elasticsearch</name>
            </value>
          </entry>
          <entry>
            <key>solr</key>
            <value>
              <name>solr</name>
            </value>
          </entry>
        </descriptors>
        <lossTolerant>false</lossTolerant>
        <penaltyDuration>30 sec</penaltyDuration>
        <properties>
          <entry>
            <key>Routing Strategy</key>
            <value>Route to Property name</value>
          </entry>
          <entry>
            <key>elasticsearch</key>
            <value>${searchengine:equals('elasticsearch')}</value>
          </entry>
          <entry>
            <key>solr</key>
            <value>${searchengine:equals('solr')}</value>
          </entry>
        </properties>
        <runDurationMillis>0</runDurationMillis>
        <schedulingPeriod>0 sec</schedulingPeriod>
        <schedulingStrategy>TIMER_DRIVEN</schedulingStrategy>
        <yieldDuration>1 sec</yieldDuration>
      </config>
      <name>Detect Search Engine</name>
      <relationships>
        <autoTerminate>false</autoTerminate>
        <name>elasticsearch</name>
      </relationships>
      <relationships>
        <autoTerminate>false</autoTerminate>
        <name>solr</name>
      </relationships>
      <relationships>
        <autoTerminate>true</autoTerminate>
        <name>unmatched</name>
      </relationships>
      <style></style>
      <type>org.apache.nifi.processors.standard.RouteOnAttribute</type>
    </processors>
    <processors>
      <id>1a035110-015d-1000-0000-000000000000</id>
      <parentGroupId>f31ee9bf-015a-1000-0000-000000000000</parentGroupId>
      <position>
        <x>2345.8026167045255</x>
        <y>844.1080442560733</y>
      </position>
      <config>
        <bulletinLevel>WARN</bulletinLevel>
        <comments></comments>
        <concurrentlySchedulableTaskCount>1</concurrentlySchedulableTaskCount>
        <descriptors>
          <entry>
            <key>Solr Type</key>
            <value>
              <name>Solr Type</name>
            </value>
          </entry>
          <entry>
            <key>Solr Location</key>
            <value>
              <name>Solr Location</name>
            </value>
          </entry>
          <entry>
            <key>Collection</key>
            <value>
              <name>Collection</name>
            </value>
          </entry>
          <entry>
            <key>Content Stream Path</key>
            <value>
              <name>Content Stream Path</name>
            </value>
          </entry>
          <entry>
            <key>Content-Type</key>
            <value>
              <name>Content-Type</name>
            </value>
          </entry>
          <entry>
            <key>Commit Within</key>
            <value>
              <name>Commit Within</name>
            </value>
          </entry>
          <entry>
            <key>Solr Socket Timeout</key>
            <value>
              <name>Solr Socket Timeout</name>
            </value>
          </entry>
          <entry>
            <key>Solr Connection Timeout</key>
            <value>
              <name>Solr Connection Timeout</name>
            </value>
          </entry>
          <entry>
            <key>Solr Maximum Connections</key>
            <value>
              <name>Solr Maximum Connections</name>
            </value>
          </entry>
          <entry>
            <key>Solr Maximum Connections Per Host</key>
            <value>
              <name>Solr Maximum Connections Per Host</name>
            </value>
          </entry>
          <entry>
            <key>ZooKeeper Client Timeout</key>
            <value>
              <name>ZooKeeper Client Timeout</name>
            </value>
          </entry>
          <entry>
            <key>ZooKeeper Connection Timeout</key>
            <value>
              <name>ZooKeeper Connection Timeout</name>
            </value>
          </entry>
          <entry>
            <key>f</key>
            <value>
              <name>f</name>
            </value>
          </entry>
          <entry>
            <key>split</key>
            <value>
              <name>split</name>
            </value>
          </entry>
        </descriptors>
        <lossTolerant>false</lossTolerant>
        <penaltyDuration>30 sec</penaltyDuration>
        <properties>
          <entry>
            <key>Solr Type</key>
            <value>Cloud</value>
          </entry>
          <entry>
            <key>Solr Location</key>
            <value>localhost:9983</value>
          </entry>
          <entry>
            <key>Collection</key>
            <value>${index-or-collection-name}</value>
          </entry>
          <entry>
            <key>Content Stream Path</key>
            <value>/update/json/docs</value>
          </entry>
          <entry>
            <key>Content-Type</key>
            <value>application/json</value>
          </entry>
          <entry>
            <key>Commit Within</key>
          </entry>
          <entry>
            <key>Solr Socket Timeout</key>
            <value>10 seconds</value>
          </entry>
          <entry>
            <key>Solr Connection Timeout</key>
            <value>10 seconds</value>
          </entry>
          <entry>
            <key>Solr Maximum Connections</key>
            <value>10</value>
          </entry>
          <entry>
            <key>Solr Maximum Connections Per Host</key>
            <value>5</value>
          </entry>
          <entry>
            <key>ZooKeeper Client Timeout</key>
            <value>10 seconds</value>
          </entry>
          <entry>
            <key>ZooKeeper Connection Timeout</key>
            <value>10 seconds</value>
          </entry>
          <entry>
            <key>f</key>
            <value>/**</value>
          </entry>
          <entry>
            <key>split</key>
            <value>/hiveColumns</value>
          </entry>
        </properties>
        <runDurationMillis>0</runDurationMillis>
        <schedulingPeriod>0 sec</schedulingPeriod>
        <schedulingStrategy>TIMER_DRIVEN</schedulingStrategy>
        <yieldDuration>1 sec</yieldDuration>
      </config>
      <name>Index Metadata Solr</name>
      <relationships>
        <autoTerminate>true</autoTerminate>
        <name>connection_failure</name>
      </relationships>
      <relationships>
        <autoTerminate>true</autoTerminate>
        <name>failure</name>
      </relationships>
      <relationships>
        <autoTerminate>true</autoTerminate>
        <name>success</name>
      </relationships>
      <style></style>
      <type>org.apache.nifi.processors.solr.PutSolrContentStream</type>
    </processors>
    <processors>
      <id>1fae2c3c-015d-1000-0000-000000000000</id>
      <parentGroupId>f31ee9bf-015a-1000-0000-000000000000</parentGroupId>
      <position>
        <x>641.8333920584462</x>
        <y>5.676102354247178</y>
      </position>
      <config>
        <bulletinLevel>WARN</bulletinLevel>
        <comments></comments>
        <concurrentlySchedulableTaskCount>1</concurrentlySchedulableTaskCount>
        <descriptors>
          <entry>
            <key>Delete Attributes Expression</key>
            <value>
              <name>Delete Attributes Expression</name>
            </value>
          </entry>
          <entry>
            <key>hive.schema</key>
            <value>
              <name>hive.schema</name>
            </value>
          </entry>
          <entry>
            <key>index-or-collection-name</key>
            <value>
              <name>index-or-collection-name</name>
            </value>
          </entry>
          <entry>
            <key>searchengine</key>
            <value>
              <name>searchengine</name>
            </value>
          </entry>
        </descriptors>
        <lossTolerant>false</lossTolerant>
        <penaltyDuration>30 sec</penaltyDuration>
        <properties>
          <entry>
            <key>Delete Attributes Expression</key>
          </entry>
          <entry>
            <key>hive.schema</key>
            <value>${config.hive.schema}</value>
          </entry>
          <entry>
            <key>index-or-collection-name</key>
            <value>kylo-schema-metadata</value>
          </entry>
          <entry>
            <key>searchengine</key>
            <value>elasticsearch</value>
          </entry>
        </properties>
        <runDurationMillis>0</runDurationMillis>
        <schedulingPeriod>0 sec</schedulingPeriod>
        <schedulingStrategy>TIMER_DRIVEN</schedulingStrategy>
        <yieldDuration>1 sec</yieldDuration>
      </config>
      <name>Set Parameters</name>
      <relationships>
        <autoTerminate>false</autoTerminate>
        <name>success</name>
      </relationships>
      <style></style>
      <type>org.apache.nifi.processors.attributes.UpdateAttribute</type>
    </processors>
    <processors>
      <id>2bd64d86-2b1f-1ef0-0000-000000000000</id>
      <parentGroupId>f31ee9bf-015a-1000-0000-000000000000</parentGroupId>
      <position>
        <x>1908.3904323910185</x>
        <y>0.0</y>
      </position>
      <config>
        <bulletinLevel>WARN</bulletinLevel>
        <comments></comments>
        <concurrentlySchedulableTaskCount>1</concurrentlySchedulableTaskCount>
        <descriptors>
          <entry>
            <key>Database Connection Pooling Service</key>
            <value>
              <identifiesControllerService>org.apache.nifi.dbcp.DBCPService</identifiesControllerService>
              <name>Database Connection Pooling Service</name>
            </value>
          </entry>
          <entry>
            <key>SQL select query</key>
            <value>
              <name>SQL select query</name>
            </value>
          </entry>
          <entry>
            <key>Max Wait Time</key>
            <value>
              <name>Max Wait Time</name>
            </value>
          </entry>
        </descriptors>
        <lossTolerant>false</lossTolerant>
        <penaltyDuration>30 sec</penaltyDuration>
        <properties>
          <entry>
            <key>Database Connection Pooling Service</key>
            <value>21965a98-015d-1000-0000-000000000000</value>
          </entry>
          <entry>
            <key>SQL select query</key>
            <value>SELECT d.NAME DATABASE_NAME, d.OWNER_NAME OWNER, t.CREATE_TIME, t.TBL_NAME, t.TBL_TYPE,
    c.COLUMN_NAME, c.TYPE_NAME, c.COMMENT, 'kylo-schema-metadata' as kylo_collection
    FROM ${hive.schema}.COLUMNS_V2 c
    JOIN ${hive.schema}.SDS s on s.CD_ID = c.CD_ID
    JOIN  ${hive.schema}.TBLS t ON s.SD_ID=t.SD_ID
    JOIN  ${hive.schema}.DBS d on d.DB_ID = t.DB_ID
    where d.name = '${category}' and t.tbl_name = '${feed}';</value>
          </entry>
          <entry>
            <key>Max Wait Time</key>
            <value>0 seconds</value>
          </entry>
        </properties>
        <runDurationMillis>0</runDurationMillis>
        <schedulingPeriod>0 sec</schedulingPeriod>
        <schedulingStrategy>TIMER_DRIVEN</schedulingStrategy>
        <yieldDuration>1 sec</yieldDuration>
      </config>
      <name>Query Hive Table Schema</name>
      <relationships>
        <autoTerminate>true</autoTerminate>
        <name>failure</name>
      </relationships>
      <relationships>
        <autoTerminate>false</autoTerminate>
        <name>success</name>
      </relationships>
      <style></style>
      <type>org.apache.nifi.processors.standard.ExecuteSQL</type>
    </processors>
    <processors>
      <id>2bd64d87-2b1f-1ef0-0000-000000000000</id>
      <parentGroupId>f31ee9bf-015a-1000-0000-000000000000</parentGroupId>
      <position>
        <x>1908.7126551819804</x>
        <y>209.01438960404357</y>
      </position>
      <config>
        <bulletinLevel>WARN</bulletinLevel>
        <comments></comments>
        <concurrentlySchedulableTaskCount>1</concurrentlySchedulableTaskCount>
        <descriptors>
          <entry>
            <key>JSON container options</key>
            <value>
              <name>JSON container options</name>
            </value>
          </entry>
          <entry>
            <key>Wrap Single Record</key>
            <value>
              <name>Wrap Single Record</name>
            </value>
          </entry>
          <entry>
            <key>Avro schema</key>
            <value>
              <name>Avro schema</name>
            </value>
          </entry>
        </descriptors>
        <lossTolerant>false</lossTolerant>
        <penaltyDuration>30 sec</penaltyDuration>
        <properties>
          <entry>
            <key>JSON container options</key>
            <value>array</value>
          </entry>
          <entry>
            <key>Wrap Single Record</key>
            <value>true</value>
          </entry>
          <entry>
            <key>Avro schema</key>
          </entry>
        </properties>
        <runDurationMillis>0</runDurationMillis>
        <schedulingPeriod>0 sec</schedulingPeriod>
        <schedulingStrategy>TIMER_DRIVEN</schedulingStrategy>
        <yieldDuration>1 sec</yieldDuration>
      </config>
      <name>Convert Metadata SQL to JSON</name>
      <relationships>
        <autoTerminate>true</autoTerminate>
        <name>failure</name>
      </relationships>
      <relationships>
        <autoTerminate>false</autoTerminate>
        <name>success</name>
      </relationships>
      <style></style>
      <type>org.apache.nifi.processors.avro.ConvertAvroToJSON</type>
    </processors>
    <processors>
      <id>2bd64d88-2b1f-1ef0-0000-000000000000</id>
      <parentGroupId>f31ee9bf-015a-1000-0000-000000000000</parentGroupId>
      <position>
        <x>1915.4735956320576</x>
        <y>402.0282998947091</y>
      </position>
      <config>
        <bulletinLevel>WARN</bulletinLevel>
        <comments></comments>
        <concurrentlySchedulableTaskCount>1</concurrentlySchedulableTaskCount>
        <descriptors>
          <entry>
            <key>Database Name Field</key>
            <value>
              <name>Database Name Field</name>
            </value>
          </entry>
          <entry>
            <key>Database Owner Field</key>
            <value>
              <name>Database Owner Field</name>
            </value>
          </entry>
          <entry>
            <key>Table Create Time Field</key>
            <value>
              <name>Table Create Time Field</name>
            </value>
          </entry>
          <entry>
            <key>Table Name Field</key>
            <value>
              <name>Table Name Field</name>
            </value>
          </entry>
          <entry>
            <key>Table Type Field</key>
            <value>
              <name>Table Type Field</name>
            </value>
          </entry>
          <entry>
            <key>Column Name Field</key>
            <value>
              <name>Column Name Field</name>
            </value>
          </entry>
          <entry>
            <key>Column Type Field</key>
            <value>
              <name>Column Type Field</name>
            </value>
          </entry>
          <entry>
            <key>Column Comment Field</key>
            <value>
              <name>Column Comment Field</name>
            </value>
          </entry>
        </descriptors>
        <lossTolerant>false</lossTolerant>
        <penaltyDuration>30 sec</penaltyDuration>
        <properties>
          <entry>
            <key>Database Name Field</key>
            <value>NAME</value>
          </entry>
          <entry>
            <key>Database Owner Field</key>
            <value>OWNER_NAME</value>
          </entry>
          <entry>
            <key>Table Create Time Field</key>
            <value>CREATE_TIME</value>
          </entry>
          <entry>
            <key>Table Name Field</key>
            <value>TBL_NAME</value>
          </entry>
          <entry>
            <key>Table Type Field</key>
            <value>TBL_TYPE</value>
          </entry>
          <entry>
            <key>Column Name Field</key>
            <value>COLUMN_NAME</value>
          </entry>
          <entry>
            <key>Column Type Field</key>
            <value>TYPE_NAME</value>
          </entry>
          <entry>
            <key>Column Comment Field</key>
            <value>COMMENT</value>
          </entry>
        </properties>
        <runDurationMillis>0</runDurationMillis>
        <schedulingPeriod>0 sec</schedulingPeriod>
        <schedulingStrategy>TIMER_DRIVEN</schedulingStrategy>
        <yieldDuration>1 sec</yieldDuration>
      </config>
      <name>Merge Metadata Columns</name>
      <relationships>
        <autoTerminate>true</autoTerminate>
        <name>failure</name>
      </relationships>
      <relationships>
        <autoTerminate>false</autoTerminate>
        <name>success</name>
      </relationships>
      <style></style>
      <type>com.thinkbiganalytics.nifi.v2.elasticsearch.MergeHiveTableMetadata</type>
    </processors>
    <processors>
      <id>2bd64d89-2b1f-1ef0-0000-000000000000</id>
      <parentGroupId>f31ee9bf-015a-1000-0000-000000000000</parentGroupId>
      <position>
        <x>1495.5935652819073</x>
        <y>856.8649843418202</y>
      </position>
      <config>
        <bulletinLevel>WARN</bulletinLevel>
        <comments></comments>
        <concurrentlySchedulableTaskCount>1</concurrentlySchedulableTaskCount>
        <descriptors>
          <entry>
            <key>IndexName</key>
            <value>
              <name>IndexName</name>
            </value>
          </entry>
          <entry>
            <key>Type</key>
            <value>
              <name>Type</name>
            </value>
          </entry>
          <entry>
            <key>HostName</key>
            <value>
              <name>HostName</name>
            </value>
          </entry>
          <entry>
            <key>ClusterName</key>
            <value>
              <name>ClusterName</name>
            </value>
          </entry>
          <entry>
            <key>IdField</key>
            <value>
              <name>IdField</name>
            </value>
          </entry>
        </descriptors>
        <lossTolerant>false</lossTolerant>
        <penaltyDuration>30 sec</penaltyDuration>
        <properties>
          <entry>
            <key>IndexName</key>
            <value>${index-or-collection-name}</value>
          </entry>
          <entry>
            <key>Type</key>
            <value>hive-tables</value>
          </entry>
          <entry>
            <key>HostName</key>
            <value>localhost</value>
          </entry>
          <entry>
            <key>ClusterName</key>
            <value>demo-cluster</value>
          </entry>
          <entry>
            <key>IdField</key>
          </entry>
        </properties>
        <runDurationMillis>0</runDurationMillis>
        <schedulingPeriod>0 sec</schedulingPeriod>
        <schedulingStrategy>TIMER_DRIVEN</schedulingStrategy>
        <yieldDuration>1 sec</yieldDuration>
      </config>
      <name>Index Metadata Elasticsearch</name>
      <relationships>
        <autoTerminate>true</autoTerminate>
        <name>failure</name>
      </relationships>
      <relationships>
        <autoTerminate>true</autoTerminate>
        <name>success</name>
      </relationships>
      <style></style>
      <type>com.thinkbiganalytics.nifi.v2.elasticsearch.IndexElasticSearch</type>
    </processors>
    <processors>
      <id>764b9a62-0159-1000-0000-000000000000</id>
      <parentGroupId>f31ee9bf-015a-1000-0000-000000000000</parentGroupId>
      <position>
        <x>1230.8064921356527</x>
        <y>1.1771869643662285</y>
      </position>
      <config>
        <bulletinLevel>WARN</bulletinLevel>
        <comments></comments>
        <concurrentlySchedulableTaskCount>1</concurrentlySchedulableTaskCount>
        <descriptors>
          <entry>
            <key>Destination</key>
            <value>
              <name>Destination</name>
            </value>
          </entry>
          <entry>
            <key>Return Type</key>
            <value>
              <name>Return Type</name>
            </value>
          </entry>
          <entry>
            <key>Path Not Found Behavior</key>
            <value>
              <name>Path Not Found Behavior</name>
            </value>
          </entry>
          <entry>
            <key>Null Value Representation</key>
            <value>
              <name>Null Value Representation</name>
            </value>
          </entry>
          <entry>
            <key>category</key>
            <value>
              <name>category</name>
            </value>
          </entry>
          <entry>
            <key>feed</key>
            <value>
              <name>feed</name>
            </value>
          </entry>
        </descriptors>
        <lossTolerant>false</lossTolerant>
        <penaltyDuration>30 sec</penaltyDuration>
        <properties>
          <entry>
            <key>Destination</key>
            <value>flowfile-attribute</value>
          </entry>
          <entry>
            <key>Return Type</key>
            <value>auto-detect</value>
          </entry>
          <entry>
            <key>Path Not Found Behavior</key>
            <value>warn</value>
          </entry>
          <entry>
            <key>Null Value Representation</key>
            <value>empty string</value>
          </entry>
          <entry>
            <key>category</key>
            <value>$.category</value>
          </entry>
          <entry>
            <key>feed</key>
            <value>$.feed</value>
          </entry>
        </properties>
        <runDurationMillis>0</runDurationMillis>
        <schedulingPeriod>0 sec</schedulingPeriod>
        <schedulingStrategy>TIMER_DRIVEN</schedulingStrategy>
        <yieldDuration>1 sec</yieldDuration>
      </config>
      <name>Extract Request Parameters</name>
      <relationships>
        <autoTerminate>true</autoTerminate>
        <name>failure</name>
      </relationships>
      <relationships>
        <autoTerminate>false</autoTerminate>
        <name>matched</name>
      </relationships>
      <relationships>
        <autoTerminate>true</autoTerminate>
        <name>unmatched</name>
      </relationships>
      <style></style>
      <type>org.apache.nifi.processors.standard.EvaluateJsonPath</type>
    </processors>
    <processors>
      <id>764c577c-0159-1000-0000-000000000000</id>
      <parentGroupId>f31ee9bf-015a-1000-0000-000000000000</parentGroupId>
      <position>
        <x>0.0</x>
        <y>2.757024177016774</y>
      </position>
      <config>
        <bulletinLevel>WARN</bulletinLevel>
        <comments></comments>
        <concurrentlySchedulableTaskCount>1</concurrentlySchedulableTaskCount>
        <descriptors>
          <entry>
            <key>User Name</key>
            <value>
              <name>User Name</name>
            </value>
          </entry>
          <entry>
            <key>Password</key>
            <value>
              <name>Password</name>
            </value>
          </entry>
          <entry>
            <key>Destination Name</key>
            <value>
              <name>Destination Name</name>
            </value>
          </entry>
          <entry>
            <key>Destination Type</key>
            <value>
              <name>Destination Type</name>
            </value>
          </entry>
          <entry>
            <key>Session Cache size</key>
            <value>
              <name>Session Cache size</name>
            </value>
          </entry>
          <entry>
            <key>Connection Factory Service</key>
            <value>
              <identifiesControllerService>org.apache.nifi.jms.cf.JMSConnectionFactoryProviderDefinition</identifiesControllerService>
              <name>Connection Factory Service</name>
            </value>
          </entry>
        </descriptors>
        <lossTolerant>false</lossTolerant>
        <penaltyDuration>30 sec</penaltyDuration>
        <properties>
          <entry>
            <key>User Name</key>
          </entry>
          <entry>
            <key>Password</key>
          </entry>
          <entry>
            <key>Destination Name</key>
            <value>thinkbig.nifi.index.registration</value>
          </entry>
          <entry>
            <key>Destination Type</key>
            <value>QUEUE</value>
          </entry>
          <entry>
            <key>Session Cache size</key>
            <value>1</value>
          </entry>
          <entry>
            <key>Connection Factory Service</key>
            <value>2196101d-015d-1000-0000-000000000000</value>
          </entry>
        </properties>
        <runDurationMillis>0</runDurationMillis>
        <schedulingPeriod>0 sec</schedulingPeriod>
        <schedulingStrategy>TIMER_DRIVEN</schedulingStrategy>
        <yieldDuration>1 sec</yieldDuration>
      </config>
      <name>Receive Schema Index Request</name>
      <relationships>
        <autoTerminate>false</autoTerminate>
        <name>success</name>
      </relationships>
      <style></style>
      <type>org.apache.nifi.jms.processors.ConsumeJMS</type>
    </processors>
  </snippet>
  <timestamp>07/12/2017 02:31:23 UTC</timestamp>
</template>