<?xml version="1.0" ?>
<template encoding-version="1.0">
  <description>Sample template to export data from cluster to Teradata using Sqoop</description>
  <groupId>f31ee9bf-015a-1000-f41e-6c938477de44</groupId>
  <name>sqoop-export-to-teradata</name>
  <snippet>
    <connections>
      <id>b38a163c-015c-1000-0000-000000000000</id>
      <parentGroupId>f31ee9bf-015a-1000-0000-000000000000</parentGroupId>
      <backPressureDataSizeThreshold>1 GB</backPressureDataSizeThreshold>
      <backPressureObjectThreshold>10000</backPressureObjectThreshold>
      <destination>
        <groupId>f31ee9bf-015a-1000-0000-000000000000</groupId>
        <id>b3895218-015c-1000-0000-000000000000</id>
        <type>PROCESSOR</type>
      </destination>
      <flowFileExpiration>0 sec</flowFileExpiration>
      <labelIndex>1</labelIndex>
      <name></name>
      <selectedRelationships>success</selectedRelationships>
      <source>
        <groupId>f31ee9bf-015a-1000-0000-000000000000</groupId>
        <id>b3886178-015c-1000-0000-000000000000</id>
        <type>PROCESSOR</type>
      </source>
      <zIndex>0</zIndex>
    </connections>
    <connections>
      <id>b38b3a2e-015c-1000-0000-000000000000</id>
      <parentGroupId>f31ee9bf-015a-1000-0000-000000000000</parentGroupId>
      <backPressureDataSizeThreshold>1 GB</backPressureDataSizeThreshold>
      <backPressureObjectThreshold>10000</backPressureObjectThreshold>
      <destination>
        <groupId>f31ee9bf-015a-1000-0000-000000000000</groupId>
        <id>b389ed46-015c-1000-0000-000000000000</id>
        <type>PROCESSOR</type>
      </destination>
      <flowFileExpiration>0 sec</flowFileExpiration>
      <labelIndex>1</labelIndex>
      <name></name>
      <selectedRelationships>success</selectedRelationships>
      <source>
        <groupId>f31ee9bf-015a-1000-0000-000000000000</groupId>
        <id>b3897147-015c-1000-0000-000000000000</id>
        <type>PROCESSOR</type>
      </source>
      <zIndex>0</zIndex>
    </connections>
    <connections>
      <id>b38b4ab8-015c-1000-0000-000000000000</id>
      <parentGroupId>f31ee9bf-015a-1000-0000-000000000000</parentGroupId>
      <backPressureDataSizeThreshold>1 GB</backPressureDataSizeThreshold>
      <backPressureObjectThreshold>10000</backPressureObjectThreshold>
      <destination>
        <groupId>f31ee9bf-015a-1000-0000-000000000000</groupId>
        <id>b3899dba-015c-1000-0000-000000000000</id>
        <type>PROCESSOR</type>
      </destination>
      <flowFileExpiration>0 sec</flowFileExpiration>
      <labelIndex>1</labelIndex>
      <name></name>
      <selectedRelationships>failure</selectedRelationships>
      <source>
        <groupId>f31ee9bf-015a-1000-0000-000000000000</groupId>
        <id>b3897147-015c-1000-0000-000000000000</id>
        <type>PROCESSOR</type>
      </source>
      <zIndex>0</zIndex>
    </connections>
    <connections>
      <id>c30b08cf-015c-1000-0000-000000000000</id>
      <parentGroupId>f31ee9bf-015a-1000-0000-000000000000</parentGroupId>
      <backPressureDataSizeThreshold>1 GB</backPressureDataSizeThreshold>
      <backPressureObjectThreshold>10000</backPressureObjectThreshold>
      <destination>
        <groupId>f31ee9bf-015a-1000-0000-000000000000</groupId>
        <id>b3897147-015c-1000-0000-000000000000</id>
        <type>PROCESSOR</type>
      </destination>
      <flowFileExpiration>0 sec</flowFileExpiration>
      <labelIndex>1</labelIndex>
      <name></name>
      <selectedRelationships>success</selectedRelationships>
      <source>
        <groupId>f31ee9bf-015a-1000-0000-000000000000</groupId>
        <id>b3895218-015c-1000-0000-000000000000</id>
        <type>PROCESSOR</type>
      </source>
      <zIndex>0</zIndex>
    </connections>
    <controllerServices>
      <id>b451f485-015c-1000-0000-000000000000</id>
      <parentGroupId>f31ee9bf-015a-1000-0000-000000000000</parentGroupId>
      <comments></comments>
      <descriptors>
        <entry>
          <key>Source Connection String</key>
          <value>
            <name>Source Connection String</name>
          </value>
        </entry>
        <entry>
          <key>Source User Name</key>
          <value>
            <name>Source User Name</name>
          </value>
        </entry>
        <entry>
          <key>Password Mode</key>
          <value>
            <name>Password Mode</name>
          </value>
        </entry>
        <entry>
          <key>Source Password File</key>
          <value>
            <name>Source Password File</name>
          </value>
        </entry>
        <entry>
          <key>Source Password Passphrase</key>
          <value>
            <name>Source Password Passphrase</name>
          </value>
        </entry>
        <entry>
          <key>Source Password (Encrypted Base64/Clear Text)</key>
          <value>
            <name>Source Password (Encrypted Base64/Clear Text)</name>
          </value>
        </entry>
        <entry>
          <key>Source Connection Manager</key>
          <value>
            <name>Source Connection Manager</name>
          </value>
        </entry>
        <entry>
          <key>Source Driver (Avoid providing value)</key>
          <value>
            <name>Source Driver (Avoid providing value)</name>
          </value>
        </entry>
      </descriptors>
      <name>Teradata-DB</name>
      <properties>
        <entry>
          <key>Source Connection String</key>
          <value>jdbc:teradata://serverhostname</value>
        </entry>
        <entry>
          <key>Source User Name</key>
          <value>dbc</value>
        </entry>
        <entry>
          <key>Password Mode</key>
          <value>CLEAR_TEXT_ENTRY</value>
        </entry>
        <entry>
          <key>Source Password File</key>
        </entry>
        <entry>
          <key>Source Password Passphrase</key>
        </entry>
        <entry>
          <key>Source Password (Encrypted Base64/Clear Text)</key>
        </entry>
        <entry>
          <key>Source Connection Manager</key>
        </entry>
        <entry>
          <key>Source Driver (Avoid providing value)</key>
          <value>com.teradata.jdbc.TeraDriver</value>
        </entry>
      </properties>
      <state>ENABLED</state>
      <type>com.thinkbiganalytics.nifi.v2.sqoop.StandardSqoopConnectionService</type>
    </controllerServices>
    <processors>
      <id>b3886178-015c-1000-0000-000000000000</id>
      <parentGroupId>f31ee9bf-015a-1000-0000-000000000000</parentGroupId>
      <position>
        <x>0.0</x>
        <y>0.5837513795513587</y>
      </position>
      <config>
        <bulletinLevel>WARN</bulletinLevel>
        <comments></comments>
        <concurrentlySchedulableTaskCount>1</concurrentlySchedulableTaskCount>
        <descriptors>
          <entry>
            <key>File Size</key>
            <value>
              <name>File Size</name>
            </value>
          </entry>
          <entry>
            <key>Batch Size</key>
            <value>
              <name>Batch Size</name>
            </value>
          </entry>
          <entry>
            <key>Data Format</key>
            <value>
              <name>Data Format</name>
            </value>
          </entry>
          <entry>
            <key>Unique FlowFiles</key>
            <value>
              <name>Unique FlowFiles</name>
            </value>
          </entry>
        </descriptors>
        <lossTolerant>false</lossTolerant>
        <penaltyDuration>30 sec</penaltyDuration>
        <properties>
          <entry>
            <key>File Size</key>
            <value>1 KB</value>
          </entry>
          <entry>
            <key>Batch Size</key>
            <value>1</value>
          </entry>
          <entry>
            <key>Data Format</key>
            <value>Text</value>
          </entry>
          <entry>
            <key>Unique FlowFiles</key>
            <value>true</value>
          </entry>
        </properties>
        <runDurationMillis>0</runDurationMillis>
        <schedulingPeriod>1200 sec</schedulingPeriod>
        <schedulingStrategy>TIMER_DRIVEN</schedulingStrategy>
        <yieldDuration>1 sec</yieldDuration>
      </config>
      <name>Initiate Export to Teradata</name>
      <relationships>
        <autoTerminate>false</autoTerminate>
        <name>success</name>
      </relationships>
      <style></style>
      <type>org.apache.nifi.processors.standard.GenerateFlowFile</type>
    </processors>
    <processors>
      <id>b3895218-015c-1000-0000-000000000000</id>
      <parentGroupId>f31ee9bf-015a-1000-0000-000000000000</parentGroupId>
      <position>
        <x>578.1526225103892</x>
        <y>0.0</y>
      </position>
      <config>
        <bulletinLevel>WARN</bulletinLevel>
        <comments></comments>
        <concurrentlySchedulableTaskCount>1</concurrentlySchedulableTaskCount>
        <descriptors>
          <entry>
            <key>Delete Attributes Expression</key>
            <value>
              <name>Delete Attributes Expression</name>
            </value>
          </entry>
          <entry>
            <key>num.parallel.tasks</key>
            <value>
              <name>num.parallel.tasks</name>
            </value>
          </entry>
          <entry>
            <key>source.file.delimiter</key>
            <value>
              <name>source.file.delimiter</name>
            </value>
          </entry>
          <entry>
            <key>source.hdfs.directory</key>
            <value>
              <name>source.hdfs.directory</name>
            </value>
          </entry>
          <entry>
            <key>teradata.database</key>
            <value>
              <name>teradata.database</name>
            </value>
          </entry>
          <entry>
            <key>teradata.table</key>
            <value>
              <name>teradata.table</name>
            </value>
          </entry>
        </descriptors>
        <lossTolerant>false</lossTolerant>
        <penaltyDuration>30 sec</penaltyDuration>
        <properties>
          <entry>
            <key>Delete Attributes Expression</key>
          </entry>
          <entry>
            <key>num.parallel.tasks</key>
            <value>4</value>
          </entry>
          <entry>
            <key>source.file.delimiter</key>
            <value>,</value>
          </entry>
          <entry>
            <key>source.hdfs.directory</key>
            <value>/sqoop/export</value>
          </entry>
          <entry>
            <key>teradata.database</key>
            <value>finance</value>
          </entry>
          <entry>
            <key>teradata.table</key>
            <value>purchase_orders</value>
          </entry>
        </properties>
        <runDurationMillis>0</runDurationMillis>
        <schedulingPeriod>0 sec</schedulingPeriod>
        <schedulingStrategy>TIMER_DRIVEN</schedulingStrategy>
        <yieldDuration>1 sec</yieldDuration>
      </config>
      <name>Set Export Parameters</name>
      <relationships>
        <autoTerminate>false</autoTerminate>
        <name>success</name>
      </relationships>
      <style></style>
      <type>org.apache.nifi.processors.attributes.UpdateAttribute</type>
    </processors>
    <processors>
      <id>b3897147-015c-1000-0000-000000000000</id>
      <parentGroupId>f31ee9bf-015a-1000-0000-000000000000</parentGroupId>
      <position>
        <x>1172.367452443279</x>
        <y>2.7963480624484873</y>
      </position>
      <config>
        <bulletinLevel>WARN</bulletinLevel>
        <comments></comments>
        <concurrentlySchedulableTaskCount>1</concurrentlySchedulableTaskCount>
        <descriptors>
          <entry>
            <key>Kerberos Principal</key>
            <value>
              <name>Kerberos Principal</name>
            </value>
          </entry>
          <entry>
            <key>Kerberos Keytab</key>
            <value>
              <name>Kerberos Keytab</name>
            </value>
          </entry>
          <entry>
            <key>Sqoop Connection Service</key>
            <value>
              <identifiesControllerService>com.thinkbiganalytics.nifi.v2.sqoop.SqoopConnectionService</identifiesControllerService>
              <name>Sqoop Connection Service</name>
            </value>
          </entry>
          <entry>
            <key>Source HDFS Directory</key>
            <value>
              <name>Source HDFS Directory</name>
            </value>
          </entry>
          <entry>
            <key>Source HDFS File Delimiter</key>
            <value>
              <name>Source HDFS File Delimiter</name>
            </value>
          </entry>
          <entry>
            <key>Source Null Interpret Strategy</key>
            <value>
              <name>Source Null Interpret Strategy</name>
            </value>
          </entry>
          <entry>
            <key>Source Null String Identifier</key>
            <value>
              <name>Source Null String Identifier</name>
            </value>
          </entry>
          <entry>
            <key>Source Null Non-String Identifier</key>
            <value>
              <name>Source Null Non-String Identifier</name>
            </value>
          </entry>
          <entry>
            <key>Target Table</key>
            <value>
              <name>Target Table</name>
            </value>
          </entry>
          <entry>
            <key>Cluster Map Tasks</key>
            <value>
              <name>Cluster Map Tasks</name>
            </value>
          </entry>
        </descriptors>
        <lossTolerant>false</lossTolerant>
        <penaltyDuration>30 sec</penaltyDuration>
        <properties>
          <entry>
            <key>Kerberos Principal</key>
          </entry>
          <entry>
            <key>Kerberos Keytab</key>
          </entry>
          <entry>
            <key>Sqoop Connection Service</key>
            <value>b451f485-015c-1000-0000-000000000000</value>
          </entry>
          <entry>
            <key>Source HDFS Directory</key>
            <value>${source.hdfs.directory}</value>
          </entry>
          <entry>
            <key>Source HDFS File Delimiter</key>
            <value>${source.file.delimiter}</value>
          </entry>
          <entry>
            <key>Source Null Interpret Strategy</key>
            <value>SQOOP_DEFAULT</value>
          </entry>
          <entry>
            <key>Source Null String Identifier</key>
          </entry>
          <entry>
            <key>Source Null Non-String Identifier</key>
          </entry>
          <entry>
            <key>Target Table</key>
            <value>${teradata.database}.${teradata.table}</value>
          </entry>
          <entry>
            <key>Cluster Map Tasks</key>
            <value>${num.parallel.tasks}</value>
          </entry>
        </properties>
        <runDurationMillis>0</runDurationMillis>
        <schedulingPeriod>5 min</schedulingPeriod>
        <schedulingStrategy>TIMER_DRIVEN</schedulingStrategy>
        <yieldDuration>1 sec</yieldDuration>
      </config>
      <name>Execute Export To Teradata</name>
      <relationships>
        <autoTerminate>false</autoTerminate>
        <name>failure</name>
      </relationships>
      <relationships>
        <autoTerminate>false</autoTerminate>
        <name>success</name>
      </relationships>
      <style></style>
      <type>com.thinkbiganalytics.nifi.v2.sqoop.core.ExportSqoop</type>
    </processors>
    <processors>
      <id>b3899dba-015c-1000-0000-000000000000</id>
      <parentGroupId>f31ee9bf-015a-1000-0000-000000000000</parentGroupId>
      <position>
        <x>1744.2116442223664</x>
        <y>1.6453999410259712E-4</y>
      </position>
      <config>
        <bulletinLevel>WARN</bulletinLevel>
        <comments></comments>
        <concurrentlySchedulableTaskCount>1</concurrentlySchedulableTaskCount>
        <descriptors>
          <entry>
            <key>Log Level</key>
            <value>
              <name>Log Level</name>
            </value>
          </entry>
          <entry>
            <key>Log Payload</key>
            <value>
              <name>Log Payload</name>
            </value>
          </entry>
          <entry>
            <key>Attributes to Log</key>
            <value>
              <name>Attributes to Log</name>
            </value>
          </entry>
          <entry>
            <key>Attributes to Ignore</key>
            <value>
              <name>Attributes to Ignore</name>
            </value>
          </entry>
          <entry>
            <key>Log prefix</key>
            <value>
              <name>Log prefix</name>
            </value>
          </entry>
        </descriptors>
        <lossTolerant>false</lossTolerant>
        <penaltyDuration>30 sec</penaltyDuration>
        <properties>
          <entry>
            <key>Log Level</key>
            <value>info</value>
          </entry>
          <entry>
            <key>Log Payload</key>
            <value>false</value>
          </entry>
          <entry>
            <key>Attributes to Log</key>
          </entry>
          <entry>
            <key>Attributes to Ignore</key>
          </entry>
          <entry>
            <key>Log prefix</key>
          </entry>
        </properties>
        <runDurationMillis>0</runDurationMillis>
        <schedulingPeriod>0 sec</schedulingPeriod>
        <schedulingStrategy>TIMER_DRIVEN</schedulingStrategy>
        <yieldDuration>1 sec</yieldDuration>
      </config>
      <name>Export Success</name>
      <relationships>
        <autoTerminate>true</autoTerminate>
        <name>success</name>
      </relationships>
      <style></style>
      <type>org.apache.nifi.processors.standard.LogAttribute</type>
    </processors>
    <processors>
      <id>b389ed46-015c-1000-0000-000000000000</id>
      <parentGroupId>f31ee9bf-015a-1000-0000-000000000000</parentGroupId>
      <position>
        <x>1176.5619338433353</x>
        <y>251.66749371656715</y>
      </position>
      <config>
        <bulletinLevel>WARN</bulletinLevel>
        <comments></comments>
        <concurrentlySchedulableTaskCount>1</concurrentlySchedulableTaskCount>
        <descriptors>
          <entry>
            <key>Log Level</key>
            <value>
              <name>Log Level</name>
            </value>
          </entry>
          <entry>
            <key>Log Payload</key>
            <value>
              <name>Log Payload</name>
            </value>
          </entry>
          <entry>
            <key>Attributes to Log</key>
            <value>
              <name>Attributes to Log</name>
            </value>
          </entry>
          <entry>
            <key>Attributes to Ignore</key>
            <value>
              <name>Attributes to Ignore</name>
            </value>
          </entry>
          <entry>
            <key>Log prefix</key>
            <value>
              <name>Log prefix</name>
            </value>
          </entry>
        </descriptors>
        <lossTolerant>false</lossTolerant>
        <penaltyDuration>30 sec</penaltyDuration>
        <properties>
          <entry>
            <key>Log Level</key>
            <value>info</value>
          </entry>
          <entry>
            <key>Log Payload</key>
            <value>false</value>
          </entry>
          <entry>
            <key>Attributes to Log</key>
          </entry>
          <entry>
            <key>Attributes to Ignore</key>
          </entry>
          <entry>
            <key>Log prefix</key>
          </entry>
        </properties>
        <runDurationMillis>0</runDurationMillis>
        <schedulingPeriod>0 sec</schedulingPeriod>
        <schedulingStrategy>TIMER_DRIVEN</schedulingStrategy>
        <yieldDuration>1 sec</yieldDuration>
      </config>
      <name>Export Failure</name>
      <relationships>
        <autoTerminate>true</autoTerminate>
        <name>success</name>
      </relationships>
      <style></style>
      <type>org.apache.nifi.processors.standard.LogAttribute</type>
    </processors>
  </snippet>
  <timestamp>06/20/2017 02:03:10 UTC</timestamp>
</template>