{"owner":{"displayName":"Data Lake Administrator","email":null,"enabled":true,"groups":["admin","user"],"systemName":"dladmin"},"allowedActions":{"actions":[{"systemName":"accessTemplate","actions":[{"systemName":"editTemplate"},{"systemName":"deleteTemplate"},{"systemName":"exportTemplate"},{"systemName":"createFeedFromTemplate"},{"systemName":"changeTemplatePermissions"}]}]},"roleMemberships":[],"properties":[{"processGroupName":"NiFi Flow","processorName":"Set Export Parameters","processorId":"b3895218-015c-1000-ec8d-ce7afd38ab1e","processGroupId":"c355b006-015c-1000-2ce2-f199be2fec03","processorType":"org.apache.nifi.processors.attributes.UpdateAttribute","key":"num.parallel.tasks","value":"4","expressionProperties":null,"propertyDescriptor":{"name":"num.parallel.tasks","displayName":"num.parallel.tasks","description":"","defaultValue":null,"allowableValues":null,"required":false,"sensitive":false,"dynamic":true,"supportsEl":true,"identifiesControllerService":null},"templateValue":"4","userEditable":true,"renderType":"text","renderOptions":{},"selected":true,"inputProperty":false,"containsConfigurationVariables":false,"sensitive":false,"required":false,"templateProperty":null,"nameKey":"NiFi Flow-Set Export Parameters-num.parallel.tasks","processorNameTypeKey":"Set Export Parameters-org.apache.nifi.processors.attributes.UpdateAttribute-num.parallel.tasks","idKey":"c355b006-015c-1000-2ce2-f199be2fec03-b3895218-015c-1000-ec8d-ce7afd38ab1e-num.parallel.tasks"},{"processGroupName":"NiFi Flow","processorName":"Set Export Parameters","processorId":"b3895218-015c-1000-ec8d-ce7afd38ab1e","processGroupId":"c355b006-015c-1000-2ce2-f199be2fec03","processorType":"org.apache.nifi.processors.attributes.UpdateAttribute","key":"source.file.delimiter","value":",","expressionProperties":null,"propertyDescriptor":{"name":"source.file.delimiter","displayName":"source.file.delimiter","description":"","defaultValue":null,"allowableValues":null,"required":false,"sensitive":false,"dynamic":true,"supportsEl":true,"identifiesControllerService":null},"templateValue":",","userEditable":true,"renderType":"text","renderOptions":{},"selected":true,"inputProperty":false,"containsConfigurationVariables":false,"sensitive":false,"required":true,"templateProperty":null,"nameKey":"NiFi Flow-Set Export Parameters-source.file.delimiter","processorNameTypeKey":"Set Export Parameters-org.apache.nifi.processors.attributes.UpdateAttribute-source.file.delimiter","idKey":"c355b006-015c-1000-2ce2-f199be2fec03-b3895218-015c-1000-ec8d-ce7afd38ab1e-source.file.delimiter"},{"processGroupName":"NiFi Flow","processorName":"Set Export Parameters","processorId":"b3895218-015c-1000-ec8d-ce7afd38ab1e","processGroupId":"c355b006-015c-1000-2ce2-f199be2fec03","processorType":"org.apache.nifi.processors.attributes.UpdateAttribute","key":"source.hdfs.directory","value":"/sqoop/export","expressionProperties":null,"propertyDescriptor":{"name":"source.hdfs.directory","displayName":"source.hdfs.directory","description":"","defaultValue":null,"allowableValues":null,"required":false,"sensitive":false,"dynamic":true,"supportsEl":true,"identifiesControllerService":null},"templateValue":"/sqoop/export","userEditable":true,"renderType":"text","renderOptions":{},"selected":true,"inputProperty":false,"containsConfigurationVariables":false,"sensitive":false,"required":true,"templateProperty":null,"nameKey":"NiFi Flow-Set Export Parameters-source.hdfs.directory","processorNameTypeKey":"Set Export Parameters-org.apache.nifi.processors.attributes.UpdateAttribute-source.hdfs.directory","idKey":"c355b006-015c-1000-2ce2-f199be2fec03-b3895218-015c-1000-ec8d-ce7afd38ab1e-source.hdfs.directory"},{"processGroupName":"NiFi Flow","processorName":"Set Export Parameters","processorId":"b3895218-015c-1000-ec8d-ce7afd38ab1e","processGroupId":"c355b006-015c-1000-2ce2-f199be2fec03","processorType":"org.apache.nifi.processors.attributes.UpdateAttribute","key":"teradata.database","value":"dbname","expressionProperties":null,"propertyDescriptor":{"name":"teradata.database","displayName":"teradata.database","description":"","defaultValue":null,"allowableValues":null,"required":false,"sensitive":false,"dynamic":true,"supportsEl":true,"identifiesControllerService":null},"templateValue":"dbname","userEditable":true,"renderType":"text","renderOptions":{},"selected":true,"inputProperty":false,"containsConfigurationVariables":false,"sensitive":false,"required":true,"templateProperty":null,"nameKey":"NiFi Flow-Set Export Parameters-teradata.database","processorNameTypeKey":"Set Export Parameters-org.apache.nifi.processors.attributes.UpdateAttribute-teradata.database","idKey":"c355b006-015c-1000-2ce2-f199be2fec03-b3895218-015c-1000-ec8d-ce7afd38ab1e-teradata.database"},{"processGroupName":"NiFi Flow","processorName":"Set Export Parameters","processorId":"b3895218-015c-1000-ec8d-ce7afd38ab1e","processGroupId":"c355b006-015c-1000-2ce2-f199be2fec03","processorType":"org.apache.nifi.processors.attributes.UpdateAttribute","key":"teradata.table","value":"tablename","expressionProperties":null,"propertyDescriptor":{"name":"teradata.table","displayName":"teradata.table","description":"","defaultValue":null,"allowableValues":null,"required":false,"sensitive":false,"dynamic":true,"supportsEl":true,"identifiesControllerService":null},"templateValue":"tablename","userEditable":true,"renderType":"text","renderOptions":{},"selected":true,"inputProperty":false,"containsConfigurationVariables":false,"sensitive":false,"required":true,"templateProperty":null,"nameKey":"NiFi Flow-Set Export Parameters-teradata.table","processorNameTypeKey":"Set Export Parameters-org.apache.nifi.processors.attributes.UpdateAttribute-teradata.table","idKey":"c355b006-015c-1000-2ce2-f199be2fec03-b3895218-015c-1000-ec8d-ce7afd38ab1e-teradata.table"}],"nonInputProcessors":[{"properties":[{"processGroupName":"NiFi Flow","processorName":"Set Export Parameters","processorId":"b3895218-015c-1000-ec8d-ce7afd38ab1e","processGroupId":"c355b006-015c-1000-2ce2-f199be2fec03","processorType":"org.apache.nifi.processors.attributes.UpdateAttribute","key":"num.parallel.tasks","value":"4","expressionProperties":null,"propertyDescriptor":{"name":"num.parallel.tasks","displayName":"num.parallel.tasks","description":"","defaultValue":null,"allowableValues":null,"required":false,"sensitive":false,"dynamic":true,"supportsEl":true,"identifiesControllerService":null},"templateValue":"4","userEditable":true,"renderType":"text","renderOptions":{},"selected":true,"inputProperty":false,"containsConfigurationVariables":false,"sensitive":false,"required":false,"templateProperty":null,"nameKey":"NiFi Flow-Set Export Parameters-num.parallel.tasks","processorNameTypeKey":"Set Export Parameters-org.apache.nifi.processors.attributes.UpdateAttribute-num.parallel.tasks","idKey":"c355b006-015c-1000-2ce2-f199be2fec03-b3895218-015c-1000-ec8d-ce7afd38ab1e-num.parallel.tasks"},{"processGroupName":"NiFi Flow","processorName":"Set Export Parameters","processorId":"b3895218-015c-1000-ec8d-ce7afd38ab1e","processGroupId":"c355b006-015c-1000-2ce2-f199be2fec03","processorType":"org.apache.nifi.processors.attributes.UpdateAttribute","key":"source.file.delimiter","value":",","expressionProperties":null,"propertyDescriptor":{"name":"source.file.delimiter","displayName":"source.file.delimiter","description":"","defaultValue":null,"allowableValues":null,"required":false,"sensitive":false,"dynamic":true,"supportsEl":true,"identifiesControllerService":null},"templateValue":",","userEditable":true,"renderType":"text","renderOptions":{},"selected":true,"inputProperty":false,"containsConfigurationVariables":false,"sensitive":false,"required":true,"templateProperty":null,"nameKey":"NiFi Flow-Set Export Parameters-source.file.delimiter","processorNameTypeKey":"Set Export Parameters-org.apache.nifi.processors.attributes.UpdateAttribute-source.file.delimiter","idKey":"c355b006-015c-1000-2ce2-f199be2fec03-b3895218-015c-1000-ec8d-ce7afd38ab1e-source.file.delimiter"},{"processGroupName":"NiFi Flow","processorName":"Set Export Parameters","processorId":"b3895218-015c-1000-ec8d-ce7afd38ab1e","processGroupId":"c355b006-015c-1000-2ce2-f199be2fec03","processorType":"org.apache.nifi.processors.attributes.UpdateAttribute","key":"source.hdfs.directory","value":"/sqoop/export","expressionProperties":null,"propertyDescriptor":{"name":"source.hdfs.directory","displayName":"source.hdfs.directory","description":"","defaultValue":null,"allowableValues":null,"required":false,"sensitive":false,"dynamic":true,"supportsEl":true,"identifiesControllerService":null},"templateValue":"/sqoop/export","userEditable":true,"renderType":"text","renderOptions":{},"selected":true,"inputProperty":false,"containsConfigurationVariables":false,"sensitive":false,"required":true,"templateProperty":null,"nameKey":"NiFi Flow-Set Export Parameters-source.hdfs.directory","processorNameTypeKey":"Set Export Parameters-org.apache.nifi.processors.attributes.UpdateAttribute-source.hdfs.directory","idKey":"c355b006-015c-1000-2ce2-f199be2fec03-b3895218-015c-1000-ec8d-ce7afd38ab1e-source.hdfs.directory"},{"processGroupName":"NiFi Flow","processorName":"Set Export Parameters","processorId":"b3895218-015c-1000-ec8d-ce7afd38ab1e","processGroupId":"c355b006-015c-1000-2ce2-f199be2fec03","processorType":"org.apache.nifi.processors.attributes.UpdateAttribute","key":"teradata.database","value":"dbname","expressionProperties":null,"propertyDescriptor":{"name":"teradata.database","displayName":"teradata.database","description":"","defaultValue":null,"allowableValues":null,"required":false,"sensitive":false,"dynamic":true,"supportsEl":true,"identifiesControllerService":null},"templateValue":"dbname","userEditable":true,"renderType":"text","renderOptions":{},"selected":true,"inputProperty":false,"containsConfigurationVariables":false,"sensitive":false,"required":true,"templateProperty":null,"nameKey":"NiFi Flow-Set Export Parameters-teradata.database","processorNameTypeKey":"Set Export Parameters-org.apache.nifi.processors.attributes.UpdateAttribute-teradata.database","idKey":"c355b006-015c-1000-2ce2-f199be2fec03-b3895218-015c-1000-ec8d-ce7afd38ab1e-teradata.database"},{"processGroupName":"NiFi Flow","processorName":"Set Export Parameters","processorId":"b3895218-015c-1000-ec8d-ce7afd38ab1e","processGroupId":"c355b006-015c-1000-2ce2-f199be2fec03","processorType":"org.apache.nifi.processors.attributes.UpdateAttribute","key":"teradata.table","value":"tablename","expressionProperties":null,"propertyDescriptor":{"name":"teradata.table","displayName":"teradata.table","description":"","defaultValue":null,"allowableValues":null,"required":false,"sensitive":false,"dynamic":true,"supportsEl":true,"identifiesControllerService":null},"templateValue":"tablename","userEditable":true,"renderType":"text","renderOptions":{},"selected":true,"inputProperty":false,"containsConfigurationVariables":false,"sensitive":false,"required":true,"templateProperty":null,"nameKey":"NiFi Flow-Set Export Parameters-teradata.table","processorNameTypeKey":"Set Export Parameters-org.apache.nifi.processors.attributes.UpdateAttribute-teradata.table","idKey":"c355b006-015c-1000-2ce2-f199be2fec03-b3895218-015c-1000-ec8d-ce7afd38ab1e-teradata.table"}],"type":"org.apache.nifi.processors.attributes.UpdateAttribute","name":"Set Export Parameters","id":"b3895218-015c-1000-ec8d-ce7afd38ab1e","groupName":"NiFi Flow","groupId":"c355b006-015c-1000-2ce2-f199be2fec03","inputProcessor":false,"userDefinedInputProcessor":false}],"inputProcessors":[],"id":"65d52c5e-109e-4d40-998f-d39eb14788b7","nifiTemplateId":"77f46873-5f70-4b79-acfc-8d7db899342c","templateName":"sqoop-export-to-teradata","updateDate":1497926166080,"createDate":1497925991131,"icon":"assignment_return","iconColor":"#FF8A65","description":"Export data to Teradata","state":"ENABLED","defineTable":false,"reusableTemplate":false,"reusableTemplateConnections":[],"registeredDatasourceDefinitions":[],"order":2,"templateOrder":null,"feedsCount":1,"templateTableOption":"NO_TABLE","stream":false,"allowPreconditions":false,"dataTransformation":false,"isStream":false}