<?xml version="1.0" encoding="UTF-8" standalone="yes"?><template><description></description><name>Data Ingest</name><snippet><connections><id>c4103d89-2606-4195-b754-0597c15b7aed</id><parentGroupId>951cbed5-3f4a-4dfa-ae05-21fecb1c9c0f</parentGroupId><backPressureDataSizeThreshold>0 MB</backPressureDataSizeThreshold><backPressureObjectThreshold>0</backPressureObjectThreshold><destination><groupId>951cbed5-3f4a-4dfa-ae05-21fecb1c9c0f</groupId><id>7967da2f-4b27-4c21-b410-6db79bae3277</id><type>PROCESSOR</type></destination><flowFileExpiration>0 sec</flowFileExpiration><labelIndex>1</labelIndex><name></name><selectedRelationships>success</selectedRelationships><source><groupId>951cbed5-3f4a-4dfa-ae05-21fecb1c9c0f</groupId><id>d6fc2cec-7c44-4213-b74b-c82b45c7ec73</id><type>PROCESSOR</type></source><zIndex>0</zIndex></connections><connections><id>6b1ea50a-537a-4edd-8b37-f0df6296962a</id><parentGroupId>951cbed5-3f4a-4dfa-ae05-21fecb1c9c0f</parentGroupId><backPressureDataSizeThreshold>0 MB</backPressureDataSizeThreshold><backPressureObjectThreshold>0</backPressureObjectThreshold><destination><groupId>951cbed5-3f4a-4dfa-ae05-21fecb1c9c0f</groupId><id>acdbf3c2-272e-4dc6-94ca-9c99e5b9ee1b</id><type>OUTPUT_PORT</type></destination><flowFileExpiration>0 sec</flowFileExpiration><labelIndex>1</labelIndex><name></name><selectedRelationships>success</selectedRelationships><source><groupId>951cbed5-3f4a-4dfa-ae05-21fecb1c9c0f</groupId><id>7967da2f-4b27-4c21-b410-6db79bae3277</id><type>PROCESSOR</type></source><zIndex>0</zIndex></connections><connections><id>bcf094f9-f0bf-456f-b2e7-fe28203cadac</id><parentGroupId>951cbed5-3f4a-4dfa-ae05-21fecb1c9c0f</parentGroupId><backPressureDataSizeThreshold>0 MB</backPressureDataSizeThreshold><backPressureObjectThreshold>0</backPressureObjectThreshold><destination><groupId>951cbed5-3f4a-4dfa-ae05-21fecb1c9c0f</groupId><id>7967da2f-4b27-4c21-b410-6db79bae3277</id><type>PROCESSOR</type></destination><flowFileExpiration>0 sec</flowFileExpiration><labelIndex>1</labelIndex><name></name><selectedRelationships>success</selectedRelationships><source><groupId>951cbed5-3f4a-4dfa-ae05-21fecb1c9c0f</groupId><id>3362aa00-c257-47a4-b3e3-07bee260e012</id><type>PROCESSOR</type></source><zIndex>0</zIndex></connections><outputPorts><id>acdbf3c2-272e-4dc6-94ca-9c99e5b9ee1b</id><parentGroupId>951cbed5-3f4a-4dfa-ae05-21fecb1c9c0f</parentGroupId><position><x>1204.3310692869693</x><y>82.45912945561523</y></position><comments></comments><concurrentlySchedulableTaskCount>1</concurrentlySchedulableTaskCount><name>to-standard-ingest</name><state>RUNNING</state><type>OUTPUT_PORT</type></outputPorts><processors><id>d6fc2cec-7c44-4213-b74b-c82b45c7ec73</id><parentGroupId>951cbed5-3f4a-4dfa-ae05-21fecb1c9c0f</parentGroupId><position><x>10.459874336563644</x><y>137.04697139100335</y></position><config><bulletinLevel>WARN</bulletinLevel><comments></comments><concurrentlySchedulableTaskCount>1</concurrentlySchedulableTaskCount><defaultConcurrentTasks><entry><key>TIMER_DRIVEN</key><value>1</value></entry><entry><key>EVENT_DRIVEN</key><value>0</value></entry><entry><key>CRON_DRIVEN</key><value>1</value></entry></defaultConcurrentTasks><defaultSchedulingPeriod><entry><key>TIMER_DRIVEN</key><value>0 sec</value></entry><entry><key>CRON_DRIVEN</key><value>* * * * * ?</value></entry></defaultSchedulingPeriod><descriptors><entry><key>Source Database Connection</key><value><allowableValues><displayName>MySQL</displayName><value>c412e1b6-1a98-4dc3-8113-2400fdca09e5</value></allowableValues><allowableValues><displayName>Example MySQL Connection Pool</displayName><value>549c80d9-c5ba-4f84-92c0-3d507d8d0b2b</value></allowableValues><description>The database where the source table resides</description><displayName>Source Database Connection</displayName><dynamic>false</dynamic><identifiesControllerService>org.apache.nifi.dbcp.DBCPService</identifiesControllerService><name>Source Database Connection</name><required>true</required><sensitive>false</sensitive><supportsEl>false</supportsEl></value></entry><entry><key>Metadata Service</key><value><allowableValues><displayName>Think Big Metadata Service</displayName><value>fd67ddf1-22cf-433a-bdad-176872459eb7</value></allowableValues><description>Think Big metadata service</description><displayName>Metadata Service</displayName><dynamic>false</dynamic><identifiesControllerService>com.thinkbiganalytics.nifi.core.api.metadata.MetadataProviderService</identifiesControllerService><name>Metadata Service</name><required>true</required><sensitive>false</sensitive><supportsEl>false</supportsEl></value></entry><entry><key>System feed category</key><value><defaultValue>${category}</defaultValue><description>System category of feed this processor supports</description><displayName>System feed category</displayName><dynamic>false</dynamic><name>System feed category</name><required>true</required><sensitive>false</sensitive><supportsEl>true</supportsEl></value></entry><entry><key>System feed name</key><value><defaultValue>${feed}</defaultValue><description>Name of feed this processor supports</description><displayName>System feed name</displayName><dynamic>false</dynamic><name>System feed name</name><required>true</required><sensitive>false</sensitive><supportsEl>true</supportsEl></value></entry><entry><key>Source Table</key><value><defaultValue>${metadata.table.sourceTableSchema.name}</defaultValue><description>Name of table including schema (if applicable)</description><displayName>Source Table</displayName><dynamic>false</dynamic><name>Source Table</name><required>true</required><sensitive>false</sensitive><supportsEl>true</supportsEl></value></entry><entry><key>Source Fields</key><value><defaultValue>${metadata.table.sourceFields}</defaultValue><description>Field names (in order) to read from the source table. ie. the select fields. The format is separated by newline. Inconsistent order will cause corruption of the downstream Hive data.</description><displayName>Source Fields</displayName><dynamic>false</dynamic><name>Source Fields</name><required>true</required><sensitive>false</sensitive><supportsEl>true</supportsEl></value></entry><entry><key>Load Strategy</key><value><allowableValues><displayName>FULL_LOAD</displayName><value>FULL_LOAD</value></allowableValues><allowableValues><displayName>INCREMENTAL</displayName><value>INCREMENTAL</value></allowableValues><defaultValue>FULL_LOAD</defaultValue><description>Whether to load the entire table or perform an incremental extract</description><displayName>Load Strategy</displayName><dynamic>false</dynamic><name>Load Strategy</name><required>true</required><sensitive>false</sensitive><supportsEl>false</supportsEl></value></entry><entry><key>Date Field</key><value><description>Source field containing a modified date for tracking incremental load</description><displayName>Date Field</displayName><dynamic>false</dynamic><name>Date Field</name><required>false</required><sensitive>false</sensitive><supportsEl>true</supportsEl></value></entry><entry><key>Overlap Period</key><value><defaultValue>0 seconds</defaultValue><description>Amount of time to overlap into the last load date to ensure long running transactions missed by previous load weren't missed. Recommended: &gt;0s</description><displayName>Overlap Period</displayName><dynamic>false</dynamic><name>Overlap Period</name><required>false</required><sensitive>false</sensitive><supportsEl>true</supportsEl></value></entry><entry><key>Max Wait Time</key><value><defaultValue>0 seconds</defaultValue><description>The maximum amount of time allowed for a running SQL select query  , zero means there is no limit. Max time less than 1 second will be equal to zero.</description><displayName>Max Wait Time</displayName><dynamic>false</dynamic><name>Max Wait Time</name><required>true</required><sensitive>false</sensitive><supportsEl>false</supportsEl></value></entry><entry><key>Backoff Period</key><value><defaultValue>300 seconds</defaultValue><description>Only records older than the backoff period will be eligible for pickup. This can be used in the ILM use case to define a retention period. Recommended: &gt;5m</description><displayName>Backoff Period</displayName><dynamic>false</dynamic><name>Backoff Period</name><required>true</required><sensitive>false</sensitive><supportsEl>false</supportsEl></value></entry><entry><key>Minimum Time Unit</key><value><allowableValues><displayName>NONE</displayName><value>NONE</value></allowableValues><allowableValues><displayName>HOUR</displayName><value>HOUR</value></allowableValues><allowableValues><displayName>DAY</displayName><value>DAY</value></allowableValues><allowableValues><displayName>WEEK</displayName><value>WEEK</value></allowableValues><allowableValues><displayName>MONTH</displayName><value>MONTH</value></allowableValues><allowableValues><displayName>YEAR</displayName><value>YEAR</value></allowableValues><defaultValue>NONE</defaultValue><description>The minimum unit of data eligible to load. For the ILM case, this would be DAY, WEEK, MONTH, YEAR , zero means there is no limit. Max time less than 1 second will be equal to zero.</description><displayName>Minimum Time Unit</displayName><dynamic>false</dynamic><name>Minimum Time Unit</name><required>true</required><sensitive>false</sensitive><supportsEl>false</supportsEl></value></entry></descriptors><lossTolerant>false</lossTolerant><penaltyDuration>30 sec</penaltyDuration><properties><entry><key>Source Database Connection</key><value>6f7eae61-35a4-4deb-b795-ea9cccb86171</value></entry><entry><key>Metadata Service</key><value>8a719384-6928-458d-929a-399393cba9eb</value></entry><entry><key>System feed category</key><value>${category}</value></entry><entry><key>System feed name</key><value>${feed}</value></entry><entry><key>Source Table</key><value>${metadata.table.sourceTableSchema.name}</value></entry><entry><key>Source Fields</key><value></value></entry><entry><key>Load Strategy</key><value>FULL_LOAD</value></entry><entry><key>Date Field</key></entry><entry><key>Overlap Period</key><value>300 seconds</value></entry><entry><key>Max Wait Time</key><value>0 seconds</value></entry><entry><key>Backoff Period</key><value>300 seconds</value></entry><entry><key>Minimum Time Unit</key><value>NONE</value></entry></properties><runDurationMillis>0</runDurationMillis><schedulingPeriod>0 sec</schedulingPeriod><schedulingStrategy>TIMER_DRIVEN</schedulingStrategy><yieldDuration>1 sec</yieldDuration></config><name>Poll database</name><relationships><autoTerminate>true</autoTerminate><description>SQL query execution failed. Incoming FlowFile will be penalized and routed to this relationship</description><name>failure</name></relationships><relationships><autoTerminate>true</autoTerminate><description>Successful but no new data to process.</description><name>nodata</name></relationships><relationships><autoTerminate>false</autoTerminate><description>Successfully created FlowFile from .</description><name>success</name></relationships><state>DISABLED</state><style><entry><key>background-color</key><value>#3cff00</value></entry></style><supportsEventDriven>false</supportsEventDriven><supportsParallelProcessing>true</supportsParallelProcessing><type>com.thinkbiganalytics.nifi.v2.ingest.GetTableData</type></processors><processors><id>7967da2f-4b27-4c21-b410-6db79bae3277</id><parentGroupId>951cbed5-3f4a-4dfa-ae05-21fecb1c9c0f</parentGroupId><position><x>656.4651794433598</x><y>62.898681640625</y></position><config><bulletinLevel>WARN</bulletinLevel><comments></comments><concurrentlySchedulableTaskCount>1</concurrentlySchedulableTaskCount><defaultConcurrentTasks><entry><key>TIMER_DRIVEN</key><value>1</value></entry><entry><key>EVENT_DRIVEN</key><value>0</value></entry><entry><key>CRON_DRIVEN</key><value>1</value></entry></defaultConcurrentTasks><defaultSchedulingPeriod><entry><key>TIMER_DRIVEN</key><value>0 sec</value></entry><entry><key>CRON_DRIVEN</key><value>* * * * * ?</value></entry></defaultSchedulingPeriod><descriptors><entry><key>Delete Attributes Expression</key><value><description>Regular expression for attributes to be deleted from flowfiles.</description><displayName>Delete Attributes Expression</displayName><dynamic>false</dynamic><name>Delete Attributes Expression</name><required>false</required><sensitive>false</sensitive><supportsEl>true</supportsEl></value></entry><entry><key>category</key><value><description></description><displayName>category</displayName><dynamic>true</dynamic><name>category</name><required>false</required><sensitive>false</sensitive><supportsEl>true</supportsEl></value></entry><entry><key>feed</key><value><description></description><displayName>feed</displayName><dynamic>true</dynamic><name>feed</name><required>false</required><sensitive>false</sensitive><supportsEl>true</supportsEl></value></entry><entry><key>feedts</key><value><description></description><displayName>feedts</displayName><dynamic>true</dynamic><name>feedts</name><required>false</required><sensitive>false</sensitive><supportsEl>true</supportsEl></value></entry><entry><key>metadata.table.feedFormat</key><value><description></description><displayName>metadata.table.feedFormat</displayName><dynamic>true</dynamic><name>metadata.table.feedFormat</name><required>false</required><sensitive>false</sensitive><supportsEl>true</supportsEl></value></entry><entry><key>metadata.table.fieldIndexString</key><value><description></description><displayName>metadata.table.fieldIndexString</displayName><dynamic>true</dynamic><name>metadata.table.fieldIndexString</name><required>false</required><sensitive>false</sensitive><supportsEl>true</supportsEl></value></entry><entry><key>metadata.table.fieldPoliciesJson</key><value><description></description><displayName>metadata.table.fieldPoliciesJson</displayName><dynamic>true</dynamic><name>metadata.table.fieldPoliciesJson</name><required>false</required><sensitive>false</sensitive><supportsEl>true</supportsEl></value></entry><entry><key>metadata.table.fieldStructure</key><value><description></description><displayName>metadata.table.fieldStructure</displayName><dynamic>true</dynamic><name>metadata.table.fieldStructure</name><required>false</required><sensitive>false</sensitive><supportsEl>true</supportsEl></value></entry><entry><key>metadata.table.partitionSpecs</key><value><description></description><displayName>metadata.table.partitionSpecs</displayName><dynamic>true</dynamic><name>metadata.table.partitionSpecs</name><required>false</required><sensitive>false</sensitive><supportsEl>true</supportsEl></value></entry><entry><key>metadata.table.partitionStructure</key><value><description></description><displayName>metadata.table.partitionStructure</displayName><dynamic>true</dynamic><name>metadata.table.partitionStructure</name><required>false</required><sensitive>false</sensitive><supportsEl>true</supportsEl></value></entry><entry><key>metadata.table.targetFormat</key><value><description></description><displayName>metadata.table.targetFormat</displayName><dynamic>true</dynamic><name>metadata.table.targetFormat</name><required>false</required><sensitive>false</sensitive><supportsEl>true</supportsEl></value></entry><entry><key>metadata.table.targetMergeStrategy</key><value><description></description><displayName>metadata.table.targetMergeStrategy</displayName><dynamic>true</dynamic><name>metadata.table.targetMergeStrategy</name><required>false</required><sensitive>false</sensitive><supportsEl>true</supportsEl></value></entry><entry><key>metadata.table.targetTblProperties</key><value><description></description><displayName>metadata.table.targetTblProperties</displayName><dynamic>true</dynamic><name>metadata.table.targetTblProperties</name><required>false</required><sensitive>false</sensitive><supportsEl>true</supportsEl></value></entry><entry><key>spark.input_folder</key><value><description></description><displayName>spark.input_folder</displayName><dynamic>true</dynamic><name>spark.input_folder</name><required>false</required><sensitive>false</sensitive><supportsEl>true</supportsEl></value></entry></descriptors><lossTolerant>false</lossTolerant><penaltyDuration>30 sec</penaltyDuration><properties><entry><key>Delete Attributes Expression</key></entry><entry><key>category</key><value>${metadata.category.systemName}</value></entry><entry><key>feed</key><value>${metadata.systemFeedName}</value></entry><entry><key>feedts</key><value>${now():format('yyyyMMddHHmmss')}</value></entry><entry><key>metadata.table.feedFormat</key><value>${metadata.table.feedFormat}</value></entry><entry><key>metadata.table.fieldIndexString</key><value>${metadata.table.fieldIndexString}</value></entry><entry><key>metadata.table.fieldPoliciesJson</key><value>${metadata.table.fieldPoliciesJson}</value></entry><entry><key>metadata.table.fieldStructure</key><value>${metadata.table.fieldStructure}</value></entry><entry><key>metadata.table.partitionSpecs</key><value>${metadata.table.partitionSpecs}</value></entry><entry><key>metadata.table.partitionStructure</key><value>${metadata.table.partitionStructure}</value></entry><entry><key>metadata.table.targetFormat</key><value>${metadata.table.targetFormat}</value></entry><entry><key>metadata.table.targetMergeStrategy</key><value>${metadata.table.targetMergeStrategy}</value></entry><entry><key>metadata.table.targetTblProperties</key><value>${metadata.table.targetTblProperties}</value></entry><entry><key>spark.input_folder</key><value>/tmp</value></entry></properties><runDurationMillis>0</runDurationMillis><schedulingPeriod>0 sec</schedulingPeriod><schedulingStrategy>TIMER_DRIVEN</schedulingStrategy><yieldDuration>1 sec</yieldDuration></config><name>Update flow parameters</name><relationships><autoTerminate>false</autoTerminate><description>All FlowFiles are routed to this relationship</description><name>success</name></relationships><state>STOPPED</state><style><entry><key>background-color</key><value>#11f237</value></entry></style><supportsEventDriven>true</supportsEventDriven><supportsParallelProcessing>true</supportsParallelProcessing><type>org.apache.nifi.processors.attributes.UpdateAttribute</type></processors><processors><id>3362aa00-c257-47a4-b3e3-07bee260e012</id><parentGroupId>951cbed5-3f4a-4dfa-ae05-21fecb1c9c0f</parentGroupId><position><x>10.0</x><y>10.0</y></position><config><bulletinLevel>WARN</bulletinLevel><comments></comments><concurrentlySchedulableTaskCount>1</concurrentlySchedulableTaskCount><defaultConcurrentTasks><entry><key>TIMER_DRIVEN</key><value>1</value></entry><entry><key>EVENT_DRIVEN</key><value>0</value></entry><entry><key>CRON_DRIVEN</key><value>1</value></entry></defaultConcurrentTasks><defaultSchedulingPeriod><entry><key>TIMER_DRIVEN</key><value>0 sec</value></entry><entry><key>CRON_DRIVEN</key><value>* * * * * ?</value></entry></defaultSchedulingPeriod><descriptors><entry><key>Input Directory</key><value><description>The input directory from which to pull files</description><displayName>Input Directory</displayName><dynamic>false</dynamic><name>Input Directory</name><required>true</required><sensitive>false</sensitive><supportsEl>true</supportsEl></value></entry><entry><key>File Filter</key><value><defaultValue>[^\.].*</defaultValue><description>Only files whose names match the given regular expression will be picked up</description><displayName>File Filter</displayName><dynamic>false</dynamic><name>File Filter</name><required>true</required><sensitive>false</sensitive><supportsEl>false</supportsEl></value></entry><entry><key>Path Filter</key><value><description>When Recurse Subdirectories is true, then only subdirectories whose path matches the given regular expression will be scanned</description><displayName>Path Filter</displayName><dynamic>false</dynamic><name>Path Filter</name><required>false</required><sensitive>false</sensitive><supportsEl>false</supportsEl></value></entry><entry><key>Batch Size</key><value><defaultValue>10</defaultValue><description>The maximum number of files to pull in each iteration</description><displayName>Batch Size</displayName><dynamic>false</dynamic><name>Batch Size</name><required>true</required><sensitive>false</sensitive><supportsEl>false</supportsEl></value></entry><entry><key>Keep Source File</key><value><allowableValues><displayName>true</displayName><value>true</value></allowableValues><allowableValues><displayName>false</displayName><value>false</value></allowableValues><defaultValue>false</defaultValue><description>If true, the file is not deleted after it has been copied to the Content Repository; this causes the file to be picked up continually and is useful for testing purposes.  If not keeping original NiFi will need write permissions on the directory it is pulling from otherwise it will ignore the file.</description><displayName>Keep Source File</displayName><dynamic>false</dynamic><name>Keep Source File</name><required>true</required><sensitive>false</sensitive><supportsEl>false</supportsEl></value></entry><entry><key>Recurse Subdirectories</key><value><allowableValues><displayName>true</displayName><value>true</value></allowableValues><allowableValues><displayName>false</displayName><value>false</value></allowableValues><defaultValue>true</defaultValue><description>Indicates whether or not to pull files from subdirectories</description><displayName>Recurse Subdirectories</displayName><dynamic>false</dynamic><name>Recurse Subdirectories</name><required>true</required><sensitive>false</sensitive><supportsEl>false</supportsEl></value></entry><entry><key>Polling Interval</key><value><defaultValue>0 sec</defaultValue><description>Indicates how long to wait before performing a directory listing</description><displayName>Polling Interval</displayName><dynamic>false</dynamic><name>Polling Interval</name><required>true</required><sensitive>false</sensitive><supportsEl>false</supportsEl></value></entry><entry><key>Ignore Hidden Files</key><value><allowableValues><displayName>true</displayName><value>true</value></allowableValues><allowableValues><displayName>false</displayName><value>false</value></allowableValues><defaultValue>true</defaultValue><description>Indicates whether or not hidden files should be ignored</description><displayName>Ignore Hidden Files</displayName><dynamic>false</dynamic><name>Ignore Hidden Files</name><required>true</required><sensitive>false</sensitive><supportsEl>false</supportsEl></value></entry><entry><key>Minimum File Age</key><value><defaultValue>0 sec</defaultValue><description>The minimum age that a file must be in order to be pulled; any file younger than this amount of time (according to last modification date) will be ignored</description><displayName>Minimum File Age</displayName><dynamic>false</dynamic><name>Minimum File Age</name><required>true</required><sensitive>false</sensitive><supportsEl>false</supportsEl></value></entry><entry><key>Maximum File Age</key><value><description>The maximum age that a file must be in order to be pulled; any file older than this amount of time (according to last modification date) will be ignored</description><displayName>Maximum File Age</displayName><dynamic>false</dynamic><name>Maximum File Age</name><required>false</required><sensitive>false</sensitive><supportsEl>false</supportsEl></value></entry><entry><key>Minimum File Size</key><value><defaultValue>0 B</defaultValue><description>The minimum size that a file must be in order to be pulled</description><displayName>Minimum File Size</displayName><dynamic>false</dynamic><name>Minimum File Size</name><required>true</required><sensitive>false</sensitive><supportsEl>false</supportsEl></value></entry><entry><key>Maximum File Size</key><value><description>The maximum size that a file can be in order to be pulled</description><displayName>Maximum File Size</displayName><dynamic>false</dynamic><name>Maximum File Size</name><required>false</required><sensitive>false</sensitive><supportsEl>false</supportsEl></value></entry></descriptors><lossTolerant>false</lossTolerant><penaltyDuration>30 sec</penaltyDuration><properties><entry><key>Input Directory</key><value>/var/dropzone</value></entry><entry><key>File Filter</key><value>mydata\d{1,3}.csv</value></entry><entry><key>Path Filter</key></entry><entry><key>Batch Size</key><value>100</value></entry><entry><key>Keep Source File</key><value>false</value></entry><entry><key>Recurse Subdirectories</key><value>false</value></entry><entry><key>Polling Interval</key><value>0 sec</value></entry><entry><key>Ignore Hidden Files</key><value>true</value></entry><entry><key>Minimum File Age</key><value>0 sec</value></entry><entry><key>Maximum File Age</key></entry><entry><key>Minimum File Size</key><value>0 B</value></entry><entry><key>Maximum File Size</key></entry></properties><runDurationMillis>0</runDurationMillis><schedulingPeriod>15 sec</schedulingPeriod><schedulingStrategy>TIMER_DRIVEN</schedulingStrategy><yieldDuration>1 sec</yieldDuration></config><name>Poll filesystem</name><relationships><autoTerminate>false</autoTerminate><description>All files are routed to success</description><name>success</name></relationships><state>STOPPED</state><style><entry><key>background-color</key><value>#11f237</value></entry></style><supportsEventDriven>false</supportsEventDriven><supportsParallelProcessing>true</supportsParallelProcessing><type>org.apache.nifi.processors.standard.GetFile</type></processors></snippet><timestamp>05/31/2016 23:31:21 PDT</timestamp></template>