<?xml version="1.0" encoding="UTF-8" standalone="yes"?><template><description></description><name>Data Ingest</name><snippet><connections><id>ddc82c42-55d6-40a9-bb19-113e86291509</id><parentGroupId>269aefe1-0983-40dd-adf7-ae41752383b3</parentGroupId><backPressureDataSizeThreshold>0 MB</backPressureDataSizeThreshold><backPressureObjectThreshold>0</backPressureObjectThreshold><destination><groupId>269aefe1-0983-40dd-adf7-ae41752383b3</groupId><id>f8e797c7-d13f-4f82-9a66-b967eb2e5dc2</id><type>OUTPUT_PORT</type></destination><flowFileExpiration>0 sec</flowFileExpiration><labelIndex>1</labelIndex><name></name><selectedRelationships>success</selectedRelationships><source><groupId>269aefe1-0983-40dd-adf7-ae41752383b3</groupId><id>7010fc9c-2da8-4b3c-a4f9-62216bd061d1</id><type>PROCESSOR</type></source><zIndex>0</zIndex></connections><connections><id>47d57c39-4a01-48de-830a-baa1c8af8235</id><parentGroupId>269aefe1-0983-40dd-adf7-ae41752383b3</parentGroupId><backPressureDataSizeThreshold>0 MB</backPressureDataSizeThreshold><backPressureObjectThreshold>0</backPressureObjectThreshold><destination><groupId>269aefe1-0983-40dd-adf7-ae41752383b3</groupId><id>7010fc9c-2da8-4b3c-a4f9-62216bd061d1</id><type>PROCESSOR</type></destination><flowFileExpiration>0 sec</flowFileExpiration><labelIndex>1</labelIndex><name></name><selectedRelationships>success</selectedRelationships><source><groupId>269aefe1-0983-40dd-adf7-ae41752383b3</groupId><id>e9f7d1d2-65f3-4bf7-8a1f-84ae09437502</id><type>PROCESSOR</type></source><zIndex>0</zIndex></connections><connections><id>b1ee2cbf-b077-4865-bda4-9c8b1138a099</id><parentGroupId>269aefe1-0983-40dd-adf7-ae41752383b3</parentGroupId><backPressureDataSizeThreshold>0 MB</backPressureDataSizeThreshold><backPressureObjectThreshold>0</backPressureObjectThreshold><destination><groupId>269aefe1-0983-40dd-adf7-ae41752383b3</groupId><id>7010fc9c-2da8-4b3c-a4f9-62216bd061d1</id><type>PROCESSOR</type></destination><flowFileExpiration>0 sec</flowFileExpiration><labelIndex>1</labelIndex><name></name><selectedRelationships>success</selectedRelationships><source><groupId>269aefe1-0983-40dd-adf7-ae41752383b3</groupId><id>29094029-3db6-4224-b33f-ecac70551910</id><type>PROCESSOR</type></source><zIndex>0</zIndex></connections><connections><id>b15f4745-6ed9-4e0f-b781-603decc204c9</id><parentGroupId>269aefe1-0983-40dd-adf7-ae41752383b3</parentGroupId><backPressureDataSizeThreshold>0 MB</backPressureDataSizeThreshold><backPressureObjectThreshold>0</backPressureObjectThreshold><destination><groupId>269aefe1-0983-40dd-adf7-ae41752383b3</groupId><id>ccea1fb3-965a-4be0-8ca2-0f4f409f5de5</id><type>OUTPUT_PORT</type></destination><flowFileExpiration>0 sec</flowFileExpiration><labelIndex>1</labelIndex><name></name><selectedRelationships>Success</selectedRelationships><source><groupId>269aefe1-0983-40dd-adf7-ae41752383b3</groupId><id>5d8ed301-9132-4e3d-9c41-ef6b2d6ebd69</id><type>PROCESSOR</type></source><zIndex>0</zIndex></connections><controllerServices><id>9097b6c6-2810-407d-b420-ab9b0081bcfd</id><comments></comments><descriptors><entry><key>Database Connection URL</key><value><description>A database connection URL used to connect to a database. May contain database system name, host, port, database name and some parameters. The exact syntax of a database connection URL is specified by your DBMS.</description><displayName>Database Connection URL</displayName><dynamic>false</dynamic><name>Database Connection URL</name><required>true</required><sensitive>false</sensitive><supportsEl>false</supportsEl></value></entry><entry><key>Database Driver Class Name</key><value><description>Database driver class name</description><displayName>Database Driver Class Name</displayName><dynamic>false</dynamic><name>Database Driver Class Name</name><required>true</required><sensitive>false</sensitive><supportsEl>false</supportsEl></value></entry><entry><key>Database Driver Jar Url</key><value><description>Optional database driver jar file path url. For example 'file:///var/tmp/mariadb-java-client-1.1.7.jar'</description><displayName>Database Driver Jar Url</displayName><dynamic>false</dynamic><name>Database Driver Jar Url</name><required>false</required><sensitive>false</sensitive><supportsEl>false</supportsEl></value></entry><entry><key>Database User</key><value><description>Database user name</description><displayName>Database User</displayName><dynamic>false</dynamic><name>Database User</name><required>false</required><sensitive>false</sensitive><supportsEl>false</supportsEl></value></entry><entry><key>Password</key><value><description>The password for the database user</description><displayName>Password</displayName><dynamic>false</dynamic><name>Password</name><required>false</required><sensitive>true</sensitive><supportsEl>false</supportsEl></value></entry><entry><key>Max Wait Time</key><value><defaultValue>500 millis</defaultValue><description>The maximum amount of time that the pool will wait (when there are no available connections)  for a connection to be returned before failing, or -1 to wait indefinitely. </description><displayName>Max Wait Time</displayName><dynamic>false</dynamic><name>Max Wait Time</name><required>true</required><sensitive>false</sensitive><supportsEl>false</supportsEl></value></entry><entry><key>Max Total Connections</key><value><defaultValue>8</defaultValue><description>The maximum number of active connections that can be allocated from this pool at the same time,  or negative for no limit.</description><displayName>Max Total Connections</displayName><dynamic>false</dynamic><name>Max Total Connections</name><required>true</required><sensitive>false</sensitive><supportsEl>false</supportsEl></value></entry></descriptors><name>MySQL</name><properties><entry><key>Database Connection URL</key><value>jdbc:mysql://localhost</value></entry><entry><key>Database Driver Class Name</key><value>com.mysql.jdbc.Driver</value></entry><entry><key>Database Driver Jar Url</key><value>file:///opt/nifi/mysql/mysql-connector-java-5.1.32.jar</value></entry><entry><key>Database User</key><value>nifi</value></entry><entry><key>Password</key></entry><entry><key>Max Wait Time</key><value>500 millis</value></entry><entry><key>Max Total Connections</key><value>8</value></entry></properties><referencingComponents><activeThreadCount>0</activeThreadCount><descriptors><entry><key>Source Database Connection</key><value><allowableValues><displayName>MySQL</displayName><value>9097b6c6-2810-407d-b420-ab9b0081bcfd</value></allowableValues><description>The database where the source table resides</description><displayName>Source Database Connection</displayName><dynamic>false</dynamic><identifiesControllerService>org.apache.nifi.dbcp.DBCPService</identifiesControllerService><name>Source Database Connection</name><required>true</required><sensitive>false</sensitive><supportsEl>false</supportsEl></value></entry><entry><key>Metadata Service</key><value><allowableValues><displayName>Think Big Metadata Service</displayName><value>a53a9c23-8fc2-4e18-b90e-fe84f60e75c0</value></allowableValues><description>Think Big metadata service</description><displayName>Metadata Service</displayName><dynamic>false</dynamic><identifiesControllerService>com.thinkbiganalytics.nifi.core.api.metadata.MetadataProviderService</identifiesControllerService><name>Metadata Service</name><required>true</required><sensitive>false</sensitive><supportsEl>false</supportsEl></value></entry><entry><key>System feed category</key><value><defaultValue>${category}</defaultValue><description>System category of feed this processor supports</description><displayName>System feed category</displayName><dynamic>false</dynamic><name>System feed category</name><required>true</required><sensitive>false</sensitive><supportsEl>true</supportsEl></value></entry><entry><key>System feed name</key><value><defaultValue>${feed}</defaultValue><description>Name of feed this processor supports</description><displayName>System feed name</displayName><dynamic>false</dynamic><name>System feed name</name><required>true</required><sensitive>false</sensitive><supportsEl>true</supportsEl></value></entry><entry><key>Source Table</key><value><defaultValue>${metadata.table.sourceTableSchema.name}</defaultValue><description>Name of table including schema (if applicable)</description><displayName>Source Table</displayName><dynamic>false</dynamic><name>Source Table</name><required>true</required><sensitive>false</sensitive><supportsEl>true</supportsEl></value></entry><entry><key>Source Fields</key><value><defaultValue>${metadata.table.sourceFields}</defaultValue><description>Field names (in order) to read from the source table. ie. the select fields. The format is separated by newline. Inconsistent order will cause corruption of the downstream Hive data.</description><displayName>Source Fields</displayName><dynamic>false</dynamic><name>Source Fields</name><required>true</required><sensitive>false</sensitive><supportsEl>true</supportsEl></value></entry><entry><key>Load Strategy</key><value><allowableValues><displayName>FULL_LOAD</displayName><value>FULL_LOAD</value></allowableValues><allowableValues><displayName>INCREMENTAL</displayName><value>INCREMENTAL</value></allowableValues><defaultValue>FULL_LOAD</defaultValue><description>Whether to load the entire table or perform an incremental extract</description><displayName>Load Strategy</displayName><dynamic>false</dynamic><name>Load Strategy</name><required>true</required><sensitive>false</sensitive><supportsEl>false</supportsEl></value></entry><entry><key>Date Field</key><value><description>Source field containing a modified date for tracking incremental load</description><displayName>Date Field</displayName><dynamic>false</dynamic><name>Date Field</name><required>false</required><sensitive>false</sensitive><supportsEl>true</supportsEl></value></entry><entry><key>Overlap Period</key><value><defaultValue>0 seconds</defaultValue><description>Amount of time to overlap into the last load date to ensure long running transactions missed by previous load weren't missed. Recommended: &gt;0s</description><displayName>Overlap Period</displayName><dynamic>false</dynamic><name>Overlap Period</name><required>false</required><sensitive>false</sensitive><supportsEl>true</supportsEl></value></entry><entry><key>Max Wait Time</key><value><defaultValue>0 seconds</defaultValue><description>The maximum amount of time allowed for a running SQL select query  , zero means there is no limit. Max time less than 1 second will be equal to zero.</description><displayName>Max Wait Time</displayName><dynamic>false</dynamic><name>Max Wait Time</name><required>true</required><sensitive>false</sensitive><supportsEl>false</supportsEl></value></entry><entry><key>Backoff Period</key><value><defaultValue>300 seconds</defaultValue><description>Only records older than the backoff period will be eligible for pickup. This can be used in the ILM use case to define a retention period. Recommended: &gt;5m</description><displayName>Backoff Period</displayName><dynamic>false</dynamic><name>Backoff Period</name><required>true</required><sensitive>false</sensitive><supportsEl>false</supportsEl></value></entry><entry><key>Minimum Time Unit</key><value><allowableValues><displayName>NONE</displayName><value>NONE</value></allowableValues><allowableValues><displayName>HOUR</displayName><value>HOUR</value></allowableValues><allowableValues><displayName>DAY</displayName><value>DAY</value></allowableValues><allowableValues><displayName>WEEK</displayName><value>WEEK</value></allowableValues><allowableValues><displayName>MONTH</displayName><value>MONTH</value></allowableValues><allowableValues><displayName>YEAR</displayName><value>YEAR</value></allowableValues><defaultValue>NONE</defaultValue><description>The minimum unit of data eligible to load. For the ILM case, this would be DAY, WEEK, MONTH, YEAR , zero means there is no limit. Max time less than 1 second will be equal to zero.</description><displayName>Minimum Time Unit</displayName><dynamic>false</dynamic><name>Minimum Time Unit</name><required>true</required><sensitive>false</sensitive><supportsEl>false</supportsEl></value></entry></descriptors><groupId>269aefe1-0983-40dd-adf7-ae41752383b3</groupId><id>29094029-3db6-4224-b33f-ecac70551910</id><name>Poll database</name><properties><entry><key>Source Database Connection</key><value>9097b6c6-2810-407d-b420-ab9b0081bcfd</value></entry><entry><key>Metadata Service</key><value>a53a9c23-8fc2-4e18-b90e-fe84f60e75c0</value></entry><entry><key>System feed category</key><value>${metadata.category.systemName}</value></entry><entry><key>System feed name</key><value>${metadata.systemFeedName}</value></entry><entry><key>Source Table</key><value>${metadata.table.sourceTableSchema.name}</value></entry><entry><key>Source Fields</key><value>${metadata.table.sourceFields}</value></entry><entry><key>Load Strategy</key><value>FULL_LOAD</value></entry><entry><key>Date Field</key></entry><entry><key>Overlap Period</key><value>300 seconds</value></entry><entry><key>Max Wait Time</key><value>0 seconds</value></entry><entry><key>Backoff Period</key><value>300 seconds</value></entry><entry><key>Minimum Time Unit</key><value>NONE</value></entry></properties><referenceType>Processor</referenceType><state>STOPPED</state><type>com.thinkbiganalytics.nifi.v2.ingest.GetTableData</type></referencingComponents><referencingComponents><activeThreadCount>0</activeThreadCount><descriptors><entry><key>Database Connection Pooling Service</key><value><allowableValues><displayName>MySQL</displayName><value>9097b6c6-2810-407d-b420-ab9b0081bcfd</value></allowableValues><description>The Controller Service that is used to obtain connection to database</description><displayName>Database Connection Pooling Service</displayName><dynamic>false</dynamic><identifiesControllerService>org.apache.nifi.dbcp.DBCPService</identifiesControllerService><name>Database Connection Pooling Service</name><required>true</required><sensitive>false</sensitive><supportsEl>false</supportsEl></value></entry><entry><key>SQL select query</key><value><description>SQL select query</description><displayName>SQL select query</displayName><dynamic>false</dynamic><name>SQL select query</name><required>true</required><sensitive>false</sensitive><supportsEl>true</supportsEl></value></entry><entry><key>Max Wait Time</key><value><defaultValue>0 seconds</defaultValue><description>The maximum amount of time allowed for a running SQL select query  , zero means there is no limit. Max time less than 1 second will be equal to zero.</description><displayName>Max Wait Time</displayName><dynamic>false</dynamic><name>Max Wait Time</name><required>true</required><sensitive>false</sensitive><supportsEl>false</supportsEl></value></entry></descriptors><groupId>8c205793-0b64-4126-bf7a-9f40e1fd7e7a</groupId><id>7c53d56c-9ca4-4c00-923f-72d145f7aae5</id><name>Query Hive Table Metadata</name><properties><entry><key>Database Connection Pooling Service</key><value>9097b6c6-2810-407d-b420-ab9b0081bcfd</value></entry><entry><key>SQL select query</key><value>SELECT d.NAME DATABASE_NAME, d.OWNER_NAME OWNER, t.CREATE_TIME, t.TBL_NAME, t.TBL_TYPE,
    c.COLUMN_NAME, c.TYPE_NAME
    FROM hive.COLUMNS_V2 c
    JOIN hive.SDS s on s.CD_ID = c.CD_ID
    JOIN  hive.TBLS t ON s.SD_ID=t.SD_ID
    JOIN  hive.DBS d on d.DB_ID = t.DB_ID
    where d.name = '${category}'and t.tbl_name like '${feed}%';</value></entry><entry><key>Max Wait Time</key><value>0 seconds</value></entry></properties><referenceType>Processor</referenceType><state>STOPPED</state><type>org.apache.nifi.processors.standard.ExecuteSQL</type></referencingComponents><referencingComponents><activeThreadCount>0</activeThreadCount><descriptors><entry><key>Database Connection Pooling Service</key><value><allowableValues><displayName>MySQL</displayName><value>9097b6c6-2810-407d-b420-ab9b0081bcfd</value></allowableValues><description>The Controller Service that is used to obtain connection to database</description><displayName>Database Connection Pooling Service</displayName><dynamic>false</dynamic><identifiesControllerService>org.apache.nifi.dbcp.DBCPService</identifiesControllerService><name>Database Connection Pooling Service</name><required>true</required><sensitive>false</sensitive><supportsEl>false</supportsEl></value></entry><entry><key>SQL select query</key><value><description>SQL select query</description><displayName>SQL select query</displayName><dynamic>false</dynamic><name>SQL select query</name><required>true</required><sensitive>false</sensitive><supportsEl>true</supportsEl></value></entry><entry><key>Max Wait Time</key><value><defaultValue>0 seconds</defaultValue><description>The maximum amount of time allowed for a running SQL select query  , zero means there is no limit. Max time less than 1 second will be equal to zero.</description><displayName>Max Wait Time</displayName><dynamic>false</dynamic><name>Max Wait Time</name><required>true</required><sensitive>false</sensitive><supportsEl>false</supportsEl></value></entry></descriptors><groupId>a9949989-a328-4a69-92d4-6c9933e5a0b7</groupId><id>e245a2c1-c4a4-4ddf-b894-8ac43487f09b</id><name>Query Hive Table Metadata</name><properties><entry><key>Database Connection Pooling Service</key><value>9097b6c6-2810-407d-b420-ab9b0081bcfd</value></entry><entry><key>SQL select query</key><value>SELECT d.NAME DATABASE_NAME, d.OWNER_NAME OWNER, t.CREATE_TIME, t.TBL_NAME, t.TBL_TYPE,
    c.COLUMN_NAME, c.TYPE_NAME
    FROM hive.COLUMNS_V2 c
    JOIN hive.SDS s on s.CD_ID = c.CD_ID
    JOIN  hive.TBLS t ON s.SD_ID=t.SD_ID
    JOIN  hive.DBS d on d.DB_ID = t.DB_ID
    where d.name = '${category}'and t.tbl_name like '${feed}%';</value></entry><entry><key>Max Wait Time</key><value>0 seconds</value></entry></properties><referenceType>Processor</referenceType><state>STOPPED</state><type>org.apache.nifi.processors.standard.ExecuteSQL</type></referencingComponents><state>ENABLED</state><type>org.apache.nifi.dbcp.DBCPConnectionPool</type></controllerServices><controllerServices><id>a53a9c23-8fc2-4e18-b90e-fe84f60e75c0</id><comments></comments><descriptors><entry><key>Implementation</key><value><allowableValues><description>An implemenation that stores metadata locally in memory (for development-only)</description><displayName>Local, In-memory storage</displayName><value>LOCAL</value></allowableValues><allowableValues><description>An implemenation that accesses metadata via the metadata service REST API</description><displayName>REST API</displayName><value>REMOTE</value></allowableValues><defaultValue>REMOTE</defaultValue><description>Specifies which implementation of the metadata providers should be used</description><displayName>Implementation</displayName><dynamic>false</dynamic><name>Implementation</name><required>true</required><sensitive>false</sensitive><supportsEl>false</supportsEl></value></entry><entry><key>rest-client-url</key><value><defaultValue>http://localhost:8400/proxy/metadata</defaultValue><description>The base URL to the metadata server when the REST API client implementation is chosen.</description><displayName>REST Client URL</displayName><dynamic>false</dynamic><name>rest-client-url</name><required>false</required><sensitive>false</sensitive><supportsEl>false</supportsEl></value></entry><entry><key>client-username</key><value><defaultValue>dladmin</defaultValue><description>Optional user name if the client requires a credential</description><displayName>REST Client User Name</displayName><dynamic>false</dynamic><name>client-username</name><required>false</required><sensitive>false</sensitive><supportsEl>false</supportsEl></value></entry><entry><key>client-password</key><value><defaultValue></defaultValue><description>Optional password if the client requires a credential</description><displayName>REST Client Password</displayName><dynamic>false</dynamic><name>client-password</name><required>false</required><sensitive>true</sensitive><supportsEl>false</supportsEl></value></entry></descriptors><name>Think Big Metadata Service</name><properties><entry><key>Implementation</key><value>REMOTE</value></entry><entry><key>rest-client-url</key><value>http://localhost:8400/proxy/metadata</value></entry><entry><key>client-username</key><value>dladmin</value></entry><entry><key>client-password</key></entry></properties><referencingComponents><activeThreadCount>0</activeThreadCount><descriptors><entry><key>Metadata Service</key><value><allowableValues><displayName>Think Big Metadata Service</displayName><value>a53a9c23-8fc2-4e18-b90e-fe84f60e75c0</value></allowableValues><description>Think Big metadata service</description><displayName>Metadata Service</displayName><dynamic>false</dynamic><identifiesControllerService>com.thinkbiganalytics.nifi.core.api.metadata.MetadataProviderService</identifiesControllerService><name>Metadata Service</name><required>true</required><sensitive>false</sensitive><supportsEl>false</supportsEl></value></entry><entry><key>System feed category</key><value><defaultValue>${category}</defaultValue><description>System category of feed this processor supports</description><displayName>System feed category</displayName><dynamic>false</dynamic><name>System feed category</name><required>true</required><sensitive>false</sensitive><supportsEl>true</supportsEl></value></entry><entry><key>System feed name</key><value><defaultValue>${feed}</defaultValue><description>Name of feed this processor supports</description><displayName>System feed name</displayName><dynamic>false</dynamic><name>System feed name</name><required>true</required><sensitive>false</sensitive><supportsEl>true</supportsEl></value></entry><entry><key>Result</key><value><allowableValues><displayName>success</displayName><value>success</value></allowableValues><allowableValues><displayName>fail</displayName><value>fail</value></allowableValues><defaultValue>success</defaultValue><description>Indicates what should happen when a file with the same name already exists in the output directory</description><displayName>Result</displayName><dynamic>false</dynamic><name>Result</name><required>true</required><sensitive>false</sensitive><supportsEl>false</supportsEl></value></entry></descriptors><groupId>75244a13-0bad-42e3-85cd-919b12a86bc0</groupId><id>70f8f1cb-b3b0-41e4-9a75-14e38df8e440</id><name>Record Registration</name><properties><entry><key>Metadata Service</key><value>a53a9c23-8fc2-4e18-b90e-fe84f60e75c0</value></entry><entry><key>System feed category</key><value>${category}</value></entry><entry><key>System feed name</key><value>${feed}</value></entry><entry><key>Result</key><value>success</value></entry></properties><referenceType>Processor</referenceType><state>STOPPED</state><type>com.thinkbiganalytics.nifi.v2.ingest.UpdateRegistration</type></referencingComponents><referencingComponents><activeThreadCount>0</activeThreadCount><descriptors><entry><key>Metadata Service</key><value><allowableValues><displayName>Think Big Metadata Service</displayName><value>a53a9c23-8fc2-4e18-b90e-fe84f60e75c0</value></allowableValues><description>Think Big metadata service</description><displayName>Metadata Service</displayName><dynamic>false</dynamic><identifiesControllerService>com.thinkbiganalytics.nifi.core.api.metadata.MetadataProviderService</identifiesControllerService><name>Metadata Service</name><required>true</required><sensitive>false</sensitive><supportsEl>false</supportsEl></value></entry><entry><key>System feed category</key><value><defaultValue>${category}</defaultValue><description>System category of feed this processor supports</description><displayName>System feed category</displayName><dynamic>false</dynamic><name>System feed category</name><required>true</required><sensitive>false</sensitive><supportsEl>true</supportsEl></value></entry><entry><key>System feed name</key><value><defaultValue>${feed}</defaultValue><description>Name of feed this processor supports</description><displayName>System feed name</displayName><dynamic>false</dynamic><name>System feed name</name><required>true</required><sensitive>false</sensitive><supportsEl>true</supportsEl></value></entry></descriptors><groupId>9027a3ce-e040-4ebd-a943-26c4ab4964eb</groupId><id>1e3dec3d-1fcd-4d22-8b72-54876a8174ba</id><name>Route for Registration?</name><properties><entry><key>Metadata Service</key><value>a53a9c23-8fc2-4e18-b90e-fe84f60e75c0</value></entry><entry><key>System feed category</key><value>${category}</value></entry><entry><key>System feed name</key><value>${feed}</value></entry></properties><referenceType>Processor</referenceType><state>STOPPED</state><type>com.thinkbiganalytics.nifi.v2.ingest.RouteOnRegistration</type></referencingComponents><referencingComponents><activeThreadCount>0</activeThreadCount><descriptors><entry><key>Source Database Connection</key><value><allowableValues><displayName>MySQL</displayName><value>9097b6c6-2810-407d-b420-ab9b0081bcfd</value></allowableValues><description>The database where the source table resides</description><displayName>Source Database Connection</displayName><dynamic>false</dynamic><identifiesControllerService>org.apache.nifi.dbcp.DBCPService</identifiesControllerService><name>Source Database Connection</name><required>true</required><sensitive>false</sensitive><supportsEl>false</supportsEl></value></entry><entry><key>Metadata Service</key><value><allowableValues><displayName>Think Big Metadata Service</displayName><value>a53a9c23-8fc2-4e18-b90e-fe84f60e75c0</value></allowableValues><description>Think Big metadata service</description><displayName>Metadata Service</displayName><dynamic>false</dynamic><identifiesControllerService>com.thinkbiganalytics.nifi.core.api.metadata.MetadataProviderService</identifiesControllerService><name>Metadata Service</name><required>true</required><sensitive>false</sensitive><supportsEl>false</supportsEl></value></entry><entry><key>System feed category</key><value><defaultValue>${category}</defaultValue><description>System category of feed this processor supports</description><displayName>System feed category</displayName><dynamic>false</dynamic><name>System feed category</name><required>true</required><sensitive>false</sensitive><supportsEl>true</supportsEl></value></entry><entry><key>System feed name</key><value><defaultValue>${feed}</defaultValue><description>Name of feed this processor supports</description><displayName>System feed name</displayName><dynamic>false</dynamic><name>System feed name</name><required>true</required><sensitive>false</sensitive><supportsEl>true</supportsEl></value></entry><entry><key>Source Table</key><value><defaultValue>${metadata.table.sourceTableSchema.name}</defaultValue><description>Name of table including schema (if applicable)</description><displayName>Source Table</displayName><dynamic>false</dynamic><name>Source Table</name><required>true</required><sensitive>false</sensitive><supportsEl>true</supportsEl></value></entry><entry><key>Source Fields</key><value><defaultValue>${metadata.table.sourceFields}</defaultValue><description>Field names (in order) to read from the source table. ie. the select fields. The format is separated by newline. Inconsistent order will cause corruption of the downstream Hive data.</description><displayName>Source Fields</displayName><dynamic>false</dynamic><name>Source Fields</name><required>true</required><sensitive>false</sensitive><supportsEl>true</supportsEl></value></entry><entry><key>Load Strategy</key><value><allowableValues><displayName>FULL_LOAD</displayName><value>FULL_LOAD</value></allowableValues><allowableValues><displayName>INCREMENTAL</displayName><value>INCREMENTAL</value></allowableValues><defaultValue>FULL_LOAD</defaultValue><description>Whether to load the entire table or perform an incremental extract</description><displayName>Load Strategy</displayName><dynamic>false</dynamic><name>Load Strategy</name><required>true</required><sensitive>false</sensitive><supportsEl>false</supportsEl></value></entry><entry><key>Date Field</key><value><description>Source field containing a modified date for tracking incremental load</description><displayName>Date Field</displayName><dynamic>false</dynamic><name>Date Field</name><required>false</required><sensitive>false</sensitive><supportsEl>true</supportsEl></value></entry><entry><key>Overlap Period</key><value><defaultValue>0 seconds</defaultValue><description>Amount of time to overlap into the last load date to ensure long running transactions missed by previous load weren't missed. Recommended: &gt;0s</description><displayName>Overlap Period</displayName><dynamic>false</dynamic><name>Overlap Period</name><required>false</required><sensitive>false</sensitive><supportsEl>true</supportsEl></value></entry><entry><key>Max Wait Time</key><value><defaultValue>0 seconds</defaultValue><description>The maximum amount of time allowed for a running SQL select query  , zero means there is no limit. Max time less than 1 second will be equal to zero.</description><displayName>Max Wait Time</displayName><dynamic>false</dynamic><name>Max Wait Time</name><required>true</required><sensitive>false</sensitive><supportsEl>false</supportsEl></value></entry><entry><key>Backoff Period</key><value><defaultValue>300 seconds</defaultValue><description>Only records older than the backoff period will be eligible for pickup. This can be used in the ILM use case to define a retention period. Recommended: &gt;5m</description><displayName>Backoff Period</displayName><dynamic>false</dynamic><name>Backoff Period</name><required>true</required><sensitive>false</sensitive><supportsEl>false</supportsEl></value></entry><entry><key>Minimum Time Unit</key><value><allowableValues><displayName>NONE</displayName><value>NONE</value></allowableValues><allowableValues><displayName>HOUR</displayName><value>HOUR</value></allowableValues><allowableValues><displayName>DAY</displayName><value>DAY</value></allowableValues><allowableValues><displayName>WEEK</displayName><value>WEEK</value></allowableValues><allowableValues><displayName>MONTH</displayName><value>MONTH</value></allowableValues><allowableValues><displayName>YEAR</displayName><value>YEAR</value></allowableValues><defaultValue>NONE</defaultValue><description>The minimum unit of data eligible to load. For the ILM case, this would be DAY, WEEK, MONTH, YEAR , zero means there is no limit. Max time less than 1 second will be equal to zero.</description><displayName>Minimum Time Unit</displayName><dynamic>false</dynamic><name>Minimum Time Unit</name><required>true</required><sensitive>false</sensitive><supportsEl>false</supportsEl></value></entry></descriptors><groupId>269aefe1-0983-40dd-adf7-ae41752383b3</groupId><id>29094029-3db6-4224-b33f-ecac70551910</id><name>Poll database</name><properties><entry><key>Source Database Connection</key><value>9097b6c6-2810-407d-b420-ab9b0081bcfd</value></entry><entry><key>Metadata Service</key><value>a53a9c23-8fc2-4e18-b90e-fe84f60e75c0</value></entry><entry><key>System feed category</key><value>${metadata.category.systemName}</value></entry><entry><key>System feed name</key><value>${metadata.systemFeedName}</value></entry><entry><key>Source Table</key><value>${metadata.table.sourceTableSchema.name}</value></entry><entry><key>Source Fields</key><value>${metadata.table.sourceFields}</value></entry><entry><key>Load Strategy</key><value>FULL_LOAD</value></entry><entry><key>Date Field</key></entry><entry><key>Overlap Period</key><value>300 seconds</value></entry><entry><key>Max Wait Time</key><value>0 seconds</value></entry><entry><key>Backoff Period</key><value>300 seconds</value></entry><entry><key>Minimum Time Unit</key><value>NONE</value></entry></properties><referenceType>Processor</referenceType><state>STOPPED</state><type>com.thinkbiganalytics.nifi.v2.ingest.GetTableData</type></referencingComponents><referencingComponents><activeThreadCount>0</activeThreadCount><descriptors><entry><key>Metadata Service</key><value><allowableValues><displayName>Think Big Metadata Service</displayName><value>a53a9c23-8fc2-4e18-b90e-fe84f60e75c0</value></allowableValues><description>Think Big metadata service</description><displayName>Metadata Service</displayName><dynamic>false</dynamic><identifiesControllerService>com.thinkbiganalytics.nifi.core.api.metadata.MetadataProviderService</identifiesControllerService><name>Metadata Service</name><required>true</required><sensitive>false</sensitive><supportsEl>false</supportsEl></value></entry><entry><key>System feed category</key><value><defaultValue>${category}</defaultValue><description>System category of feed this processor supports</description><displayName>System feed category</displayName><dynamic>false</dynamic><name>System feed category</name><required>true</required><sensitive>false</sensitive><supportsEl>true</supportsEl></value></entry><entry><key>System feed name</key><value><defaultValue>${feed}</defaultValue><description>Name of feed this processor supports</description><displayName>System feed name</displayName><dynamic>false</dynamic><name>System feed name</name><required>true</required><sensitive>false</sensitive><supportsEl>true</supportsEl></value></entry></descriptors><groupId>75244a13-0bad-42e3-85cd-919b12a86bc0</groupId><id>ef973325-e3a7-40a9-9f52-14d8c00c9642</id><name>Route for Registration?</name><properties><entry><key>Metadata Service</key><value>a53a9c23-8fc2-4e18-b90e-fe84f60e75c0</value></entry><entry><key>System feed category</key><value>${category}</value></entry><entry><key>System feed name</key><value>${feed}</value></entry></properties><referenceType>Processor</referenceType><state>STOPPED</state><type>com.thinkbiganalytics.nifi.v2.ingest.RouteOnRegistration</type></referencingComponents><referencingComponents><activeThreadCount>0</activeThreadCount><descriptors><entry><key>Metadata Service</key><value><allowableValues><displayName>Think Big Metadata Service</displayName><value>a53a9c23-8fc2-4e18-b90e-fe84f60e75c0</value></allowableValues><description>Think Big metadata service</description><displayName>Metadata Service</displayName><dynamic>false</dynamic><identifiesControllerService>com.thinkbiganalytics.nifi.core.api.metadata.MetadataProviderService</identifiesControllerService><name>Metadata Service</name><required>true</required><sensitive>false</sensitive><supportsEl>false</supportsEl></value></entry><entry><key>System feed category</key><value><defaultValue>${category}</defaultValue><description>System category of feed this processor supports</description><displayName>System feed category</displayName><dynamic>false</dynamic><name>System feed category</name><required>true</required><sensitive>false</sensitive><supportsEl>true</supportsEl></value></entry><entry><key>System feed name</key><value><defaultValue>${feed}</defaultValue><description>Name of feed this processor supports</description><displayName>System feed name</displayName><dynamic>false</dynamic><name>System feed name</name><required>true</required><sensitive>false</sensitive><supportsEl>true</supportsEl></value></entry><entry><key>Result</key><value><allowableValues><displayName>success</displayName><value>success</value></allowableValues><allowableValues><displayName>fail</displayName><value>fail</value></allowableValues><defaultValue>success</defaultValue><description>Indicates what should happen when a file with the same name already exists in the output directory</description><displayName>Result</displayName><dynamic>false</dynamic><name>Result</name><required>true</required><sensitive>false</sensitive><supportsEl>false</supportsEl></value></entry></descriptors><groupId>9027a3ce-e040-4ebd-a943-26c4ab4964eb</groupId><id>52599d39-ba49-4135-9b79-9849fa23f2f8</id><name>Record Registration</name><properties><entry><key>Metadata Service</key><value>a53a9c23-8fc2-4e18-b90e-fe84f60e75c0</value></entry><entry><key>System feed category</key><value>${category}</value></entry><entry><key>System feed name</key><value>${feed}</value></entry><entry><key>Result</key><value>success</value></entry></properties><referenceType>Processor</referenceType><state>STOPPED</state><type>com.thinkbiganalytics.nifi.v2.ingest.UpdateRegistration</type></referencingComponents><referencingComponents><activeThreadCount>0</activeThreadCount><descriptors><entry><key>Feed Cleanup Event Service</key><value><allowableValues><displayName>Think Big Cleanup Service</displayName><value>94296adb-46e2-42df-9dc2-ebf431a6b1b6</value></allowableValues><description>Service that manages the cleanup of feeds.</description><displayName>Feed Cleanup Event Service</displayName><dynamic>false</dynamic><identifiesControllerService>com.thinkbiganalytics.nifi.core.api.cleanup.CleanupEventService</identifiesControllerService><name>Feed Cleanup Event Service</name><required>true</required><sensitive>false</sensitive><supportsEl>false</supportsEl></value></entry><entry><key>Metadata Provider Service</key><value><allowableValues><displayName>Think Big Metadata Service</displayName><value>a53a9c23-8fc2-4e18-b90e-fe84f60e75c0</value></allowableValues><description>Service supplying the implementations of the various metadata providers.</description><displayName>Metadata Provider Service</displayName><dynamic>false</dynamic><identifiesControllerService>com.thinkbiganalytics.nifi.core.api.metadata.MetadataProviderService</identifiesControllerService><name>Metadata Provider Service</name><required>true</required><sensitive>false</sensitive><supportsEl>false</supportsEl></value></entry><entry><key>System feed category</key><value><defaultValue>${metadata.category.systemName}</defaultValue><description>The category name of this feed. The default is to have this name automatically set when the feed is created. Normally you do not need to change the default value.</description><displayName>System feed category</displayName><dynamic>false</dynamic><name>System feed category</name><required>true</required><sensitive>false</sensitive><supportsEl>false</supportsEl></value></entry><entry><key>System feed name</key><value><defaultValue>${metadata.systemFeedName}</defaultValue><description>The system name of this feed. The default is to have this name automatically set when the feed is created. Normally you do not need to change the default value.</description><displayName>System feed name</displayName><dynamic>false</dynamic><name>System feed name</name><required>true</required><sensitive>false</sensitive><supportsEl>false</supportsEl></value></entry></descriptors><groupId>269aefe1-0983-40dd-adf7-ae41752383b3</groupId><id>5d8ed301-9132-4e3d-9c41-ef6b2d6ebd69</id><name>TriggerCleanup</name><properties><entry><key>Feed Cleanup Event Service</key><value>94296adb-46e2-42df-9dc2-ebf431a6b1b6</value></entry><entry><key>Metadata Provider Service</key><value>a53a9c23-8fc2-4e18-b90e-fe84f60e75c0</value></entry><entry><key>System feed category</key></entry><entry><key>System feed name</key></entry></properties><referenceType>Processor</referenceType><state>STOPPED</state><type>com.thinkbiganalytics.nifi.v2.metadata.TriggerCleanup</type><validationErrors>'Feed Cleanup Event Service' validated against 'Think Big Cleanup Service' is invalid because Controller Service JmsCleanupEventService[id=94296adb-46e2-42df-9dc2-ebf431a6b1b6] is disabled</validationErrors></referencingComponents><state>ENABLED</state><type>com.thinkbiganalytics.nifi.v2.core.metadata.MetadataProviderSelectorService</type></controllerServices><controllerServices><id>94296adb-46e2-42df-9dc2-ebf431a6b1b6</id><comments></comments><descriptors><entry><key>Spring Context Service</key><value><allowableValues><displayName>SpringContextLoaderService</displayName><value>5cc22922-e5a5-4787-9247-fd1ac8f93fb7</value></allowableValues><description>Service for loading a Spring context and providing bean lookup.</description><displayName>Spring Context Service</displayName><dynamic>false</dynamic><identifiesControllerService>com.thinkbiganalytics.nifi.core.api.spring.SpringContextService</identifiesControllerService><name>Spring Context Service</name><required>true</required><sensitive>false</sensitive><supportsEl>false</supportsEl></value></entry></descriptors><name>Think Big Cleanup Service</name><properties><entry><key>Spring Context Service</key><value>5cc22922-e5a5-4787-9247-fd1ac8f93fb7</value></entry></properties><referencingComponents><activeThreadCount>0</activeThreadCount><descriptors><entry><key>Feed Cleanup Event Service</key><value><allowableValues><displayName>Think Big Cleanup Service</displayName><value>94296adb-46e2-42df-9dc2-ebf431a6b1b6</value></allowableValues><description>Service that manages the cleanup of feeds.</description><displayName>Feed Cleanup Event Service</displayName><dynamic>false</dynamic><identifiesControllerService>com.thinkbiganalytics.nifi.core.api.cleanup.CleanupEventService</identifiesControllerService><name>Feed Cleanup Event Service</name><required>true</required><sensitive>false</sensitive><supportsEl>false</supportsEl></value></entry><entry><key>Metadata Provider Service</key><value><allowableValues><displayName>Think Big Metadata Service</displayName><value>a53a9c23-8fc2-4e18-b90e-fe84f60e75c0</value></allowableValues><description>Service supplying the implementations of the various metadata providers.</description><displayName>Metadata Provider Service</displayName><dynamic>false</dynamic><identifiesControllerService>com.thinkbiganalytics.nifi.core.api.metadata.MetadataProviderService</identifiesControllerService><name>Metadata Provider Service</name><required>true</required><sensitive>false</sensitive><supportsEl>false</supportsEl></value></entry><entry><key>System feed category</key><value><defaultValue>${metadata.category.systemName}</defaultValue><description>The category name of this feed. The default is to have this name automatically set when the feed is created. Normally you do not need to change the default value.</description><displayName>System feed category</displayName><dynamic>false</dynamic><name>System feed category</name><required>true</required><sensitive>false</sensitive><supportsEl>false</supportsEl></value></entry><entry><key>System feed name</key><value><defaultValue>${metadata.systemFeedName}</defaultValue><description>The system name of this feed. The default is to have this name automatically set when the feed is created. Normally you do not need to change the default value.</description><displayName>System feed name</displayName><dynamic>false</dynamic><name>System feed name</name><required>true</required><sensitive>false</sensitive><supportsEl>false</supportsEl></value></entry></descriptors><groupId>269aefe1-0983-40dd-adf7-ae41752383b3</groupId><id>5d8ed301-9132-4e3d-9c41-ef6b2d6ebd69</id><name>TriggerCleanup</name><properties><entry><key>Feed Cleanup Event Service</key><value>94296adb-46e2-42df-9dc2-ebf431a6b1b6</value></entry><entry><key>Metadata Provider Service</key><value>a53a9c23-8fc2-4e18-b90e-fe84f60e75c0</value></entry><entry><key>System feed category</key></entry><entry><key>System feed name</key></entry></properties><referenceType>Processor</referenceType><state>STOPPED</state><type>com.thinkbiganalytics.nifi.v2.metadata.TriggerCleanup</type><validationErrors>'Feed Cleanup Event Service' validated against 'Think Big Cleanup Service' is invalid because Controller Service JmsCleanupEventService[id=94296adb-46e2-42df-9dc2-ebf431a6b1b6] is disabled</validationErrors></referencingComponents><state>DISABLED</state><type>com.thinkbiganalytics.nifi.v2.core.cleanup.JmsCleanupEventService</type></controllerServices><controllerServices><id>5cc22922-e5a5-4787-9247-fd1ac8f93fb7</id><comments></comments><descriptors><entry><key>Configuraton Classes</key><value><description>A comma-separated list of fully qualified names of java config classes</description><displayName>Configuraton Classes</displayName><dynamic>false</dynamic><name>Configuraton Classes</name><required>false</required><sensitive>false</sensitive><supportsEl>false</supportsEl></value></entry></descriptors><name>SpringContextLoaderService</name><properties><entry><key>Configuraton Classes</key></entry></properties><referencingComponents><descriptors><entry><key>Spring Context Service</key><value><allowableValues><displayName>SpringContextLoaderService</displayName><value>5cc22922-e5a5-4787-9247-fd1ac8f93fb7</value></allowableValues><description>Service for loading a Spring context and providing bean lookup.</description><displayName>Spring Context Service</displayName><dynamic>false</dynamic><identifiesControllerService>com.thinkbiganalytics.nifi.core.api.spring.SpringContextService</identifiesControllerService><name>Spring Context Service</name><required>true</required><sensitive>false</sensitive><supportsEl>false</supportsEl></value></entry></descriptors><id>94296adb-46e2-42df-9dc2-ebf431a6b1b6</id><name>Think Big Cleanup Service</name><properties><entry><key>Spring Context Service</key><value>5cc22922-e5a5-4787-9247-fd1ac8f93fb7</value></entry></properties><referenceCycle>false</referenceCycle><referenceType>ControllerService</referenceType><referencingComponents><activeThreadCount>0</activeThreadCount><descriptors><entry><key>Feed Cleanup Event Service</key><value><allowableValues><displayName>Think Big Cleanup Service</displayName><value>94296adb-46e2-42df-9dc2-ebf431a6b1b6</value></allowableValues><description>Service that manages the cleanup of feeds.</description><displayName>Feed Cleanup Event Service</displayName><dynamic>false</dynamic><identifiesControllerService>com.thinkbiganalytics.nifi.core.api.cleanup.CleanupEventService</identifiesControllerService><name>Feed Cleanup Event Service</name><required>true</required><sensitive>false</sensitive><supportsEl>false</supportsEl></value></entry><entry><key>Metadata Provider Service</key><value><allowableValues><displayName>Think Big Metadata Service</displayName><value>a53a9c23-8fc2-4e18-b90e-fe84f60e75c0</value></allowableValues><description>Service supplying the implementations of the various metadata providers.</description><displayName>Metadata Provider Service</displayName><dynamic>false</dynamic><identifiesControllerService>com.thinkbiganalytics.nifi.core.api.metadata.MetadataProviderService</identifiesControllerService><name>Metadata Provider Service</name><required>true</required><sensitive>false</sensitive><supportsEl>false</supportsEl></value></entry><entry><key>System feed category</key><value><defaultValue>${metadata.category.systemName}</defaultValue><description>The category name of this feed. The default is to have this name automatically set when the feed is created. Normally you do not need to change the default value.</description><displayName>System feed category</displayName><dynamic>false</dynamic><name>System feed category</name><required>true</required><sensitive>false</sensitive><supportsEl>false</supportsEl></value></entry><entry><key>System feed name</key><value><defaultValue>${metadata.systemFeedName}</defaultValue><description>The system name of this feed. The default is to have this name automatically set when the feed is created. Normally you do not need to change the default value.</description><displayName>System feed name</displayName><dynamic>false</dynamic><name>System feed name</name><required>true</required><sensitive>false</sensitive><supportsEl>false</supportsEl></value></entry></descriptors><groupId>269aefe1-0983-40dd-adf7-ae41752383b3</groupId><id>5d8ed301-9132-4e3d-9c41-ef6b2d6ebd69</id><name>TriggerCleanup</name><properties><entry><key>Feed Cleanup Event Service</key><value>94296adb-46e2-42df-9dc2-ebf431a6b1b6</value></entry><entry><key>Metadata Provider Service</key><value>a53a9c23-8fc2-4e18-b90e-fe84f60e75c0</value></entry><entry><key>System feed category</key></entry><entry><key>System feed name</key></entry></properties><referenceType>Processor</referenceType><state>STOPPED</state><type>com.thinkbiganalytics.nifi.v2.metadata.TriggerCleanup</type><validationErrors>'Feed Cleanup Event Service' validated against 'Think Big Cleanup Service' is invalid because Controller Service JmsCleanupEventService[id=94296adb-46e2-42df-9dc2-ebf431a6b1b6] is disabled</validationErrors></referencingComponents><state>DISABLED</state><type>com.thinkbiganalytics.nifi.v2.core.cleanup.JmsCleanupEventService</type><validationErrors>'Spring Context Service' validated against 'SpringContextLoaderService' is invalid because Controller Service SpringContextLoaderService[id=5cc22922-e5a5-4787-9247-fd1ac8f93fb7] is disabled</validationErrors></referencingComponents><state>DISABLED</state><type>com.thinkbiganalytics.nifi.v2.core.spring.SpringContextLoaderService</type></controllerServices><outputPorts><id>ccea1fb3-965a-4be0-8ca2-0f4f409f5de5</id><parentGroupId>269aefe1-0983-40dd-adf7-ae41752383b3</parentGroupId><position><x>958.423891552919</x><y>210.23727086597341</y></position><concurrentlySchedulableTaskCount>1</concurrentlySchedulableTaskCount><name>to-standard-cleanup</name><state>STOPPED</state><type>OUTPUT_PORT</type><validationErrors>'Port 'to-standard-cleanup'' is invalid because Output connection for port 'to-standard-cleanup' is not defined.</validationErrors></outputPorts><outputPorts><id>f8e797c7-d13f-4f82-9a66-b967eb2e5dc2</id><parentGroupId>269aefe1-0983-40dd-adf7-ae41752383b3</parentGroupId><position><x>1506.9701182676858</x><y>461.9611344500954</y></position><comments></comments><concurrentlySchedulableTaskCount>1</concurrentlySchedulableTaskCount><name>to-standard-ingest</name><state>STOPPED</state><type>OUTPUT_PORT</type><validationErrors>'Port 'to-standard-ingest'' is invalid because Output connection for port 'to-standard-ingest' is not defined.</validationErrors></outputPorts><processors><id>7010fc9c-2da8-4b3c-a4f9-62216bd061d1</id><parentGroupId>269aefe1-0983-40dd-adf7-ae41752383b3</parentGroupId><position><x>959.1042284240762</x><y>442.4006866351051</y></position><config><bulletinLevel>WARN</bulletinLevel><comments></comments><concurrentlySchedulableTaskCount>1</concurrentlySchedulableTaskCount><defaultConcurrentTasks><entry><key>TIMER_DRIVEN</key><value>1</value></entry><entry><key>EVENT_DRIVEN</key><value>0</value></entry><entry><key>CRON_DRIVEN</key><value>1</value></entry></defaultConcurrentTasks><defaultSchedulingPeriod><entry><key>TIMER_DRIVEN</key><value>0 sec</value></entry><entry><key>CRON_DRIVEN</key><value>* * * * * ?</value></entry></defaultSchedulingPeriod><descriptors><entry><key>Delete Attributes Expression</key><value><description>Regular expression for attributes to be deleted from flowfiles.</description><displayName>Delete Attributes Expression</displayName><dynamic>false</dynamic><name>Delete Attributes Expression</name><required>false</required><sensitive>false</sensitive><supportsEl>true</supportsEl></value></entry><entry><key>category</key><value><description></description><displayName>category</displayName><dynamic>true</dynamic><name>category</name><required>false</required><sensitive>false</sensitive><supportsEl>true</supportsEl></value></entry><entry><key>feed</key><value><description></description><displayName>feed</displayName><dynamic>true</dynamic><name>feed</name><required>false</required><sensitive>false</sensitive><supportsEl>true</supportsEl></value></entry><entry><key>feedts</key><value><description></description><displayName>feedts</displayName><dynamic>true</dynamic><name>feedts</name><required>false</required><sensitive>false</sensitive><supportsEl>true</supportsEl></value></entry><entry><key>metadata.table.feedFormat</key><value><description></description><displayName>metadata.table.feedFormat</displayName><dynamic>true</dynamic><name>metadata.table.feedFormat</name><required>false</required><sensitive>false</sensitive><supportsEl>true</supportsEl></value></entry><entry><key>metadata.table.fieldIndexString</key><value><description></description><displayName>metadata.table.fieldIndexString</displayName><dynamic>true</dynamic><name>metadata.table.fieldIndexString</name><required>false</required><sensitive>false</sensitive><supportsEl>true</supportsEl></value></entry><entry><key>metadata.table.fieldPoliciesJson</key><value><description></description><displayName>metadata.table.fieldPoliciesJson</displayName><dynamic>true</dynamic><name>metadata.table.fieldPoliciesJson</name><required>false</required><sensitive>false</sensitive><supportsEl>true</supportsEl></value></entry><entry><key>metadata.table.fieldStructure</key><value><description></description><displayName>metadata.table.fieldStructure</displayName><dynamic>true</dynamic><name>metadata.table.fieldStructure</name><required>false</required><sensitive>false</sensitive><supportsEl>true</supportsEl></value></entry><entry><key>metadata.table.partitionSpecs</key><value><description></description><displayName>metadata.table.partitionSpecs</displayName><dynamic>true</dynamic><name>metadata.table.partitionSpecs</name><required>false</required><sensitive>false</sensitive><supportsEl>true</supportsEl></value></entry><entry><key>metadata.table.partitionStructure</key><value><description></description><displayName>metadata.table.partitionStructure</displayName><dynamic>true</dynamic><name>metadata.table.partitionStructure</name><required>false</required><sensitive>false</sensitive><supportsEl>true</supportsEl></value></entry><entry><key>metadata.table.targetFormat</key><value><description></description><displayName>metadata.table.targetFormat</displayName><dynamic>true</dynamic><name>metadata.table.targetFormat</name><required>false</required><sensitive>false</sensitive><supportsEl>true</supportsEl></value></entry><entry><key>metadata.table.targetMergeStrategy</key><value><description></description><displayName>metadata.table.targetMergeStrategy</displayName><dynamic>true</dynamic><name>metadata.table.targetMergeStrategy</name><required>false</required><sensitive>false</sensitive><supportsEl>true</supportsEl></value></entry><entry><key>metadata.table.targetTblProperties</key><value><description></description><displayName>metadata.table.targetTblProperties</displayName><dynamic>true</dynamic><name>metadata.table.targetTblProperties</name><required>false</required><sensitive>false</sensitive><supportsEl>true</supportsEl></value></entry><entry><key>spark.input_folder</key><value><description></description><displayName>spark.input_folder</displayName><dynamic>true</dynamic><name>spark.input_folder</name><required>false</required><sensitive>false</sensitive><supportsEl>true</supportsEl></value></entry></descriptors><lossTolerant>false</lossTolerant><penaltyDuration>30 sec</penaltyDuration><properties><entry><key>Delete Attributes Expression</key></entry><entry><key>category</key><value>${metadata.category.systemName}</value></entry><entry><key>feed</key><value>${metadata.systemFeedName}</value></entry><entry><key>feedts</key><value>${now():format('yyyyMMddHHmmss')}</value></entry><entry><key>metadata.table.feedFormat</key><value>${metadata.table.feedFormat}</value></entry><entry><key>metadata.table.fieldIndexString</key><value>${metadata.table.fieldIndexString}</value></entry><entry><key>metadata.table.fieldPoliciesJson</key><value>${metadata.table.fieldPoliciesJson}</value></entry><entry><key>metadata.table.fieldStructure</key><value>${metadata.table.fieldStructure}</value></entry><entry><key>metadata.table.partitionSpecs</key><value>${metadata.table.partitionSpecs}</value></entry><entry><key>metadata.table.partitionStructure</key><value>${metadata.table.partitionStructure}</value></entry><entry><key>metadata.table.targetFormat</key><value>${metadata.table.targetFormat}</value></entry><entry><key>metadata.table.targetMergeStrategy</key><value>${metadata.table.targetMergeStrategy}</value></entry><entry><key>metadata.table.targetTblProperties</key><value>${metadata.table.targetTblProperties}</value></entry><entry><key>spark.input_folder</key><value>/tmp</value></entry></properties><runDurationMillis>0</runDurationMillis><schedulingPeriod>0 sec</schedulingPeriod><schedulingStrategy>TIMER_DRIVEN</schedulingStrategy><yieldDuration>1 sec</yieldDuration></config><name>Update flow parameters</name><relationships><autoTerminate>false</autoTerminate><description>All FlowFiles are routed to this relationship</description><name>success</name></relationships><state>STOPPED</state><style><entry><key>background-color</key><value>#11f237</value></entry></style><supportsEventDriven>true</supportsEventDriven><supportsParallelProcessing>true</supportsParallelProcessing><type>org.apache.nifi.processors.attributes.UpdateAttribute</type></processors><processors><id>29094029-3db6-4224-b33f-ecac70551910</id><parentGroupId>269aefe1-0983-40dd-adf7-ae41752383b3</parentGroupId><position><x>313.09892331727997</x><y>516.5489763854835</y></position><config><bulletinLevel>WARN</bulletinLevel><comments></comments><concurrentlySchedulableTaskCount>1</concurrentlySchedulableTaskCount><defaultConcurrentTasks><entry><key>TIMER_DRIVEN</key><value>1</value></entry><entry><key>EVENT_DRIVEN</key><value>0</value></entry><entry><key>CRON_DRIVEN</key><value>1</value></entry></defaultConcurrentTasks><defaultSchedulingPeriod><entry><key>TIMER_DRIVEN</key><value>0 sec</value></entry><entry><key>CRON_DRIVEN</key><value>* * * * * ?</value></entry></defaultSchedulingPeriod><descriptors><entry><key>Source Database Connection</key><value><allowableValues><displayName>MySQL</displayName><value>9097b6c6-2810-407d-b420-ab9b0081bcfd</value></allowableValues><description>The database where the source table resides</description><displayName>Source Database Connection</displayName><dynamic>false</dynamic><identifiesControllerService>org.apache.nifi.dbcp.DBCPService</identifiesControllerService><name>Source Database Connection</name><required>true</required><sensitive>false</sensitive><supportsEl>false</supportsEl></value></entry><entry><key>Metadata Service</key><value><allowableValues><displayName>Think Big Metadata Service</displayName><value>a53a9c23-8fc2-4e18-b90e-fe84f60e75c0</value></allowableValues><description>Think Big metadata service</description><displayName>Metadata Service</displayName><dynamic>false</dynamic><identifiesControllerService>com.thinkbiganalytics.nifi.core.api.metadata.MetadataProviderService</identifiesControllerService><name>Metadata Service</name><required>true</required><sensitive>false</sensitive><supportsEl>false</supportsEl></value></entry><entry><key>System feed category</key><value><defaultValue>${category}</defaultValue><description>System category of feed this processor supports</description><displayName>System feed category</displayName><dynamic>false</dynamic><name>System feed category</name><required>true</required><sensitive>false</sensitive><supportsEl>true</supportsEl></value></entry><entry><key>System feed name</key><value><defaultValue>${feed}</defaultValue><description>Name of feed this processor supports</description><displayName>System feed name</displayName><dynamic>false</dynamic><name>System feed name</name><required>true</required><sensitive>false</sensitive><supportsEl>true</supportsEl></value></entry><entry><key>Source Table</key><value><defaultValue>${metadata.table.sourceTableSchema.name}</defaultValue><description>Name of table including schema (if applicable)</description><displayName>Source Table</displayName><dynamic>false</dynamic><name>Source Table</name><required>true</required><sensitive>false</sensitive><supportsEl>true</supportsEl></value></entry><entry><key>Source Fields</key><value><defaultValue>${metadata.table.sourceFields}</defaultValue><description>Field names (in order) to read from the source table. ie. the select fields. The format is separated by newline. Inconsistent order will cause corruption of the downstream Hive data.</description><displayName>Source Fields</displayName><dynamic>false</dynamic><name>Source Fields</name><required>true</required><sensitive>false</sensitive><supportsEl>true</supportsEl></value></entry><entry><key>Load Strategy</key><value><allowableValues><displayName>FULL_LOAD</displayName><value>FULL_LOAD</value></allowableValues><allowableValues><displayName>INCREMENTAL</displayName><value>INCREMENTAL</value></allowableValues><defaultValue>FULL_LOAD</defaultValue><description>Whether to load the entire table or perform an incremental extract</description><displayName>Load Strategy</displayName><dynamic>false</dynamic><name>Load Strategy</name><required>true</required><sensitive>false</sensitive><supportsEl>false</supportsEl></value></entry><entry><key>Date Field</key><value><description>Source field containing a modified date for tracking incremental load</description><displayName>Date Field</displayName><dynamic>false</dynamic><name>Date Field</name><required>false</required><sensitive>false</sensitive><supportsEl>true</supportsEl></value></entry><entry><key>Overlap Period</key><value><defaultValue>0 seconds</defaultValue><description>Amount of time to overlap into the last load date to ensure long running transactions missed by previous load weren't missed. Recommended: &gt;0s</description><displayName>Overlap Period</displayName><dynamic>false</dynamic><name>Overlap Period</name><required>false</required><sensitive>false</sensitive><supportsEl>true</supportsEl></value></entry><entry><key>Max Wait Time</key><value><defaultValue>0 seconds</defaultValue><description>The maximum amount of time allowed for a running SQL select query  , zero means there is no limit. Max time less than 1 second will be equal to zero.</description><displayName>Max Wait Time</displayName><dynamic>false</dynamic><name>Max Wait Time</name><required>true</required><sensitive>false</sensitive><supportsEl>false</supportsEl></value></entry><entry><key>Backoff Period</key><value><defaultValue>300 seconds</defaultValue><description>Only records older than the backoff period will be eligible for pickup. This can be used in the ILM use case to define a retention period. Recommended: &gt;5m</description><displayName>Backoff Period</displayName><dynamic>false</dynamic><name>Backoff Period</name><required>true</required><sensitive>false</sensitive><supportsEl>false</supportsEl></value></entry><entry><key>Minimum Time Unit</key><value><allowableValues><displayName>NONE</displayName><value>NONE</value></allowableValues><allowableValues><displayName>HOUR</displayName><value>HOUR</value></allowableValues><allowableValues><displayName>DAY</displayName><value>DAY</value></allowableValues><allowableValues><displayName>WEEK</displayName><value>WEEK</value></allowableValues><allowableValues><displayName>MONTH</displayName><value>MONTH</value></allowableValues><allowableValues><displayName>YEAR</displayName><value>YEAR</value></allowableValues><defaultValue>NONE</defaultValue><description>The minimum unit of data eligible to load. For the ILM case, this would be DAY, WEEK, MONTH, YEAR , zero means there is no limit. Max time less than 1 second will be equal to zero.</description><displayName>Minimum Time Unit</displayName><dynamic>false</dynamic><name>Minimum Time Unit</name><required>true</required><sensitive>false</sensitive><supportsEl>false</supportsEl></value></entry></descriptors><lossTolerant>false</lossTolerant><penaltyDuration>30 sec</penaltyDuration><properties><entry><key>Source Database Connection</key><value>9097b6c6-2810-407d-b420-ab9b0081bcfd</value></entry><entry><key>Metadata Service</key><value>a53a9c23-8fc2-4e18-b90e-fe84f60e75c0</value></entry><entry><key>System feed category</key><value>${metadata.category.systemName}</value></entry><entry><key>System feed name</key><value>${metadata.systemFeedName}</value></entry><entry><key>Source Table</key><value>${metadata.table.sourceTableSchema.name}</value></entry><entry><key>Source Fields</key><value>${metadata.table.sourceFields}</value></entry><entry><key>Load Strategy</key><value>FULL_LOAD</value></entry><entry><key>Date Field</key></entry><entry><key>Overlap Period</key><value>300 seconds</value></entry><entry><key>Max Wait Time</key><value>0 seconds</value></entry><entry><key>Backoff Period</key><value>300 seconds</value></entry><entry><key>Minimum Time Unit</key><value>NONE</value></entry></properties><runDurationMillis>0</runDurationMillis><schedulingPeriod>0 sec</schedulingPeriod><schedulingStrategy>TIMER_DRIVEN</schedulingStrategy><yieldDuration>1 sec</yieldDuration></config><name>Poll database</name><relationships><autoTerminate>true</autoTerminate><description>SQL query execution failed. Incoming FlowFile will be penalized and routed to this relationship</description><name>failure</name></relationships><relationships><autoTerminate>true</autoTerminate><description>Successful but no new data to process.</description><name>nodata</name></relationships><relationships><autoTerminate>false</autoTerminate><description>Successfully created FlowFile from .</description><name>success</name></relationships><state>STOPPED</state><style><entry><key>background-color</key><value>#3cff00</value></entry></style><supportsEventDriven>false</supportsEventDriven><supportsParallelProcessing>true</supportsParallelProcessing><type>com.thinkbiganalytics.nifi.v2.ingest.GetTableData</type></processors><processors><id>e9f7d1d2-65f3-4bf7-8a1f-84ae09437502</id><parentGroupId>269aefe1-0983-40dd-adf7-ae41752383b3</parentGroupId><position><x>312.6390489807163</x><y>389.5020049944801</y></position><config><bulletinLevel>WARN</bulletinLevel><comments></comments><concurrentlySchedulableTaskCount>1</concurrentlySchedulableTaskCount><defaultConcurrentTasks><entry><key>TIMER_DRIVEN</key><value>1</value></entry><entry><key>EVENT_DRIVEN</key><value>0</value></entry><entry><key>CRON_DRIVEN</key><value>1</value></entry></defaultConcurrentTasks><defaultSchedulingPeriod><entry><key>TIMER_DRIVEN</key><value>0 sec</value></entry><entry><key>CRON_DRIVEN</key><value>* * * * * ?</value></entry></defaultSchedulingPeriod><descriptors><entry><key>Input Directory</key><value><description>The input directory from which to pull files</description><displayName>Input Directory</displayName><dynamic>false</dynamic><name>Input Directory</name><required>true</required><sensitive>false</sensitive><supportsEl>true</supportsEl></value></entry><entry><key>File Filter</key><value><defaultValue>[^\.].*</defaultValue><description>Only files whose names match the given regular expression will be picked up</description><displayName>File Filter</displayName><dynamic>false</dynamic><name>File Filter</name><required>true</required><sensitive>false</sensitive><supportsEl>false</supportsEl></value></entry><entry><key>Path Filter</key><value><description>When Recurse Subdirectories is true, then only subdirectories whose path matches the given regular expression will be scanned</description><displayName>Path Filter</displayName><dynamic>false</dynamic><name>Path Filter</name><required>false</required><sensitive>false</sensitive><supportsEl>false</supportsEl></value></entry><entry><key>Batch Size</key><value><defaultValue>10</defaultValue><description>The maximum number of files to pull in each iteration</description><displayName>Batch Size</displayName><dynamic>false</dynamic><name>Batch Size</name><required>true</required><sensitive>false</sensitive><supportsEl>false</supportsEl></value></entry><entry><key>Keep Source File</key><value><allowableValues><displayName>true</displayName><value>true</value></allowableValues><allowableValues><displayName>false</displayName><value>false</value></allowableValues><defaultValue>false</defaultValue><description>If true, the file is not deleted after it has been copied to the Content Repository; this causes the file to be picked up continually and is useful for testing purposes.  If not keeping original NiFi will need write permissions on the directory it is pulling from otherwise it will ignore the file.</description><displayName>Keep Source File</displayName><dynamic>false</dynamic><name>Keep Source File</name><required>true</required><sensitive>false</sensitive><supportsEl>false</supportsEl></value></entry><entry><key>Recurse Subdirectories</key><value><allowableValues><displayName>true</displayName><value>true</value></allowableValues><allowableValues><displayName>false</displayName><value>false</value></allowableValues><defaultValue>true</defaultValue><description>Indicates whether or not to pull files from subdirectories</description><displayName>Recurse Subdirectories</displayName><dynamic>false</dynamic><name>Recurse Subdirectories</name><required>true</required><sensitive>false</sensitive><supportsEl>false</supportsEl></value></entry><entry><key>Polling Interval</key><value><defaultValue>0 sec</defaultValue><description>Indicates how long to wait before performing a directory listing</description><displayName>Polling Interval</displayName><dynamic>false</dynamic><name>Polling Interval</name><required>true</required><sensitive>false</sensitive><supportsEl>false</supportsEl></value></entry><entry><key>Ignore Hidden Files</key><value><allowableValues><displayName>true</displayName><value>true</value></allowableValues><allowableValues><displayName>false</displayName><value>false</value></allowableValues><defaultValue>true</defaultValue><description>Indicates whether or not hidden files should be ignored</description><displayName>Ignore Hidden Files</displayName><dynamic>false</dynamic><name>Ignore Hidden Files</name><required>true</required><sensitive>false</sensitive><supportsEl>false</supportsEl></value></entry><entry><key>Minimum File Age</key><value><defaultValue>0 sec</defaultValue><description>The minimum age that a file must be in order to be pulled; any file younger than this amount of time (according to last modification date) will be ignored</description><displayName>Minimum File Age</displayName><dynamic>false</dynamic><name>Minimum File Age</name><required>true</required><sensitive>false</sensitive><supportsEl>false</supportsEl></value></entry><entry><key>Maximum File Age</key><value><description>The maximum age that a file must be in order to be pulled; any file older than this amount of time (according to last modification date) will be ignored</description><displayName>Maximum File Age</displayName><dynamic>false</dynamic><name>Maximum File Age</name><required>false</required><sensitive>false</sensitive><supportsEl>false</supportsEl></value></entry><entry><key>Minimum File Size</key><value><defaultValue>0 B</defaultValue><description>The minimum size that a file must be in order to be pulled</description><displayName>Minimum File Size</displayName><dynamic>false</dynamic><name>Minimum File Size</name><required>true</required><sensitive>false</sensitive><supportsEl>false</supportsEl></value></entry><entry><key>Maximum File Size</key><value><description>The maximum size that a file can be in order to be pulled</description><displayName>Maximum File Size</displayName><dynamic>false</dynamic><name>Maximum File Size</name><required>false</required><sensitive>false</sensitive><supportsEl>false</supportsEl></value></entry></descriptors><lossTolerant>false</lossTolerant><penaltyDuration>30 sec</penaltyDuration><properties><entry><key>Input Directory</key><value>/var/dropzone</value></entry><entry><key>File Filter</key><value>mydata\d{1,3}.csv</value></entry><entry><key>Path Filter</key></entry><entry><key>Batch Size</key><value>100</value></entry><entry><key>Keep Source File</key><value>false</value></entry><entry><key>Recurse Subdirectories</key><value>false</value></entry><entry><key>Polling Interval</key><value>0 sec</value></entry><entry><key>Ignore Hidden Files</key><value>true</value></entry><entry><key>Minimum File Age</key><value>0 sec</value></entry><entry><key>Maximum File Age</key></entry><entry><key>Minimum File Size</key><value>0 B</value></entry><entry><key>Maximum File Size</key></entry></properties><runDurationMillis>0</runDurationMillis><schedulingPeriod>15 sec</schedulingPeriod><schedulingStrategy>TIMER_DRIVEN</schedulingStrategy><yieldDuration>1 sec</yieldDuration></config><name>Poll filesystem</name><relationships><autoTerminate>false</autoTerminate><description>All files are routed to success</description><name>success</name></relationships><state>STOPPED</state><style><entry><key>background-color</key><value>#11f237</value></entry></style><supportsEventDriven>false</supportsEventDriven><supportsParallelProcessing>true</supportsParallelProcessing><type>org.apache.nifi.processors.standard.GetFile</type></processors><processors><id>5d8ed301-9132-4e3d-9c41-ef6b2d6ebd69</id><parentGroupId>269aefe1-0983-40dd-adf7-ae41752383b3</parentGroupId><position><x>304.0</x><y>180.0</y></position><config><bulletinLevel>WARN</bulletinLevel><comments></comments><concurrentlySchedulableTaskCount>1</concurrentlySchedulableTaskCount><defaultConcurrentTasks><entry><key>TIMER_DRIVEN</key><value>1</value></entry><entry><key>EVENT_DRIVEN</key><value>0</value></entry><entry><key>CRON_DRIVEN</key><value>1</value></entry></defaultConcurrentTasks><defaultSchedulingPeriod><entry><key>TIMER_DRIVEN</key><value>0 sec</value></entry><entry><key>CRON_DRIVEN</key><value>* * * * * ?</value></entry></defaultSchedulingPeriod><descriptors><entry><key>Feed Cleanup Event Service</key><value><allowableValues><displayName>Think Big Cleanup Service</displayName><value>94296adb-46e2-42df-9dc2-ebf431a6b1b6</value></allowableValues><description>Service that manages the cleanup of feeds.</description><displayName>Feed Cleanup Event Service</displayName><dynamic>false</dynamic><identifiesControllerService>com.thinkbiganalytics.nifi.core.api.cleanup.CleanupEventService</identifiesControllerService><name>Feed Cleanup Event Service</name><required>true</required><sensitive>false</sensitive><supportsEl>false</supportsEl></value></entry><entry><key>Metadata Provider Service</key><value><allowableValues><displayName>Think Big Metadata Service</displayName><value>a53a9c23-8fc2-4e18-b90e-fe84f60e75c0</value></allowableValues><description>Service supplying the implementations of the various metadata providers.</description><displayName>Metadata Provider Service</displayName><dynamic>false</dynamic><identifiesControllerService>com.thinkbiganalytics.nifi.core.api.metadata.MetadataProviderService</identifiesControllerService><name>Metadata Provider Service</name><required>true</required><sensitive>false</sensitive><supportsEl>false</supportsEl></value></entry><entry><key>System feed category</key><value><defaultValue>${metadata.category.systemName}</defaultValue><description>The category name of this feed. The default is to have this name automatically set when the feed is created. Normally you do not need to change the default value.</description><displayName>System feed category</displayName><dynamic>false</dynamic><name>System feed category</name><required>true</required><sensitive>false</sensitive><supportsEl>false</supportsEl></value></entry><entry><key>System feed name</key><value><defaultValue>${metadata.systemFeedName}</defaultValue><description>The system name of this feed. The default is to have this name automatically set when the feed is created. Normally you do not need to change the default value.</description><displayName>System feed name</displayName><dynamic>false</dynamic><name>System feed name</name><required>true</required><sensitive>false</sensitive><supportsEl>false</supportsEl></value></entry></descriptors><lossTolerant>false</lossTolerant><penaltyDuration>30 sec</penaltyDuration><properties><entry><key>Feed Cleanup Event Service</key><value>94296adb-46e2-42df-9dc2-ebf431a6b1b6</value></entry><entry><key>Metadata Provider Service</key><value>a53a9c23-8fc2-4e18-b90e-fe84f60e75c0</value></entry><entry><key>System feed category</key></entry><entry><key>System feed name</key></entry></properties><runDurationMillis>0</runDurationMillis><schedulingPeriod>0 sec</schedulingPeriod><schedulingStrategy>TIMER_DRIVEN</schedulingStrategy><yieldDuration>1 sec</yieldDuration></config><name>TriggerCleanup</name><relationships><autoTerminate>false</autoTerminate><description>Relationship followed on successful precondition event.</description><name>Success</name></relationships><state>STOPPED</state><style><entry><key>background-color</key><value>#ff9900</value></entry></style><supportsEventDriven>true</supportsEventDriven><supportsParallelProcessing>true</supportsParallelProcessing><type>com.thinkbiganalytics.nifi.v2.metadata.TriggerCleanup</type></processors></snippet><timestamp>09/28/2016 02:02:39 UTC</timestamp></template>