<?xml version="1.0" encoding="UTF-8" standalone="yes"?><template><description></description><name>Data Ingest</name><snippet><connections><id>3c7bec9e-a0b2-4f94-9054-86a2a5bbf7b9</id><parentGroupId>64a76287-da4f-4e7c-8bdf-668e3e632d00</parentGroupId><backPressureDataSizeThreshold>0 MB</backPressureDataSizeThreshold><backPressureObjectThreshold>0</backPressureObjectThreshold><destination><groupId>64a76287-da4f-4e7c-8bdf-668e3e632d00</groupId><id>57364cfd-8d6a-4238-a3e2-954bd2ea88e8</id><type>PROCESSOR</type></destination><flowFileExpiration>0 sec</flowFileExpiration><labelIndex>1</labelIndex><name></name><selectedRelationships>success</selectedRelationships><source><groupId>64a76287-da4f-4e7c-8bdf-668e3e632d00</groupId><id>2004a161-c705-41d1-b8db-8469b489b60b</id><type>PROCESSOR</type></source><zIndex>0</zIndex></connections><connections><id>801aafdb-e69d-4462-8242-d1f9fcfea9e3</id><parentGroupId>64a76287-da4f-4e7c-8bdf-668e3e632d00</parentGroupId><backPressureDataSizeThreshold>0 MB</backPressureDataSizeThreshold><backPressureObjectThreshold>0</backPressureObjectThreshold><destination><groupId>64a76287-da4f-4e7c-8bdf-668e3e632d00</groupId><id>2116faf4-0c2c-437d-800b-d0826b96c85f</id><type>OUTPUT_PORT</type></destination><flowFileExpiration>0 sec</flowFileExpiration><labelIndex>1</labelIndex><name></name><selectedRelationships>success</selectedRelationships><source><groupId>64a76287-da4f-4e7c-8bdf-668e3e632d00</groupId><id>57364cfd-8d6a-4238-a3e2-954bd2ea88e8</id><type>PROCESSOR</type></source><zIndex>0</zIndex></connections><connections><id>15ad1ac0-ef99-4ec0-ae21-58f11f0986ee</id><parentGroupId>64a76287-da4f-4e7c-8bdf-668e3e632d00</parentGroupId><backPressureDataSizeThreshold>0 MB</backPressureDataSizeThreshold><backPressureObjectThreshold>0</backPressureObjectThreshold><destination><groupId>64a76287-da4f-4e7c-8bdf-668e3e632d00</groupId><id>57364cfd-8d6a-4238-a3e2-954bd2ea88e8</id><type>PROCESSOR</type></destination><flowFileExpiration>0 sec</flowFileExpiration><labelIndex>1</labelIndex><name></name><selectedRelationships>success</selectedRelationships><source><groupId>64a76287-da4f-4e7c-8bdf-668e3e632d00</groupId><id>f8791bae-4607-4c92-9cd5-4f1362a7fb04</id><type>PROCESSOR</type></source><zIndex>0</zIndex></connections><connections><id>fdb3644d-3b69-42bb-9b94-6885a560a33c</id><parentGroupId>64a76287-da4f-4e7c-8bdf-668e3e632d00</parentGroupId><backPressureDataSizeThreshold>0 MB</backPressureDataSizeThreshold><backPressureObjectThreshold>0</backPressureObjectThreshold><destination><groupId>64a76287-da4f-4e7c-8bdf-668e3e632d00</groupId><id>9988d6d9-2fe0-4e39-a546-3537ca8f69af</id><type>OUTPUT_PORT</type></destination><flowFileExpiration>0 sec</flowFileExpiration><labelIndex>1</labelIndex><name></name><selectedRelationships>Success</selectedRelationships><source><groupId>64a76287-da4f-4e7c-8bdf-668e3e632d00</groupId><id>426b1278-941c-48bf-9c8d-b911b1bd886a</id><type>PROCESSOR</type></source><zIndex>0</zIndex></connections><controllerServices><id>32ee6aec-cee5-49f5-b819-5ad23a0e6336</id><comments></comments><descriptors><entry><key>Spring Context Service</key><value><allowableValues><displayName>SpringContextLoaderService</displayName><value>58f76012-6fc4-458c-b79b-00b244b70126</value></allowableValues><description>Service for loading a Spring context and providing bean lookup.</description><displayName>Spring Context Service</displayName><dynamic>false</dynamic><identifiesControllerService>com.thinkbiganalytics.nifi.core.api.spring.SpringContextService</identifiesControllerService><name>Spring Context Service</name><required>true</required><sensitive>false</sensitive><supportsEl>false</supportsEl></value></entry></descriptors><name>Think Big Cleanup Service</name><properties><entry><key>Spring Context Service</key><value>58f76012-6fc4-458c-b79b-00b244b70126</value></entry></properties><referencingComponents><activeThreadCount>0</activeThreadCount><descriptors><entry><key>Metadata Provider Service</key><value><allowableValues><displayName>Think Big Metadata Service</displayName><value>d5eb5f6b-bb14-48d9-9508-323fbc798601</value></allowableValues><allowableValues><displayName>Think Big Metadata Service</displayName><value>308bef9a-3c39-4a89-b69c-97cb7c7a658d</value></allowableValues><description>Service supplying the implementations of the various metadata providers.</description><displayName>Metadata Provider Service</displayName><dynamic>false</dynamic><identifiesControllerService>com.thinkbiganalytics.nifi.core.api.metadata.MetadataProviderService</identifiesControllerService><name>Metadata Provider Service</name><required>true</required><sensitive>false</sensitive><supportsEl>false</supportsEl></value></entry><entry><key>System feed category</key><value><defaultValue>${metadata.category.systemName}</defaultValue><description>The category name of this feed. The default is to have this name automatically set when the feed is created. Normally you do not need to change the default value.</description><displayName>System feed category</displayName><dynamic>false</dynamic><name>System feed category</name><required>true</required><sensitive>false</sensitive><supportsEl>false</supportsEl></value></entry><entry><key>Feed Cleanup Event Service</key><value><allowableValues><displayName>Think Big Cleanup Service</displayName><value>32ee6aec-cee5-49f5-b819-5ad23a0e6336</value></allowableValues><description>Service that manages the cleanup of feeds.</description><displayName>Feed Cleanup Event Service</displayName><dynamic>false</dynamic><identifiesControllerService>com.thinkbiganalytics.nifi.core.api.cleanup.CleanupEventService</identifiesControllerService><name>Feed Cleanup Event Service</name><required>true</required><sensitive>false</sensitive><supportsEl>false</supportsEl></value></entry><entry><key>System feed name</key><value><defaultValue>${metadata.systemFeedName}</defaultValue><description>The system name of this feed. The default is to have this name automatically set when the feed is created. Normally you do not need to change the default value.</description><displayName>System feed name</displayName><dynamic>false</dynamic><name>System feed name</name><required>true</required><sensitive>false</sensitive><supportsEl>false</supportsEl></value></entry></descriptors><groupId>64a76287-da4f-4e7c-8bdf-668e3e632d00</groupId><id>426b1278-941c-48bf-9c8d-b911b1bd886a</id><name>TriggerCleanup</name><properties><entry><key>Metadata Provider Service</key><value>308bef9a-3c39-4a89-b69c-97cb7c7a658d</value></entry><entry><key>System feed category</key></entry><entry><key>Feed Cleanup Event Service</key><value>32ee6aec-cee5-49f5-b819-5ad23a0e6336</value></entry><entry><key>System feed name</key></entry></properties><referenceType>Processor</referenceType><state>STOPPED</state><type>com.thinkbiganalytics.nifi.v2.metadata.TriggerCleanup</type></referencingComponents><state>ENABLED</state><type>com.thinkbiganalytics.nifi.v2.core.cleanup.JmsCleanupEventService</type></controllerServices><controllerServices><id>58f76012-6fc4-458c-b79b-00b244b70126</id><comments></comments><descriptors><entry><key>Configuraton Classes</key><value><description>A comma-separated list of fully qualified names of java config classes</description><displayName>Configuraton Classes</displayName><dynamic>false</dynamic><name>Configuraton Classes</name><required>false</required><sensitive>false</sensitive><supportsEl>false</supportsEl></value></entry></descriptors><name>SpringContextLoaderService</name><properties><entry><key>Configuraton Classes</key></entry></properties><referencingComponents><descriptors><entry><key>Spring Context Service</key><value><allowableValues><displayName>SpringContextLoaderService</displayName><value>58f76012-6fc4-458c-b79b-00b244b70126</value></allowableValues><description>Service for loading a Spring context and providing bean lookup.</description><displayName>Spring Context Service</displayName><dynamic>false</dynamic><identifiesControllerService>com.thinkbiganalytics.nifi.core.api.spring.SpringContextService</identifiesControllerService><name>Spring Context Service</name><required>true</required><sensitive>false</sensitive><supportsEl>false</supportsEl></value></entry></descriptors><id>32ee6aec-cee5-49f5-b819-5ad23a0e6336</id><name>Think Big Cleanup Service</name><properties><entry><key>Spring Context Service</key><value>58f76012-6fc4-458c-b79b-00b244b70126</value></entry></properties><referenceCycle>false</referenceCycle><referenceType>ControllerService</referenceType><referencingComponents><activeThreadCount>0</activeThreadCount><descriptors><entry><key>Metadata Provider Service</key><value><allowableValues><displayName>Think Big Metadata Service</displayName><value>d5eb5f6b-bb14-48d9-9508-323fbc798601</value></allowableValues><allowableValues><displayName>Think Big Metadata Service</displayName><value>308bef9a-3c39-4a89-b69c-97cb7c7a658d</value></allowableValues><description>Service supplying the implementations of the various metadata providers.</description><displayName>Metadata Provider Service</displayName><dynamic>false</dynamic><identifiesControllerService>com.thinkbiganalytics.nifi.core.api.metadata.MetadataProviderService</identifiesControllerService><name>Metadata Provider Service</name><required>true</required><sensitive>false</sensitive><supportsEl>false</supportsEl></value></entry><entry><key>System feed category</key><value><defaultValue>${metadata.category.systemName}</defaultValue><description>The category name of this feed. The default is to have this name automatically set when the feed is created. Normally you do not need to change the default value.</description><displayName>System feed category</displayName><dynamic>false</dynamic><name>System feed category</name><required>true</required><sensitive>false</sensitive><supportsEl>false</supportsEl></value></entry><entry><key>Feed Cleanup Event Service</key><value><allowableValues><displayName>Think Big Cleanup Service</displayName><value>32ee6aec-cee5-49f5-b819-5ad23a0e6336</value></allowableValues><description>Service that manages the cleanup of feeds.</description><displayName>Feed Cleanup Event Service</displayName><dynamic>false</dynamic><identifiesControllerService>com.thinkbiganalytics.nifi.core.api.cleanup.CleanupEventService</identifiesControllerService><name>Feed Cleanup Event Service</name><required>true</required><sensitive>false</sensitive><supportsEl>false</supportsEl></value></entry><entry><key>System feed name</key><value><defaultValue>${metadata.systemFeedName}</defaultValue><description>The system name of this feed. The default is to have this name automatically set when the feed is created. Normally you do not need to change the default value.</description><displayName>System feed name</displayName><dynamic>false</dynamic><name>System feed name</name><required>true</required><sensitive>false</sensitive><supportsEl>false</supportsEl></value></entry></descriptors><groupId>64a76287-da4f-4e7c-8bdf-668e3e632d00</groupId><id>426b1278-941c-48bf-9c8d-b911b1bd886a</id><name>TriggerCleanup</name><properties><entry><key>Metadata Provider Service</key><value>308bef9a-3c39-4a89-b69c-97cb7c7a658d</value></entry><entry><key>System feed category</key></entry><entry><key>Feed Cleanup Event Service</key><value>32ee6aec-cee5-49f5-b819-5ad23a0e6336</value></entry><entry><key>System feed name</key></entry></properties><referenceType>Processor</referenceType><state>STOPPED</state><type>com.thinkbiganalytics.nifi.v2.metadata.TriggerCleanup</type></referencingComponents><state>ENABLED</state><type>com.thinkbiganalytics.nifi.v2.core.cleanup.JmsCleanupEventService</type></referencingComponents><state>ENABLED</state><type>com.thinkbiganalytics.nifi.v2.core.spring.SpringContextLoaderService</type></controllerServices><controllerServices><id>308bef9a-3c39-4a89-b69c-97cb7c7a658d</id><comments></comments><descriptors><entry><key>client-password</key><value><defaultValue></defaultValue><description>Optional password if the client requires a credential</description><displayName>REST Client Password</displayName><dynamic>false</dynamic><name>client-password</name><required>false</required><sensitive>true</sensitive><supportsEl>false</supportsEl></value></entry><entry><key>client-username</key><value><defaultValue>dladmin</defaultValue><description>Optional user name if the client requires a credential</description><displayName>REST Client User Name</displayName><dynamic>false</dynamic><name>client-username</name><required>false</required><sensitive>false</sensitive><supportsEl>false</supportsEl></value></entry><entry><key>Implementation</key><value><allowableValues><description>An implemenation that stores metadata locally in memory (for development-only)</description><displayName>Local, In-memory storage</displayName><value>LOCAL</value></allowableValues><allowableValues><description>An implemenation that accesses metadata via the metadata service REST API</description><displayName>REST API</displayName><value>REMOTE</value></allowableValues><defaultValue>REMOTE</defaultValue><description>Specifies which implementation of the metadata providers should be used</description><displayName>Implementation</displayName><dynamic>false</dynamic><name>Implementation</name><required>true</required><sensitive>false</sensitive><supportsEl>false</supportsEl></value></entry><entry><key>rest-client-url</key><value><defaultValue>http://localhost:8400/proxy/metadata</defaultValue><description>The base URL to the metadata server when the REST API client implementation is chosen.</description><displayName>REST Client URL</displayName><dynamic>false</dynamic><name>rest-client-url</name><required>false</required><sensitive>false</sensitive><supportsEl>false</supportsEl></value></entry></descriptors><name>Think Big Metadata Service</name><properties><entry><key>client-password</key></entry><entry><key>client-username</key><value>dladmin</value></entry><entry><key>Implementation</key><value>REMOTE</value></entry><entry><key>rest-client-url</key><value>http://localhost:8420/api/metadata</value></entry></properties><referencingComponents><activeThreadCount>0</activeThreadCount><descriptors><entry><key>Metadata Provider Service</key><value><allowableValues><displayName>Think Big Metadata Service</displayName><value>d5eb5f6b-bb14-48d9-9508-323fbc798601</value></allowableValues><allowableValues><displayName>Think Big Metadata Service</displayName><value>308bef9a-3c39-4a89-b69c-97cb7c7a658d</value></allowableValues><description>Service supplying the implementations of the various metadata providers.</description><displayName>Metadata Provider Service</displayName><dynamic>false</dynamic><identifiesControllerService>com.thinkbiganalytics.nifi.core.api.metadata.MetadataProviderService</identifiesControllerService><name>Metadata Provider Service</name><required>true</required><sensitive>false</sensitive><supportsEl>false</supportsEl></value></entry><entry><key>System feed category</key><value><defaultValue>${metadata.category.systemName}</defaultValue><description>The category name of this feed. The default is to have this name automatically set when the feed is created. Normally you do not need to change the default value.</description><displayName>System feed category</displayName><dynamic>false</dynamic><name>System feed category</name><required>true</required><sensitive>false</sensitive><supportsEl>false</supportsEl></value></entry><entry><key>Feed Cleanup Event Service</key><value><allowableValues><displayName>Think Big Cleanup Service</displayName><value>32ee6aec-cee5-49f5-b819-5ad23a0e6336</value></allowableValues><description>Service that manages the cleanup of feeds.</description><displayName>Feed Cleanup Event Service</displayName><dynamic>false</dynamic><identifiesControllerService>com.thinkbiganalytics.nifi.core.api.cleanup.CleanupEventService</identifiesControllerService><name>Feed Cleanup Event Service</name><required>true</required><sensitive>false</sensitive><supportsEl>false</supportsEl></value></entry><entry><key>System feed name</key><value><defaultValue>${metadata.systemFeedName}</defaultValue><description>The system name of this feed. The default is to have this name automatically set when the feed is created. Normally you do not need to change the default value.</description><displayName>System feed name</displayName><dynamic>false</dynamic><name>System feed name</name><required>true</required><sensitive>false</sensitive><supportsEl>false</supportsEl></value></entry></descriptors><groupId>64a76287-da4f-4e7c-8bdf-668e3e632d00</groupId><id>426b1278-941c-48bf-9c8d-b911b1bd886a</id><name>TriggerCleanup</name><properties><entry><key>Metadata Provider Service</key><value>308bef9a-3c39-4a89-b69c-97cb7c7a658d</value></entry><entry><key>System feed category</key></entry><entry><key>Feed Cleanup Event Service</key><value>32ee6aec-cee5-49f5-b819-5ad23a0e6336</value></entry><entry><key>System feed name</key></entry></properties><referenceType>Processor</referenceType><state>STOPPED</state><type>com.thinkbiganalytics.nifi.v2.metadata.TriggerCleanup</type></referencingComponents><referencingComponents><activeThreadCount>0</activeThreadCount><descriptors><entry><key>Load Strategy</key><value><allowableValues><displayName>FULL_LOAD</displayName><value>FULL_LOAD</value></allowableValues><allowableValues><displayName>INCREMENTAL</displayName><value>INCREMENTAL</value></allowableValues><defaultValue>FULL_LOAD</defaultValue><description>Whether to load the entire table or perform an incremental extract</description><displayName>Load Strategy</displayName><dynamic>false</dynamic><name>Load Strategy</name><required>true</required><sensitive>false</sensitive><supportsEl>false</supportsEl></value></entry><entry><key>Source Database Connection</key><value><allowableValues><displayName>MySQL</displayName><value>dc89f8a4-a0ce-4ba5-ae44-40857d8255ca</value></allowableValues><allowableValues><displayName>Example MySQL Connection Pool</displayName><value>d218ae2a-0663-4795-9833-4e137fb559b0</value></allowableValues><description>The database where the source table resides</description><displayName>Source Database Connection</displayName><dynamic>false</dynamic><identifiesControllerService>org.apache.nifi.dbcp.DBCPService</identifiesControllerService><name>Source Database Connection</name><required>true</required><sensitive>false</sensitive><supportsEl>false</supportsEl></value></entry><entry><key>System feed category</key><value><defaultValue>${category}</defaultValue><description>System category of feed this processor supports</description><displayName>System feed category</displayName><dynamic>false</dynamic><name>System feed category</name><required>true</required><sensitive>false</sensitive><supportsEl>true</supportsEl></value></entry><entry><key>Source Fields</key><value><defaultValue>${metadata.table.sourceFields}</defaultValue><description>Field names (in order) to read from the source table. ie. the select fields. The format is separated by newline. Inconsistent order will cause corruption of the downstream Hive data.</description><displayName>Source Fields</displayName><dynamic>false</dynamic><name>Source Fields</name><required>true</required><sensitive>false</sensitive><supportsEl>true</supportsEl></value></entry><entry><key>Max Wait Time</key><value><defaultValue>0 seconds</defaultValue><description>The maximum amount of time allowed for a running SQL select query  , zero means there is no limit. Max time less than 1 second will be equal to zero.</description><displayName>Max Wait Time</displayName><dynamic>false</dynamic><name>Max Wait Time</name><required>true</required><sensitive>false</sensitive><supportsEl>false</supportsEl></value></entry><entry><key>Source Table</key><value><defaultValue>${metadata.table.sourceTableSchema.name}</defaultValue><description>Name of table including schema (if applicable)</description><displayName>Source Table</displayName><dynamic>false</dynamic><name>Source Table</name><required>true</required><sensitive>false</sensitive><supportsEl>true</supportsEl></value></entry><entry><key>Backoff Period</key><value><defaultValue>300 seconds</defaultValue><description>Only records older than the backoff period will be eligible for pickup. This can be used in the ILM use case to define a retention period. Recommended: &gt;5m</description><displayName>Backoff Period</displayName><dynamic>false</dynamic><name>Backoff Period</name><required>true</required><sensitive>false</sensitive><supportsEl>false</supportsEl></value></entry><entry><key>Minimum Time Unit</key><value><allowableValues><displayName>NONE</displayName><value>NONE</value></allowableValues><allowableValues><displayName>HOUR</displayName><value>HOUR</value></allowableValues><allowableValues><displayName>DAY</displayName><value>DAY</value></allowableValues><allowableValues><displayName>WEEK</displayName><value>WEEK</value></allowableValues><allowableValues><displayName>MONTH</displayName><value>MONTH</value></allowableValues><allowableValues><displayName>YEAR</displayName><value>YEAR</value></allowableValues><defaultValue>NONE</defaultValue><description>The minimum unit of data eligible to load. For the ILM case, this would be DAY, WEEK, MONTH, YEAR , zero means there is no limit. Max time less than 1 second will be equal to zero.</description><displayName>Minimum Time Unit</displayName><dynamic>false</dynamic><name>Minimum Time Unit</name><required>true</required><sensitive>false</sensitive><supportsEl>false</supportsEl></value></entry><entry><key>Overlap Period</key><value><defaultValue>0 seconds</defaultValue><description>Amount of time to overlap into the last load date to ensure long running transactions missed by previous load weren't missed. Recommended: &gt;0s</description><displayName>Overlap Period</displayName><dynamic>false</dynamic><name>Overlap Period</name><required>false</required><sensitive>false</sensitive><supportsEl>true</supportsEl></value></entry><entry><key>System feed name</key><value><defaultValue>${feed}</defaultValue><description>Name of feed this processor supports</description><displayName>System feed name</displayName><dynamic>false</dynamic><name>System feed name</name><required>true</required><sensitive>false</sensitive><supportsEl>true</supportsEl></value></entry><entry><key>Date Field</key><value><description>Source field containing a modified date for tracking incremental load</description><displayName>Date Field</displayName><dynamic>false</dynamic><name>Date Field</name><required>false</required><sensitive>false</sensitive><supportsEl>true</supportsEl></value></entry><entry><key>Metadata Service</key><value><allowableValues><displayName>Think Big Metadata Service</displayName><value>d5eb5f6b-bb14-48d9-9508-323fbc798601</value></allowableValues><allowableValues><displayName>Think Big Metadata Service</displayName><value>308bef9a-3c39-4a89-b69c-97cb7c7a658d</value></allowableValues><description>Think Big metadata service</description><displayName>Metadata Service</displayName><dynamic>false</dynamic><identifiesControllerService>com.thinkbiganalytics.nifi.core.api.metadata.MetadataProviderService</identifiesControllerService><name>Metadata Service</name><required>true</required><sensitive>false</sensitive><supportsEl>false</supportsEl></value></entry></descriptors><groupId>64a76287-da4f-4e7c-8bdf-668e3e632d00</groupId><id>f8791bae-4607-4c92-9cd5-4f1362a7fb04</id><name>Poll database</name><properties><entry><key>Load Strategy</key><value>FULL_LOAD</value></entry><entry><key>Source Database Connection</key><value>dc89f8a4-a0ce-4ba5-ae44-40857d8255ca</value></entry><entry><key>System feed category</key><value>${metadata.category.systemName}</value></entry><entry><key>Source Fields</key><value>${metadata.table.sourceFields}</value></entry><entry><key>Max Wait Time</key><value>0 seconds</value></entry><entry><key>Source Table</key><value>${metadata.table.sourceTableSchema.name}</value></entry><entry><key>Backoff Period</key><value>300 seconds</value></entry><entry><key>Minimum Time Unit</key><value>NONE</value></entry><entry><key>Overlap Period</key><value>300 seconds</value></entry><entry><key>System feed name</key><value>${metadata.systemFeedName}</value></entry><entry><key>Date Field</key></entry><entry><key>Metadata Service</key><value>308bef9a-3c39-4a89-b69c-97cb7c7a658d</value></entry></properties><referenceType>Processor</referenceType><state>STOPPED</state><type>com.thinkbiganalytics.nifi.v2.ingest.GetTableData</type></referencingComponents><state>ENABLED</state><type>com.thinkbiganalytics.nifi.v2.core.metadata.MetadataProviderSelectorService</type></controllerServices><controllerServices><id>dc89f8a4-a0ce-4ba5-ae44-40857d8255ca</id><comments></comments><descriptors><entry><key>Database Connection URL</key><value><description>A database connection URL used to connect to a database. May contain database system name, host, port, database name and some parameters. The exact syntax of a database connection URL is specified by your DBMS.</description><displayName>Database Connection URL</displayName><dynamic>false</dynamic><name>Database Connection URL</name><required>true</required><sensitive>false</sensitive><supportsEl>false</supportsEl></value></entry><entry><key>Max Wait Time</key><value><defaultValue>500 millis</defaultValue><description>The maximum amount of time that the pool will wait (when there are no available connections)  for a connection to be returned before failing, or -1 to wait indefinitely. </description><displayName>Max Wait Time</displayName><dynamic>false</dynamic><name>Max Wait Time</name><required>true</required><sensitive>false</sensitive><supportsEl>false</supportsEl></value></entry><entry><key>Database Driver Class Name</key><value><description>Database driver class name</description><displayName>Database Driver Class Name</displayName><dynamic>false</dynamic><name>Database Driver Class Name</name><required>true</required><sensitive>false</sensitive><supportsEl>false</supportsEl></value></entry><entry><key>Database User</key><value><description>Database user name</description><displayName>Database User</displayName><dynamic>false</dynamic><name>Database User</name><required>false</required><sensitive>false</sensitive><supportsEl>false</supportsEl></value></entry><entry><key>Database Driver Jar Url</key><value><description>Optional database driver jar file path url. For example 'file:///var/tmp/mariadb-java-client-1.1.7.jar'</description><displayName>Database Driver Jar Url</displayName><dynamic>false</dynamic><name>Database Driver Jar Url</name><required>false</required><sensitive>false</sensitive><supportsEl>false</supportsEl></value></entry><entry><key>Max Total Connections</key><value><defaultValue>8</defaultValue><description>The maximum number of active connections that can be allocated from this pool at the same time,  or negative for no limit.</description><displayName>Max Total Connections</displayName><dynamic>false</dynamic><name>Max Total Connections</name><required>true</required><sensitive>false</sensitive><supportsEl>false</supportsEl></value></entry><entry><key>Password</key><value><description>The password for the database user</description><displayName>Password</displayName><dynamic>false</dynamic><name>Password</name><required>false</required><sensitive>true</sensitive><supportsEl>false</supportsEl></value></entry></descriptors><name>MySQL</name><properties><entry><key>Database Connection URL</key><value>jdbc:mysql://localhost</value></entry><entry><key>Max Wait Time</key><value>500 millis</value></entry><entry><key>Database Driver Class Name</key><value>com.mysql.jdbc.Driver</value></entry><entry><key>Database User</key><value>nifi</value></entry><entry><key>Database Driver Jar Url</key><value>file:///opt/nifi/mysql/mysql-connector-java-5.1.32.jar</value></entry><entry><key>Max Total Connections</key><value>8</value></entry><entry><key>Password</key></entry></properties><referencingComponents><activeThreadCount>0</activeThreadCount><descriptors><entry><key>Load Strategy</key><value><allowableValues><displayName>FULL_LOAD</displayName><value>FULL_LOAD</value></allowableValues><allowableValues><displayName>INCREMENTAL</displayName><value>INCREMENTAL</value></allowableValues><defaultValue>FULL_LOAD</defaultValue><description>Whether to load the entire table or perform an incremental extract</description><displayName>Load Strategy</displayName><dynamic>false</dynamic><name>Load Strategy</name><required>true</required><sensitive>false</sensitive><supportsEl>false</supportsEl></value></entry><entry><key>Source Database Connection</key><value><allowableValues><displayName>MySQL</displayName><value>dc89f8a4-a0ce-4ba5-ae44-40857d8255ca</value></allowableValues><allowableValues><displayName>Example MySQL Connection Pool</displayName><value>d218ae2a-0663-4795-9833-4e137fb559b0</value></allowableValues><description>The database where the source table resides</description><displayName>Source Database Connection</displayName><dynamic>false</dynamic><identifiesControllerService>org.apache.nifi.dbcp.DBCPService</identifiesControllerService><name>Source Database Connection</name><required>true</required><sensitive>false</sensitive><supportsEl>false</supportsEl></value></entry><entry><key>System feed category</key><value><defaultValue>${category}</defaultValue><description>System category of feed this processor supports</description><displayName>System feed category</displayName><dynamic>false</dynamic><name>System feed category</name><required>true</required><sensitive>false</sensitive><supportsEl>true</supportsEl></value></entry><entry><key>Source Fields</key><value><defaultValue>${metadata.table.sourceFields}</defaultValue><description>Field names (in order) to read from the source table. ie. the select fields. The format is separated by newline. Inconsistent order will cause corruption of the downstream Hive data.</description><displayName>Source Fields</displayName><dynamic>false</dynamic><name>Source Fields</name><required>true</required><sensitive>false</sensitive><supportsEl>true</supportsEl></value></entry><entry><key>Max Wait Time</key><value><defaultValue>0 seconds</defaultValue><description>The maximum amount of time allowed for a running SQL select query  , zero means there is no limit. Max time less than 1 second will be equal to zero.</description><displayName>Max Wait Time</displayName><dynamic>false</dynamic><name>Max Wait Time</name><required>true</required><sensitive>false</sensitive><supportsEl>false</supportsEl></value></entry><entry><key>Source Table</key><value><defaultValue>${metadata.table.sourceTableSchema.name}</defaultValue><description>Name of table including schema (if applicable)</description><displayName>Source Table</displayName><dynamic>false</dynamic><name>Source Table</name><required>true</required><sensitive>false</sensitive><supportsEl>true</supportsEl></value></entry><entry><key>Backoff Period</key><value><defaultValue>300 seconds</defaultValue><description>Only records older than the backoff period will be eligible for pickup. This can be used in the ILM use case to define a retention period. Recommended: &gt;5m</description><displayName>Backoff Period</displayName><dynamic>false</dynamic><name>Backoff Period</name><required>true</required><sensitive>false</sensitive><supportsEl>false</supportsEl></value></entry><entry><key>Minimum Time Unit</key><value><allowableValues><displayName>NONE</displayName><value>NONE</value></allowableValues><allowableValues><displayName>HOUR</displayName><value>HOUR</value></allowableValues><allowableValues><displayName>DAY</displayName><value>DAY</value></allowableValues><allowableValues><displayName>WEEK</displayName><value>WEEK</value></allowableValues><allowableValues><displayName>MONTH</displayName><value>MONTH</value></allowableValues><allowableValues><displayName>YEAR</displayName><value>YEAR</value></allowableValues><defaultValue>NONE</defaultValue><description>The minimum unit of data eligible to load. For the ILM case, this would be DAY, WEEK, MONTH, YEAR , zero means there is no limit. Max time less than 1 second will be equal to zero.</description><displayName>Minimum Time Unit</displayName><dynamic>false</dynamic><name>Minimum Time Unit</name><required>true</required><sensitive>false</sensitive><supportsEl>false</supportsEl></value></entry><entry><key>Overlap Period</key><value><defaultValue>0 seconds</defaultValue><description>Amount of time to overlap into the last load date to ensure long running transactions missed by previous load weren't missed. Recommended: &gt;0s</description><displayName>Overlap Period</displayName><dynamic>false</dynamic><name>Overlap Period</name><required>false</required><sensitive>false</sensitive><supportsEl>true</supportsEl></value></entry><entry><key>System feed name</key><value><defaultValue>${feed}</defaultValue><description>Name of feed this processor supports</description><displayName>System feed name</displayName><dynamic>false</dynamic><name>System feed name</name><required>true</required><sensitive>false</sensitive><supportsEl>true</supportsEl></value></entry><entry><key>Date Field</key><value><description>Source field containing a modified date for tracking incremental load</description><displayName>Date Field</displayName><dynamic>false</dynamic><name>Date Field</name><required>false</required><sensitive>false</sensitive><supportsEl>true</supportsEl></value></entry><entry><key>Metadata Service</key><value><allowableValues><displayName>Think Big Metadata Service</displayName><value>d5eb5f6b-bb14-48d9-9508-323fbc798601</value></allowableValues><allowableValues><displayName>Think Big Metadata Service</displayName><value>308bef9a-3c39-4a89-b69c-97cb7c7a658d</value></allowableValues><description>Think Big metadata service</description><displayName>Metadata Service</displayName><dynamic>false</dynamic><identifiesControllerService>com.thinkbiganalytics.nifi.core.api.metadata.MetadataProviderService</identifiesControllerService><name>Metadata Service</name><required>true</required><sensitive>false</sensitive><supportsEl>false</supportsEl></value></entry></descriptors><groupId>64a76287-da4f-4e7c-8bdf-668e3e632d00</groupId><id>f8791bae-4607-4c92-9cd5-4f1362a7fb04</id><name>Poll database</name><properties><entry><key>Load Strategy</key><value>FULL_LOAD</value></entry><entry><key>Source Database Connection</key><value>dc89f8a4-a0ce-4ba5-ae44-40857d8255ca</value></entry><entry><key>System feed category</key><value>${metadata.category.systemName}</value></entry><entry><key>Source Fields</key><value>${metadata.table.sourceFields}</value></entry><entry><key>Max Wait Time</key><value>0 seconds</value></entry><entry><key>Source Table</key><value>${metadata.table.sourceTableSchema.name}</value></entry><entry><key>Backoff Period</key><value>300 seconds</value></entry><entry><key>Minimum Time Unit</key><value>NONE</value></entry><entry><key>Overlap Period</key><value>300 seconds</value></entry><entry><key>System feed name</key><value>${metadata.systemFeedName}</value></entry><entry><key>Date Field</key></entry><entry><key>Metadata Service</key><value>308bef9a-3c39-4a89-b69c-97cb7c7a658d</value></entry></properties><referenceType>Processor</referenceType><state>STOPPED</state><type>com.thinkbiganalytics.nifi.v2.ingest.GetTableData</type></referencingComponents><state>ENABLED</state><type>org.apache.nifi.dbcp.DBCPConnectionPool</type></controllerServices><outputPorts><id>9988d6d9-2fe0-4e39-a546-3537ca8f69af</id><parentGroupId>64a76287-da4f-4e7c-8bdf-668e3e632d00</parentGroupId><position><x>997.423891552919</x><y>77.23727086597341</y></position><concurrentlySchedulableTaskCount>1</concurrentlySchedulableTaskCount><name>to-standard-cleanup</name><state>STOPPED</state><type>OUTPUT_PORT</type><validationErrors>'Port 'to-standard-cleanup'' is invalid because Output connection for port 'to-standard-cleanup' is not defined.</validationErrors></outputPorts><outputPorts><id>2116faf4-0c2c-437d-800b-d0826b96c85f</id><parentGroupId>64a76287-da4f-4e7c-8bdf-668e3e632d00</parentGroupId><position><x>1545.9701182676858</x><y>328.9611344500954</y></position><comments></comments><concurrentlySchedulableTaskCount>1</concurrentlySchedulableTaskCount><name>to-standard-ingest</name><state>STOPPED</state><type>OUTPUT_PORT</type><validationErrors>'Port 'to-standard-ingest'' is invalid because Output connection for port 'to-standard-ingest' is not defined.</validationErrors></outputPorts><processors><id>2004a161-c705-41d1-b8db-8469b489b60b</id><parentGroupId>64a76287-da4f-4e7c-8bdf-668e3e632d00</parentGroupId><position><x>351.6390489807163</x><y>256.5020049944801</y></position><config><bulletinLevel>WARN</bulletinLevel><comments></comments><concurrentlySchedulableTaskCount>1</concurrentlySchedulableTaskCount><defaultConcurrentTasks><entry><key>TIMER_DRIVEN</key><value>1</value></entry><entry><key>EVENT_DRIVEN</key><value>0</value></entry><entry><key>CRON_DRIVEN</key><value>1</value></entry></defaultConcurrentTasks><defaultSchedulingPeriod><entry><key>TIMER_DRIVEN</key><value>0 sec</value></entry><entry><key>CRON_DRIVEN</key><value>* * * * * ?</value></entry></defaultSchedulingPeriod><descriptors><entry><key>Keep Source File</key><value><allowableValues><displayName>true</displayName><value>true</value></allowableValues><allowableValues><displayName>false</displayName><value>false</value></allowableValues><defaultValue>false</defaultValue><description>If true, the file is not deleted after it has been copied to the Content Repository; this causes the file to be picked up continually and is useful for testing purposes.  If not keeping original NiFi will need write permissions on the directory it is pulling from otherwise it will ignore the file.</description><displayName>Keep Source File</displayName><dynamic>false</dynamic><name>Keep Source File</name><required>true</required><sensitive>false</sensitive><supportsEl>false</supportsEl></value></entry><entry><key>Minimum File Age</key><value><defaultValue>0 sec</defaultValue><description>The minimum age that a file must be in order to be pulled; any file younger than this amount of time (according to last modification date) will be ignored</description><displayName>Minimum File Age</displayName><dynamic>false</dynamic><name>Minimum File Age</name><required>true</required><sensitive>false</sensitive><supportsEl>false</supportsEl></value></entry><entry><key>Polling Interval</key><value><defaultValue>0 sec</defaultValue><description>Indicates how long to wait before performing a directory listing</description><displayName>Polling Interval</displayName><dynamic>false</dynamic><name>Polling Interval</name><required>true</required><sensitive>false</sensitive><supportsEl>false</supportsEl></value></entry><entry><key>Input Directory</key><value><description>The input directory from which to pull files</description><displayName>Input Directory</displayName><dynamic>false</dynamic><name>Input Directory</name><required>true</required><sensitive>false</sensitive><supportsEl>true</supportsEl></value></entry><entry><key>Maximum File Age</key><value><description>The maximum age that a file must be in order to be pulled; any file older than this amount of time (according to last modification date) will be ignored</description><displayName>Maximum File Age</displayName><dynamic>false</dynamic><name>Maximum File Age</name><required>false</required><sensitive>false</sensitive><supportsEl>false</supportsEl></value></entry><entry><key>Batch Size</key><value><defaultValue>10</defaultValue><description>The maximum number of files to pull in each iteration</description><displayName>Batch Size</displayName><dynamic>false</dynamic><name>Batch Size</name><required>true</required><sensitive>false</sensitive><supportsEl>false</supportsEl></value></entry><entry><key>Maximum File Size</key><value><description>The maximum size that a file can be in order to be pulled</description><displayName>Maximum File Size</displayName><dynamic>false</dynamic><name>Maximum File Size</name><required>false</required><sensitive>false</sensitive><supportsEl>false</supportsEl></value></entry><entry><key>Minimum File Size</key><value><defaultValue>0 B</defaultValue><description>The minimum size that a file must be in order to be pulled</description><displayName>Minimum File Size</displayName><dynamic>false</dynamic><name>Minimum File Size</name><required>true</required><sensitive>false</sensitive><supportsEl>false</supportsEl></value></entry><entry><key>Ignore Hidden Files</key><value><allowableValues><displayName>true</displayName><value>true</value></allowableValues><allowableValues><displayName>false</displayName><value>false</value></allowableValues><defaultValue>true</defaultValue><description>Indicates whether or not hidden files should be ignored</description><displayName>Ignore Hidden Files</displayName><dynamic>false</dynamic><name>Ignore Hidden Files</name><required>true</required><sensitive>false</sensitive><supportsEl>false</supportsEl></value></entry><entry><key>Recurse Subdirectories</key><value><allowableValues><displayName>true</displayName><value>true</value></allowableValues><allowableValues><displayName>false</displayName><value>false</value></allowableValues><defaultValue>true</defaultValue><description>Indicates whether or not to pull files from subdirectories</description><displayName>Recurse Subdirectories</displayName><dynamic>false</dynamic><name>Recurse Subdirectories</name><required>true</required><sensitive>false</sensitive><supportsEl>false</supportsEl></value></entry><entry><key>File Filter</key><value><defaultValue>[^\.].*</defaultValue><description>Only files whose names match the given regular expression will be picked up</description><displayName>File Filter</displayName><dynamic>false</dynamic><name>File Filter</name><required>true</required><sensitive>false</sensitive><supportsEl>false</supportsEl></value></entry><entry><key>Path Filter</key><value><description>When Recurse Subdirectories is true, then only subdirectories whose path matches the given regular expression will be scanned</description><displayName>Path Filter</displayName><dynamic>false</dynamic><name>Path Filter</name><required>false</required><sensitive>false</sensitive><supportsEl>false</supportsEl></value></entry></descriptors><lossTolerant>false</lossTolerant><penaltyDuration>30 sec</penaltyDuration><properties><entry><key>Keep Source File</key><value>false</value></entry><entry><key>Minimum File Age</key><value>0 sec</value></entry><entry><key>Polling Interval</key><value>0 sec</value></entry><entry><key>Input Directory</key><value>/var/dropzone</value></entry><entry><key>Maximum File Age</key></entry><entry><key>Batch Size</key><value>100</value></entry><entry><key>Maximum File Size</key></entry><entry><key>Minimum File Size</key><value>0 B</value></entry><entry><key>Ignore Hidden Files</key><value>true</value></entry><entry><key>Recurse Subdirectories</key><value>false</value></entry><entry><key>File Filter</key><value>mydata\d{1,3}.csv</value></entry><entry><key>Path Filter</key></entry></properties><runDurationMillis>0</runDurationMillis><schedulingPeriod>15 sec</schedulingPeriod><schedulingStrategy>TIMER_DRIVEN</schedulingStrategy><yieldDuration>1 sec</yieldDuration></config><name>Poll filesystem</name><relationships><autoTerminate>false</autoTerminate><description>All files are routed to success</description><name>success</name></relationships><state>STOPPED</state><style><entry><key>background-color</key><value>#11f237</value></entry></style><supportsEventDriven>false</supportsEventDriven><supportsParallelProcessing>true</supportsParallelProcessing><type>org.apache.nifi.processors.standard.GetFile</type></processors><processors><id>57364cfd-8d6a-4238-a3e2-954bd2ea88e8</id><parentGroupId>64a76287-da4f-4e7c-8bdf-668e3e632d00</parentGroupId><position><x>998.1042284240762</x><y>309.4006866351051</y></position><config><bulletinLevel>WARN</bulletinLevel><comments></comments><concurrentlySchedulableTaskCount>1</concurrentlySchedulableTaskCount><defaultConcurrentTasks><entry><key>TIMER_DRIVEN</key><value>1</value></entry><entry><key>EVENT_DRIVEN</key><value>0</value></entry><entry><key>CRON_DRIVEN</key><value>1</value></entry></defaultConcurrentTasks><defaultSchedulingPeriod><entry><key>TIMER_DRIVEN</key><value>0 sec</value></entry><entry><key>CRON_DRIVEN</key><value>* * * * * ?</value></entry></defaultSchedulingPeriod><descriptors><entry><key>metadata.table.fieldIndexString</key><value><description></description><displayName>metadata.table.fieldIndexString</displayName><dynamic>true</dynamic><name>metadata.table.fieldIndexString</name><required>false</required><sensitive>false</sensitive><supportsEl>true</supportsEl></value></entry><entry><key>metadata.table.targetFormat</key><value><description></description><displayName>metadata.table.targetFormat</displayName><dynamic>true</dynamic><name>metadata.table.targetFormat</name><required>false</required><sensitive>false</sensitive><supportsEl>true</supportsEl></value></entry><entry><key>spark.input_folder</key><value><description></description><displayName>spark.input_folder</displayName><dynamic>true</dynamic><name>spark.input_folder</name><required>false</required><sensitive>false</sensitive><supportsEl>true</supportsEl></value></entry><entry><key>security.authorization.group</key><value><description></description><displayName>security.authorization.group</displayName><dynamic>true</dynamic><name>security.authorization.group</name><required>false</required><sensitive>false</sensitive><supportsEl>true</supportsEl></value></entry><entry><key>metadata.table.fieldStructure</key><value><description></description><displayName>metadata.table.fieldStructure</displayName><dynamic>true</dynamic><name>metadata.table.fieldStructure</name><required>false</required><sensitive>false</sensitive><supportsEl>true</supportsEl></value></entry><entry><key>metadata.table.fieldPoliciesJson</key><value><description></description><displayName>metadata.table.fieldPoliciesJson</displayName><dynamic>true</dynamic><name>metadata.table.fieldPoliciesJson</name><required>false</required><sensitive>false</sensitive><supportsEl>true</supportsEl></value></entry><entry><key>feedts</key><value><description></description><displayName>feedts</displayName><dynamic>true</dynamic><name>feedts</name><required>false</required><sensitive>false</sensitive><supportsEl>true</supportsEl></value></entry><entry><key>metadata.table.partitionSpecs</key><value><description></description><displayName>metadata.table.partitionSpecs</displayName><dynamic>true</dynamic><name>metadata.table.partitionSpecs</name><required>false</required><sensitive>false</sensitive><supportsEl>true</supportsEl></value></entry><entry><key>feed</key><value><description></description><displayName>feed</displayName><dynamic>true</dynamic><name>feed</name><required>false</required><sensitive>false</sensitive><supportsEl>true</supportsEl></value></entry><entry><key>Delete Attributes Expression</key><value><description>Regular expression for attributes to be deleted from flowfiles.</description><displayName>Delete Attributes Expression</displayName><dynamic>false</dynamic><name>Delete Attributes Expression</name><required>false</required><sensitive>false</sensitive><supportsEl>true</supportsEl></value></entry><entry><key>metadata.table.targetTblProperties</key><value><description></description><displayName>metadata.table.targetTblProperties</displayName><dynamic>true</dynamic><name>metadata.table.targetTblProperties</name><required>false</required><sensitive>false</sensitive><supportsEl>true</supportsEl></value></entry><entry><key>metadata.table.partitionStructure</key><value><description></description><displayName>metadata.table.partitionStructure</displayName><dynamic>true</dynamic><name>metadata.table.partitionStructure</name><required>false</required><sensitive>false</sensitive><supportsEl>true</supportsEl></value></entry><entry><key>category</key><value><description></description><displayName>category</displayName><dynamic>true</dynamic><name>category</name><required>false</required><sensitive>false</sensitive><supportsEl>true</supportsEl></value></entry><entry><key>metadata.table.targetMergeStrategy</key><value><description></description><displayName>metadata.table.targetMergeStrategy</displayName><dynamic>true</dynamic><name>metadata.table.targetMergeStrategy</name><required>false</required><sensitive>false</sensitive><supportsEl>true</supportsEl></value></entry><entry><key>metadata.table.feedFormat</key><value><description></description><displayName>metadata.table.feedFormat</displayName><dynamic>true</dynamic><name>metadata.table.feedFormat</name><required>false</required><sensitive>false</sensitive><supportsEl>true</supportsEl></value></entry><entry><key>security.authorization.type</key><value><description></description><displayName>security.authorization.type</displayName><dynamic>true</dynamic><name>security.authorization.type</name><required>false</required><sensitive>false</sensitive><supportsEl>true</supportsEl></value></entry></descriptors><lossTolerant>false</lossTolerant><penaltyDuration>30 sec</penaltyDuration><properties><entry><key>metadata.table.fieldIndexString</key><value>${metadata.table.fieldIndexString}</value></entry><entry><key>metadata.table.targetFormat</key><value>${metadata.table.targetFormat}</value></entry><entry><key>spark.input_folder</key><value>/tmp</value></entry><entry><key>security.authorization.group</key><value>${metadata.hadoopSecurityGroups}</value></entry><entry><key>metadata.table.fieldStructure</key><value>${metadata.table.fieldStructure}</value></entry><entry><key>metadata.table.fieldPoliciesJson</key><value>${metadata.table.fieldPoliciesJson}</value></entry><entry><key>feedts</key><value>${now():format('yyyyMMddHHmmss')}</value></entry><entry><key>metadata.table.partitionSpecs</key><value>${metadata.table.partitionSpecs}</value></entry><entry><key>feed</key><value>${metadata.systemFeedName}</value></entry><entry><key>Delete Attributes Expression</key></entry><entry><key>metadata.table.targetTblProperties</key><value>${metadata.table.targetTblProperties}</value></entry><entry><key>metadata.table.partitionStructure</key><value>${metadata.table.partitionStructure}</value></entry><entry><key>category</key><value>${metadata.category.systemName}</value></entry><entry><key>metadata.table.targetMergeStrategy</key><value>${metadata.table.targetMergeStrategy}</value></entry><entry><key>metadata.table.feedFormat</key><value>${metadata.table.feedFormat}</value></entry><entry><key>security.authorization.type</key><value>${metadata.hadoopAuthorizationType}</value></entry></properties><runDurationMillis>0</runDurationMillis><schedulingPeriod>0 sec</schedulingPeriod><schedulingStrategy>TIMER_DRIVEN</schedulingStrategy><yieldDuration>1 sec</yieldDuration></config><name>Update flow parameters</name><relationships><autoTerminate>false</autoTerminate><description>All FlowFiles are routed to this relationship</description><name>success</name></relationships><state>STOPPED</state><style><entry><key>background-color</key><value>#11f237</value></entry></style><supportsEventDriven>true</supportsEventDriven><supportsParallelProcessing>true</supportsParallelProcessing><type>org.apache.nifi.processors.attributes.UpdateAttribute</type></processors><processors><id>426b1278-941c-48bf-9c8d-b911b1bd886a</id><parentGroupId>64a76287-da4f-4e7c-8bdf-668e3e632d00</parentGroupId><position><x>343.0</x><y>47.0</y></position><config><bulletinLevel>WARN</bulletinLevel><comments></comments><concurrentlySchedulableTaskCount>1</concurrentlySchedulableTaskCount><defaultConcurrentTasks><entry><key>TIMER_DRIVEN</key><value>1</value></entry><entry><key>EVENT_DRIVEN</key><value>0</value></entry><entry><key>CRON_DRIVEN</key><value>1</value></entry></defaultConcurrentTasks><defaultSchedulingPeriod><entry><key>TIMER_DRIVEN</key><value>0 sec</value></entry><entry><key>CRON_DRIVEN</key><value>* * * * * ?</value></entry></defaultSchedulingPeriod><descriptors><entry><key>Metadata Provider Service</key><value><allowableValues><displayName>Think Big Metadata Service</displayName><value>d5eb5f6b-bb14-48d9-9508-323fbc798601</value></allowableValues><allowableValues><displayName>Think Big Metadata Service</displayName><value>308bef9a-3c39-4a89-b69c-97cb7c7a658d</value></allowableValues><description>Service supplying the implementations of the various metadata providers.</description><displayName>Metadata Provider Service</displayName><dynamic>false</dynamic><identifiesControllerService>com.thinkbiganalytics.nifi.core.api.metadata.MetadataProviderService</identifiesControllerService><name>Metadata Provider Service</name><required>true</required><sensitive>false</sensitive><supportsEl>false</supportsEl></value></entry><entry><key>System feed category</key><value><defaultValue>${metadata.category.systemName}</defaultValue><description>The category name of this feed. The default is to have this name automatically set when the feed is created. Normally you do not need to change the default value.</description><displayName>System feed category</displayName><dynamic>false</dynamic><name>System feed category</name><required>true</required><sensitive>false</sensitive><supportsEl>false</supportsEl></value></entry><entry><key>Feed Cleanup Event Service</key><value><allowableValues><displayName>Think Big Cleanup Service</displayName><value>32ee6aec-cee5-49f5-b819-5ad23a0e6336</value></allowableValues><description>Service that manages the cleanup of feeds.</description><displayName>Feed Cleanup Event Service</displayName><dynamic>false</dynamic><identifiesControllerService>com.thinkbiganalytics.nifi.core.api.cleanup.CleanupEventService</identifiesControllerService><name>Feed Cleanup Event Service</name><required>true</required><sensitive>false</sensitive><supportsEl>false</supportsEl></value></entry><entry><key>System feed name</key><value><defaultValue>${metadata.systemFeedName}</defaultValue><description>The system name of this feed. The default is to have this name automatically set when the feed is created. Normally you do not need to change the default value.</description><displayName>System feed name</displayName><dynamic>false</dynamic><name>System feed name</name><required>true</required><sensitive>false</sensitive><supportsEl>false</supportsEl></value></entry></descriptors><lossTolerant>false</lossTolerant><penaltyDuration>30 sec</penaltyDuration><properties><entry><key>Metadata Provider Service</key><value>308bef9a-3c39-4a89-b69c-97cb7c7a658d</value></entry><entry><key>System feed category</key></entry><entry><key>Feed Cleanup Event Service</key><value>32ee6aec-cee5-49f5-b819-5ad23a0e6336</value></entry><entry><key>System feed name</key></entry></properties><runDurationMillis>0</runDurationMillis><schedulingPeriod>0 sec</schedulingPeriod><schedulingStrategy>TIMER_DRIVEN</schedulingStrategy><yieldDuration>1 sec</yieldDuration></config><name>TriggerCleanup</name><relationships><autoTerminate>false</autoTerminate><description>Relationship followed on successful precondition event.</description><name>Success</name></relationships><state>STOPPED</state><style><entry><key>background-color</key><value>#ff9900</value></entry></style><supportsEventDriven>true</supportsEventDriven><supportsParallelProcessing>true</supportsParallelProcessing><type>com.thinkbiganalytics.nifi.v2.metadata.TriggerCleanup</type></processors><processors><id>f8791bae-4607-4c92-9cd5-4f1362a7fb04</id><parentGroupId>64a76287-da4f-4e7c-8bdf-668e3e632d00</parentGroupId><position><x>352.09892331727997</x><y>383.54897638548346</y></position><config><bulletinLevel>WARN</bulletinLevel><comments></comments><concurrentlySchedulableTaskCount>1</concurrentlySchedulableTaskCount><defaultConcurrentTasks><entry><key>TIMER_DRIVEN</key><value>1</value></entry><entry><key>EVENT_DRIVEN</key><value>0</value></entry><entry><key>CRON_DRIVEN</key><value>1</value></entry></defaultConcurrentTasks><defaultSchedulingPeriod><entry><key>TIMER_DRIVEN</key><value>0 sec</value></entry><entry><key>CRON_DRIVEN</key><value>* * * * * ?</value></entry></defaultSchedulingPeriod><descriptors><entry><key>Load Strategy</key><value><allowableValues><displayName>FULL_LOAD</displayName><value>FULL_LOAD</value></allowableValues><allowableValues><displayName>INCREMENTAL</displayName><value>INCREMENTAL</value></allowableValues><defaultValue>FULL_LOAD</defaultValue><description>Whether to load the entire table or perform an incremental extract</description><displayName>Load Strategy</displayName><dynamic>false</dynamic><name>Load Strategy</name><required>true</required><sensitive>false</sensitive><supportsEl>false</supportsEl></value></entry><entry><key>Source Database Connection</key><value><allowableValues><displayName>MySQL</displayName><value>dc89f8a4-a0ce-4ba5-ae44-40857d8255ca</value></allowableValues><allowableValues><displayName>Example MySQL Connection Pool</displayName><value>d218ae2a-0663-4795-9833-4e137fb559b0</value></allowableValues><description>The database where the source table resides</description><displayName>Source Database Connection</displayName><dynamic>false</dynamic><identifiesControllerService>org.apache.nifi.dbcp.DBCPService</identifiesControllerService><name>Source Database Connection</name><required>true</required><sensitive>false</sensitive><supportsEl>false</supportsEl></value></entry><entry><key>System feed category</key><value><defaultValue>${category}</defaultValue><description>System category of feed this processor supports</description><displayName>System feed category</displayName><dynamic>false</dynamic><name>System feed category</name><required>true</required><sensitive>false</sensitive><supportsEl>true</supportsEl></value></entry><entry><key>Source Fields</key><value><defaultValue>${metadata.table.sourceFields}</defaultValue><description>Field names (in order) to read from the source table. ie. the select fields. The format is separated by newline. Inconsistent order will cause corruption of the downstream Hive data.</description><displayName>Source Fields</displayName><dynamic>false</dynamic><name>Source Fields</name><required>true</required><sensitive>false</sensitive><supportsEl>true</supportsEl></value></entry><entry><key>Max Wait Time</key><value><defaultValue>0 seconds</defaultValue><description>The maximum amount of time allowed for a running SQL select query  , zero means there is no limit. Max time less than 1 second will be equal to zero.</description><displayName>Max Wait Time</displayName><dynamic>false</dynamic><name>Max Wait Time</name><required>true</required><sensitive>false</sensitive><supportsEl>false</supportsEl></value></entry><entry><key>Source Table</key><value><defaultValue>${metadata.table.sourceTableSchema.name}</defaultValue><description>Name of table including schema (if applicable)</description><displayName>Source Table</displayName><dynamic>false</dynamic><name>Source Table</name><required>true</required><sensitive>false</sensitive><supportsEl>true</supportsEl></value></entry><entry><key>Backoff Period</key><value><defaultValue>300 seconds</defaultValue><description>Only records older than the backoff period will be eligible for pickup. This can be used in the ILM use case to define a retention period. Recommended: &gt;5m</description><displayName>Backoff Period</displayName><dynamic>false</dynamic><name>Backoff Period</name><required>true</required><sensitive>false</sensitive><supportsEl>false</supportsEl></value></entry><entry><key>Minimum Time Unit</key><value><allowableValues><displayName>NONE</displayName><value>NONE</value></allowableValues><allowableValues><displayName>HOUR</displayName><value>HOUR</value></allowableValues><allowableValues><displayName>DAY</displayName><value>DAY</value></allowableValues><allowableValues><displayName>WEEK</displayName><value>WEEK</value></allowableValues><allowableValues><displayName>MONTH</displayName><value>MONTH</value></allowableValues><allowableValues><displayName>YEAR</displayName><value>YEAR</value></allowableValues><defaultValue>NONE</defaultValue><description>The minimum unit of data eligible to load. For the ILM case, this would be DAY, WEEK, MONTH, YEAR , zero means there is no limit. Max time less than 1 second will be equal to zero.</description><displayName>Minimum Time Unit</displayName><dynamic>false</dynamic><name>Minimum Time Unit</name><required>true</required><sensitive>false</sensitive><supportsEl>false</supportsEl></value></entry><entry><key>Overlap Period</key><value><defaultValue>0 seconds</defaultValue><description>Amount of time to overlap into the last load date to ensure long running transactions missed by previous load weren't missed. Recommended: &gt;0s</description><displayName>Overlap Period</displayName><dynamic>false</dynamic><name>Overlap Period</name><required>false</required><sensitive>false</sensitive><supportsEl>true</supportsEl></value></entry><entry><key>System feed name</key><value><defaultValue>${feed}</defaultValue><description>Name of feed this processor supports</description><displayName>System feed name</displayName><dynamic>false</dynamic><name>System feed name</name><required>true</required><sensitive>false</sensitive><supportsEl>true</supportsEl></value></entry><entry><key>Date Field</key><value><description>Source field containing a modified date for tracking incremental load</description><displayName>Date Field</displayName><dynamic>false</dynamic><name>Date Field</name><required>false</required><sensitive>false</sensitive><supportsEl>true</supportsEl></value></entry><entry><key>Metadata Service</key><value><allowableValues><displayName>Think Big Metadata Service</displayName><value>d5eb5f6b-bb14-48d9-9508-323fbc798601</value></allowableValues><allowableValues><displayName>Think Big Metadata Service</displayName><value>308bef9a-3c39-4a89-b69c-97cb7c7a658d</value></allowableValues><description>Think Big metadata service</description><displayName>Metadata Service</displayName><dynamic>false</dynamic><identifiesControllerService>com.thinkbiganalytics.nifi.core.api.metadata.MetadataProviderService</identifiesControllerService><name>Metadata Service</name><required>true</required><sensitive>false</sensitive><supportsEl>false</supportsEl></value></entry></descriptors><lossTolerant>false</lossTolerant><penaltyDuration>30 sec</penaltyDuration><properties><entry><key>Load Strategy</key><value>FULL_LOAD</value></entry><entry><key>Source Database Connection</key><value>dc89f8a4-a0ce-4ba5-ae44-40857d8255ca</value></entry><entry><key>System feed category</key><value>${metadata.category.systemName}</value></entry><entry><key>Source Fields</key><value>${metadata.table.sourceFields}</value></entry><entry><key>Max Wait Time</key><value>0 seconds</value></entry><entry><key>Source Table</key><value>${metadata.table.sourceTableSchema.name}</value></entry><entry><key>Backoff Period</key><value>300 seconds</value></entry><entry><key>Minimum Time Unit</key><value>NONE</value></entry><entry><key>Overlap Period</key><value>300 seconds</value></entry><entry><key>System feed name</key><value>${metadata.systemFeedName}</value></entry><entry><key>Date Field</key></entry><entry><key>Metadata Service</key><value>308bef9a-3c39-4a89-b69c-97cb7c7a658d</value></entry></properties><runDurationMillis>0</runDurationMillis><schedulingPeriod>0 sec</schedulingPeriod><schedulingStrategy>TIMER_DRIVEN</schedulingStrategy><yieldDuration>1 sec</yieldDuration></config><name>Poll database</name><relationships><autoTerminate>true</autoTerminate><description>SQL query execution failed. Incoming FlowFile will be penalized and routed to this relationship</description><name>failure</name></relationships><relationships><autoTerminate>true</autoTerminate><description>Successful but no new data to process.</description><name>nodata</name></relationships><relationships><autoTerminate>false</autoTerminate><description>Successfully created FlowFile from .</description><name>success</name></relationships><state>STOPPED</state><style><entry><key>background-color</key><value>#3cff00</value></entry></style><supportsEventDriven>false</supportsEventDriven><supportsParallelProcessing>true</supportsParallelProcessing><type>com.thinkbiganalytics.nifi.v2.ingest.GetTableData</type></processors></snippet><timestamp>09/22/2016 00:32:29 UTC</timestamp></template>