<?xml version="1.0" encoding="UTF-8" standalone="yes"?><template><description></description><name>Data Ingest</name><snippet><connections><id>c73b5b03-5b13-44b9-b010-a3be6d80dafd</id><parentGroupId>b631d103-ed8f-4ca5-b4f2-4cc28e607773</parentGroupId><backPressureDataSizeThreshold>0 MB</backPressureDataSizeThreshold><backPressureObjectThreshold>0</backPressureObjectThreshold><destination><groupId>b631d103-ed8f-4ca5-b4f2-4cc28e607773</groupId><id>c1c1973c-a9a8-421c-976e-773c314d6eff</id><type>PROCESSOR</type></destination><flowFileExpiration>0 sec</flowFileExpiration><labelIndex>1</labelIndex><name></name><selectedRelationships>success</selectedRelationships><source><groupId>b631d103-ed8f-4ca5-b4f2-4cc28e607773</groupId><id>80783326-6195-461c-9d99-85f4eebb82de</id><type>PROCESSOR</type></source><zIndex>0</zIndex></connections><connections><id>b9a4dca2-1b92-47e2-a27a-ecbc42106b2a</id><parentGroupId>b631d103-ed8f-4ca5-b4f2-4cc28e607773</parentGroupId><backPressureDataSizeThreshold>0 MB</backPressureDataSizeThreshold><backPressureObjectThreshold>0</backPressureObjectThreshold><destination><groupId>b631d103-ed8f-4ca5-b4f2-4cc28e607773</groupId><id>f83ccbd8-0746-4997-9371-26998ab12393</id><type>PROCESSOR</type></destination><flowFileExpiration>0 sec</flowFileExpiration><labelIndex>1</labelIndex><name></name><selectedRelationships>success</selectedRelationships><source><groupId>b631d103-ed8f-4ca5-b4f2-4cc28e607773</groupId><id>c1c1973c-a9a8-421c-976e-773c314d6eff</id><type>PROCESSOR</type></source><zIndex>0</zIndex></connections><connections><id>225c9f2c-4266-4066-a063-c402526eadc5</id><parentGroupId>b631d103-ed8f-4ca5-b4f2-4cc28e607773</parentGroupId><backPressureDataSizeThreshold>0 MB</backPressureDataSizeThreshold><backPressureObjectThreshold>0</backPressureObjectThreshold><destination><groupId>b631d103-ed8f-4ca5-b4f2-4cc28e607773</groupId><id>06b538cd-d340-4bcd-9e3a-50a3cc17a255</id><type>OUTPUT_PORT</type></destination><flowFileExpiration>0 sec</flowFileExpiration><labelIndex>1</labelIndex><name></name><selectedRelationships>Success</selectedRelationships><source><groupId>b631d103-ed8f-4ca5-b4f2-4cc28e607773</groupId><id>ab2baecf-2fda-4e26-ab98-5fc5f657a1c7</id><type>PROCESSOR</type></source><zIndex>0</zIndex></connections><connections><id>1db9f95b-01bb-4e34-bbff-54769e71e413</id><parentGroupId>b631d103-ed8f-4ca5-b4f2-4cc28e607773</parentGroupId><backPressureDataSizeThreshold>0 MB</backPressureDataSizeThreshold><backPressureObjectThreshold>0</backPressureObjectThreshold><destination><groupId>b631d103-ed8f-4ca5-b4f2-4cc28e607773</groupId><id>8ec63866-d53b-4547-ab3f-bc0fc8bd63e9</id><type>OUTPUT_PORT</type></destination><flowFileExpiration>0 sec</flowFileExpiration><labelIndex>1</labelIndex><name></name><selectedRelationships>original</selectedRelationships><source><groupId>b631d103-ed8f-4ca5-b4f2-4cc28e607773</groupId><id>f83ccbd8-0746-4997-9371-26998ab12393</id><type>PROCESSOR</type></source><zIndex>0</zIndex></connections><connections><id>3465a199-ca0e-485e-bc94-bea46afbca19</id><parentGroupId>b631d103-ed8f-4ca5-b4f2-4cc28e607773</parentGroupId><backPressureDataSizeThreshold>0 MB</backPressureDataSizeThreshold><backPressureObjectThreshold>0</backPressureObjectThreshold><destination><groupId>b631d103-ed8f-4ca5-b4f2-4cc28e607773</groupId><id>fdad8b41-115d-4cee-9c35-3138aee84675</id><type>OUTPUT_PORT</type></destination><flowFileExpiration>0 sec</flowFileExpiration><labelIndex>1</labelIndex><name></name><selectedRelationships>success</selectedRelationships><source><groupId>b631d103-ed8f-4ca5-b4f2-4cc28e607773</groupId><id>4e81a400-fa18-4c11-8dcd-b2861015c92d</id><type>PROCESSOR</type></source><zIndex>0</zIndex></connections><connections><id>66b98973-e06b-4f9d-80f6-abcd16eb3765</id><parentGroupId>b631d103-ed8f-4ca5-b4f2-4cc28e607773</parentGroupId><backPressureDataSizeThreshold>0 MB</backPressureDataSizeThreshold><backPressureObjectThreshold>0</backPressureObjectThreshold><destination><groupId>b631d103-ed8f-4ca5-b4f2-4cc28e607773</groupId><id>cd31e101-cfa9-4546-904f-82944976766c</id><type>OUTPUT_PORT</type></destination><flowFileExpiration>0 sec</flowFileExpiration><labelIndex>1</labelIndex><name></name><selectedRelationships>failure</selectedRelationships><source><groupId>b631d103-ed8f-4ca5-b4f2-4cc28e607773</groupId><id>f83ccbd8-0746-4997-9371-26998ab12393</id><type>PROCESSOR</type></source><zIndex>0</zIndex></connections><connections><id>85d2cbbb-d7d6-43bc-9d54-81669180a58d</id><parentGroupId>b631d103-ed8f-4ca5-b4f2-4cc28e607773</parentGroupId><backPressureDataSizeThreshold>0 MB</backPressureDataSizeThreshold><backPressureObjectThreshold>0</backPressureObjectThreshold><destination><groupId>b631d103-ed8f-4ca5-b4f2-4cc28e607773</groupId><id>c1c1973c-a9a8-421c-976e-773c314d6eff</id><type>PROCESSOR</type></destination><flowFileExpiration>0 sec</flowFileExpiration><labelIndex>1</labelIndex><name></name><selectedRelationships>success</selectedRelationships><source><groupId>b631d103-ed8f-4ca5-b4f2-4cc28e607773</groupId><id>2c941668-87e7-40d2-ab19-8ac694bc38ec</id><type>PROCESSOR</type></source><zIndex>0</zIndex></connections><connections><id>e6a83496-61cc-49c5-9a32-f0f6b66caf90</id><parentGroupId>b631d103-ed8f-4ca5-b4f2-4cc28e607773</parentGroupId><backPressureDataSizeThreshold>0 MB</backPressureDataSizeThreshold><backPressureObjectThreshold>0</backPressureObjectThreshold><destination><groupId>b631d103-ed8f-4ca5-b4f2-4cc28e607773</groupId><id>4e81a400-fa18-4c11-8dcd-b2861015c92d</id><type>PROCESSOR</type></destination><flowFileExpiration>0 sec</flowFileExpiration><labelIndex>1</labelIndex><name></name><selectedRelationships>merged</selectedRelationships><source><groupId>b631d103-ed8f-4ca5-b4f2-4cc28e607773</groupId><id>f83ccbd8-0746-4997-9371-26998ab12393</id><type>PROCESSOR</type></source><zIndex>0</zIndex></connections><controllerServices><id>4ba53309-8162-4d44-994e-2197dee1ea61</id><comments></comments><descriptors><entry><key>Spring Context Service</key><value><allowableValues><displayName>SpringContextLoaderService</displayName><value>2e2e465d-4d5b-428a-bf0c-e02a30511398</value></allowableValues><allowableValues><displayName>SpringContextLoaderService</displayName><value>7dcbf146-ef50-40db-92b9-125baa2f2e75</value></allowableValues><description>Service for loading a Spring context and providing bean lookup.</description><displayName>Spring Context Service</displayName><dynamic>false</dynamic><identifiesControllerService>com.thinkbiganalytics.nifi.core.api.spring.SpringContextService</identifiesControllerService><name>Spring Context Service</name><required>true</required><sensitive>false</sensitive><supportsEl>false</supportsEl></value></entry></descriptors><name>Think Big Cleanup Service</name><properties><entry><key>Spring Context Service</key><value>2e2e465d-4d5b-428a-bf0c-e02a30511398</value></entry></properties><referencingComponents><activeThreadCount>0</activeThreadCount><descriptors><entry><key>Feed Cleanup Event Service</key><value><allowableValues><displayName>Think Big Cleanup Service</displayName><value>dd52f87f-14e0-4dad-840c-4a06df019e50</value></allowableValues><allowableValues><displayName>Think Big Cleanup Service</displayName><value>4ba53309-8162-4d44-994e-2197dee1ea61</value></allowableValues><description>Service that manages the cleanup of feeds.</description><displayName>Feed Cleanup Event Service</displayName><dynamic>false</dynamic><identifiesControllerService>com.thinkbiganalytics.nifi.core.api.cleanup.CleanupEventService</identifiesControllerService><name>Feed Cleanup Event Service</name><required>true</required><sensitive>false</sensitive><supportsEl>false</supportsEl></value></entry><entry><key>Metadata Provider Service</key><value><allowableValues><displayName>Think Big Metadata Service</displayName><value>79dd1f18-10a5-4d32-acbc-e91cacb35bcd</value></allowableValues><allowableValues><displayName>Think Big Metadata Service</displayName><value>58aec1d4-1ccb-47aa-bbb5-df6f58b724ad</value></allowableValues><description>Service supplying the implementations of the various metadata providers.</description><displayName>Metadata Provider Service</displayName><dynamic>false</dynamic><identifiesControllerService>com.thinkbiganalytics.nifi.core.api.metadata.MetadataProviderService</identifiesControllerService><name>Metadata Provider Service</name><required>true</required><sensitive>false</sensitive><supportsEl>false</supportsEl></value></entry><entry><key>System feed category</key><value><defaultValue>${metadata.category.systemName}</defaultValue><description>The category name of this feed. The default is to have this name automatically set when the feed is created. Normally you do not need to change the default value.</description><displayName>System feed category</displayName><dynamic>false</dynamic><name>System feed category</name><required>true</required><sensitive>false</sensitive><supportsEl>false</supportsEl></value></entry><entry><key>System feed name</key><value><defaultValue>${metadata.systemFeedName}</defaultValue><description>The system name of this feed. The default is to have this name automatically set when the feed is created. Normally you do not need to change the default value.</description><displayName>System feed name</displayName><dynamic>false</dynamic><name>System feed name</name><required>true</required><sensitive>false</sensitive><supportsEl>false</supportsEl></value></entry></descriptors><groupId>b631d103-ed8f-4ca5-b4f2-4cc28e607773</groupId><id>ab2baecf-2fda-4e26-ab98-5fc5f657a1c7</id><name>TriggerCleanup</name><properties><entry><key>Feed Cleanup Event Service</key><value>4ba53309-8162-4d44-994e-2197dee1ea61</value></entry><entry><key>Metadata Provider Service</key><value>58aec1d4-1ccb-47aa-bbb5-df6f58b724ad</value></entry><entry><key>System feed category</key><value>${metadata.category.systemName}</value></entry><entry><key>System feed name</key><value>${metadata.systemFeedName}</value></entry></properties><referenceType>Processor</referenceType><state>STOPPED</state><type>com.thinkbiganalytics.nifi.v2.metadata.TriggerCleanup</type><validationErrors>'Feed Cleanup Event Service' validated against 'Think Big Cleanup Service' is invalid because Controller Service JmsCleanupEventService[id=4ba53309-8162-4d44-994e-2197dee1ea61] is disabled</validationErrors><validationErrors>'Metadata Provider Service' validated against 'Think Big Metadata Service' is invalid because Controller Service MetadataProviderSelectorService[id=58aec1d4-1ccb-47aa-bbb5-df6f58b724ad] is disabled</validationErrors></referencingComponents><state>DISABLED</state><type>com.thinkbiganalytics.nifi.v2.core.cleanup.JmsCleanupEventService</type></controllerServices><controllerServices><id>2e2e465d-4d5b-428a-bf0c-e02a30511398</id><comments></comments><descriptors><entry><key>Configuraton Classes</key><value><description>A comma-separated list of fully qualified names of java config classes</description><displayName>Configuraton Classes</displayName><dynamic>false</dynamic><name>Configuraton Classes</name><required>false</required><sensitive>false</sensitive><supportsEl>false</supportsEl></value></entry></descriptors><name>SpringContextLoaderService</name><properties><entry><key>Configuraton Classes</key></entry></properties><referencingComponents><descriptors><entry><key>Spring Context Service</key><value><allowableValues><displayName>SpringContextLoaderService</displayName><value>2e2e465d-4d5b-428a-bf0c-e02a30511398</value></allowableValues><allowableValues><displayName>SpringContextLoaderService</displayName><value>7dcbf146-ef50-40db-92b9-125baa2f2e75</value></allowableValues><description>Service for loading a Spring context and providing bean lookup.</description><displayName>Spring Context Service</displayName><dynamic>false</dynamic><identifiesControllerService>com.thinkbiganalytics.nifi.core.api.spring.SpringContextService</identifiesControllerService><name>Spring Context Service</name><required>true</required><sensitive>false</sensitive><supportsEl>false</supportsEl></value></entry></descriptors><id>4ba53309-8162-4d44-994e-2197dee1ea61</id><name>Think Big Cleanup Service</name><properties><entry><key>Spring Context Service</key><value>2e2e465d-4d5b-428a-bf0c-e02a30511398</value></entry></properties><referenceCycle>false</referenceCycle><referenceType>ControllerService</referenceType><referencingComponents><activeThreadCount>0</activeThreadCount><descriptors><entry><key>Feed Cleanup Event Service</key><value><allowableValues><displayName>Think Big Cleanup Service</displayName><value>dd52f87f-14e0-4dad-840c-4a06df019e50</value></allowableValues><allowableValues><displayName>Think Big Cleanup Service</displayName><value>4ba53309-8162-4d44-994e-2197dee1ea61</value></allowableValues><description>Service that manages the cleanup of feeds.</description><displayName>Feed Cleanup Event Service</displayName><dynamic>false</dynamic><identifiesControllerService>com.thinkbiganalytics.nifi.core.api.cleanup.CleanupEventService</identifiesControllerService><name>Feed Cleanup Event Service</name><required>true</required><sensitive>false</sensitive><supportsEl>false</supportsEl></value></entry><entry><key>Metadata Provider Service</key><value><allowableValues><displayName>Think Big Metadata Service</displayName><value>79dd1f18-10a5-4d32-acbc-e91cacb35bcd</value></allowableValues><allowableValues><displayName>Think Big Metadata Service</displayName><value>58aec1d4-1ccb-47aa-bbb5-df6f58b724ad</value></allowableValues><description>Service supplying the implementations of the various metadata providers.</description><displayName>Metadata Provider Service</displayName><dynamic>false</dynamic><identifiesControllerService>com.thinkbiganalytics.nifi.core.api.metadata.MetadataProviderService</identifiesControllerService><name>Metadata Provider Service</name><required>true</required><sensitive>false</sensitive><supportsEl>false</supportsEl></value></entry><entry><key>System feed category</key><value><defaultValue>${metadata.category.systemName}</defaultValue><description>The category name of this feed. The default is to have this name automatically set when the feed is created. Normally you do not need to change the default value.</description><displayName>System feed category</displayName><dynamic>false</dynamic><name>System feed category</name><required>true</required><sensitive>false</sensitive><supportsEl>false</supportsEl></value></entry><entry><key>System feed name</key><value><defaultValue>${metadata.systemFeedName}</defaultValue><description>The system name of this feed. The default is to have this name automatically set when the feed is created. Normally you do not need to change the default value.</description><displayName>System feed name</displayName><dynamic>false</dynamic><name>System feed name</name><required>true</required><sensitive>false</sensitive><supportsEl>false</supportsEl></value></entry></descriptors><groupId>b631d103-ed8f-4ca5-b4f2-4cc28e607773</groupId><id>ab2baecf-2fda-4e26-ab98-5fc5f657a1c7</id><name>TriggerCleanup</name><properties><entry><key>Feed Cleanup Event Service</key><value>4ba53309-8162-4d44-994e-2197dee1ea61</value></entry><entry><key>Metadata Provider Service</key><value>58aec1d4-1ccb-47aa-bbb5-df6f58b724ad</value></entry><entry><key>System feed category</key><value>${metadata.category.systemName}</value></entry><entry><key>System feed name</key><value>${metadata.systemFeedName}</value></entry></properties><referenceType>Processor</referenceType><state>STOPPED</state><type>com.thinkbiganalytics.nifi.v2.metadata.TriggerCleanup</type><validationErrors>'Feed Cleanup Event Service' validated against 'Think Big Cleanup Service' is invalid because Controller Service JmsCleanupEventService[id=4ba53309-8162-4d44-994e-2197dee1ea61] is disabled</validationErrors><validationErrors>'Metadata Provider Service' validated against 'Think Big Metadata Service' is invalid because Controller Service MetadataProviderSelectorService[id=58aec1d4-1ccb-47aa-bbb5-df6f58b724ad] is disabled</validationErrors></referencingComponents><state>DISABLED</state><type>com.thinkbiganalytics.nifi.v2.core.cleanup.JmsCleanupEventService</type><validationErrors>'Spring Context Service' validated against 'SpringContextLoaderService' is invalid because Controller Service SpringContextLoaderService[id=2e2e465d-4d5b-428a-bf0c-e02a30511398] is disabled</validationErrors></referencingComponents><state>DISABLED</state><type>com.thinkbiganalytics.nifi.v2.core.spring.SpringContextLoaderService</type></controllerServices><controllerServices><id>58aec1d4-1ccb-47aa-bbb5-df6f58b724ad</id><comments></comments><descriptors><entry><key>Implementation</key><value><allowableValues><description>An implemenation that stores metadata locally in memory (for development-only)</description><displayName>Local, In-memory storage</displayName><value>LOCAL</value></allowableValues><allowableValues><description>An implemenation that accesses metadata via the metadata service REST API</description><displayName>REST API</displayName><value>REMOTE</value></allowableValues><defaultValue>REMOTE</defaultValue><description>Specifies which implementation of the metadata providers should be used</description><displayName>Implementation</displayName><dynamic>false</dynamic><name>Implementation</name><required>true</required><sensitive>false</sensitive><supportsEl>false</supportsEl></value></entry><entry><key>rest-client-url</key><value><defaultValue>http://localhost:8400/proxy/metadata</defaultValue><description>The base URL to the metadata server when the REST API client implementation is chosen.</description><displayName>REST Client URL</displayName><dynamic>false</dynamic><name>rest-client-url</name><required>false</required><sensitive>false</sensitive><supportsEl>false</supportsEl></value></entry><entry><key>client-username</key><value><defaultValue>dladmin</defaultValue><description>Optional user name if the client requires a credential</description><displayName>REST Client User Name</displayName><dynamic>false</dynamic><name>client-username</name><required>false</required><sensitive>false</sensitive><supportsEl>false</supportsEl></value></entry><entry><key>client-password</key><value><defaultValue></defaultValue><description>Optional password if the client requires a credential</description><displayName>REST Client Password</displayName><dynamic>false</dynamic><name>client-password</name><required>false</required><sensitive>true</sensitive><supportsEl>false</supportsEl></value></entry></descriptors><name>Think Big Metadata Service</name><properties><entry><key>Implementation</key><value>REMOTE</value></entry><entry><key>rest-client-url</key><value>http://localhost:8400/proxy/metadata</value></entry><entry><key>client-username</key><value>dladmin</value></entry><entry><key>client-password</key></entry></properties><referencingComponents><activeThreadCount>0</activeThreadCount><descriptors><entry><key>Source Database Connection</key><value><allowableValues><displayName>MySQL</displayName><value>022338eb-f248-4357-8178-799d908871cb</value></allowableValues><allowableValues><displayName>MySQL</displayName><value>93c6ed65-cbb9-4962-a785-4a0ef0c0ce2b</value></allowableValues><description>The database where the source table resides</description><displayName>Source Database Connection</displayName><dynamic>false</dynamic><identifiesControllerService>org.apache.nifi.dbcp.DBCPService</identifiesControllerService><name>Source Database Connection</name><required>true</required><sensitive>false</sensitive><supportsEl>false</supportsEl></value></entry><entry><key>Metadata Service</key><value><allowableValues><displayName>Think Big Metadata Service</displayName><value>79dd1f18-10a5-4d32-acbc-e91cacb35bcd</value></allowableValues><allowableValues><displayName>Think Big Metadata Service</displayName><value>58aec1d4-1ccb-47aa-bbb5-df6f58b724ad</value></allowableValues><description>Think Big metadata service</description><displayName>Metadata Service</displayName><dynamic>false</dynamic><identifiesControllerService>com.thinkbiganalytics.nifi.core.api.metadata.MetadataProviderService</identifiesControllerService><name>Metadata Service</name><required>true</required><sensitive>false</sensitive><supportsEl>false</supportsEl></value></entry><entry><key>System feed category</key><value><defaultValue>${category}</defaultValue><description>System category of feed this processor supports</description><displayName>System feed category</displayName><dynamic>false</dynamic><name>System feed category</name><required>true</required><sensitive>false</sensitive><supportsEl>true</supportsEl></value></entry><entry><key>System feed name</key><value><defaultValue>${feed}</defaultValue><description>Name of feed this processor supports</description><displayName>System feed name</displayName><dynamic>false</dynamic><name>System feed name</name><required>true</required><sensitive>false</sensitive><supportsEl>true</supportsEl></value></entry><entry><key>Source Table</key><value><defaultValue>${metadata.table.sourceTableSchema.name}</defaultValue><description>Name of table including schema (if applicable)</description><displayName>Source Table</displayName><dynamic>false</dynamic><name>Source Table</name><required>true</required><sensitive>false</sensitive><supportsEl>true</supportsEl></value></entry><entry><key>Source Fields</key><value><defaultValue>${metadata.table.sourceFields}</defaultValue><description>Field names (in order) to read from the source table. ie. the select fields. The format is separated by newline. Inconsistent order will cause corruption of the downstream Hive data.</description><displayName>Source Fields</displayName><dynamic>false</dynamic><name>Source Fields</name><required>true</required><sensitive>false</sensitive><supportsEl>true</supportsEl></value></entry><entry><key>Load Strategy</key><value><allowableValues><displayName>FULL_LOAD</displayName><value>FULL_LOAD</value></allowableValues><allowableValues><displayName>INCREMENTAL</displayName><value>INCREMENTAL</value></allowableValues><defaultValue>FULL_LOAD</defaultValue><description>Whether to load the entire table or perform an incremental extract</description><displayName>Load Strategy</displayName><dynamic>false</dynamic><name>Load Strategy</name><required>true</required><sensitive>false</sensitive><supportsEl>false</supportsEl></value></entry><entry><key>Date Field</key><value><description>Source field containing a modified date for tracking incremental load</description><displayName>Date Field</displayName><dynamic>false</dynamic><name>Date Field</name><required>false</required><sensitive>false</sensitive><supportsEl>true</supportsEl></value></entry><entry><key>Overlap Period</key><value><defaultValue>0 seconds</defaultValue><description>Amount of time to overlap into the last load date to ensure long running transactions missed by previous load weren't missed. Recommended: &gt;0s</description><displayName>Overlap Period</displayName><dynamic>false</dynamic><name>Overlap Period</name><required>false</required><sensitive>false</sensitive><supportsEl>true</supportsEl></value></entry><entry><key>Max Wait Time</key><value><defaultValue>0 seconds</defaultValue><description>The maximum amount of time allowed for a running SQL select query  , zero means there is no limit. Max time less than 1 second will be equal to zero.</description><displayName>Max Wait Time</displayName><dynamic>false</dynamic><name>Max Wait Time</name><required>true</required><sensitive>false</sensitive><supportsEl>false</supportsEl></value></entry><entry><key>Backoff Period</key><value><defaultValue>300 seconds</defaultValue><description>Only records older than the backoff period will be eligible for pickup. This can be used in the ILM use case to define a retention period. Recommended: &gt;5m</description><displayName>Backoff Period</displayName><dynamic>false</dynamic><name>Backoff Period</name><required>true</required><sensitive>false</sensitive><supportsEl>false</supportsEl></value></entry><entry><key>Minimum Time Unit</key><value><allowableValues><displayName>NONE</displayName><value>NONE</value></allowableValues><allowableValues><displayName>HOUR</displayName><value>HOUR</value></allowableValues><allowableValues><displayName>DAY</displayName><value>DAY</value></allowableValues><allowableValues><displayName>WEEK</displayName><value>WEEK</value></allowableValues><allowableValues><displayName>MONTH</displayName><value>MONTH</value></allowableValues><allowableValues><displayName>YEAR</displayName><value>YEAR</value></allowableValues><defaultValue>NONE</defaultValue><description>The minimum unit of data eligible to load. For the ILM case, this would be DAY, WEEK, MONTH, YEAR , zero means there is no limit. Max time less than 1 second will be equal to zero.</description><displayName>Minimum Time Unit</displayName><dynamic>false</dynamic><name>Minimum Time Unit</name><required>true</required><sensitive>false</sensitive><supportsEl>false</supportsEl></value></entry></descriptors><groupId>b631d103-ed8f-4ca5-b4f2-4cc28e607773</groupId><id>2c941668-87e7-40d2-ab19-8ac694bc38ec</id><name>Poll database</name><properties><entry><key>Source Database Connection</key><value>93c6ed65-cbb9-4962-a785-4a0ef0c0ce2b</value></entry><entry><key>Metadata Service</key><value>58aec1d4-1ccb-47aa-bbb5-df6f58b724ad</value></entry><entry><key>System feed category</key><value>${metadata.category.systemName}</value></entry><entry><key>System feed name</key><value>${metadata.systemFeedName}</value></entry><entry><key>Source Table</key><value>${metadata.table.sourceTableSchema.name}</value></entry><entry><key>Source Fields</key><value>${metadata.table.sourceFields}</value></entry><entry><key>Load Strategy</key><value>FULL_LOAD</value></entry><entry><key>Date Field</key></entry><entry><key>Overlap Period</key><value>300 seconds</value></entry><entry><key>Max Wait Time</key><value>0 seconds</value></entry><entry><key>Backoff Period</key><value>300 seconds</value></entry><entry><key>Minimum Time Unit</key><value>NONE</value></entry></properties><referenceType>Processor</referenceType><state>STOPPED</state><type>com.thinkbiganalytics.nifi.v2.ingest.GetTableData</type><validationErrors>'Source Database Connection' validated against 'MySQL' is invalid because Controller Service DBCPConnectionPool[id=93c6ed65-cbb9-4962-a785-4a0ef0c0ce2b] is disabled</validationErrors><validationErrors>'Metadata Service' validated against 'Think Big Metadata Service' is invalid because Controller Service MetadataProviderSelectorService[id=58aec1d4-1ccb-47aa-bbb5-df6f58b724ad] is disabled</validationErrors></referencingComponents><referencingComponents><activeThreadCount>0</activeThreadCount><descriptors><entry><key>Feed Cleanup Event Service</key><value><allowableValues><displayName>Think Big Cleanup Service</displayName><value>dd52f87f-14e0-4dad-840c-4a06df019e50</value></allowableValues><allowableValues><displayName>Think Big Cleanup Service</displayName><value>4ba53309-8162-4d44-994e-2197dee1ea61</value></allowableValues><description>Service that manages the cleanup of feeds.</description><displayName>Feed Cleanup Event Service</displayName><dynamic>false</dynamic><identifiesControllerService>com.thinkbiganalytics.nifi.core.api.cleanup.CleanupEventService</identifiesControllerService><name>Feed Cleanup Event Service</name><required>true</required><sensitive>false</sensitive><supportsEl>false</supportsEl></value></entry><entry><key>Metadata Provider Service</key><value><allowableValues><displayName>Think Big Metadata Service</displayName><value>79dd1f18-10a5-4d32-acbc-e91cacb35bcd</value></allowableValues><allowableValues><displayName>Think Big Metadata Service</displayName><value>58aec1d4-1ccb-47aa-bbb5-df6f58b724ad</value></allowableValues><description>Service supplying the implementations of the various metadata providers.</description><displayName>Metadata Provider Service</displayName><dynamic>false</dynamic><identifiesControllerService>com.thinkbiganalytics.nifi.core.api.metadata.MetadataProviderService</identifiesControllerService><name>Metadata Provider Service</name><required>true</required><sensitive>false</sensitive><supportsEl>false</supportsEl></value></entry><entry><key>System feed category</key><value><defaultValue>${metadata.category.systemName}</defaultValue><description>The category name of this feed. The default is to have this name automatically set when the feed is created. Normally you do not need to change the default value.</description><displayName>System feed category</displayName><dynamic>false</dynamic><name>System feed category</name><required>true</required><sensitive>false</sensitive><supportsEl>false</supportsEl></value></entry><entry><key>System feed name</key><value><defaultValue>${metadata.systemFeedName}</defaultValue><description>The system name of this feed. The default is to have this name automatically set when the feed is created. Normally you do not need to change the default value.</description><displayName>System feed name</displayName><dynamic>false</dynamic><name>System feed name</name><required>true</required><sensitive>false</sensitive><supportsEl>false</supportsEl></value></entry></descriptors><groupId>b631d103-ed8f-4ca5-b4f2-4cc28e607773</groupId><id>ab2baecf-2fda-4e26-ab98-5fc5f657a1c7</id><name>TriggerCleanup</name><properties><entry><key>Feed Cleanup Event Service</key><value>4ba53309-8162-4d44-994e-2197dee1ea61</value></entry><entry><key>Metadata Provider Service</key><value>58aec1d4-1ccb-47aa-bbb5-df6f58b724ad</value></entry><entry><key>System feed category</key><value>${metadata.category.systemName}</value></entry><entry><key>System feed name</key><value>${metadata.systemFeedName}</value></entry></properties><referenceType>Processor</referenceType><state>STOPPED</state><type>com.thinkbiganalytics.nifi.v2.metadata.TriggerCleanup</type><validationErrors>'Feed Cleanup Event Service' validated against 'Think Big Cleanup Service' is invalid because Controller Service JmsCleanupEventService[id=4ba53309-8162-4d44-994e-2197dee1ea61] is disabled</validationErrors><validationErrors>'Metadata Provider Service' validated against 'Think Big Metadata Service' is invalid because Controller Service MetadataProviderSelectorService[id=58aec1d4-1ccb-47aa-bbb5-df6f58b724ad] is disabled</validationErrors></referencingComponents><state>DISABLED</state><type>com.thinkbiganalytics.nifi.v2.core.metadata.MetadataProviderSelectorService</type></controllerServices><controllerServices><id>93c6ed65-cbb9-4962-a785-4a0ef0c0ce2b</id><comments></comments><descriptors><entry><key>Database Connection URL</key><value><description>A database connection URL used to connect to a database. May contain database system name, host, port, database name and some parameters. The exact syntax of a database connection URL is specified by your DBMS.</description><displayName>Database Connection URL</displayName><dynamic>false</dynamic><name>Database Connection URL</name><required>true</required><sensitive>false</sensitive><supportsEl>false</supportsEl></value></entry><entry><key>Database Driver Class Name</key><value><description>Database driver class name</description><displayName>Database Driver Class Name</displayName><dynamic>false</dynamic><name>Database Driver Class Name</name><required>true</required><sensitive>false</sensitive><supportsEl>false</supportsEl></value></entry><entry><key>Database Driver Jar Url</key><value><description>Optional database driver jar file path url. For example 'file:///var/tmp/mariadb-java-client-1.1.7.jar'</description><displayName>Database Driver Jar Url</displayName><dynamic>false</dynamic><name>Database Driver Jar Url</name><required>false</required><sensitive>false</sensitive><supportsEl>false</supportsEl></value></entry><entry><key>Database User</key><value><description>Database user name</description><displayName>Database User</displayName><dynamic>false</dynamic><name>Database User</name><required>false</required><sensitive>false</sensitive><supportsEl>false</supportsEl></value></entry><entry><key>Password</key><value><description>The password for the database user</description><displayName>Password</displayName><dynamic>false</dynamic><name>Password</name><required>false</required><sensitive>true</sensitive><supportsEl>false</supportsEl></value></entry><entry><key>Max Wait Time</key><value><defaultValue>500 millis</defaultValue><description>The maximum amount of time that the pool will wait (when there are no available connections)  for a connection to be returned before failing, or -1 to wait indefinitely. </description><displayName>Max Wait Time</displayName><dynamic>false</dynamic><name>Max Wait Time</name><required>true</required><sensitive>false</sensitive><supportsEl>false</supportsEl></value></entry><entry><key>Max Total Connections</key><value><defaultValue>8</defaultValue><description>The maximum number of active connections that can be allocated from this pool at the same time,  or negative for no limit.</description><displayName>Max Total Connections</displayName><dynamic>false</dynamic><name>Max Total Connections</name><required>true</required><sensitive>false</sensitive><supportsEl>false</supportsEl></value></entry></descriptors><name>MySQL</name><properties><entry><key>Database Connection URL</key><value>jdbc:mysql://localhost</value></entry><entry><key>Database Driver Class Name</key><value>com.mysql.jdbc.Driver</value></entry><entry><key>Database Driver Jar Url</key><value>file:///opt/nifi/mysql/mysql-connector-java-5.1.32.jar</value></entry><entry><key>Database User</key><value>nifi</value></entry><entry><key>Password</key></entry><entry><key>Max Wait Time</key><value>500 millis</value></entry><entry><key>Max Total Connections</key><value>8</value></entry></properties><referencingComponents><activeThreadCount>0</activeThreadCount><descriptors><entry><key>Source Database Connection</key><value><allowableValues><displayName>MySQL</displayName><value>022338eb-f248-4357-8178-799d908871cb</value></allowableValues><allowableValues><displayName>MySQL</displayName><value>93c6ed65-cbb9-4962-a785-4a0ef0c0ce2b</value></allowableValues><description>The database where the source table resides</description><displayName>Source Database Connection</displayName><dynamic>false</dynamic><identifiesControllerService>org.apache.nifi.dbcp.DBCPService</identifiesControllerService><name>Source Database Connection</name><required>true</required><sensitive>false</sensitive><supportsEl>false</supportsEl></value></entry><entry><key>Metadata Service</key><value><allowableValues><displayName>Think Big Metadata Service</displayName><value>79dd1f18-10a5-4d32-acbc-e91cacb35bcd</value></allowableValues><allowableValues><displayName>Think Big Metadata Service</displayName><value>58aec1d4-1ccb-47aa-bbb5-df6f58b724ad</value></allowableValues><description>Think Big metadata service</description><displayName>Metadata Service</displayName><dynamic>false</dynamic><identifiesControllerService>com.thinkbiganalytics.nifi.core.api.metadata.MetadataProviderService</identifiesControllerService><name>Metadata Service</name><required>true</required><sensitive>false</sensitive><supportsEl>false</supportsEl></value></entry><entry><key>System feed category</key><value><defaultValue>${category}</defaultValue><description>System category of feed this processor supports</description><displayName>System feed category</displayName><dynamic>false</dynamic><name>System feed category</name><required>true</required><sensitive>false</sensitive><supportsEl>true</supportsEl></value></entry><entry><key>System feed name</key><value><defaultValue>${feed}</defaultValue><description>Name of feed this processor supports</description><displayName>System feed name</displayName><dynamic>false</dynamic><name>System feed name</name><required>true</required><sensitive>false</sensitive><supportsEl>true</supportsEl></value></entry><entry><key>Source Table</key><value><defaultValue>${metadata.table.sourceTableSchema.name}</defaultValue><description>Name of table including schema (if applicable)</description><displayName>Source Table</displayName><dynamic>false</dynamic><name>Source Table</name><required>true</required><sensitive>false</sensitive><supportsEl>true</supportsEl></value></entry><entry><key>Source Fields</key><value><defaultValue>${metadata.table.sourceFields}</defaultValue><description>Field names (in order) to read from the source table. ie. the select fields. The format is separated by newline. Inconsistent order will cause corruption of the downstream Hive data.</description><displayName>Source Fields</displayName><dynamic>false</dynamic><name>Source Fields</name><required>true</required><sensitive>false</sensitive><supportsEl>true</supportsEl></value></entry><entry><key>Load Strategy</key><value><allowableValues><displayName>FULL_LOAD</displayName><value>FULL_LOAD</value></allowableValues><allowableValues><displayName>INCREMENTAL</displayName><value>INCREMENTAL</value></allowableValues><defaultValue>FULL_LOAD</defaultValue><description>Whether to load the entire table or perform an incremental extract</description><displayName>Load Strategy</displayName><dynamic>false</dynamic><name>Load Strategy</name><required>true</required><sensitive>false</sensitive><supportsEl>false</supportsEl></value></entry><entry><key>Date Field</key><value><description>Source field containing a modified date for tracking incremental load</description><displayName>Date Field</displayName><dynamic>false</dynamic><name>Date Field</name><required>false</required><sensitive>false</sensitive><supportsEl>true</supportsEl></value></entry><entry><key>Overlap Period</key><value><defaultValue>0 seconds</defaultValue><description>Amount of time to overlap into the last load date to ensure long running transactions missed by previous load weren't missed. Recommended: &gt;0s</description><displayName>Overlap Period</displayName><dynamic>false</dynamic><name>Overlap Period</name><required>false</required><sensitive>false</sensitive><supportsEl>true</supportsEl></value></entry><entry><key>Max Wait Time</key><value><defaultValue>0 seconds</defaultValue><description>The maximum amount of time allowed for a running SQL select query  , zero means there is no limit. Max time less than 1 second will be equal to zero.</description><displayName>Max Wait Time</displayName><dynamic>false</dynamic><name>Max Wait Time</name><required>true</required><sensitive>false</sensitive><supportsEl>false</supportsEl></value></entry><entry><key>Backoff Period</key><value><defaultValue>300 seconds</defaultValue><description>Only records older than the backoff period will be eligible for pickup. This can be used in the ILM use case to define a retention period. Recommended: &gt;5m</description><displayName>Backoff Period</displayName><dynamic>false</dynamic><name>Backoff Period</name><required>true</required><sensitive>false</sensitive><supportsEl>false</supportsEl></value></entry><entry><key>Minimum Time Unit</key><value><allowableValues><displayName>NONE</displayName><value>NONE</value></allowableValues><allowableValues><displayName>HOUR</displayName><value>HOUR</value></allowableValues><allowableValues><displayName>DAY</displayName><value>DAY</value></allowableValues><allowableValues><displayName>WEEK</displayName><value>WEEK</value></allowableValues><allowableValues><displayName>MONTH</displayName><value>MONTH</value></allowableValues><allowableValues><displayName>YEAR</displayName><value>YEAR</value></allowableValues><defaultValue>NONE</defaultValue><description>The minimum unit of data eligible to load. For the ILM case, this would be DAY, WEEK, MONTH, YEAR , zero means there is no limit. Max time less than 1 second will be equal to zero.</description><displayName>Minimum Time Unit</displayName><dynamic>false</dynamic><name>Minimum Time Unit</name><required>true</required><sensitive>false</sensitive><supportsEl>false</supportsEl></value></entry></descriptors><groupId>b631d103-ed8f-4ca5-b4f2-4cc28e607773</groupId><id>2c941668-87e7-40d2-ab19-8ac694bc38ec</id><name>Poll database</name><properties><entry><key>Source Database Connection</key><value>93c6ed65-cbb9-4962-a785-4a0ef0c0ce2b</value></entry><entry><key>Metadata Service</key><value>58aec1d4-1ccb-47aa-bbb5-df6f58b724ad</value></entry><entry><key>System feed category</key><value>${metadata.category.systemName}</value></entry><entry><key>System feed name</key><value>${metadata.systemFeedName}</value></entry><entry><key>Source Table</key><value>${metadata.table.sourceTableSchema.name}</value></entry><entry><key>Source Fields</key><value>${metadata.table.sourceFields}</value></entry><entry><key>Load Strategy</key><value>FULL_LOAD</value></entry><entry><key>Date Field</key></entry><entry><key>Overlap Period</key><value>300 seconds</value></entry><entry><key>Max Wait Time</key><value>0 seconds</value></entry><entry><key>Backoff Period</key><value>300 seconds</value></entry><entry><key>Minimum Time Unit</key><value>NONE</value></entry></properties><referenceType>Processor</referenceType><state>STOPPED</state><type>com.thinkbiganalytics.nifi.v2.ingest.GetTableData</type><validationErrors>'Source Database Connection' validated against 'MySQL' is invalid because Controller Service DBCPConnectionPool[id=93c6ed65-cbb9-4962-a785-4a0ef0c0ce2b] is disabled</validationErrors><validationErrors>'Metadata Service' validated against 'Think Big Metadata Service' is invalid because Controller Service MetadataProviderSelectorService[id=58aec1d4-1ccb-47aa-bbb5-df6f58b724ad] is disabled</validationErrors></referencingComponents><state>DISABLED</state><type>org.apache.nifi.dbcp.DBCPConnectionPool</type></controllerServices><outputPorts><id>06b538cd-d340-4bcd-9e3a-50a3cc17a255</id><parentGroupId>b631d103-ed8f-4ca5-b4f2-4cc28e607773</parentGroupId><position><x>1440.0815687990093</x><y>245.35165074878591</y></position><comments></comments><concurrentlySchedulableTaskCount>1</concurrentlySchedulableTaskCount><name>to-standard-cleanup</name><state>STOPPED</state><type>OUTPUT_PORT</type><validationErrors>'Port 'to-standard-cleanup'' is invalid because Output connection for port 'to-standard-cleanup' is not defined.</validationErrors></outputPorts><outputPorts><id>fdad8b41-115d-4cee-9c35-3138aee84675</id><parentGroupId>b631d103-ed8f-4ca5-b4f2-4cc28e607773</parentGroupId><position><x>1816.4315064512764</x><y>923.3187394305642</y></position><comments></comments><concurrentlySchedulableTaskCount>1</concurrentlySchedulableTaskCount><name>to-standard-ingest</name><state>STOPPED</state><type>OUTPUT_PORT</type><validationErrors>'Port 'to-standard-ingest'' is invalid because Output connection for port 'to-standard-ingest' is not defined.</validationErrors></outputPorts><outputPorts><id>8ec63866-d53b-4547-ab3f-bc0fc8bd63e9</id><parentGroupId>b631d103-ed8f-4ca5-b4f2-4cc28e607773</parentGroupId><position><x>1456.3069327501305</x><y>985.3527556360709</y></position><comments></comments><concurrentlySchedulableTaskCount>1</concurrentlySchedulableTaskCount><name>to-archive-originals</name><state>STOPPED</state><type>OUTPUT_PORT</type><validationErrors>'Port 'to-archive-originals'' is invalid because Output connection for port 'to-archive-originals' is not defined.</validationErrors></outputPorts><outputPorts><id>cd31e101-cfa9-4546-904f-82944976766c</id><parentGroupId>b631d103-ed8f-4ca5-b4f2-4cc28e607773</parentGroupId><position><x>836.3022110502234</x><y>955.6683750535303</y></position><comments></comments><concurrentlySchedulableTaskCount>1</concurrentlySchedulableTaskCount><name>to-failure</name><state>STOPPED</state><type>OUTPUT_PORT</type><validationErrors>'Port 'to-failure'' is invalid because Output connection for port 'to-failure' is not defined.</validationErrors></outputPorts><processors><id>4e81a400-fa18-4c11-8dcd-b2861015c92d</id><parentGroupId>b631d103-ed8f-4ca5-b4f2-4cc28e607773</parentGroupId><position><x>1722.1878700256352</x><y>637.4039062395973</y></position><config><bulletinLevel>WARN</bulletinLevel><comments></comments><concurrentlySchedulableTaskCount>1</concurrentlySchedulableTaskCount><defaultConcurrentTasks><entry><key>TIMER_DRIVEN</key><value>1</value></entry><entry><key>EVENT_DRIVEN</key><value>0</value></entry><entry><key>CRON_DRIVEN</key><value>1</value></entry></defaultConcurrentTasks><defaultSchedulingPeriod><entry><key>TIMER_DRIVEN</key><value>0 sec</value></entry><entry><key>CRON_DRIVEN</key><value>* * * * * ?</value></entry></defaultSchedulingPeriod><descriptors><entry><key>Delete Attributes Expression</key><value><description>Regular expression for attributes to be deleted from flowfiles.</description><displayName>Delete Attributes Expression</displayName><dynamic>false</dynamic><name>Delete Attributes Expression</name><required>false</required><sensitive>false</sensitive><supportsEl>true</supportsEl></value></entry><entry><key>feedts</key><value><description></description><displayName>feedts</displayName><dynamic>true</dynamic><name>feedts</name><required>false</required><sensitive>false</sensitive><supportsEl>true</supportsEl></value></entry></descriptors><lossTolerant>false</lossTolerant><penaltyDuration>30 sec</penaltyDuration><properties><entry><key>Delete Attributes Expression</key></entry><entry><key>feedts</key><value>${now():toNumber()}</value></entry></properties><runDurationMillis>0</runDurationMillis><schedulingPeriod>0 sec</schedulingPeriod><schedulingStrategy>TIMER_DRIVEN</schedulingStrategy><yieldDuration>1 sec</yieldDuration></config><name>Update feed timestamp</name><relationships><autoTerminate>false</autoTerminate><description>All FlowFiles are routed to this relationship</description><name>success</name></relationships><state>STOPPED</state><style><entry><key>background-color</key><value>#11f237</value></entry></style><supportsEventDriven>true</supportsEventDriven><supportsParallelProcessing>true</supportsParallelProcessing><type>org.apache.nifi.processors.attributes.UpdateAttribute</type></processors><processors><id>80783326-6195-461c-9d99-85f4eebb82de</id><parentGroupId>b631d103-ed8f-4ca5-b4f2-4cc28e607773</parentGroupId><position><x>387.0</x><y>374.90599669369885</y></position><config><bulletinLevel>WARN</bulletinLevel><comments></comments><concurrentlySchedulableTaskCount>1</concurrentlySchedulableTaskCount><defaultConcurrentTasks><entry><key>TIMER_DRIVEN</key><value>1</value></entry><entry><key>EVENT_DRIVEN</key><value>0</value></entry><entry><key>CRON_DRIVEN</key><value>1</value></entry></defaultConcurrentTasks><defaultSchedulingPeriod><entry><key>TIMER_DRIVEN</key><value>0 sec</value></entry><entry><key>CRON_DRIVEN</key><value>* * * * * ?</value></entry></defaultSchedulingPeriod><descriptors><entry><key>Input Directory</key><value><description>The input directory from which to pull files</description><displayName>Input Directory</displayName><dynamic>false</dynamic><name>Input Directory</name><required>true</required><sensitive>false</sensitive><supportsEl>true</supportsEl></value></entry><entry><key>File Filter</key><value><defaultValue>[^\.].*</defaultValue><description>Only files whose names match the given regular expression will be picked up</description><displayName>File Filter</displayName><dynamic>false</dynamic><name>File Filter</name><required>true</required><sensitive>false</sensitive><supportsEl>false</supportsEl></value></entry><entry><key>Path Filter</key><value><description>When Recurse Subdirectories is true, then only subdirectories whose path matches the given regular expression will be scanned</description><displayName>Path Filter</displayName><dynamic>false</dynamic><name>Path Filter</name><required>false</required><sensitive>false</sensitive><supportsEl>false</supportsEl></value></entry><entry><key>Batch Size</key><value><defaultValue>10</defaultValue><description>The maximum number of files to pull in each iteration</description><displayName>Batch Size</displayName><dynamic>false</dynamic><name>Batch Size</name><required>true</required><sensitive>false</sensitive><supportsEl>false</supportsEl></value></entry><entry><key>Keep Source File</key><value><allowableValues><displayName>true</displayName><value>true</value></allowableValues><allowableValues><displayName>false</displayName><value>false</value></allowableValues><defaultValue>false</defaultValue><description>If true, the file is not deleted after it has been copied to the Content Repository; this causes the file to be picked up continually and is useful for testing purposes.  If not keeping original NiFi will need write permissions on the directory it is pulling from otherwise it will ignore the file.</description><displayName>Keep Source File</displayName><dynamic>false</dynamic><name>Keep Source File</name><required>true</required><sensitive>false</sensitive><supportsEl>false</supportsEl></value></entry><entry><key>Recurse Subdirectories</key><value><allowableValues><displayName>true</displayName><value>true</value></allowableValues><allowableValues><displayName>false</displayName><value>false</value></allowableValues><defaultValue>true</defaultValue><description>Indicates whether or not to pull files from subdirectories</description><displayName>Recurse Subdirectories</displayName><dynamic>false</dynamic><name>Recurse Subdirectories</name><required>true</required><sensitive>false</sensitive><supportsEl>false</supportsEl></value></entry><entry><key>Polling Interval</key><value><defaultValue>0 sec</defaultValue><description>Indicates how long to wait before performing a directory listing</description><displayName>Polling Interval</displayName><dynamic>false</dynamic><name>Polling Interval</name><required>true</required><sensitive>false</sensitive><supportsEl>false</supportsEl></value></entry><entry><key>Ignore Hidden Files</key><value><allowableValues><displayName>true</displayName><value>true</value></allowableValues><allowableValues><displayName>false</displayName><value>false</value></allowableValues><defaultValue>true</defaultValue><description>Indicates whether or not hidden files should be ignored</description><displayName>Ignore Hidden Files</displayName><dynamic>false</dynamic><name>Ignore Hidden Files</name><required>true</required><sensitive>false</sensitive><supportsEl>false</supportsEl></value></entry><entry><key>Minimum File Age</key><value><defaultValue>0 sec</defaultValue><description>The minimum age that a file must be in order to be pulled; any file younger than this amount of time (according to last modification date) will be ignored</description><displayName>Minimum File Age</displayName><dynamic>false</dynamic><name>Minimum File Age</name><required>true</required><sensitive>false</sensitive><supportsEl>false</supportsEl></value></entry><entry><key>Maximum File Age</key><value><description>The maximum age that a file must be in order to be pulled; any file older than this amount of time (according to last modification date) will be ignored</description><displayName>Maximum File Age</displayName><dynamic>false</dynamic><name>Maximum File Age</name><required>false</required><sensitive>false</sensitive><supportsEl>false</supportsEl></value></entry><entry><key>Minimum File Size</key><value><defaultValue>0 B</defaultValue><description>The minimum size that a file must be in order to be pulled</description><displayName>Minimum File Size</displayName><dynamic>false</dynamic><name>Minimum File Size</name><required>true</required><sensitive>false</sensitive><supportsEl>false</supportsEl></value></entry><entry><key>Maximum File Size</key><value><description>The maximum size that a file can be in order to be pulled</description><displayName>Maximum File Size</displayName><dynamic>false</dynamic><name>Maximum File Size</name><required>false</required><sensitive>false</sensitive><supportsEl>false</supportsEl></value></entry></descriptors><lossTolerant>false</lossTolerant><penaltyDuration>30 sec</penaltyDuration><properties><entry><key>Input Directory</key><value>/var/dropzone</value></entry><entry><key>File Filter</key><value>mydata\d{1,3}.csv</value></entry><entry><key>Path Filter</key></entry><entry><key>Batch Size</key><value>100</value></entry><entry><key>Keep Source File</key><value>false</value></entry><entry><key>Recurse Subdirectories</key><value>false</value></entry><entry><key>Polling Interval</key><value>0 sec</value></entry><entry><key>Ignore Hidden Files</key><value>true</value></entry><entry><key>Minimum File Age</key><value>0 sec</value></entry><entry><key>Maximum File Age</key></entry><entry><key>Minimum File Size</key><value>0 B</value></entry><entry><key>Maximum File Size</key></entry></properties><runDurationMillis>0</runDurationMillis><schedulingPeriod>15 sec</schedulingPeriod><schedulingStrategy>TIMER_DRIVEN</schedulingStrategy><yieldDuration>1 sec</yieldDuration></config><name>Poll filesystem</name><relationships><autoTerminate>false</autoTerminate><description>All files are routed to success</description><name>success</name></relationships><state>STOPPED</state><style><entry><key>background-color</key><value>#11f237</value></entry></style><supportsEventDriven>false</supportsEventDriven><supportsParallelProcessing>true</supportsParallelProcessing><type>org.apache.nifi.processors.standard.GetFile</type></processors><processors><id>f83ccbd8-0746-4997-9371-26998ab12393</id><parentGroupId>b631d103-ed8f-4ca5-b4f2-4cc28e607773</parentGroupId><position><x>1064.413469056722</x><y>639.53473098862</y></position><config><bulletinLevel>WARN</bulletinLevel><comments></comments><concurrentlySchedulableTaskCount>1</concurrentlySchedulableTaskCount><defaultConcurrentTasks><entry><key>TIMER_DRIVEN</key><value>1</value></entry><entry><key>EVENT_DRIVEN</key><value>0</value></entry><entry><key>CRON_DRIVEN</key><value>1</value></entry></defaultConcurrentTasks><defaultSchedulingPeriod><entry><key>TIMER_DRIVEN</key><value>0 sec</value></entry><entry><key>CRON_DRIVEN</key><value>* * * * * ?</value></entry></defaultSchedulingPeriod><descriptors><entry><key>Merge Strategy</key><value><allowableValues><description>Generates 'bins' of FlowFiles and fills each bin as full as possible. FlowFiles are placed into a bin based on their size and optionally their attributes (if the &lt;Correlation Attribute&gt; property is set)</description><displayName>Bin-Packing Algorithm</displayName><value>Bin-Packing Algorithm</value></allowableValues><allowableValues><description>Combines fragments that are associated by attributes back into a single cohesive FlowFile. If using this strategy, all FlowFiles must have the attributes &lt;fragment.identifier&gt;, &lt;fragment.count&gt;, and &lt;fragment.index&gt; or alternatively (for backward compatibility purposes) &lt;segment.identifier&gt;, &lt;segment.count&gt;, and &lt;segment.index&gt;. All FlowFiles with the same value for &quot;fragment.identifier&quot; will be grouped together. All FlowFiles in this group must have the same value for the &quot;fragment.count&quot; attribute. All FlowFiles in this group must have a unique value for the &quot;fragment.index&quot; attribute between 0 and the value of the &quot;fragment.count&quot; attribute.</description><displayName>Defragment</displayName><value>Defragment</value></allowableValues><defaultValue>Bin-Packing Algorithm</defaultValue><description>Specifies the algorithm used to merge content. The 'Defragment' algorithm combines fragments that are associated by attributes back into a single cohesive FlowFile. The 'Bin-Packing Algorithm' generates a FlowFile populated by arbitrarily chosen FlowFiles</description><displayName>Merge Strategy</displayName><dynamic>false</dynamic><name>Merge Strategy</name><required>true</required><sensitive>false</sensitive><supportsEl>false</supportsEl></value></entry><entry><key>Merge Format</key><value><allowableValues><description>A bin of FlowFiles will be combined into a single TAR file. The FlowFiles' &lt;path&gt; attribute will be used to create a directory in the TAR file if the &lt;Keep Paths&gt; property is set to true; otherwise, all FlowFiles will be added at the root of the TAR file. If a FlowFile has an attribute named &lt;tar.permissions&gt; that is 3 characters, each between 0-7, that attribute will be used as the TAR entry's 'mode'.</description><displayName>TAR</displayName><value>TAR</value></allowableValues><allowableValues><description>A bin of FlowFiles will be combined into a single ZIP file. The FlowFiles' &lt;path&gt; attribute will be used to create a directory in the ZIP file if the &lt;Keep Paths&gt; property is set to true; otherwise, all FlowFiles will be added at the root of the ZIP file. The &lt;Compression Level&gt; property indicates the ZIP compression to use.</description><displayName>ZIP</displayName><value>ZIP</value></allowableValues><allowableValues><description>A bin of FlowFiles will be combined into a single Version 3 FlowFile Stream</description><displayName>FlowFile Stream, v3</displayName><value>FlowFile Stream, v3</value></allowableValues><allowableValues><description>A bin of FlowFiles will be combined into a single Version 2 FlowFile Stream</description><displayName>FlowFile Stream, v2</displayName><value>FlowFile Stream, v2</value></allowableValues><allowableValues><description>A bin of FlowFiles will be combined into a single Version 1 FlowFile Package</description><displayName>FlowFile Tar, v1</displayName><value>FlowFile Tar, v1</value></allowableValues><allowableValues><description>The contents of all FlowFiles will be concatenated together into a single FlowFile</description><displayName>Binary Concatenation</displayName><value>Binary Concatenation</value></allowableValues><allowableValues><description>The Avro contents of all FlowFiles will be concatenated together into a single FlowFile</description><displayName>Avro</displayName><value>Avro</value></allowableValues><defaultValue>Binary Concatenation</defaultValue><description>Determines the format that will be used to merge the content.</description><displayName>Merge Format</displayName><dynamic>false</dynamic><name>Merge Format</name><required>true</required><sensitive>false</sensitive><supportsEl>false</supportsEl></value></entry><entry><key>Attribute Strategy</key><value><allowableValues><displayName>Keep Only Common Attributes</displayName><value>Keep Only Common Attributes</value></allowableValues><allowableValues><displayName>Keep All Unique Attributes</displayName><value>Keep All Unique Attributes</value></allowableValues><defaultValue>Keep Only Common Attributes</defaultValue><description>Determines which FlowFile attributes should be added to the bundle. If 'Keep All Unique Attributes' is selected, any attribute on any FlowFile that gets bundled will be kept unless its value conflicts with the value from another FlowFile. If 'Keep Only Common Attributes' is selected, only the attributes that exist on all FlowFiles in the bundle, with the same value, will be preserved.</description><displayName>Attribute Strategy</displayName><dynamic>false</dynamic><name>Attribute Strategy</name><required>true</required><sensitive>false</sensitive><supportsEl>false</supportsEl></value></entry><entry><key>Correlation Attribute Name</key><value><description>If specified, like FlowFiles will be binned together, where 'like FlowFiles' means FlowFiles that have the same value for this Attribute. If not specified, FlowFiles are bundled by the order in which they are pulled from the queue.</description><displayName>Correlation Attribute Name</displayName><dynamic>false</dynamic><name>Correlation Attribute Name</name><required>false</required><sensitive>false</sensitive><supportsEl>true</supportsEl></value></entry><entry><key>Minimum Number of Entries</key><value><defaultValue>1</defaultValue><description>The minimum number of files to include in a bundle</description><displayName>Minimum Number of Entries</displayName><dynamic>false</dynamic><name>Minimum Number of Entries</name><required>true</required><sensitive>false</sensitive><supportsEl>false</supportsEl></value></entry><entry><key>Maximum Number of Entries</key><value><description>The maximum number of files to include in a bundle. If not specified, there is no maximum.</description><displayName>Maximum Number of Entries</displayName><dynamic>false</dynamic><name>Maximum Number of Entries</name><required>false</required><sensitive>false</sensitive><supportsEl>false</supportsEl></value></entry><entry><key>Minimum Group Size</key><value><defaultValue>0 B</defaultValue><description>The minimum size of for the bundle</description><displayName>Minimum Group Size</displayName><dynamic>false</dynamic><name>Minimum Group Size</name><required>true</required><sensitive>false</sensitive><supportsEl>false</supportsEl></value></entry><entry><key>Maximum Group Size</key><value><description>The maximum size for the bundle. If not specified, there is no maximum.</description><displayName>Maximum Group Size</displayName><dynamic>false</dynamic><name>Maximum Group Size</name><required>false</required><sensitive>false</sensitive><supportsEl>false</supportsEl></value></entry><entry><key>Max Bin Age</key><value><description>The maximum age of a Bin that will trigger a Bin to be complete. Expected format is &lt;duration&gt; &lt;time unit&gt; where &lt;duration&gt; is a positive integer and time unit is one of seconds, minutes, hours</description><displayName>Max Bin Age</displayName><dynamic>false</dynamic><name>Max Bin Age</name><required>false</required><sensitive>false</sensitive><supportsEl>false</supportsEl></value></entry><entry><key>Maximum number of Bins</key><value><defaultValue>100</defaultValue><description>Specifies the maximum number of bins that can be held in memory at any one time</description><displayName>Maximum number of Bins</displayName><dynamic>false</dynamic><name>Maximum number of Bins</name><required>true</required><sensitive>false</sensitive><supportsEl>false</supportsEl></value></entry><entry><key>Delimiter Strategy</key><value><allowableValues><description>The values of Header, Footer, and Demarcator will be retrieved from the contents of a file</description><displayName>Filename</displayName><value>Filename</value></allowableValues><allowableValues><description>The values of Header, Footer, and Demarcator will be specified as property values</description><displayName>Text</displayName><value>Text</value></allowableValues><defaultValue>Filename</defaultValue><description>Determines if Header, Footer, and Demarcator should point to files containing the respective content, or if the values of the properties should be used as the content.</description><displayName>Delimiter Strategy</displayName><dynamic>false</dynamic><name>Delimiter Strategy</name><required>true</required><sensitive>false</sensitive><supportsEl>false</supportsEl></value></entry><entry><key>Header File</key><value><description>Filename specifying the header to use. If not specified, no header is supplied. This property is valid only when using the binary-concatenation merge strategy; otherwise, it is ignored.</description><displayName>Header</displayName><dynamic>false</dynamic><name>Header File</name><required>false</required><sensitive>false</sensitive><supportsEl>true</supportsEl></value></entry><entry><key>Footer File</key><value><description>Filename specifying the footer to use. If not specified, no footer is supplied. This property is valid only when using the binary-concatenation merge strategy; otherwise, it is ignored.</description><displayName>Footer</displayName><dynamic>false</dynamic><name>Footer File</name><required>false</required><sensitive>false</sensitive><supportsEl>true</supportsEl></value></entry><entry><key>Demarcator File</key><value><description>Filename specifying the demarcator to use. If not specified, no demarcator is supplied. This property is valid only when using the binary-concatenation merge strategy; otherwise, it is ignored.</description><displayName>Demarcator</displayName><dynamic>false</dynamic><name>Demarcator File</name><required>false</required><sensitive>false</sensitive><supportsEl>true</supportsEl></value></entry><entry><key>Compression Level</key><value><allowableValues><displayName>0</displayName><value>0</value></allowableValues><allowableValues><displayName>1</displayName><value>1</value></allowableValues><allowableValues><displayName>2</displayName><value>2</value></allowableValues><allowableValues><displayName>3</displayName><value>3</value></allowableValues><allowableValues><displayName>4</displayName><value>4</value></allowableValues><allowableValues><displayName>5</displayName><value>5</value></allowableValues><allowableValues><displayName>6</displayName><value>6</value></allowableValues><allowableValues><displayName>7</displayName><value>7</value></allowableValues><allowableValues><displayName>8</displayName><value>8</value></allowableValues><allowableValues><displayName>9</displayName><value>9</value></allowableValues><defaultValue>1</defaultValue><description>Specifies the compression level to use when using the Zip Merge Format; if not using the Zip Merge Format, this value is ignored</description><displayName>Compression Level</displayName><dynamic>false</dynamic><name>Compression Level</name><required>true</required><sensitive>false</sensitive><supportsEl>false</supportsEl></value></entry><entry><key>Keep Path</key><value><allowableValues><displayName>true</displayName><value>true</value></allowableValues><allowableValues><displayName>false</displayName><value>false</value></allowableValues><defaultValue>false</defaultValue><description>If using the Zip or Tar Merge Format, specifies whether or not the FlowFiles' paths should be included in their entry names; if using other merge strategy, this value is ignored</description><displayName>Keep Path</displayName><dynamic>false</dynamic><name>Keep Path</name><required>true</required><sensitive>false</sensitive><supportsEl>false</supportsEl></value></entry></descriptors><lossTolerant>false</lossTolerant><penaltyDuration>30 sec</penaltyDuration><properties><entry><key>Merge Strategy</key><value>Bin-Packing Algorithm</value></entry><entry><key>Merge Format</key><value>Binary Concatenation</value></entry><entry><key>Attribute Strategy</key><value>Keep Only Common Attributes</value></entry><entry><key>Correlation Attribute Name</key></entry><entry><key>Minimum Number of Entries</key><value>1</value></entry><entry><key>Maximum Number of Entries</key></entry><entry><key>Minimum Group Size</key><value>0 B</value></entry><entry><key>Maximum Group Size</key></entry><entry><key>Max Bin Age</key></entry><entry><key>Maximum number of Bins</key><value>100</value></entry><entry><key>Delimiter Strategy</key><value>Text</value></entry><entry><key>Header File</key></entry><entry><key>Footer File</key></entry><entry><key>Demarcator File</key></entry><entry><key>Compression Level</key><value>1</value></entry><entry><key>Keep Path</key><value>false</value></entry></properties><runDurationMillis>0</runDurationMillis><schedulingPeriod>0 sec</schedulingPeriod><schedulingStrategy>TIMER_DRIVEN</schedulingStrategy><yieldDuration>1 sec</yieldDuration></config><name>MergeContent</name><relationships><autoTerminate>false</autoTerminate><description>If the bundle cannot be created, all FlowFiles that would have been used to created the bundle will be transferred to failure</description><name>failure</name></relationships><relationships><autoTerminate>false</autoTerminate><description>The FlowFile containing the merged content</description><name>merged</name></relationships><relationships><autoTerminate>false</autoTerminate><description>The FlowFiles that were used to create the bundle</description><name>original</name></relationships><state>STOPPED</state><style/><supportsEventDriven>false</supportsEventDriven><supportsParallelProcessing>true</supportsParallelProcessing><type>org.apache.nifi.processors.standard.MergeContent</type></processors><processors><id>ab2baecf-2fda-4e26-ab98-5fc5f657a1c7</id><parentGroupId>b631d103-ed8f-4ca5-b4f2-4cc28e607773</parentGroupId><position><x>525.9649282226528</x><y>214.0</y></position><config><bulletinLevel>WARN</bulletinLevel><comments></comments><concurrentlySchedulableTaskCount>1</concurrentlySchedulableTaskCount><defaultConcurrentTasks><entry><key>TIMER_DRIVEN</key><value>1</value></entry><entry><key>EVENT_DRIVEN</key><value>0</value></entry><entry><key>CRON_DRIVEN</key><value>1</value></entry></defaultConcurrentTasks><defaultSchedulingPeriod><entry><key>TIMER_DRIVEN</key><value>0 sec</value></entry><entry><key>CRON_DRIVEN</key><value>* * * * * ?</value></entry></defaultSchedulingPeriod><descriptors><entry><key>Feed Cleanup Event Service</key><value><allowableValues><displayName>Think Big Cleanup Service</displayName><value>dd52f87f-14e0-4dad-840c-4a06df019e50</value></allowableValues><allowableValues><displayName>Think Big Cleanup Service</displayName><value>4ba53309-8162-4d44-994e-2197dee1ea61</value></allowableValues><description>Service that manages the cleanup of feeds.</description><displayName>Feed Cleanup Event Service</displayName><dynamic>false</dynamic><identifiesControllerService>com.thinkbiganalytics.nifi.core.api.cleanup.CleanupEventService</identifiesControllerService><name>Feed Cleanup Event Service</name><required>true</required><sensitive>false</sensitive><supportsEl>false</supportsEl></value></entry><entry><key>Metadata Provider Service</key><value><allowableValues><displayName>Think Big Metadata Service</displayName><value>79dd1f18-10a5-4d32-acbc-e91cacb35bcd</value></allowableValues><allowableValues><displayName>Think Big Metadata Service</displayName><value>58aec1d4-1ccb-47aa-bbb5-df6f58b724ad</value></allowableValues><description>Service supplying the implementations of the various metadata providers.</description><displayName>Metadata Provider Service</displayName><dynamic>false</dynamic><identifiesControllerService>com.thinkbiganalytics.nifi.core.api.metadata.MetadataProviderService</identifiesControllerService><name>Metadata Provider Service</name><required>true</required><sensitive>false</sensitive><supportsEl>false</supportsEl></value></entry><entry><key>System feed category</key><value><defaultValue>${metadata.category.systemName}</defaultValue><description>The category name of this feed. The default is to have this name automatically set when the feed is created. Normally you do not need to change the default value.</description><displayName>System feed category</displayName><dynamic>false</dynamic><name>System feed category</name><required>true</required><sensitive>false</sensitive><supportsEl>false</supportsEl></value></entry><entry><key>System feed name</key><value><defaultValue>${metadata.systemFeedName}</defaultValue><description>The system name of this feed. The default is to have this name automatically set when the feed is created. Normally you do not need to change the default value.</description><displayName>System feed name</displayName><dynamic>false</dynamic><name>System feed name</name><required>true</required><sensitive>false</sensitive><supportsEl>false</supportsEl></value></entry></descriptors><lossTolerant>false</lossTolerant><penaltyDuration>30 sec</penaltyDuration><properties><entry><key>Feed Cleanup Event Service</key><value>4ba53309-8162-4d44-994e-2197dee1ea61</value></entry><entry><key>Metadata Provider Service</key><value>58aec1d4-1ccb-47aa-bbb5-df6f58b724ad</value></entry><entry><key>System feed category</key><value>${metadata.category.systemName}</value></entry><entry><key>System feed name</key><value>${metadata.systemFeedName}</value></entry></properties><runDurationMillis>0</runDurationMillis><schedulingPeriod>0 sec</schedulingPeriod><schedulingStrategy>TIMER_DRIVEN</schedulingStrategy><yieldDuration>1 sec</yieldDuration></config><name>TriggerCleanup</name><relationships><autoTerminate>false</autoTerminate><description>Relationship followed on successful precondition event.</description><name>Success</name></relationships><state>STOPPED</state><style><entry><key>background-color</key><value>#ff9900</value></entry></style><supportsEventDriven>true</supportsEventDriven><supportsParallelProcessing>true</supportsParallelProcessing><type>com.thinkbiganalytics.nifi.v2.metadata.TriggerCleanup</type></processors><processors><id>2c941668-87e7-40d2-ab19-8ac694bc38ec</id><parentGroupId>b631d103-ed8f-4ca5-b4f2-4cc28e607773</parentGroupId><position><x>406.5979549334875</x><y>633.1458086608741</y></position><config><bulletinLevel>WARN</bulletinLevel><comments></comments><concurrentlySchedulableTaskCount>1</concurrentlySchedulableTaskCount><defaultConcurrentTasks><entry><key>TIMER_DRIVEN</key><value>1</value></entry><entry><key>EVENT_DRIVEN</key><value>0</value></entry><entry><key>CRON_DRIVEN</key><value>1</value></entry></defaultConcurrentTasks><defaultSchedulingPeriod><entry><key>TIMER_DRIVEN</key><value>0 sec</value></entry><entry><key>CRON_DRIVEN</key><value>* * * * * ?</value></entry></defaultSchedulingPeriod><descriptors><entry><key>Source Database Connection</key><value><allowableValues><displayName>MySQL</displayName><value>022338eb-f248-4357-8178-799d908871cb</value></allowableValues><allowableValues><displayName>MySQL</displayName><value>93c6ed65-cbb9-4962-a785-4a0ef0c0ce2b</value></allowableValues><description>The database where the source table resides</description><displayName>Source Database Connection</displayName><dynamic>false</dynamic><identifiesControllerService>org.apache.nifi.dbcp.DBCPService</identifiesControllerService><name>Source Database Connection</name><required>true</required><sensitive>false</sensitive><supportsEl>false</supportsEl></value></entry><entry><key>Metadata Service</key><value><allowableValues><displayName>Think Big Metadata Service</displayName><value>79dd1f18-10a5-4d32-acbc-e91cacb35bcd</value></allowableValues><allowableValues><displayName>Think Big Metadata Service</displayName><value>58aec1d4-1ccb-47aa-bbb5-df6f58b724ad</value></allowableValues><description>Think Big metadata service</description><displayName>Metadata Service</displayName><dynamic>false</dynamic><identifiesControllerService>com.thinkbiganalytics.nifi.core.api.metadata.MetadataProviderService</identifiesControllerService><name>Metadata Service</name><required>true</required><sensitive>false</sensitive><supportsEl>false</supportsEl></value></entry><entry><key>System feed category</key><value><defaultValue>${category}</defaultValue><description>System category of feed this processor supports</description><displayName>System feed category</displayName><dynamic>false</dynamic><name>System feed category</name><required>true</required><sensitive>false</sensitive><supportsEl>true</supportsEl></value></entry><entry><key>System feed name</key><value><defaultValue>${feed}</defaultValue><description>Name of feed this processor supports</description><displayName>System feed name</displayName><dynamic>false</dynamic><name>System feed name</name><required>true</required><sensitive>false</sensitive><supportsEl>true</supportsEl></value></entry><entry><key>Source Table</key><value><defaultValue>${metadata.table.sourceTableSchema.name}</defaultValue><description>Name of table including schema (if applicable)</description><displayName>Source Table</displayName><dynamic>false</dynamic><name>Source Table</name><required>true</required><sensitive>false</sensitive><supportsEl>true</supportsEl></value></entry><entry><key>Source Fields</key><value><defaultValue>${metadata.table.sourceFields}</defaultValue><description>Field names (in order) to read from the source table. ie. the select fields. The format is separated by newline. Inconsistent order will cause corruption of the downstream Hive data.</description><displayName>Source Fields</displayName><dynamic>false</dynamic><name>Source Fields</name><required>true</required><sensitive>false</sensitive><supportsEl>true</supportsEl></value></entry><entry><key>Load Strategy</key><value><allowableValues><displayName>FULL_LOAD</displayName><value>FULL_LOAD</value></allowableValues><allowableValues><displayName>INCREMENTAL</displayName><value>INCREMENTAL</value></allowableValues><defaultValue>FULL_LOAD</defaultValue><description>Whether to load the entire table or perform an incremental extract</description><displayName>Load Strategy</displayName><dynamic>false</dynamic><name>Load Strategy</name><required>true</required><sensitive>false</sensitive><supportsEl>false</supportsEl></value></entry><entry><key>Date Field</key><value><description>Source field containing a modified date for tracking incremental load</description><displayName>Date Field</displayName><dynamic>false</dynamic><name>Date Field</name><required>false</required><sensitive>false</sensitive><supportsEl>true</supportsEl></value></entry><entry><key>Overlap Period</key><value><defaultValue>0 seconds</defaultValue><description>Amount of time to overlap into the last load date to ensure long running transactions missed by previous load weren't missed. Recommended: &gt;0s</description><displayName>Overlap Period</displayName><dynamic>false</dynamic><name>Overlap Period</name><required>false</required><sensitive>false</sensitive><supportsEl>true</supportsEl></value></entry><entry><key>Max Wait Time</key><value><defaultValue>0 seconds</defaultValue><description>The maximum amount of time allowed for a running SQL select query  , zero means there is no limit. Max time less than 1 second will be equal to zero.</description><displayName>Max Wait Time</displayName><dynamic>false</dynamic><name>Max Wait Time</name><required>true</required><sensitive>false</sensitive><supportsEl>false</supportsEl></value></entry><entry><key>Backoff Period</key><value><defaultValue>300 seconds</defaultValue><description>Only records older than the backoff period will be eligible for pickup. This can be used in the ILM use case to define a retention period. Recommended: &gt;5m</description><displayName>Backoff Period</displayName><dynamic>false</dynamic><name>Backoff Period</name><required>true</required><sensitive>false</sensitive><supportsEl>false</supportsEl></value></entry><entry><key>Minimum Time Unit</key><value><allowableValues><displayName>NONE</displayName><value>NONE</value></allowableValues><allowableValues><displayName>HOUR</displayName><value>HOUR</value></allowableValues><allowableValues><displayName>DAY</displayName><value>DAY</value></allowableValues><allowableValues><displayName>WEEK</displayName><value>WEEK</value></allowableValues><allowableValues><displayName>MONTH</displayName><value>MONTH</value></allowableValues><allowableValues><displayName>YEAR</displayName><value>YEAR</value></allowableValues><defaultValue>NONE</defaultValue><description>The minimum unit of data eligible to load. For the ILM case, this would be DAY, WEEK, MONTH, YEAR , zero means there is no limit. Max time less than 1 second will be equal to zero.</description><displayName>Minimum Time Unit</displayName><dynamic>false</dynamic><name>Minimum Time Unit</name><required>true</required><sensitive>false</sensitive><supportsEl>false</supportsEl></value></entry></descriptors><lossTolerant>false</lossTolerant><penaltyDuration>30 sec</penaltyDuration><properties><entry><key>Source Database Connection</key><value>93c6ed65-cbb9-4962-a785-4a0ef0c0ce2b</value></entry><entry><key>Metadata Service</key><value>58aec1d4-1ccb-47aa-bbb5-df6f58b724ad</value></entry><entry><key>System feed category</key><value>${metadata.category.systemName}</value></entry><entry><key>System feed name</key><value>${metadata.systemFeedName}</value></entry><entry><key>Source Table</key><value>${metadata.table.sourceTableSchema.name}</value></entry><entry><key>Source Fields</key><value>${metadata.table.sourceFields}</value></entry><entry><key>Load Strategy</key><value>FULL_LOAD</value></entry><entry><key>Date Field</key></entry><entry><key>Overlap Period</key><value>300 seconds</value></entry><entry><key>Max Wait Time</key><value>0 seconds</value></entry><entry><key>Backoff Period</key><value>300 seconds</value></entry><entry><key>Minimum Time Unit</key><value>NONE</value></entry></properties><runDurationMillis>0</runDurationMillis><schedulingPeriod>0 sec</schedulingPeriod><schedulingStrategy>TIMER_DRIVEN</schedulingStrategy><yieldDuration>1 sec</yieldDuration></config><name>Poll database</name><relationships><autoTerminate>true</autoTerminate><description>SQL query execution failed. Incoming FlowFile will be penalized and routed to this relationship</description><name>failure</name></relationships><relationships><autoTerminate>true</autoTerminate><description>Successful but no new data to process.</description><name>nodata</name></relationships><relationships><autoTerminate>false</autoTerminate><description>Successfully created FlowFile from .</description><name>success</name></relationships><state>STOPPED</state><style><entry><key>background-color</key><value>#3cff00</value></entry></style><supportsEventDriven>false</supportsEventDriven><supportsParallelProcessing>true</supportsParallelProcessing><type>com.thinkbiganalytics.nifi.v2.ingest.GetTableData</type></processors><processors><id>c1c1973c-a9a8-421c-976e-773c314d6eff</id><parentGroupId>b631d103-ed8f-4ca5-b4f2-4cc28e607773</parentGroupId><position><x>1065.2631263732915</x><y>368.2206329241676</y></position><config><bulletinLevel>WARN</bulletinLevel><comments></comments><concurrentlySchedulableTaskCount>1</concurrentlySchedulableTaskCount><defaultConcurrentTasks><entry><key>TIMER_DRIVEN</key><value>1</value></entry><entry><key>EVENT_DRIVEN</key><value>0</value></entry><entry><key>CRON_DRIVEN</key><value>1</value></entry></defaultConcurrentTasks><defaultSchedulingPeriod><entry><key>TIMER_DRIVEN</key><value>0 sec</value></entry><entry><key>CRON_DRIVEN</key><value>* * * * * ?</value></entry></defaultSchedulingPeriod><descriptors><entry><key>Delete Attributes Expression</key><value><description>Regular expression for attributes to be deleted from flowfiles.</description><displayName>Delete Attributes Expression</displayName><dynamic>false</dynamic><name>Delete Attributes Expression</name><required>false</required><sensitive>false</sensitive><supportsEl>true</supportsEl></value></entry><entry><key>archiveId</key><value><description></description><displayName>archiveId</displayName><dynamic>true</dynamic><name>archiveId</name><required>false</required><sensitive>false</sensitive><supportsEl>true</supportsEl></value></entry><entry><key>category</key><value><description></description><displayName>category</displayName><dynamic>true</dynamic><name>category</name><required>false</required><sensitive>false</sensitive><supportsEl>true</supportsEl></value></entry><entry><key>feed</key><value><description></description><displayName>feed</displayName><dynamic>true</dynamic><name>feed</name><required>false</required><sensitive>false</sensitive><supportsEl>true</supportsEl></value></entry><entry><key>metadata.table.feedFormat</key><value><description></description><displayName>metadata.table.feedFormat</displayName><dynamic>true</dynamic><name>metadata.table.feedFormat</name><required>false</required><sensitive>false</sensitive><supportsEl>true</supportsEl></value></entry><entry><key>metadata.table.fieldIndexString</key><value><description></description><displayName>metadata.table.fieldIndexString</displayName><dynamic>true</dynamic><name>metadata.table.fieldIndexString</name><required>false</required><sensitive>false</sensitive><supportsEl>true</supportsEl></value></entry><entry><key>metadata.table.fieldPoliciesJson</key><value><description></description><displayName>metadata.table.fieldPoliciesJson</displayName><dynamic>true</dynamic><name>metadata.table.fieldPoliciesJson</name><required>false</required><sensitive>false</sensitive><supportsEl>true</supportsEl></value></entry><entry><key>metadata.table.fieldStructure</key><value><description></description><displayName>metadata.table.fieldStructure</displayName><dynamic>true</dynamic><name>metadata.table.fieldStructure</name><required>false</required><sensitive>false</sensitive><supportsEl>true</supportsEl></value></entry><entry><key>metadata.table.partitionSpecs</key><value><description></description><displayName>metadata.table.partitionSpecs</displayName><dynamic>true</dynamic><name>metadata.table.partitionSpecs</name><required>false</required><sensitive>false</sensitive><supportsEl>true</supportsEl></value></entry><entry><key>metadata.table.partitionStructure</key><value><description></description><displayName>metadata.table.partitionStructure</displayName><dynamic>true</dynamic><name>metadata.table.partitionStructure</name><required>false</required><sensitive>false</sensitive><supportsEl>true</supportsEl></value></entry><entry><key>metadata.table.targetFormat</key><value><description></description><displayName>metadata.table.targetFormat</displayName><dynamic>true</dynamic><name>metadata.table.targetFormat</name><required>false</required><sensitive>false</sensitive><supportsEl>true</supportsEl></value></entry><entry><key>metadata.table.targetMergeStrategy</key><value><description></description><displayName>metadata.table.targetMergeStrategy</displayName><dynamic>true</dynamic><name>metadata.table.targetMergeStrategy</name><required>false</required><sensitive>false</sensitive><supportsEl>true</supportsEl></value></entry><entry><key>metadata.table.targetTblProperties</key><value><description></description><displayName>metadata.table.targetTblProperties</displayName><dynamic>true</dynamic><name>metadata.table.targetTblProperties</name><required>false</required><sensitive>false</sensitive><supportsEl>true</supportsEl></value></entry><entry><key>spark.input_folder</key><value><description></description><displayName>spark.input_folder</displayName><dynamic>true</dynamic><name>spark.input_folder</name><required>false</required><sensitive>false</sensitive><supportsEl>true</supportsEl></value></entry></descriptors><lossTolerant>false</lossTolerant><penaltyDuration>30 sec</penaltyDuration><properties><entry><key>Delete Attributes Expression</key></entry><entry><key>archiveId</key><value>${now():format('yyyyMMddHHmmss')}_${UUID()}</value></entry><entry><key>category</key><value>${metadata.category.systemName}</value></entry><entry><key>feed</key><value>${metadata.systemFeedName}</value></entry><entry><key>metadata.table.feedFormat</key><value>${metadata.table.feedFormat}</value></entry><entry><key>metadata.table.fieldIndexString</key><value>${metadata.table.fieldIndexString}</value></entry><entry><key>metadata.table.fieldPoliciesJson</key><value>${metadata.table.fieldPoliciesJson}</value></entry><entry><key>metadata.table.fieldStructure</key><value>${metadata.table.fieldStructure}</value></entry><entry><key>metadata.table.partitionSpecs</key><value>${metadata.table.partitionSpecs}</value></entry><entry><key>metadata.table.partitionStructure</key><value>${metadata.table.partitionStructure}</value></entry><entry><key>metadata.table.targetFormat</key><value>${metadata.table.targetFormat}</value></entry><entry><key>metadata.table.targetMergeStrategy</key><value>${metadata.table.targetMergeStrategy}</value></entry><entry><key>metadata.table.targetTblProperties</key><value>${metadata.table.targetTblProperties}</value></entry><entry><key>spark.input_folder</key><value>/tmp</value></entry></properties><runDurationMillis>0</runDurationMillis><schedulingPeriod>0 sec</schedulingPeriod><schedulingStrategy>TIMER_DRIVEN</schedulingStrategy><yieldDuration>1 sec</yieldDuration></config><name>Update flow parameters</name><relationships><autoTerminate>false</autoTerminate><description>All FlowFiles are routed to this relationship</description><name>success</name></relationships><state>STOPPED</state><style><entry><key>background-color</key><value>#11f237</value></entry></style><supportsEventDriven>true</supportsEventDriven><supportsParallelProcessing>true</supportsParallelProcessing><type>org.apache.nifi.processors.attributes.UpdateAttribute</type></processors></snippet><timestamp>09/30/2016 16:34:40 UTC</timestamp></template>