{"properties":[{"processGroupName":"NiFi Flow","processorName":"Poll database","processorId":"64b00b7c-5d32-416a-8f05-f46a6350db63","processGroupId":"d7c2a337-c207-484b-acf1-bb602249789c","processorType":"com.thinkbiganalytics.nifi.v2.ingest.GetTableData","key":"Source Database Connection","value":"6f7eae61-35a4-4deb-b795-ea9cccb86171","templateValue":"6f7eae61-35a4-4deb-b795-ea9cccb86171","userEditable":true,"expressionProperties":null,"propertyDescriptor":{"name":"Source Database Connection","displayName":"Source Database Connection","description":"The database where the source table resides","defaultValue":null,"allowableValues":[{"displayName":"MySQL","value":"6f7eae61-35a4-4deb-b795-ea9cccb86171","description":null},{"displayName":"Example MySQL Connection Pool","value":"d4d85742-1f34-4388-a93f-80ee65e9dd19","description":null}],"required":true,"sensitive":false,"dynamic":false,"supportsEl":false,"identifiesControllerService":"org.apache.nifi.dbcp.DBCPService"},"renderType":"select","selected":true,"inputProperty":true,"templateProperty":null,"nameKey":"NiFi Flow-Poll database-Source Database Connection","idKey":"d7c2a337-c207-484b-acf1-bb602249789c-64b00b7c-5d32-416a-8f05-f46a6350db63-Source Database Connection"},{"processGroupName":"NiFi Flow","processorName":"Poll database","processorId":"64b00b7c-5d32-416a-8f05-f46a6350db63","processGroupId":"d7c2a337-c207-484b-acf1-bb602249789c","processorType":"com.thinkbiganalytics.nifi.v2.ingest.GetTableData","key":"Source Fields","value":"${metadata.table.sourceFields}","templateValue":"${metadata.table.sourceFields}","userEditable":false,"expressionProperties":null,"propertyDescriptor":{"name":"Source Fields","displayName":"Source Fields","description":"Field names (in order) to read from the source table. ie. the select fields. The format is separated by newline. Inconsistent order will cause corruption of the downstream Hive data.","defaultValue":null,"allowableValues":null,"required":true,"sensitive":false,"dynamic":false,"supportsEl":true,"identifiesControllerService":null},"renderType":"text","selected":true,"inputProperty":true,"templateProperty":null,"nameKey":"NiFi Flow-Poll database-Source Fields","idKey":"d7c2a337-c207-484b-acf1-bb602249789c-64b00b7c-5d32-416a-8f05-f46a6350db63-Source Fields"},{"processGroupName":"NiFi Flow","processorName":"Poll database","processorId":"64b00b7c-5d32-416a-8f05-f46a6350db63","processGroupId":"d7c2a337-c207-484b-acf1-bb602249789c","processorType":"com.thinkbiganalytics.nifi.v2.ingest.GetTableData","key":"Source Table","value":"${metadata.table.sourceTableSchema.name}","templateValue":"${metadata.table.sourceTableSchema.name}","userEditable":false,"expressionProperties":null,"propertyDescriptor":{"name":"Source Table","displayName":"Source Table","description":"Name of table including schema (if applicable)","defaultValue":null,"allowableValues":null,"required":true,"sensitive":false,"dynamic":false,"supportsEl":true,"identifiesControllerService":null},"renderType":"text","selected":true,"inputProperty":true,"templateProperty":null,"nameKey":"NiFi Flow-Poll database-Source Table","idKey":"d7c2a337-c207-484b-acf1-bb602249789c-64b00b7c-5d32-416a-8f05-f46a6350db63-Source Table"},{"processGroupName":"NiFi Flow","processorName":"Poll database","processorId":"64b00b7c-5d32-416a-8f05-f46a6350db63","processGroupId":"d7c2a337-c207-484b-acf1-bb602249789c","processorType":"com.thinkbiganalytics.nifi.v2.ingest.GetTableData","key":"System feed category","value":"${category}","templateValue":"${category}","userEditable":false,"expressionProperties":null,"propertyDescriptor":{"name":"System feed category","displayName":"System feed category","description":"System category of feed this processor supports","defaultValue":null,"allowableValues":null,"required":true,"sensitive":false,"dynamic":false,"supportsEl":true,"identifiesControllerService":null},"renderType":"text","selected":true,"inputProperty":true,"templateProperty":null,"nameKey":"NiFi Flow-Poll database-System feed category","idKey":"d7c2a337-c207-484b-acf1-bb602249789c-64b00b7c-5d32-416a-8f05-f46a6350db63-System feed category"},{"processGroupName":"NiFi Flow","processorName":"Poll database","processorId":"64b00b7c-5d32-416a-8f05-f46a6350db63","processGroupId":"d7c2a337-c207-484b-acf1-bb602249789c","processorType":"com.thinkbiganalytics.nifi.v2.ingest.GetTableData","key":"System feed name","value":"${feed}","templateValue":"${feed}","userEditable":false,"expressionProperties":null,"propertyDescriptor":{"name":"System feed name","displayName":"System feed name","description":"Name of feed this processor supports","defaultValue":null,"allowableValues":null,"required":true,"sensitive":false,"dynamic":false,"supportsEl":true,"identifiesControllerService":null},"renderType":"text","selected":true,"inputProperty":true,"templateProperty":null,"nameKey":"NiFi Flow-Poll database-System feed name","idKey":"d7c2a337-c207-484b-acf1-bb602249789c-64b00b7c-5d32-416a-8f05-f46a6350db63-System feed name"},{"processGroupName":"NiFi Flow","processorName":"Poll filesystem","processorId":"96336556-9fa9-4d30-95ee-f88670b85239","processGroupId":"d7c2a337-c207-484b-acf1-bb602249789c","processorType":"org.apache.nifi.processors.standard.GetFile","key":"File Filter","value":"mydata\\d{1,3}.csv","templateValue":"mydata\\d{1,3}.csv","userEditable":true,"expressionProperties":null,"propertyDescriptor":{"name":"File Filter","displayName":"File Filter","description":"Only files whose names match the given regular expression will be picked up","defaultValue":"[^\\.].*","allowableValues":null,"required":true,"sensitive":false,"dynamic":false,"supportsEl":false,"identifiesControllerService":null},"renderType":"text","selected":true,"inputProperty":true,"templateProperty":null,"nameKey":"NiFi Flow-Poll filesystem-File Filter","idKey":"d7c2a337-c207-484b-acf1-bb602249789c-96336556-9fa9-4d30-95ee-f88670b85239-File Filter"},{"processGroupName":"NiFi Flow","processorName":"Poll filesystem","processorId":"96336556-9fa9-4d30-95ee-f88670b85239","processGroupId":"d7c2a337-c207-484b-acf1-bb602249789c","processorType":"org.apache.nifi.processors.standard.GetFile","key":"Input Directory","value":"/var/dropzone","templateValue":"/var/dropzone","userEditable":true,"expressionProperties":null,"propertyDescriptor":{"name":"Input Directory","displayName":"Input Directory","description":"The input directory from which to pull files","defaultValue":null,"allowableValues":null,"required":true,"sensitive":false,"dynamic":false,"supportsEl":true,"identifiesControllerService":null},"renderType":"text","selected":true,"inputProperty":true,"templateProperty":null,"nameKey":"NiFi Flow-Poll filesystem-Input Directory","idKey":"d7c2a337-c207-484b-acf1-bb602249789c-96336556-9fa9-4d30-95ee-f88670b85239-Input Directory"},{"processGroupName":"NiFi Flow","processorName":"Update flow parameters","processorId":"00413412-7ec1-4a93-a630-eeb10b7cad51","processGroupId":"d7c2a337-c207-484b-acf1-bb602249789c","processorType":"org.apache.nifi.processors.attributes.UpdateAttribute","key":"category","value":"${metadata.category.systemName}","templateValue":"${metadata.category.systemName}","userEditable":false,"expressionProperties":null,"propertyDescriptor":{"name":"category","displayName":"category","description":"","defaultValue":null,"allowableValues":null,"required":false,"sensitive":false,"dynamic":true,"supportsEl":true,"identifiesControllerService":null},"renderType":"text","selected":true,"inputProperty":false,"templateProperty":null,"nameKey":"NiFi Flow-Update flow parameters-category","idKey":"d7c2a337-c207-484b-acf1-bb602249789c-00413412-7ec1-4a93-a630-eeb10b7cad51-category"},{"processGroupName":"NiFi Flow","processorName":"Update flow parameters","processorId":"00413412-7ec1-4a93-a630-eeb10b7cad51","processGroupId":"d7c2a337-c207-484b-acf1-bb602249789c","processorType":"org.apache.nifi.processors.attributes.UpdateAttribute","key":"feed","value":"${metadata.systemFeedName}","templateValue":"${metadata.systemFeedName}","userEditable":false,"expressionProperties":null,"propertyDescriptor":{"name":"feed","displayName":"feed","description":"","defaultValue":null,"allowableValues":null,"required":false,"sensitive":false,"dynamic":true,"supportsEl":true,"identifiesControllerService":null},"renderType":"text","selected":true,"inputProperty":false,"templateProperty":null,"nameKey":"NiFi Flow-Update flow parameters-feed","idKey":"d7c2a337-c207-484b-acf1-bb602249789c-00413412-7ec1-4a93-a630-eeb10b7cad51-feed"},{"processGroupName":"NiFi Flow","processorName":"Update flow parameters","processorId":"00413412-7ec1-4a93-a630-eeb10b7cad51","processGroupId":"d7c2a337-c207-484b-acf1-bb602249789c","processorType":"org.apache.nifi.processors.attributes.UpdateAttribute","key":"metadata.table.fieldIndexString","value":"${metadata.table.fieldIndexString}","templateValue":"${metadata.table.fieldIndexString}","userEditable":false,"expressionProperties":null,"propertyDescriptor":{"name":"metadata.table.fieldIndexString","displayName":"metadata.table.fieldIndexString","description":"","defaultValue":null,"allowableValues":null,"required":false,"sensitive":false,"dynamic":true,"supportsEl":true,"identifiesControllerService":null},"renderType":"text","selected":true,"inputProperty":false,"templateProperty":null,"nameKey":"NiFi Flow-Update flow parameters-metadata.table.fieldIndexString","idKey":"d7c2a337-c207-484b-acf1-bb602249789c-00413412-7ec1-4a93-a630-eeb10b7cad51-metadata.table.fieldIndexString"},{"processGroupName":"NiFi Flow","processorName":"Update flow parameters","processorId":"00413412-7ec1-4a93-a630-eeb10b7cad51","processGroupId":"d7c2a337-c207-484b-acf1-bb602249789c","processorType":"org.apache.nifi.processors.attributes.UpdateAttribute","key":"metadata.table.fieldPoliciesJson","value":"${metadata.table.fieldPoliciesJson}","templateValue":"${metadata.table.fieldPoliciesJson}","userEditable":false,"expressionProperties":null,"propertyDescriptor":{"name":"metadata.table.fieldPoliciesJson","displayName":"metadata.table.fieldPoliciesJson","description":"","defaultValue":null,"allowableValues":null,"required":false,"sensitive":false,"dynamic":true,"supportsEl":true,"identifiesControllerService":null},"renderType":"text","selected":true,"inputProperty":false,"templateProperty":null,"nameKey":"NiFi Flow-Update flow parameters-metadata.table.fieldPoliciesJson","idKey":"d7c2a337-c207-484b-acf1-bb602249789c-00413412-7ec1-4a93-a630-eeb10b7cad51-metadata.table.fieldPoliciesJson"},{"processGroupName":"NiFi Flow","processorName":"Update flow parameters","processorId":"00413412-7ec1-4a93-a630-eeb10b7cad51","processGroupId":"d7c2a337-c207-484b-acf1-bb602249789c","processorType":"org.apache.nifi.processors.attributes.UpdateAttribute","key":"metadata.table.fieldStructure","value":"${metadata.table.fieldStructure}","templateValue":"${metadata.table.fieldStructure}","userEditable":false,"expressionProperties":null,"propertyDescriptor":{"name":"metadata.table.fieldStructure","displayName":"metadata.table.fieldStructure","description":"","defaultValue":null,"allowableValues":null,"required":false,"sensitive":false,"dynamic":true,"supportsEl":true,"identifiesControllerService":null},"renderType":"text","selected":true,"inputProperty":false,"templateProperty":null,"nameKey":"NiFi Flow-Update flow parameters-metadata.table.fieldStructure","idKey":"d7c2a337-c207-484b-acf1-bb602249789c-00413412-7ec1-4a93-a630-eeb10b7cad51-metadata.table.fieldStructure"},{"processGroupName":"NiFi Flow","processorName":"Update flow parameters","processorId":"00413412-7ec1-4a93-a630-eeb10b7cad51","processGroupId":"d7c2a337-c207-484b-acf1-bb602249789c","processorType":"org.apache.nifi.processors.attributes.UpdateAttribute","key":"metadata.table.partitionSpecs","value":"${metadata.table.partitionSpecs}","templateValue":"${metadata.table.partitionSpecs}","userEditable":false,"expressionProperties":null,"propertyDescriptor":{"name":"metadata.table.partitionSpecs","displayName":"metadata.table.partitionSpecs","description":"","defaultValue":null,"allowableValues":null,"required":false,"sensitive":false,"dynamic":true,"supportsEl":true,"identifiesControllerService":null},"renderType":"text","selected":true,"inputProperty":false,"templateProperty":null,"nameKey":"NiFi Flow-Update flow parameters-metadata.table.partitionSpecs","idKey":"d7c2a337-c207-484b-acf1-bb602249789c-00413412-7ec1-4a93-a630-eeb10b7cad51-metadata.table.partitionSpecs"},{"processGroupName":"NiFi Flow","processorName":"Update flow parameters","processorId":"00413412-7ec1-4a93-a630-eeb10b7cad51","processGroupId":"d7c2a337-c207-484b-acf1-bb602249789c","processorType":"org.apache.nifi.processors.attributes.UpdateAttribute","key":"metadata.table.partitionStructure","value":"${metadata.table.partitionStructure}","templateValue":"${metadata.table.partitionStructure}","userEditable":false,"expressionProperties":null,"propertyDescriptor":{"name":"metadata.table.partitionStructure","displayName":"metadata.table.partitionStructure","description":"","defaultValue":null,"allowableValues":null,"required":false,"sensitive":false,"dynamic":true,"supportsEl":true,"identifiesControllerService":null},"renderType":"text","selected":true,"inputProperty":false,"templateProperty":null,"nameKey":"NiFi Flow-Update flow parameters-metadata.table.partitionStructure","idKey":"d7c2a337-c207-484b-acf1-bb602249789c-00413412-7ec1-4a93-a630-eeb10b7cad51-metadata.table.partitionStructure"}],"id":"b88fa758-a00b-4b0a-a3f1-53b3268eda52","nifiTemplateId":"c10b449d-9be8-48e1-8281-aae4b17b0854","templateName":"Data Ingest","updateDate":1463282354000,"createDate":1463282354000,"icon":"forward","iconColor":"#AB47BC","description":"Data Ingest","defineTable":true,"reusableTemplate":false,"reusableTemplateConnections":[{"feedOutputPortName":"to-standard-ingest","reusableTemplateInputPortName":"standard-ingest","inputPortDisplayName":"standard-ingest"}],"allowPreconditions":false,"dataTransformation":false}