{"properties":[{"processGroupName":"NiFi Flow","processorName":"Poll database","processorId":"d6fc2cec-7c44-4213-b74b-c82b45c7ec73","processGroupId":"951cbed5-3f4a-4dfa-ae05-21fecb1c9c0f","processorType":"com.thinkbiganalytics.nifi.v2.ingest.GetTableData","key":"Source Database Connection","value":"6f7eae61-35a4-4deb-b795-ea9cccb86171","templateValue":"6f7eae61-35a4-4deb-b795-ea9cccb86171","userEditable":true,"customUserInterfaceView":false,"expressionProperties":null,"propertyDescriptor":{"name":"Source Database Connection","displayName":"Source Database Connection","description":"The database where the source table resides","defaultValue":null,"allowableValues":[{"displayName":"MySQL","value":"c412e1b6-1a98-4dc3-8113-2400fdca09e5","description":null},{"displayName":"Example MySQL Connection Pool","value":"549c80d9-c5ba-4f84-92c0-3d507d8d0b2b","description":null}],"required":true,"sensitive":false,"dynamic":false,"supportsEl":false,"identifiesControllerService":"org.apache.nifi.dbcp.DBCPService"},"renderType":"select","selected":true,"inputProperty":true,"templateProperty":null,"nameKey":"NiFi Flow-Poll database-Source Database Connection","idKey":"951cbed5-3f4a-4dfa-ae05-21fecb1c9c0f-d6fc2cec-7c44-4213-b74b-c82b45c7ec73-Source Database Connection"},{"processGroupName":"NiFi Flow","processorName":"Poll database","processorId":"d6fc2cec-7c44-4213-b74b-c82b45c7ec73","processGroupId":"951cbed5-3f4a-4dfa-ae05-21fecb1c9c0f","processorType":"com.thinkbiganalytics.nifi.v2.ingest.GetTableData","key":"Source Fields","value":"${metadata.table.sourceFields}","templateValue":"${metadata.table.sourceFields}","userEditable":false,"customUserInterfaceView":false,"expressionProperties":null,"propertyDescriptor":{"name":"Source Fields","displayName":"Source Fields","description":"Field names (in order) to read from the source table. ie. the select fields. The format is separated by newline. Inconsistent order will cause corruption of the downstream Hive data.","defaultValue":"${metadata.table.sourceFields}","allowableValues":null,"required":true,"sensitive":false,"dynamic":false,"supportsEl":true,"identifiesControllerService":null},"renderType":"text","selected":true,"inputProperty":true,"templateProperty":null,"nameKey":"NiFi Flow-Poll database-Source Fields","idKey":"951cbed5-3f4a-4dfa-ae05-21fecb1c9c0f-d6fc2cec-7c44-4213-b74b-c82b45c7ec73-Source Fields"},{"processGroupName":"NiFi Flow","processorName":"Poll database","processorId":"d6fc2cec-7c44-4213-b74b-c82b45c7ec73","processGroupId":"951cbed5-3f4a-4dfa-ae05-21fecb1c9c0f","processorType":"com.thinkbiganalytics.nifi.v2.ingest.GetTableData","key":"Source Table","value":"${metadata.table.sourceTableSchema.name}","templateValue":"${metadata.table.sourceTableSchema.name}","userEditable":false,"customUserInterfaceView":false,"expressionProperties":null,"propertyDescriptor":{"name":"Source Table","displayName":"Source Table","description":"Name of table including schema (if applicable)","defaultValue":"${metadata.table.sourceTableSchema.name}","allowableValues":null,"required":true,"sensitive":false,"dynamic":false,"supportsEl":true,"identifiesControllerService":null},"renderType":"text","selected":true,"inputProperty":true,"templateProperty":null,"nameKey":"NiFi Flow-Poll database-Source Table","idKey":"951cbed5-3f4a-4dfa-ae05-21fecb1c9c0f-d6fc2cec-7c44-4213-b74b-c82b45c7ec73-Source Table"},{"processGroupName":"NiFi Flow","processorName":"Poll database","processorId":"d6fc2cec-7c44-4213-b74b-c82b45c7ec73","processGroupId":"951cbed5-3f4a-4dfa-ae05-21fecb1c9c0f","processorType":"com.thinkbiganalytics.nifi.v2.ingest.GetTableData","key":"System feed category","value":"${category}","templateValue":"${category}","userEditable":false,"customUserInterfaceView":false,"expressionProperties":null,"propertyDescriptor":{"name":"System feed category","displayName":"System feed category","description":"System category of feed this processor supports","defaultValue":"${category}","allowableValues":null,"required":true,"sensitive":false,"dynamic":false,"supportsEl":true,"identifiesControllerService":null},"renderType":"text","selected":true,"inputProperty":true,"templateProperty":null,"nameKey":"NiFi Flow-Poll database-System feed category","idKey":"951cbed5-3f4a-4dfa-ae05-21fecb1c9c0f-d6fc2cec-7c44-4213-b74b-c82b45c7ec73-System feed category"},{"processGroupName":"NiFi Flow","processorName":"Poll database","processorId":"d6fc2cec-7c44-4213-b74b-c82b45c7ec73","processGroupId":"951cbed5-3f4a-4dfa-ae05-21fecb1c9c0f","processorType":"com.thinkbiganalytics.nifi.v2.ingest.GetTableData","key":"System feed name","value":"${feed}","templateValue":"${feed}","userEditable":false,"customUserInterfaceView":false,"expressionProperties":null,"propertyDescriptor":{"name":"System feed name","displayName":"System feed name","description":"Name of feed this processor supports","defaultValue":"${feed}","allowableValues":null,"required":true,"sensitive":false,"dynamic":false,"supportsEl":true,"identifiesControllerService":null},"renderType":"text","selected":true,"inputProperty":true,"templateProperty":null,"nameKey":"NiFi Flow-Poll database-System feed name","idKey":"951cbed5-3f4a-4dfa-ae05-21fecb1c9c0f-d6fc2cec-7c44-4213-b74b-c82b45c7ec73-System feed name"},{"processGroupName":"NiFi Flow","processorName":"Poll filesystem","processorId":"3362aa00-c257-47a4-b3e3-07bee260e012","processGroupId":"951cbed5-3f4a-4dfa-ae05-21fecb1c9c0f","processorType":"org.apache.nifi.processors.standard.GetFile","key":"File Filter","value":"mydata\\d{1,3}.csv","templateValue":"mydata\\d{1,3}.csv","userEditable":true,"customUserInterfaceView":false,"expressionProperties":null,"propertyDescriptor":{"name":"File Filter","displayName":"File Filter","description":"Only files whose names match the given regular expression will be picked up","defaultValue":"[^\\.].*","allowableValues":null,"required":true,"sensitive":false,"dynamic":false,"supportsEl":false,"identifiesControllerService":null},"renderType":"text","selected":true,"inputProperty":true,"templateProperty":null,"nameKey":"NiFi Flow-Poll filesystem-File Filter","idKey":"951cbed5-3f4a-4dfa-ae05-21fecb1c9c0f-3362aa00-c257-47a4-b3e3-07bee260e012-File Filter"},{"processGroupName":"NiFi Flow","processorName":"Poll filesystem","processorId":"3362aa00-c257-47a4-b3e3-07bee260e012","processGroupId":"951cbed5-3f4a-4dfa-ae05-21fecb1c9c0f","processorType":"org.apache.nifi.processors.standard.GetFile","key":"Input Directory","value":"/var/dropzone","templateValue":"/var/dropzone","userEditable":true,"customUserInterfaceView":false,"expressionProperties":null,"propertyDescriptor":{"name":"Input Directory","displayName":"Input Directory","description":"The input directory from which to pull files","defaultValue":null,"allowableValues":null,"required":true,"sensitive":false,"dynamic":false,"supportsEl":true,"identifiesControllerService":null},"renderType":"text","selected":true,"inputProperty":true,"templateProperty":null,"nameKey":"NiFi Flow-Poll filesystem-Input Directory","idKey":"951cbed5-3f4a-4dfa-ae05-21fecb1c9c0f-3362aa00-c257-47a4-b3e3-07bee260e012-Input Directory"},{"processGroupName":"NiFi Flow","processorName":"Update flow parameters","processorId":"7967da2f-4b27-4c21-b410-6db79bae3277","processGroupId":"951cbed5-3f4a-4dfa-ae05-21fecb1c9c0f","processorType":"org.apache.nifi.processors.attributes.UpdateAttribute","key":"category","value":"${metadata.category.systemName}","templateValue":"${metadata.category.systemName}","userEditable":false,"customUserInterfaceView":false,"expressionProperties":null,"propertyDescriptor":{"name":"category","displayName":"category","description":"","defaultValue":null,"allowableValues":null,"required":false,"sensitive":false,"dynamic":true,"supportsEl":true,"identifiesControllerService":null},"renderType":"text","selected":true,"inputProperty":false,"templateProperty":null,"nameKey":"NiFi Flow-Update flow parameters-category","idKey":"951cbed5-3f4a-4dfa-ae05-21fecb1c9c0f-7967da2f-4b27-4c21-b410-6db79bae3277-category"},{"processGroupName":"NiFi Flow","processorName":"Update flow parameters","processorId":"7967da2f-4b27-4c21-b410-6db79bae3277","processGroupId":"951cbed5-3f4a-4dfa-ae05-21fecb1c9c0f","processorType":"org.apache.nifi.processors.attributes.UpdateAttribute","key":"feed","value":"${metadata.systemFeedName}","templateValue":"${metadata.systemFeedName}","userEditable":false,"customUserInterfaceView":false,"expressionProperties":null,"propertyDescriptor":{"name":"feed","displayName":"feed","description":"","defaultValue":null,"allowableValues":null,"required":false,"sensitive":false,"dynamic":true,"supportsEl":true,"identifiesControllerService":null},"renderType":"text","selected":true,"inputProperty":false,"templateProperty":null,"nameKey":"NiFi Flow-Update flow parameters-feed","idKey":"951cbed5-3f4a-4dfa-ae05-21fecb1c9c0f-7967da2f-4b27-4c21-b410-6db79bae3277-feed"},{"processGroupName":"NiFi Flow","processorName":"Update flow parameters","processorId":"7967da2f-4b27-4c21-b410-6db79bae3277","processGroupId":"951cbed5-3f4a-4dfa-ae05-21fecb1c9c0f","processorType":"org.apache.nifi.processors.attributes.UpdateAttribute","key":"metadata.table.feedFormat","value":"${metadata.table.feedFormat}","templateValue":"${metadata.table.feedFormat}","userEditable":false,"customUserInterfaceView":false,"expressionProperties":null,"propertyDescriptor":{"name":"metadata.table.feedFormat","displayName":"metadata.table.feedFormat","description":"","defaultValue":null,"allowableValues":null,"required":false,"sensitive":false,"dynamic":true,"supportsEl":true,"identifiesControllerService":null},"renderType":"text","selected":true,"inputProperty":false,"templateProperty":null,"nameKey":"NiFi Flow-Update flow parameters-metadata.table.feedFormat","idKey":"951cbed5-3f4a-4dfa-ae05-21fecb1c9c0f-7967da2f-4b27-4c21-b410-6db79bae3277-metadata.table.feedFormat"},{"processGroupName":"NiFi Flow","processorName":"Update flow parameters","processorId":"7967da2f-4b27-4c21-b410-6db79bae3277","processGroupId":"951cbed5-3f4a-4dfa-ae05-21fecb1c9c0f","processorType":"org.apache.nifi.processors.attributes.UpdateAttribute","key":"metadata.table.fieldIndexString","value":"${metadata.table.fieldIndexString}","templateValue":"${metadata.table.fieldIndexString}","userEditable":false,"customUserInterfaceView":false,"expressionProperties":null,"propertyDescriptor":{"name":"metadata.table.fieldIndexString","displayName":"metadata.table.fieldIndexString","description":"","defaultValue":null,"allowableValues":null,"required":false,"sensitive":false,"dynamic":true,"supportsEl":true,"identifiesControllerService":null},"renderType":"text","selected":true,"inputProperty":false,"templateProperty":null,"nameKey":"NiFi Flow-Update flow parameters-metadata.table.fieldIndexString","idKey":"951cbed5-3f4a-4dfa-ae05-21fecb1c9c0f-7967da2f-4b27-4c21-b410-6db79bae3277-metadata.table.fieldIndexString"},{"processGroupName":"NiFi Flow","processorName":"Update flow parameters","processorId":"7967da2f-4b27-4c21-b410-6db79bae3277","processGroupId":"951cbed5-3f4a-4dfa-ae05-21fecb1c9c0f","processorType":"org.apache.nifi.processors.attributes.UpdateAttribute","key":"metadata.table.fieldPoliciesJson","value":"${metadata.table.fieldPoliciesJson}","templateValue":"${metadata.table.fieldPoliciesJson}","userEditable":false,"customUserInterfaceView":false,"expressionProperties":null,"propertyDescriptor":{"name":"metadata.table.fieldPoliciesJson","displayName":"metadata.table.fieldPoliciesJson","description":"","defaultValue":null,"allowableValues":null,"required":false,"sensitive":false,"dynamic":true,"supportsEl":true,"identifiesControllerService":null},"renderType":"text","selected":true,"inputProperty":false,"templateProperty":null,"nameKey":"NiFi Flow-Update flow parameters-metadata.table.fieldPoliciesJson","idKey":"951cbed5-3f4a-4dfa-ae05-21fecb1c9c0f-7967da2f-4b27-4c21-b410-6db79bae3277-metadata.table.fieldPoliciesJson"},{"processGroupName":"NiFi Flow","processorName":"Update flow parameters","processorId":"7967da2f-4b27-4c21-b410-6db79bae3277","processGroupId":"951cbed5-3f4a-4dfa-ae05-21fecb1c9c0f","processorType":"org.apache.nifi.processors.attributes.UpdateAttribute","key":"metadata.table.fieldStructure","value":"${metadata.table.fieldStructure}","templateValue":"${metadata.table.fieldStructure}","userEditable":false,"customUserInterfaceView":false,"expressionProperties":null,"propertyDescriptor":{"name":"metadata.table.fieldStructure","displayName":"metadata.table.fieldStructure","description":"","defaultValue":null,"allowableValues":null,"required":false,"sensitive":false,"dynamic":true,"supportsEl":true,"identifiesControllerService":null},"renderType":"text","selected":true,"inputProperty":false,"templateProperty":null,"nameKey":"NiFi Flow-Update flow parameters-metadata.table.fieldStructure","idKey":"951cbed5-3f4a-4dfa-ae05-21fecb1c9c0f-7967da2f-4b27-4c21-b410-6db79bae3277-metadata.table.fieldStructure"},{"processGroupName":"NiFi Flow","processorName":"Update flow parameters","processorId":"7967da2f-4b27-4c21-b410-6db79bae3277","processGroupId":"951cbed5-3f4a-4dfa-ae05-21fecb1c9c0f","processorType":"org.apache.nifi.processors.attributes.UpdateAttribute","key":"metadata.table.partitionSpecs","value":"${metadata.table.partitionSpecs}","templateValue":"${metadata.table.partitionSpecs}","userEditable":false,"customUserInterfaceView":false,"expressionProperties":null,"propertyDescriptor":{"name":"metadata.table.partitionSpecs","displayName":"metadata.table.partitionSpecs","description":"","defaultValue":null,"allowableValues":null,"required":false,"sensitive":false,"dynamic":true,"supportsEl":true,"identifiesControllerService":null},"renderType":"text","selected":true,"inputProperty":false,"templateProperty":null,"nameKey":"NiFi Flow-Update flow parameters-metadata.table.partitionSpecs","idKey":"951cbed5-3f4a-4dfa-ae05-21fecb1c9c0f-7967da2f-4b27-4c21-b410-6db79bae3277-metadata.table.partitionSpecs"},{"processGroupName":"NiFi Flow","processorName":"Update flow parameters","processorId":"7967da2f-4b27-4c21-b410-6db79bae3277","processGroupId":"951cbed5-3f4a-4dfa-ae05-21fecb1c9c0f","processorType":"org.apache.nifi.processors.attributes.UpdateAttribute","key":"metadata.table.partitionStructure","value":"${metadata.table.partitionStructure}","templateValue":"${metadata.table.partitionStructure}","userEditable":false,"customUserInterfaceView":false,"expressionProperties":null,"propertyDescriptor":{"name":"metadata.table.partitionStructure","displayName":"metadata.table.partitionStructure","description":"","defaultValue":null,"allowableValues":null,"required":false,"sensitive":false,"dynamic":true,"supportsEl":true,"identifiesControllerService":null},"renderType":"text","selected":true,"inputProperty":false,"templateProperty":null,"nameKey":"NiFi Flow-Update flow parameters-metadata.table.partitionStructure","idKey":"951cbed5-3f4a-4dfa-ae05-21fecb1c9c0f-7967da2f-4b27-4c21-b410-6db79bae3277-metadata.table.partitionStructure"},{"processGroupName":"NiFi Flow","processorName":"Update flow parameters","processorId":"7967da2f-4b27-4c21-b410-6db79bae3277","processGroupId":"951cbed5-3f4a-4dfa-ae05-21fecb1c9c0f","processorType":"org.apache.nifi.processors.attributes.UpdateAttribute","key":"metadata.table.targetFormat","value":"${metadata.table.targetFormat}","templateValue":"${metadata.table.targetFormat}","userEditable":false,"customUserInterfaceView":false,"expressionProperties":null,"propertyDescriptor":{"name":"metadata.table.targetFormat","displayName":"metadata.table.targetFormat","description":"","defaultValue":null,"allowableValues":null,"required":false,"sensitive":false,"dynamic":true,"supportsEl":true,"identifiesControllerService":null},"renderType":"text","selected":true,"inputProperty":false,"templateProperty":null,"nameKey":"NiFi Flow-Update flow parameters-metadata.table.targetFormat","idKey":"951cbed5-3f4a-4dfa-ae05-21fecb1c9c0f-7967da2f-4b27-4c21-b410-6db79bae3277-metadata.table.targetFormat"},{"processGroupName":"NiFi Flow","processorName":"Update flow parameters","processorId":"7967da2f-4b27-4c21-b410-6db79bae3277","processGroupId":"951cbed5-3f4a-4dfa-ae05-21fecb1c9c0f","processorType":"org.apache.nifi.processors.attributes.UpdateAttribute","key":"metadata.table.targetMergeStrategy","value":"${metadata.table.targetMergeStrategy}","templateValue":"${metadata.table.targetMergeStrategy}","userEditable":false,"customUserInterfaceView":false,"expressionProperties":null,"propertyDescriptor":{"name":"metadata.table.targetMergeStrategy","displayName":"metadata.table.targetMergeStrategy","description":"","defaultValue":null,"allowableValues":null,"required":false,"sensitive":false,"dynamic":true,"supportsEl":true,"identifiesControllerService":null},"renderType":"text","selected":true,"inputProperty":false,"templateProperty":null,"nameKey":"NiFi Flow-Update flow parameters-metadata.table.targetMergeStrategy","idKey":"951cbed5-3f4a-4dfa-ae05-21fecb1c9c0f-7967da2f-4b27-4c21-b410-6db79bae3277-metadata.table.targetMergeStrategy"},{"processGroupName":"NiFi Flow","processorName":"Update flow parameters","processorId":"7967da2f-4b27-4c21-b410-6db79bae3277","processGroupId":"951cbed5-3f4a-4dfa-ae05-21fecb1c9c0f","processorType":"org.apache.nifi.processors.attributes.UpdateAttribute","key":"metadata.table.targetTblProperties","value":"${metadata.table.targetTblProperties}","templateValue":"${metadata.table.targetTblProperties}","userEditable":false,"customUserInterfaceView":false,"expressionProperties":null,"propertyDescriptor":{"name":"metadata.table.targetTblProperties","displayName":"metadata.table.targetTblProperties","description":"","defaultValue":null,"allowableValues":null,"required":false,"sensitive":false,"dynamic":true,"supportsEl":true,"identifiesControllerService":null},"renderType":"text","selected":true,"inputProperty":false,"templateProperty":null,"nameKey":"NiFi Flow-Update flow parameters-metadata.table.targetTblProperties","idKey":"951cbed5-3f4a-4dfa-ae05-21fecb1c9c0f-7967da2f-4b27-4c21-b410-6db79bae3277-metadata.table.targetTblProperties"}],"id":"026c96c1-f3ce-4568-8761-659633e305b0","nifiTemplateId":"499dbf4c-2503-403d-8912-ce7e734566a8","templateName":"Data Ingest","updateDate":1464762706000,"createDate":1464762706000,"icon":"forward","iconColor":"#AB47BC","description":"Data Ingest","defineTable":true,"reusableTemplate":false,"reusableTemplateConnections":[{"feedOutputPortName":"to-standard-ingest","reusableTemplateInputPortName":"standard-ingest","inputPortDisplayName":"standard-ingest"}],"allowPreconditions":false,"dataTransformation":false}