{"properties":[{"processGroupName":"NiFi Flow","processorName":"Poll database","processorId":"2c941668-87e7-40d2-ab19-8ac694bc38ec","processGroupId":"b631d103-ed8f-4ca5-b4f2-4cc28e607773","processorType":"com.thinkbiganalytics.nifi.v2.ingest.GetTableData","key":"Source Database Connection","value":"6f7eae61-35a4-4deb-b795-ea9cccb86171","templateValue":"6f7eae61-35a4-4deb-b795-ea9cccb86171","userEditable":true,"expressionProperties":null,"propertyDescriptor":{"name":"Source Database Connection","displayName":"Source Database Connection","description":"The database where the source table resides","defaultValue":null,"allowableValues":[{"displayName":"MySQL","value":"022338eb-f248-4357-8178-799d908871cb","description":null},{"displayName":"MySQL","value":"93c6ed65-cbb9-4962-a785-4a0ef0c0ce2b","description":null}],"required":true,"sensitive":false,"dynamic":false,"supportsEl":false,"identifiesControllerService":"org.apache.nifi.dbcp.DBCPService"},"renderType":"select","selected":true,"inputProperty":true,"templateProperty":null,"nameKey":"NiFi Flow-Poll database-Source Database Connection","idKey":"b631d103-ed8f-4ca5-b4f2-4cc28e607773-2c941668-87e7-40d2-ab19-8ac694bc38ec-Source Database Connection"},{"processGroupName":"NiFi Flow","processorName":"Poll database","processorId":"2c941668-87e7-40d2-ab19-8ac694bc38ec","processGroupId":"b631d103-ed8f-4ca5-b4f2-4cc28e607773","processorType":"com.thinkbiganalytics.nifi.v2.ingest.GetTableData","key":"Source Fields","value":"${metadata.table.sourceFields}","templateValue":"${metadata.table.sourceFields}","userEditable":false,"expressionProperties":null,"propertyDescriptor":{"name":"Source Fields","displayName":"Source Fields","description":"Field names (in order) to read from the source table. ie. the select fields. The format is separated by newline. Inconsistent order will cause corruption of the downstream Hive data.","defaultValue":"${metadata.table.sourceFields}","allowableValues":null,"required":true,"sensitive":false,"dynamic":false,"supportsEl":true,"identifiesControllerService":null},"renderType":"text","selected":true,"inputProperty":true,"templateProperty":null,"nameKey":"NiFi Flow-Poll database-Source Fields","idKey":"b631d103-ed8f-4ca5-b4f2-4cc28e607773-2c941668-87e7-40d2-ab19-8ac694bc38ec-Source Fields"},{"processGroupName":"NiFi Flow","processorName":"Poll database","processorId":"2c941668-87e7-40d2-ab19-8ac694bc38ec","processGroupId":"b631d103-ed8f-4ca5-b4f2-4cc28e607773","processorType":"com.thinkbiganalytics.nifi.v2.ingest.GetTableData","key":"Source Table","value":"${metadata.table.sourceTableSchema.name}","templateValue":"${metadata.table.sourceTableSchema.name}","userEditable":false,"expressionProperties":null,"propertyDescriptor":{"name":"Source Table","displayName":"Source Table","description":"Name of table including schema (if applicable)","defaultValue":"${metadata.table.sourceTableSchema.name}","allowableValues":null,"required":true,"sensitive":false,"dynamic":false,"supportsEl":true,"identifiesControllerService":null},"renderType":"text","selected":true,"inputProperty":true,"templateProperty":null,"nameKey":"NiFi Flow-Poll database-Source Table","idKey":"b631d103-ed8f-4ca5-b4f2-4cc28e607773-2c941668-87e7-40d2-ab19-8ac694bc38ec-Source Table"},{"processGroupName":"NiFi Flow","processorName":"Poll database","processorId":"2c941668-87e7-40d2-ab19-8ac694bc38ec","processGroupId":"b631d103-ed8f-4ca5-b4f2-4cc28e607773","processorType":"com.thinkbiganalytics.nifi.v2.ingest.GetTableData","key":"System feed category","value":"${metadata.category.systemName}","templateValue":"${metadata.category.systemName}","userEditable":false,"expressionProperties":null,"propertyDescriptor":{"name":"System feed category","displayName":"System feed category","description":"System category of feed this processor supports","defaultValue":"${category}","allowableValues":null,"required":true,"sensitive":false,"dynamic":false,"supportsEl":true,"identifiesControllerService":null},"renderType":"text","selected":true,"inputProperty":true,"templateProperty":null,"nameKey":"NiFi Flow-Poll database-System feed category","idKey":"b631d103-ed8f-4ca5-b4f2-4cc28e607773-2c941668-87e7-40d2-ab19-8ac694bc38ec-System feed category"},{"processGroupName":"NiFi Flow","processorName":"Poll database","processorId":"2c941668-87e7-40d2-ab19-8ac694bc38ec","processGroupId":"b631d103-ed8f-4ca5-b4f2-4cc28e607773","processorType":"com.thinkbiganalytics.nifi.v2.ingest.GetTableData","key":"System feed name","value":"${metadata.systemFeedName}","templateValue":"${metadata.systemFeedName}","userEditable":false,"expressionProperties":null,"propertyDescriptor":{"name":"System feed name","displayName":"System feed name","description":"Name of feed this processor supports","defaultValue":"${feed}","allowableValues":null,"required":true,"sensitive":false,"dynamic":false,"supportsEl":true,"identifiesControllerService":null},"renderType":"text","selected":true,"inputProperty":true,"templateProperty":null,"nameKey":"NiFi Flow-Poll database-System feed name","idKey":"b631d103-ed8f-4ca5-b4f2-4cc28e607773-2c941668-87e7-40d2-ab19-8ac694bc38ec-System feed name"},{"processGroupName":"NiFi Flow","processorName":"Poll filesystem","processorId":"80783326-6195-461c-9d99-85f4eebb82de","processGroupId":"b631d103-ed8f-4ca5-b4f2-4cc28e607773","processorType":"org.apache.nifi.processors.standard.GetFile","key":"File Filter","value":"mydata\\d{1,3}.csv","templateValue":"mydata\\d{1,3}.csv","userEditable":true,"expressionProperties":null,"propertyDescriptor":{"name":"File Filter","displayName":"File Filter","description":"Only files whose names match the given regular expression will be picked up","defaultValue":"[^\\.].*","allowableValues":null,"required":true,"sensitive":false,"dynamic":false,"supportsEl":false,"identifiesControllerService":null},"renderType":"text","selected":true,"inputProperty":true,"templateProperty":null,"nameKey":"NiFi Flow-Poll filesystem-File Filter","idKey":"b631d103-ed8f-4ca5-b4f2-4cc28e607773-80783326-6195-461c-9d99-85f4eebb82de-File Filter"},{"processGroupName":"NiFi Flow","processorName":"Poll filesystem","processorId":"80783326-6195-461c-9d99-85f4eebb82de","processGroupId":"b631d103-ed8f-4ca5-b4f2-4cc28e607773","processorType":"org.apache.nifi.processors.standard.GetFile","key":"Input Directory","value":"/var/dropzone","templateValue":"/var/dropzone","userEditable":true,"expressionProperties":null,"propertyDescriptor":{"name":"Input Directory","displayName":"Input Directory","description":"The input directory from which to pull files","defaultValue":null,"allowableValues":null,"required":true,"sensitive":false,"dynamic":false,"supportsEl":true,"identifiesControllerService":null},"renderType":"text","selected":true,"inputProperty":true,"templateProperty":null,"nameKey":"NiFi Flow-Poll filesystem-Input Directory","idKey":"b631d103-ed8f-4ca5-b4f2-4cc28e607773-80783326-6195-461c-9d99-85f4eebb82de-Input Directory"},{"processGroupName":"NiFi Flow","processorName":"TriggerCleanup","processorId":"ab2baecf-2fda-4e26-ab98-5fc5f657a1c7","processGroupId":"b631d103-ed8f-4ca5-b4f2-4cc28e607773","processorType":"com.thinkbiganalytics.nifi.v2.metadata.TriggerCleanup","key":"System feed category","value":"${metadata.category.systemName}","templateValue":"${metadata.category.systemName}","userEditable":false,"expressionProperties":null,"propertyDescriptor":{"name":"System feed category","displayName":"System feed category","description":"The category name of this feed. The default is to have this name automatically set when the feed is created. Normally you do not need to change the default value.","defaultValue":"${metadata.category.systemName}","allowableValues":null,"required":true,"sensitive":false,"dynamic":false,"supportsEl":false,"identifiesControllerService":null},"renderType":"text","selected":true,"inputProperty":true,"templateProperty":null,"nameKey":"NiFi Flow-TriggerCleanup-System feed category","idKey":"b631d103-ed8f-4ca5-b4f2-4cc28e607773-ab2baecf-2fda-4e26-ab98-5fc5f657a1c7-System feed category"},{"processGroupName":"NiFi Flow","processorName":"TriggerCleanup","processorId":"ab2baecf-2fda-4e26-ab98-5fc5f657a1c7","processGroupId":"b631d103-ed8f-4ca5-b4f2-4cc28e607773","processorType":"com.thinkbiganalytics.nifi.v2.metadata.TriggerCleanup","key":"System feed name","value":"${metadata.systemFeedName}","templateValue":"${metadata.systemFeedName}","userEditable":false,"expressionProperties":null,"propertyDescriptor":{"name":"System feed name","displayName":"System feed name","description":"The system name of this feed. The default is to have this name automatically set when the feed is created. Normally you do not need to change the default value.","defaultValue":"${metadata.systemFeedName}","allowableValues":null,"required":true,"sensitive":false,"dynamic":false,"supportsEl":false,"identifiesControllerService":null},"renderType":"text","selected":true,"inputProperty":true,"templateProperty":null,"nameKey":"NiFi Flow-TriggerCleanup-System feed name","idKey":"b631d103-ed8f-4ca5-b4f2-4cc28e607773-ab2baecf-2fda-4e26-ab98-5fc5f657a1c7-System feed name"},{"processGroupName":"NiFi Flow","processorName":"Update flow parameters","processorId":"c1c1973c-a9a8-421c-976e-773c314d6eff","processGroupId":"b631d103-ed8f-4ca5-b4f2-4cc28e607773","processorType":"org.apache.nifi.processors.attributes.UpdateAttribute","key":"category","value":"${metadata.category.systemName}","templateValue":"${metadata.category.systemName}","userEditable":false,"expressionProperties":null,"propertyDescriptor":{"name":"category","displayName":"category","description":"","defaultValue":null,"allowableValues":null,"required":false,"sensitive":false,"dynamic":true,"supportsEl":true,"identifiesControllerService":null},"renderType":"text","selected":true,"inputProperty":false,"templateProperty":null,"nameKey":"NiFi Flow-Update flow parameters-category","idKey":"b631d103-ed8f-4ca5-b4f2-4cc28e607773-c1c1973c-a9a8-421c-976e-773c314d6eff-category"},{"processGroupName":"NiFi Flow","processorName":"Update flow parameters","processorId":"c1c1973c-a9a8-421c-976e-773c314d6eff","processGroupId":"b631d103-ed8f-4ca5-b4f2-4cc28e607773","processorType":"org.apache.nifi.processors.attributes.UpdateAttribute","key":"feed","value":"${metadata.systemFeedName}","templateValue":"${metadata.systemFeedName}","userEditable":false,"expressionProperties":null,"propertyDescriptor":{"name":"feed","displayName":"feed","description":"","defaultValue":null,"allowableValues":null,"required":false,"sensitive":false,"dynamic":true,"supportsEl":true,"identifiesControllerService":null},"renderType":"text","selected":true,"inputProperty":false,"templateProperty":null,"nameKey":"NiFi Flow-Update flow parameters-feed","idKey":"b631d103-ed8f-4ca5-b4f2-4cc28e607773-c1c1973c-a9a8-421c-976e-773c314d6eff-feed"},{"processGroupName":"NiFi Flow","processorName":"Update flow parameters","processorId":"c1c1973c-a9a8-421c-976e-773c314d6eff","processGroupId":"b631d103-ed8f-4ca5-b4f2-4cc28e607773","processorType":"org.apache.nifi.processors.attributes.UpdateAttribute","key":"metadata.table.feedFormat","value":"${metadata.table.feedFormat}","templateValue":"${metadata.table.feedFormat}","userEditable":false,"expressionProperties":null,"propertyDescriptor":{"name":"metadata.table.feedFormat","displayName":"metadata.table.feedFormat","description":"","defaultValue":null,"allowableValues":null,"required":false,"sensitive":false,"dynamic":true,"supportsEl":true,"identifiesControllerService":null},"renderType":"text","selected":true,"inputProperty":false,"templateProperty":null,"nameKey":"NiFi Flow-Update flow parameters-metadata.table.feedFormat","idKey":"b631d103-ed8f-4ca5-b4f2-4cc28e607773-c1c1973c-a9a8-421c-976e-773c314d6eff-metadata.table.feedFormat"},{"processGroupName":"NiFi Flow","processorName":"Update flow parameters","processorId":"c1c1973c-a9a8-421c-976e-773c314d6eff","processGroupId":"b631d103-ed8f-4ca5-b4f2-4cc28e607773","processorType":"org.apache.nifi.processors.attributes.UpdateAttribute","key":"metadata.table.fieldIndexString","value":"${metadata.table.fieldIndexString}","templateValue":"${metadata.table.fieldIndexString}","userEditable":false,"expressionProperties":null,"propertyDescriptor":{"name":"metadata.table.fieldIndexString","displayName":"metadata.table.fieldIndexString","description":"","defaultValue":null,"allowableValues":null,"required":false,"sensitive":false,"dynamic":true,"supportsEl":true,"identifiesControllerService":null},"renderType":"text","selected":true,"inputProperty":false,"templateProperty":null,"nameKey":"NiFi Flow-Update flow parameters-metadata.table.fieldIndexString","idKey":"b631d103-ed8f-4ca5-b4f2-4cc28e607773-c1c1973c-a9a8-421c-976e-773c314d6eff-metadata.table.fieldIndexString"},{"processGroupName":"NiFi Flow","processorName":"Update flow parameters","processorId":"c1c1973c-a9a8-421c-976e-773c314d6eff","processGroupId":"b631d103-ed8f-4ca5-b4f2-4cc28e607773","processorType":"org.apache.nifi.processors.attributes.UpdateAttribute","key":"metadata.table.fieldPoliciesJson","value":"${metadata.table.fieldPoliciesJson}","templateValue":"${metadata.table.fieldPoliciesJson}","userEditable":false,"expressionProperties":null,"propertyDescriptor":{"name":"metadata.table.fieldPoliciesJson","displayName":"metadata.table.fieldPoliciesJson","description":"","defaultValue":null,"allowableValues":null,"required":false,"sensitive":false,"dynamic":true,"supportsEl":true,"identifiesControllerService":null},"renderType":"text","selected":true,"inputProperty":false,"templateProperty":null,"nameKey":"NiFi Flow-Update flow parameters-metadata.table.fieldPoliciesJson","idKey":"b631d103-ed8f-4ca5-b4f2-4cc28e607773-c1c1973c-a9a8-421c-976e-773c314d6eff-metadata.table.fieldPoliciesJson"},{"processGroupName":"NiFi Flow","processorName":"Update flow parameters","processorId":"c1c1973c-a9a8-421c-976e-773c314d6eff","processGroupId":"b631d103-ed8f-4ca5-b4f2-4cc28e607773","processorType":"org.apache.nifi.processors.attributes.UpdateAttribute","key":"metadata.table.fieldStructure","value":"${metadata.table.fieldStructure}","templateValue":"${metadata.table.fieldStructure}","userEditable":false,"expressionProperties":null,"propertyDescriptor":{"name":"metadata.table.fieldStructure","displayName":"metadata.table.fieldStructure","description":"","defaultValue":null,"allowableValues":null,"required":false,"sensitive":false,"dynamic":true,"supportsEl":true,"identifiesControllerService":null},"renderType":"text","selected":true,"inputProperty":false,"templateProperty":null,"nameKey":"NiFi Flow-Update flow parameters-metadata.table.fieldStructure","idKey":"b631d103-ed8f-4ca5-b4f2-4cc28e607773-c1c1973c-a9a8-421c-976e-773c314d6eff-metadata.table.fieldStructure"},{"processGroupName":"NiFi Flow","processorName":"Update flow parameters","processorId":"c1c1973c-a9a8-421c-976e-773c314d6eff","processGroupId":"b631d103-ed8f-4ca5-b4f2-4cc28e607773","processorType":"org.apache.nifi.processors.attributes.UpdateAttribute","key":"metadata.table.partitionSpecs","value":"${metadata.table.partitionSpecs}","templateValue":"${metadata.table.partitionSpecs}","userEditable":false,"expressionProperties":null,"propertyDescriptor":{"name":"metadata.table.partitionSpecs","displayName":"metadata.table.partitionSpecs","description":"","defaultValue":null,"allowableValues":null,"required":false,"sensitive":false,"dynamic":true,"supportsEl":true,"identifiesControllerService":null},"renderType":"text","selected":true,"inputProperty":false,"templateProperty":null,"nameKey":"NiFi Flow-Update flow parameters-metadata.table.partitionSpecs","idKey":"b631d103-ed8f-4ca5-b4f2-4cc28e607773-c1c1973c-a9a8-421c-976e-773c314d6eff-metadata.table.partitionSpecs"},{"processGroupName":"NiFi Flow","processorName":"Update flow parameters","processorId":"c1c1973c-a9a8-421c-976e-773c314d6eff","processGroupId":"b631d103-ed8f-4ca5-b4f2-4cc28e607773","processorType":"org.apache.nifi.processors.attributes.UpdateAttribute","key":"metadata.table.partitionStructure","value":"${metadata.table.partitionStructure}","templateValue":"${metadata.table.partitionStructure}","userEditable":false,"expressionProperties":null,"propertyDescriptor":{"name":"metadata.table.partitionStructure","displayName":"metadata.table.partitionStructure","description":"","defaultValue":null,"allowableValues":null,"required":false,"sensitive":false,"dynamic":true,"supportsEl":true,"identifiesControllerService":null},"renderType":"text","selected":true,"inputProperty":false,"templateProperty":null,"nameKey":"NiFi Flow-Update flow parameters-metadata.table.partitionStructure","idKey":"b631d103-ed8f-4ca5-b4f2-4cc28e607773-c1c1973c-a9a8-421c-976e-773c314d6eff-metadata.table.partitionStructure"},{"processGroupName":"NiFi Flow","processorName":"Update flow parameters","processorId":"c1c1973c-a9a8-421c-976e-773c314d6eff","processGroupId":"b631d103-ed8f-4ca5-b4f2-4cc28e607773","processorType":"org.apache.nifi.processors.attributes.UpdateAttribute","key":"metadata.table.targetFormat","value":"${metadata.table.targetFormat}","templateValue":"${metadata.table.targetFormat}","userEditable":false,"expressionProperties":null,"propertyDescriptor":{"name":"metadata.table.targetFormat","displayName":"metadata.table.targetFormat","description":"","defaultValue":null,"allowableValues":null,"required":false,"sensitive":false,"dynamic":true,"supportsEl":true,"identifiesControllerService":null},"renderType":"text","selected":true,"inputProperty":false,"templateProperty":null,"nameKey":"NiFi Flow-Update flow parameters-metadata.table.targetFormat","idKey":"b631d103-ed8f-4ca5-b4f2-4cc28e607773-c1c1973c-a9a8-421c-976e-773c314d6eff-metadata.table.targetFormat"},{"processGroupName":"NiFi Flow","processorName":"Update flow parameters","processorId":"c1c1973c-a9a8-421c-976e-773c314d6eff","processGroupId":"b631d103-ed8f-4ca5-b4f2-4cc28e607773","processorType":"org.apache.nifi.processors.attributes.UpdateAttribute","key":"metadata.table.targetMergeStrategy","value":"${metadata.table.targetMergeStrategy}","templateValue":"${metadata.table.targetMergeStrategy}","userEditable":false,"expressionProperties":null,"propertyDescriptor":{"name":"metadata.table.targetMergeStrategy","displayName":"metadata.table.targetMergeStrategy","description":"","defaultValue":null,"allowableValues":null,"required":false,"sensitive":false,"dynamic":true,"supportsEl":true,"identifiesControllerService":null},"renderType":"text","selected":true,"inputProperty":false,"templateProperty":null,"nameKey":"NiFi Flow-Update flow parameters-metadata.table.targetMergeStrategy","idKey":"b631d103-ed8f-4ca5-b4f2-4cc28e607773-c1c1973c-a9a8-421c-976e-773c314d6eff-metadata.table.targetMergeStrategy"},{"processGroupName":"NiFi Flow","processorName":"Update flow parameters","processorId":"c1c1973c-a9a8-421c-976e-773c314d6eff","processGroupId":"b631d103-ed8f-4ca5-b4f2-4cc28e607773","processorType":"org.apache.nifi.processors.attributes.UpdateAttribute","key":"metadata.table.targetTblProperties","value":"${metadata.table.targetTblProperties}","templateValue":"${metadata.table.targetTblProperties}","userEditable":false,"expressionProperties":null,"propertyDescriptor":{"name":"metadata.table.targetTblProperties","displayName":"metadata.table.targetTblProperties","description":"","defaultValue":null,"allowableValues":null,"required":false,"sensitive":false,"dynamic":true,"supportsEl":true,"identifiesControllerService":null},"renderType":"text","selected":true,"inputProperty":false,"templateProperty":null,"nameKey":"NiFi Flow-Update flow parameters-metadata.table.targetTblProperties","idKey":"b631d103-ed8f-4ca5-b4f2-4cc28e607773-c1c1973c-a9a8-421c-976e-773c314d6eff-metadata.table.targetTblProperties"}],"id":"e92ab652-9a1e-41c0-bc4a-b2003275fe24","nifiTemplateId":"dbbce29c-5344-48e8-a620-24c344aa999f","templateName":"Data Ingest","updateDate":1475253393222,"createDate":1475241849193,"icon":"forward","iconColor":"#AB47BC","description":"Data Ingest","defineTable":true,"reusableTemplate":false,"reusableTemplateConnections":[{"feedOutputPortName":"to-failure","reusableTemplateInputPortName":"standard-failure","inputPortDisplayName":"standard-failure"},{"feedOutputPortName":"to-standard-cleanup","reusableTemplateInputPortName":"standard-cleanup","inputPortDisplayName":"standard-cleanup"},{"feedOutputPortName":"to-standard-ingest","reusableTemplateInputPortName":"standard-ingest","inputPortDisplayName":"standard-ingest"},{"feedOutputPortName":"to-archive-originals","reusableTemplateInputPortName":"standard-archive-originals","inputPortDisplayName":"standard-archive-originals"}],"allowPreconditions":false,"dataTransformation":false}