{"properties":[{"processGroupName":"NiFi Flow","processorName":"Poll database","processorId":"f8791bae-4607-4c92-9cd5-4f1362a7fb04","processGroupId":"64a76287-da4f-4e7c-8bdf-668e3e632d00","processorType":"com.thinkbiganalytics.nifi.v2.ingest.GetTableData","key":"Source Database Connection","value":"6f7eae61-35a4-4deb-b795-ea9cccb86171","templateValue":"6f7eae61-35a4-4deb-b795-ea9cccb86171","userEditable":true,"expressionProperties":null,"propertyDescriptor":{"name":"Source Database Connection","displayName":"Source Database Connection","description":"The database where the source table resides","defaultValue":null,"allowableValues":[{"displayName":"MySQL","value":"dc89f8a4-a0ce-4ba5-ae44-40857d8255ca","description":null},{"displayName":"Example MySQL Connection Pool","value":"d218ae2a-0663-4795-9833-4e137fb559b0","description":null}],"required":true,"sensitive":false,"dynamic":false,"supportsEl":false,"identifiesControllerService":"org.apache.nifi.dbcp.DBCPService"},"renderType":"select","selected":true,"inputProperty":true,"templateProperty":null,"nameKey":"NiFi Flow-Poll database-Source Database Connection","idKey":"64a76287-da4f-4e7c-8bdf-668e3e632d00-f8791bae-4607-4c92-9cd5-4f1362a7fb04-Source Database Connection"},{"processGroupName":"NiFi Flow","processorName":"Poll database","processorId":"f8791bae-4607-4c92-9cd5-4f1362a7fb04","processGroupId":"64a76287-da4f-4e7c-8bdf-668e3e632d00","processorType":"com.thinkbiganalytics.nifi.v2.ingest.GetTableData","key":"Source Fields","value":"${metadata.table.sourceFields}","templateValue":"${metadata.table.sourceFields}","userEditable":false,"expressionProperties":null,"propertyDescriptor":{"name":"Source Fields","displayName":"Source Fields","description":"Field names (in order) to read from the source table. ie. the select fields. The format is separated by newline. Inconsistent order will cause corruption of the downstream Hive data.","defaultValue":"${metadata.table.sourceFields}","allowableValues":null,"required":true,"sensitive":false,"dynamic":false,"supportsEl":true,"identifiesControllerService":null},"renderType":"text","selected":true,"inputProperty":true,"templateProperty":null,"nameKey":"NiFi Flow-Poll database-Source Fields","idKey":"64a76287-da4f-4e7c-8bdf-668e3e632d00-f8791bae-4607-4c92-9cd5-4f1362a7fb04-Source Fields"},{"processGroupName":"NiFi Flow","processorName":"Poll database","processorId":"f8791bae-4607-4c92-9cd5-4f1362a7fb04","processGroupId":"64a76287-da4f-4e7c-8bdf-668e3e632d00","processorType":"com.thinkbiganalytics.nifi.v2.ingest.GetTableData","key":"Source Table","value":"${metadata.table.sourceTableSchema.name}","templateValue":"${metadata.table.sourceTableSchema.name}","userEditable":false,"expressionProperties":null,"propertyDescriptor":{"name":"Source Table","displayName":"Source Table","description":"Name of table including schema (if applicable)","defaultValue":"${metadata.table.sourceTableSchema.name}","allowableValues":null,"required":true,"sensitive":false,"dynamic":false,"supportsEl":true,"identifiesControllerService":null},"renderType":"text","selected":true,"inputProperty":true,"templateProperty":null,"nameKey":"NiFi Flow-Poll database-Source Table","idKey":"64a76287-da4f-4e7c-8bdf-668e3e632d00-f8791bae-4607-4c92-9cd5-4f1362a7fb04-Source Table"},{"processGroupName":"NiFi Flow","processorName":"Poll database","processorId":"f8791bae-4607-4c92-9cd5-4f1362a7fb04","processGroupId":"64a76287-da4f-4e7c-8bdf-668e3e632d00","processorType":"com.thinkbiganalytics.nifi.v2.ingest.GetTableData","key":"System feed category","value":"${metadata.category.systemName}","templateValue":"${metadata.category.systemName}","userEditable":false,"expressionProperties":null,"propertyDescriptor":{"name":"System feed category","displayName":"System feed category","description":"System category of feed this processor supports","defaultValue":"${category}","allowableValues":null,"required":true,"sensitive":false,"dynamic":false,"supportsEl":true,"identifiesControllerService":null},"renderType":"text","selected":true,"inputProperty":true,"templateProperty":null,"nameKey":"NiFi Flow-Poll database-System feed category","idKey":"64a76287-da4f-4e7c-8bdf-668e3e632d00-f8791bae-4607-4c92-9cd5-4f1362a7fb04-System feed category"},{"processGroupName":"NiFi Flow","processorName":"Poll database","processorId":"f8791bae-4607-4c92-9cd5-4f1362a7fb04","processGroupId":"64a76287-da4f-4e7c-8bdf-668e3e632d00","processorType":"com.thinkbiganalytics.nifi.v2.ingest.GetTableData","key":"System feed name","value":"${metadata.systemFeedName}","templateValue":"${metadata.systemFeedName}","userEditable":false,"expressionProperties":null,"propertyDescriptor":{"name":"System feed name","displayName":"System feed name","description":"Name of feed this processor supports","defaultValue":"${feed}","allowableValues":null,"required":true,"sensitive":false,"dynamic":false,"supportsEl":true,"identifiesControllerService":null},"renderType":"text","selected":true,"inputProperty":true,"templateProperty":null,"nameKey":"NiFi Flow-Poll database-System feed name","idKey":"64a76287-da4f-4e7c-8bdf-668e3e632d00-f8791bae-4607-4c92-9cd5-4f1362a7fb04-System feed name"},{"processGroupName":"NiFi Flow","processorName":"Poll filesystem","processorId":"2004a161-c705-41d1-b8db-8469b489b60b","processGroupId":"64a76287-da4f-4e7c-8bdf-668e3e632d00","processorType":"org.apache.nifi.processors.standard.GetFile","key":"File Filter","value":"mydata\\d{1,3}.csv","templateValue":"mydata\\d{1,3}.csv","userEditable":true,"expressionProperties":null,"propertyDescriptor":{"name":"File Filter","displayName":"File Filter","description":"Only files whose names match the given regular expression will be picked up","defaultValue":"[^\\.].*","allowableValues":null,"required":true,"sensitive":false,"dynamic":false,"supportsEl":false,"identifiesControllerService":null},"renderType":"text","selected":true,"inputProperty":true,"templateProperty":null,"nameKey":"NiFi Flow-Poll filesystem-File Filter","idKey":"64a76287-da4f-4e7c-8bdf-668e3e632d00-2004a161-c705-41d1-b8db-8469b489b60b-File Filter"},{"processGroupName":"NiFi Flow","processorName":"Poll filesystem","processorId":"2004a161-c705-41d1-b8db-8469b489b60b","processGroupId":"64a76287-da4f-4e7c-8bdf-668e3e632d00","processorType":"org.apache.nifi.processors.standard.GetFile","key":"Input Directory","value":"/var/dropzone","templateValue":"/var/dropzone","userEditable":true,"expressionProperties":null,"propertyDescriptor":{"name":"Input Directory","displayName":"Input Directory","description":"The input directory from which to pull files","defaultValue":null,"allowableValues":null,"required":true,"sensitive":false,"dynamic":false,"supportsEl":true,"identifiesControllerService":null},"renderType":"text","selected":true,"inputProperty":true,"templateProperty":null,"nameKey":"NiFi Flow-Poll filesystem-Input Directory","idKey":"64a76287-da4f-4e7c-8bdf-668e3e632d00-2004a161-c705-41d1-b8db-8469b489b60b-Input Directory"},{"processGroupName":"NiFi Flow","processorName":"TriggerCleanup","processorId":"426b1278-941c-48bf-9c8d-b911b1bd886a","processGroupId":"64a76287-da4f-4e7c-8bdf-668e3e632d00","processorType":"com.thinkbiganalytics.nifi.v2.metadata.TriggerCleanup","key":"System feed category","value":"${metadata.category.systemName}","templateValue":"${metadata.category.systemName}","userEditable":false,"expressionProperties":null,"propertyDescriptor":{"name":"System feed category","displayName":"System feed category","description":"The category name of this feed. The default is to have this name automatically set when the feed is created. Normally you do not need to change the default value.","defaultValue":"${metadata.category.systemName}","allowableValues":null,"required":true,"sensitive":false,"dynamic":false,"supportsEl":false,"identifiesControllerService":null},"renderType":"text","selected":true,"inputProperty":true,"templateProperty":null,"nameKey":"NiFi Flow-TriggerCleanup-System feed category","idKey":"64a76287-da4f-4e7c-8bdf-668e3e632d00-426b1278-941c-48bf-9c8d-b911b1bd886a-System feed category"},{"processGroupName":"NiFi Flow","processorName":"TriggerCleanup","processorId":"426b1278-941c-48bf-9c8d-b911b1bd886a","processGroupId":"64a76287-da4f-4e7c-8bdf-668e3e632d00","processorType":"com.thinkbiganalytics.nifi.v2.metadata.TriggerCleanup","key":"System feed name","value":"${metadata.systemFeedName}","templateValue":"${metadata.systemFeedName}","userEditable":false,"expressionProperties":null,"propertyDescriptor":{"name":"System feed name","displayName":"System feed name","description":"The system name of this feed. The default is to have this name automatically set when the feed is created. Normally you do not need to change the default value.","defaultValue":"${metadata.systemFeedName}","allowableValues":null,"required":true,"sensitive":false,"dynamic":false,"supportsEl":false,"identifiesControllerService":null},"renderType":"text","selected":true,"inputProperty":true,"templateProperty":null,"nameKey":"NiFi Flow-TriggerCleanup-System feed name","idKey":"64a76287-da4f-4e7c-8bdf-668e3e632d00-426b1278-941c-48bf-9c8d-b911b1bd886a-System feed name"},{"processGroupName":"NiFi Flow","processorName":"Update flow parameters","processorId":"57364cfd-8d6a-4238-a3e2-954bd2ea88e8","processGroupId":"64a76287-da4f-4e7c-8bdf-668e3e632d00","processorType":"org.apache.nifi.processors.attributes.UpdateAttribute","key":"category","value":"${metadata.category.systemName}","templateValue":"${metadata.category.systemName}","userEditable":false,"expressionProperties":null,"propertyDescriptor":{"name":"category","displayName":"category","description":"","defaultValue":null,"allowableValues":null,"required":false,"sensitive":false,"dynamic":true,"supportsEl":true,"identifiesControllerService":null},"renderType":"text","selected":true,"inputProperty":false,"templateProperty":null,"nameKey":"NiFi Flow-Update flow parameters-category","idKey":"64a76287-da4f-4e7c-8bdf-668e3e632d00-57364cfd-8d6a-4238-a3e2-954bd2ea88e8-category"},{"processGroupName":"NiFi Flow","processorName":"Update flow parameters","processorId":"57364cfd-8d6a-4238-a3e2-954bd2ea88e8","processGroupId":"64a76287-da4f-4e7c-8bdf-668e3e632d00","processorType":"org.apache.nifi.processors.attributes.UpdateAttribute","key":"feed","value":"${metadata.systemFeedName}","templateValue":"${metadata.systemFeedName}","userEditable":false,"expressionProperties":null,"propertyDescriptor":{"name":"feed","displayName":"feed","description":"","defaultValue":null,"allowableValues":null,"required":false,"sensitive":false,"dynamic":true,"supportsEl":true,"identifiesControllerService":null},"renderType":"text","selected":true,"inputProperty":false,"templateProperty":null,"nameKey":"NiFi Flow-Update flow parameters-feed","idKey":"64a76287-da4f-4e7c-8bdf-668e3e632d00-57364cfd-8d6a-4238-a3e2-954bd2ea88e8-feed"},{"processGroupName":"NiFi Flow","processorName":"Update flow parameters","processorId":"57364cfd-8d6a-4238-a3e2-954bd2ea88e8","processGroupId":"64a76287-da4f-4e7c-8bdf-668e3e632d00","processorType":"org.apache.nifi.processors.attributes.UpdateAttribute","key":"metadata.table.feedFormat","value":"${metadata.table.feedFormat}","templateValue":"${metadata.table.feedFormat}","userEditable":false,"expressionProperties":null,"propertyDescriptor":{"name":"metadata.table.feedFormat","displayName":"metadata.table.feedFormat","description":"","defaultValue":null,"allowableValues":null,"required":false,"sensitive":false,"dynamic":true,"supportsEl":true,"identifiesControllerService":null},"renderType":"text","selected":true,"inputProperty":false,"templateProperty":null,"nameKey":"NiFi Flow-Update flow parameters-metadata.table.feedFormat","idKey":"64a76287-da4f-4e7c-8bdf-668e3e632d00-57364cfd-8d6a-4238-a3e2-954bd2ea88e8-metadata.table.feedFormat"},{"processGroupName":"NiFi Flow","processorName":"Update flow parameters","processorId":"57364cfd-8d6a-4238-a3e2-954bd2ea88e8","processGroupId":"64a76287-da4f-4e7c-8bdf-668e3e632d00","processorType":"org.apache.nifi.processors.attributes.UpdateAttribute","key":"metadata.table.fieldIndexString","value":"${metadata.table.fieldIndexString}","templateValue":"${metadata.table.fieldIndexString}","userEditable":false,"expressionProperties":null,"propertyDescriptor":{"name":"metadata.table.fieldIndexString","displayName":"metadata.table.fieldIndexString","description":"","defaultValue":null,"allowableValues":null,"required":false,"sensitive":false,"dynamic":true,"supportsEl":true,"identifiesControllerService":null},"renderType":"text","selected":true,"inputProperty":false,"templateProperty":null,"nameKey":"NiFi Flow-Update flow parameters-metadata.table.fieldIndexString","idKey":"64a76287-da4f-4e7c-8bdf-668e3e632d00-57364cfd-8d6a-4238-a3e2-954bd2ea88e8-metadata.table.fieldIndexString"},{"processGroupName":"NiFi Flow","processorName":"Update flow parameters","processorId":"57364cfd-8d6a-4238-a3e2-954bd2ea88e8","processGroupId":"64a76287-da4f-4e7c-8bdf-668e3e632d00","processorType":"org.apache.nifi.processors.attributes.UpdateAttribute","key":"metadata.table.fieldPoliciesJson","value":"${metadata.table.fieldPoliciesJson}","templateValue":"${metadata.table.fieldPoliciesJson}","userEditable":false,"expressionProperties":null,"propertyDescriptor":{"name":"metadata.table.fieldPoliciesJson","displayName":"metadata.table.fieldPoliciesJson","description":"","defaultValue":null,"allowableValues":null,"required":false,"sensitive":false,"dynamic":true,"supportsEl":true,"identifiesControllerService":null},"renderType":"text","selected":true,"inputProperty":false,"templateProperty":null,"nameKey":"NiFi Flow-Update flow parameters-metadata.table.fieldPoliciesJson","idKey":"64a76287-da4f-4e7c-8bdf-668e3e632d00-57364cfd-8d6a-4238-a3e2-954bd2ea88e8-metadata.table.fieldPoliciesJson"},{"processGroupName":"NiFi Flow","processorName":"Update flow parameters","processorId":"57364cfd-8d6a-4238-a3e2-954bd2ea88e8","processGroupId":"64a76287-da4f-4e7c-8bdf-668e3e632d00","processorType":"org.apache.nifi.processors.attributes.UpdateAttribute","key":"metadata.table.fieldStructure","value":"${metadata.table.fieldStructure}","templateValue":"${metadata.table.fieldStructure}","userEditable":false,"expressionProperties":null,"propertyDescriptor":{"name":"metadata.table.fieldStructure","displayName":"metadata.table.fieldStructure","description":"","defaultValue":null,"allowableValues":null,"required":false,"sensitive":false,"dynamic":true,"supportsEl":true,"identifiesControllerService":null},"renderType":"text","selected":true,"inputProperty":false,"templateProperty":null,"nameKey":"NiFi Flow-Update flow parameters-metadata.table.fieldStructure","idKey":"64a76287-da4f-4e7c-8bdf-668e3e632d00-57364cfd-8d6a-4238-a3e2-954bd2ea88e8-metadata.table.fieldStructure"},{"processGroupName":"NiFi Flow","processorName":"Update flow parameters","processorId":"57364cfd-8d6a-4238-a3e2-954bd2ea88e8","processGroupId":"64a76287-da4f-4e7c-8bdf-668e3e632d00","processorType":"org.apache.nifi.processors.attributes.UpdateAttribute","key":"metadata.table.partitionSpecs","value":"${metadata.table.partitionSpecs}","templateValue":"${metadata.table.partitionSpecs}","userEditable":false,"expressionProperties":null,"propertyDescriptor":{"name":"metadata.table.partitionSpecs","displayName":"metadata.table.partitionSpecs","description":"","defaultValue":null,"allowableValues":null,"required":false,"sensitive":false,"dynamic":true,"supportsEl":true,"identifiesControllerService":null},"renderType":"text","selected":true,"inputProperty":false,"templateProperty":null,"nameKey":"NiFi Flow-Update flow parameters-metadata.table.partitionSpecs","idKey":"64a76287-da4f-4e7c-8bdf-668e3e632d00-57364cfd-8d6a-4238-a3e2-954bd2ea88e8-metadata.table.partitionSpecs"},{"processGroupName":"NiFi Flow","processorName":"Update flow parameters","processorId":"57364cfd-8d6a-4238-a3e2-954bd2ea88e8","processGroupId":"64a76287-da4f-4e7c-8bdf-668e3e632d00","processorType":"org.apache.nifi.processors.attributes.UpdateAttribute","key":"metadata.table.partitionStructure","value":"${metadata.table.partitionStructure}","templateValue":"${metadata.table.partitionStructure}","userEditable":false,"expressionProperties":null,"propertyDescriptor":{"name":"metadata.table.partitionStructure","displayName":"metadata.table.partitionStructure","description":"","defaultValue":null,"allowableValues":null,"required":false,"sensitive":false,"dynamic":true,"supportsEl":true,"identifiesControllerService":null},"renderType":"text","selected":true,"inputProperty":false,"templateProperty":null,"nameKey":"NiFi Flow-Update flow parameters-metadata.table.partitionStructure","idKey":"64a76287-da4f-4e7c-8bdf-668e3e632d00-57364cfd-8d6a-4238-a3e2-954bd2ea88e8-metadata.table.partitionStructure"},{"processGroupName":"NiFi Flow","processorName":"Update flow parameters","processorId":"57364cfd-8d6a-4238-a3e2-954bd2ea88e8","processGroupId":"64a76287-da4f-4e7c-8bdf-668e3e632d00","processorType":"org.apache.nifi.processors.attributes.UpdateAttribute","key":"metadata.table.targetFormat","value":"${metadata.table.targetFormat}","templateValue":"${metadata.table.targetFormat}","userEditable":false,"expressionProperties":null,"propertyDescriptor":{"name":"metadata.table.targetFormat","displayName":"metadata.table.targetFormat","description":"","defaultValue":null,"allowableValues":null,"required":false,"sensitive":false,"dynamic":true,"supportsEl":true,"identifiesControllerService":null},"renderType":"text","selected":true,"inputProperty":false,"templateProperty":null,"nameKey":"NiFi Flow-Update flow parameters-metadata.table.targetFormat","idKey":"64a76287-da4f-4e7c-8bdf-668e3e632d00-57364cfd-8d6a-4238-a3e2-954bd2ea88e8-metadata.table.targetFormat"},{"processGroupName":"NiFi Flow","processorName":"Update flow parameters","processorId":"57364cfd-8d6a-4238-a3e2-954bd2ea88e8","processGroupId":"64a76287-da4f-4e7c-8bdf-668e3e632d00","processorType":"org.apache.nifi.processors.attributes.UpdateAttribute","key":"metadata.table.targetMergeStrategy","value":"${metadata.table.targetMergeStrategy}","templateValue":"${metadata.table.targetMergeStrategy}","userEditable":false,"expressionProperties":null,"propertyDescriptor":{"name":"metadata.table.targetMergeStrategy","displayName":"metadata.table.targetMergeStrategy","description":"","defaultValue":null,"allowableValues":null,"required":false,"sensitive":false,"dynamic":true,"supportsEl":true,"identifiesControllerService":null},"renderType":"text","selected":true,"inputProperty":false,"templateProperty":null,"nameKey":"NiFi Flow-Update flow parameters-metadata.table.targetMergeStrategy","idKey":"64a76287-da4f-4e7c-8bdf-668e3e632d00-57364cfd-8d6a-4238-a3e2-954bd2ea88e8-metadata.table.targetMergeStrategy"},{"processGroupName":"NiFi Flow","processorName":"Update flow parameters","processorId":"57364cfd-8d6a-4238-a3e2-954bd2ea88e8","processGroupId":"64a76287-da4f-4e7c-8bdf-668e3e632d00","processorType":"org.apache.nifi.processors.attributes.UpdateAttribute","key":"metadata.table.targetTblProperties","value":"${metadata.table.targetTblProperties}","templateValue":"${metadata.table.targetTblProperties}","userEditable":false,"expressionProperties":null,"propertyDescriptor":{"name":"metadata.table.targetTblProperties","displayName":"metadata.table.targetTblProperties","description":"","defaultValue":null,"allowableValues":null,"required":false,"sensitive":false,"dynamic":true,"supportsEl":true,"identifiesControllerService":null},"renderType":"text","selected":true,"inputProperty":false,"templateProperty":null,"nameKey":"NiFi Flow-Update flow parameters-metadata.table.targetTblProperties","idKey":"64a76287-da4f-4e7c-8bdf-668e3e632d00-57364cfd-8d6a-4238-a3e2-954bd2ea88e8-metadata.table.targetTblProperties"},{"processGroupName":"NiFi Flow","processorName":"Update flow parameters","processorId":"57364cfd-8d6a-4238-a3e2-954bd2ea88e8","processGroupId":"64a76287-da4f-4e7c-8bdf-668e3e632d00","processorType":"org.apache.nifi.processors.attributes.UpdateAttribute","key":"security.authorization.group","value":"${metadata.hadoopSecurityGroups}","templateValue":"${metadata.hadoopSecurityGroups}","userEditable":false,"expressionProperties":null,"propertyDescriptor":{"name":"security.authorization.group","displayName":"security.authorization.group","description":"","defaultValue":null,"allowableValues":null,"required":false,"sensitive":false,"dynamic":true,"supportsEl":true,"identifiesControllerService":null},"renderType":"text","selected":true,"inputProperty":false,"templateProperty":null,"nameKey":"NiFi Flow-Update flow parameters-security.authorization.group","idKey":"64a76287-da4f-4e7c-8bdf-668e3e632d00-57364cfd-8d6a-4238-a3e2-954bd2ea88e8-security.authorization.group"},{"processGroupName":"NiFi Flow","processorName":"Update flow parameters","processorId":"57364cfd-8d6a-4238-a3e2-954bd2ea88e8","processGroupId":"64a76287-da4f-4e7c-8bdf-668e3e632d00","processorType":"org.apache.nifi.processors.attributes.UpdateAttribute","key":"security.authorization.type","value":"${metadata.hadoopAuthorizationType}","templateValue":"${metadata.hadoopAuthorizationType}","userEditable":false,"expressionProperties":null,"propertyDescriptor":{"name":"security.authorization.type","displayName":"security.authorization.type","description":"","defaultValue":null,"allowableValues":null,"required":false,"sensitive":false,"dynamic":true,"supportsEl":true,"identifiesControllerService":null},"renderType":"text","selected":true,"inputProperty":false,"templateProperty":null,"nameKey":"NiFi Flow-Update flow parameters-security.authorization.type","idKey":"64a76287-da4f-4e7c-8bdf-668e3e632d00-57364cfd-8d6a-4238-a3e2-954bd2ea88e8-security.authorization.type"}],"id":"2c1440e6-9106-437d-b4cc-fa3f7af32d92","nifiTemplateId":"0c5de384-1a31-491c-a7fe-fb42727f5fe2","templateName":"Data Ingest","updateDate":1474507572021,"createDate":1474500465719,"icon":"forward","iconColor":"#AB47BC","description":"Data Ingest","defineTable":true,"reusableTemplate":false,"reusableTemplateConnections":[{"feedOutputPortName":"to-standard-cleanup","reusableTemplateInputPortName":"standard-cleanup","inputPortDisplayName":"standard-cleanup"},{"feedOutputPortName":"to-standard-ingest","reusableTemplateInputPortName":"standard-ingest","inputPortDisplayName":"standard-ingest"}],"allowPreconditions":false,"dataTransformation":false}