{"properties":[{"processGroupName":"NiFi Flow","processorName":"Poll database","processorId":"78cf0e53-bdaf-4a34-84ae-b2ef1c1a397e","processGroupId":"520a4efe-35ba-4ae9-910b-3d392b118d06","processorType":"com.thinkbiganalytics.nifi.v2.ingest.GetTableData","key":"Source Database Connection","value":"6f7eae61-35a4-4deb-b795-ea9cccb86171","templateValue":"6f7eae61-35a4-4deb-b795-ea9cccb86171","userEditable":true,"expressionProperties":null,"propertyDescriptor":{"name":"Source Database Connection","displayName":"Source Database Connection","description":"The database where the source table resides","defaultValue":null,"allowableValues":[{"displayName":"Example MySQL Connection Pool","value":"4688ee71-262c-46bc-af35-9e9825507160","description":null},{"displayName":"MySQL","value":"28ebe4b5-aeaf-4fe4-aacc-7a8aed0c7c1b","description":null}],"required":true,"sensitive":false,"dynamic":false,"supportsEl":false,"identifiesControllerService":"org.apache.nifi.dbcp.DBCPService"},"renderType":"select","selected":true,"inputProperty":true,"templateProperty":null,"nameKey":"NiFi Flow-Poll database-Source Database Connection","idKey":"520a4efe-35ba-4ae9-910b-3d392b118d06-78cf0e53-bdaf-4a34-84ae-b2ef1c1a397e-Source Database Connection"},{"processGroupName":"NiFi Flow","processorName":"Poll database","processorId":"78cf0e53-bdaf-4a34-84ae-b2ef1c1a397e","processGroupId":"520a4efe-35ba-4ae9-910b-3d392b118d06","processorType":"com.thinkbiganalytics.nifi.v2.ingest.GetTableData","key":"Source Fields","value":"${metadata.table.sourceFields}","templateValue":"${metadata.table.sourceFields}","userEditable":false,"expressionProperties":null,"propertyDescriptor":{"name":"Source Fields","displayName":"Source Fields","description":"Field names (in order) to read from the source table. ie. the select fields. The format is separated by newline. Inconsistent order will cause corruption of the downstream Hive data.","defaultValue":"${metadata.table.sourceFields}","allowableValues":null,"required":true,"sensitive":false,"dynamic":false,"supportsEl":true,"identifiesControllerService":null},"renderType":"text","selected":true,"inputProperty":true,"templateProperty":null,"nameKey":"NiFi Flow-Poll database-Source Fields","idKey":"520a4efe-35ba-4ae9-910b-3d392b118d06-78cf0e53-bdaf-4a34-84ae-b2ef1c1a397e-Source Fields"},{"processGroupName":"NiFi Flow","processorName":"Poll database","processorId":"78cf0e53-bdaf-4a34-84ae-b2ef1c1a397e","processGroupId":"520a4efe-35ba-4ae9-910b-3d392b118d06","processorType":"com.thinkbiganalytics.nifi.v2.ingest.GetTableData","key":"Source Table","value":"${metadata.table.sourceTableSchema.name}","templateValue":"${metadata.table.sourceTableSchema.name}","userEditable":false,"expressionProperties":null,"propertyDescriptor":{"name":"Source Table","displayName":"Source Table","description":"Name of table including schema (if applicable)","defaultValue":"${metadata.table.sourceTableSchema.name}","allowableValues":null,"required":true,"sensitive":false,"dynamic":false,"supportsEl":true,"identifiesControllerService":null},"renderType":"text","selected":true,"inputProperty":true,"templateProperty":null,"nameKey":"NiFi Flow-Poll database-Source Table","idKey":"520a4efe-35ba-4ae9-910b-3d392b118d06-78cf0e53-bdaf-4a34-84ae-b2ef1c1a397e-Source Table"},{"processGroupName":"NiFi Flow","processorName":"Poll database","processorId":"78cf0e53-bdaf-4a34-84ae-b2ef1c1a397e","processGroupId":"520a4efe-35ba-4ae9-910b-3d392b118d06","processorType":"com.thinkbiganalytics.nifi.v2.ingest.GetTableData","key":"System feed category","value":"${category}","templateValue":"${category}","userEditable":false,"expressionProperties":null,"propertyDescriptor":{"name":"System feed category","displayName":"System feed category","description":"System category of feed this processor supports","defaultValue":"${category}","allowableValues":null,"required":true,"sensitive":false,"dynamic":false,"supportsEl":true,"identifiesControllerService":null},"renderType":"text","selected":true,"inputProperty":true,"templateProperty":null,"nameKey":"NiFi Flow-Poll database-System feed category","idKey":"520a4efe-35ba-4ae9-910b-3d392b118d06-78cf0e53-bdaf-4a34-84ae-b2ef1c1a397e-System feed category"},{"processGroupName":"NiFi Flow","processorName":"Poll database","processorId":"78cf0e53-bdaf-4a34-84ae-b2ef1c1a397e","processGroupId":"520a4efe-35ba-4ae9-910b-3d392b118d06","processorType":"com.thinkbiganalytics.nifi.v2.ingest.GetTableData","key":"System feed name","value":"${feed}","templateValue":"${feed}","userEditable":false,"expressionProperties":null,"propertyDescriptor":{"name":"System feed name","displayName":"System feed name","description":"Name of feed this processor supports","defaultValue":"${feed}","allowableValues":null,"required":true,"sensitive":false,"dynamic":false,"supportsEl":true,"identifiesControllerService":null},"renderType":"text","selected":true,"inputProperty":true,"templateProperty":null,"nameKey":"NiFi Flow-Poll database-System feed name","idKey":"520a4efe-35ba-4ae9-910b-3d392b118d06-78cf0e53-bdaf-4a34-84ae-b2ef1c1a397e-System feed name"},{"processGroupName":"NiFi Flow","processorName":"Poll filesystem","processorId":"2016a87d-1a57-4751-9f7b-cd23366c789d","processGroupId":"520a4efe-35ba-4ae9-910b-3d392b118d06","processorType":"org.apache.nifi.processors.standard.GetFile","key":"File Filter","value":"mydata\\d{1,3}.csv","templateValue":"mydata\\d{1,3}.csv","userEditable":true,"expressionProperties":null,"propertyDescriptor":{"name":"File Filter","displayName":"File Filter","description":"Only files whose names match the given regular expression will be picked up","defaultValue":"[^\\.].*","allowableValues":null,"required":true,"sensitive":false,"dynamic":false,"supportsEl":false,"identifiesControllerService":null},"renderType":"text","selected":true,"inputProperty":true,"templateProperty":null,"nameKey":"NiFi Flow-Poll filesystem-File Filter","idKey":"520a4efe-35ba-4ae9-910b-3d392b118d06-2016a87d-1a57-4751-9f7b-cd23366c789d-File Filter"},{"processGroupName":"NiFi Flow","processorName":"Poll filesystem","processorId":"2016a87d-1a57-4751-9f7b-cd23366c789d","processGroupId":"520a4efe-35ba-4ae9-910b-3d392b118d06","processorType":"org.apache.nifi.processors.standard.GetFile","key":"Input Directory","value":"/var/dropzone","templateValue":"/var/dropzone","userEditable":true,"expressionProperties":null,"propertyDescriptor":{"name":"Input Directory","displayName":"Input Directory","description":"The input directory from which to pull files","defaultValue":null,"allowableValues":null,"required":true,"sensitive":false,"dynamic":false,"supportsEl":true,"identifiesControllerService":null},"renderType":"text","selected":true,"inputProperty":true,"templateProperty":null,"nameKey":"NiFi Flow-Poll filesystem-Input Directory","idKey":"520a4efe-35ba-4ae9-910b-3d392b118d06-2016a87d-1a57-4751-9f7b-cd23366c789d-Input Directory"},{"processGroupName":"NiFi Flow","processorName":"TriggerCleanup","processorId":"7a5435e3-b5b7-42ab-afad-1ab626f3a8c5","processGroupId":"520a4efe-35ba-4ae9-910b-3d392b118d06","processorType":"com.thinkbiganalytics.nifi.v2.metadata.TriggerCleanup","key":"System feed category","value":"${metadata.category.systemName}","templateValue":null,"userEditable":false,"expressionProperties":null,"propertyDescriptor":{"name":"System feed category","displayName":"System feed category","description":"The category name of this feed. The default is to have this name automatically set when the feed is created. Normally you do not need to change the default value.","defaultValue":"${metadata.category.systemName}","allowableValues":null,"required":true,"sensitive":false,"dynamic":false,"supportsEl":false,"identifiesControllerService":null},"renderType":"text","selected":true,"inputProperty":true,"templateProperty":null,"nameKey":"NiFi Flow-TriggerCleanup-System feed category","idKey":"520a4efe-35ba-4ae9-910b-3d392b118d06-7a5435e3-b5b7-42ab-afad-1ab626f3a8c5-System feed category"},{"processGroupName":"NiFi Flow","processorName":"TriggerCleanup","processorId":"7a5435e3-b5b7-42ab-afad-1ab626f3a8c5","processGroupId":"520a4efe-35ba-4ae9-910b-3d392b118d06","processorType":"com.thinkbiganalytics.nifi.v2.metadata.TriggerCleanup","key":"System feed name","value":"${metadata.systemFeedName}","templateValue":null,"userEditable":false,"expressionProperties":null,"propertyDescriptor":{"name":"System feed name","displayName":"System feed name","description":"The system name of this feed. The default is to have this name automatically set when the feed is created. Normally you do not need to change the default value.","defaultValue":"${metadata.systemFeedName}","allowableValues":null,"required":true,"sensitive":false,"dynamic":false,"supportsEl":false,"identifiesControllerService":null},"renderType":"text","selected":true,"inputProperty":true,"templateProperty":null,"nameKey":"NiFi Flow-TriggerCleanup-System feed name","idKey":"520a4efe-35ba-4ae9-910b-3d392b118d06-7a5435e3-b5b7-42ab-afad-1ab626f3a8c5-System feed name"},{"processGroupName":"NiFi Flow","processorName":"Update flow parameters","processorId":"e8d14872-9f21-4f98-9f95-d4fb7c6b299e","processGroupId":"520a4efe-35ba-4ae9-910b-3d392b118d06","processorType":"org.apache.nifi.processors.attributes.UpdateAttribute","key":"category","value":"${metadata.category.systemName}","templateValue":"${metadata.category.systemName}","userEditable":false,"expressionProperties":null,"propertyDescriptor":{"name":"category","displayName":"category","description":"","defaultValue":null,"allowableValues":null,"required":false,"sensitive":false,"dynamic":true,"supportsEl":true,"identifiesControllerService":null},"renderType":"text","selected":true,"inputProperty":false,"templateProperty":null,"nameKey":"NiFi Flow-Update flow parameters-category","idKey":"520a4efe-35ba-4ae9-910b-3d392b118d06-e8d14872-9f21-4f98-9f95-d4fb7c6b299e-category"},{"processGroupName":"NiFi Flow","processorName":"Update flow parameters","processorId":"e8d14872-9f21-4f98-9f95-d4fb7c6b299e","processGroupId":"520a4efe-35ba-4ae9-910b-3d392b118d06","processorType":"org.apache.nifi.processors.attributes.UpdateAttribute","key":"feed","value":"${metadata.systemFeedName}","templateValue":"${metadata.systemFeedName}","userEditable":false,"expressionProperties":null,"propertyDescriptor":{"name":"feed","displayName":"feed","description":"","defaultValue":null,"allowableValues":null,"required":false,"sensitive":false,"dynamic":true,"supportsEl":true,"identifiesControllerService":null},"renderType":"text","selected":true,"inputProperty":false,"templateProperty":null,"nameKey":"NiFi Flow-Update flow parameters-feed","idKey":"520a4efe-35ba-4ae9-910b-3d392b118d06-e8d14872-9f21-4f98-9f95-d4fb7c6b299e-feed"},{"processGroupName":"NiFi Flow","processorName":"Update flow parameters","processorId":"e8d14872-9f21-4f98-9f95-d4fb7c6b299e","processGroupId":"520a4efe-35ba-4ae9-910b-3d392b118d06","processorType":"org.apache.nifi.processors.attributes.UpdateAttribute","key":"metadata.table.feedFormat","value":"${metadata.table.feedFormat}","templateValue":"${metadata.table.feedFormat}","userEditable":false,"expressionProperties":null,"propertyDescriptor":{"name":"metadata.table.feedFormat","displayName":"metadata.table.feedFormat","description":"","defaultValue":null,"allowableValues":null,"required":false,"sensitive":false,"dynamic":true,"supportsEl":true,"identifiesControllerService":null},"renderType":"text","selected":true,"inputProperty":false,"templateProperty":null,"nameKey":"NiFi Flow-Update flow parameters-metadata.table.feedFormat","idKey":"520a4efe-35ba-4ae9-910b-3d392b118d06-e8d14872-9f21-4f98-9f95-d4fb7c6b299e-metadata.table.feedFormat"},{"processGroupName":"NiFi Flow","processorName":"Update flow parameters","processorId":"e8d14872-9f21-4f98-9f95-d4fb7c6b299e","processGroupId":"520a4efe-35ba-4ae9-910b-3d392b118d06","processorType":"org.apache.nifi.processors.attributes.UpdateAttribute","key":"metadata.table.fieldIndexString","value":"${metadata.table.fieldIndexString}","templateValue":"${metadata.table.fieldIndexString}","userEditable":false,"expressionProperties":null,"propertyDescriptor":{"name":"metadata.table.fieldIndexString","displayName":"metadata.table.fieldIndexString","description":"","defaultValue":null,"allowableValues":null,"required":false,"sensitive":false,"dynamic":true,"supportsEl":true,"identifiesControllerService":null},"renderType":"text","selected":true,"inputProperty":false,"templateProperty":null,"nameKey":"NiFi Flow-Update flow parameters-metadata.table.fieldIndexString","idKey":"520a4efe-35ba-4ae9-910b-3d392b118d06-e8d14872-9f21-4f98-9f95-d4fb7c6b299e-metadata.table.fieldIndexString"},{"processGroupName":"NiFi Flow","processorName":"Update flow parameters","processorId":"e8d14872-9f21-4f98-9f95-d4fb7c6b299e","processGroupId":"520a4efe-35ba-4ae9-910b-3d392b118d06","processorType":"org.apache.nifi.processors.attributes.UpdateAttribute","key":"metadata.table.fieldPoliciesJson","value":"${metadata.table.fieldPoliciesJson}","templateValue":"${metadata.table.fieldPoliciesJson}","userEditable":false,"expressionProperties":null,"propertyDescriptor":{"name":"metadata.table.fieldPoliciesJson","displayName":"metadata.table.fieldPoliciesJson","description":"","defaultValue":null,"allowableValues":null,"required":false,"sensitive":false,"dynamic":true,"supportsEl":true,"identifiesControllerService":null},"renderType":"text","selected":true,"inputProperty":false,"templateProperty":null,"nameKey":"NiFi Flow-Update flow parameters-metadata.table.fieldPoliciesJson","idKey":"520a4efe-35ba-4ae9-910b-3d392b118d06-e8d14872-9f21-4f98-9f95-d4fb7c6b299e-metadata.table.fieldPoliciesJson"},{"processGroupName":"NiFi Flow","processorName":"Update flow parameters","processorId":"e8d14872-9f21-4f98-9f95-d4fb7c6b299e","processGroupId":"520a4efe-35ba-4ae9-910b-3d392b118d06","processorType":"org.apache.nifi.processors.attributes.UpdateAttribute","key":"metadata.table.fieldStructure","value":"${metadata.table.fieldStructure}","templateValue":"${metadata.table.fieldStructure}","userEditable":false,"expressionProperties":null,"propertyDescriptor":{"name":"metadata.table.fieldStructure","displayName":"metadata.table.fieldStructure","description":"","defaultValue":null,"allowableValues":null,"required":false,"sensitive":false,"dynamic":true,"supportsEl":true,"identifiesControllerService":null},"renderType":"text","selected":true,"inputProperty":false,"templateProperty":null,"nameKey":"NiFi Flow-Update flow parameters-metadata.table.fieldStructure","idKey":"520a4efe-35ba-4ae9-910b-3d392b118d06-e8d14872-9f21-4f98-9f95-d4fb7c6b299e-metadata.table.fieldStructure"},{"processGroupName":"NiFi Flow","processorName":"Update flow parameters","processorId":"e8d14872-9f21-4f98-9f95-d4fb7c6b299e","processGroupId":"520a4efe-35ba-4ae9-910b-3d392b118d06","processorType":"org.apache.nifi.processors.attributes.UpdateAttribute","key":"metadata.table.partitionSpecs","value":"${metadata.table.partitionSpecs}","templateValue":"${metadata.table.partitionSpecs}","userEditable":false,"expressionProperties":null,"propertyDescriptor":{"name":"metadata.table.partitionSpecs","displayName":"metadata.table.partitionSpecs","description":"","defaultValue":null,"allowableValues":null,"required":false,"sensitive":false,"dynamic":true,"supportsEl":true,"identifiesControllerService":null},"renderType":"text","selected":true,"inputProperty":false,"templateProperty":null,"nameKey":"NiFi Flow-Update flow parameters-metadata.table.partitionSpecs","idKey":"520a4efe-35ba-4ae9-910b-3d392b118d06-e8d14872-9f21-4f98-9f95-d4fb7c6b299e-metadata.table.partitionSpecs"},{"processGroupName":"NiFi Flow","processorName":"Update flow parameters","processorId":"e8d14872-9f21-4f98-9f95-d4fb7c6b299e","processGroupId":"520a4efe-35ba-4ae9-910b-3d392b118d06","processorType":"org.apache.nifi.processors.attributes.UpdateAttribute","key":"metadata.table.partitionStructure","value":"${metadata.table.partitionStructure}","templateValue":"${metadata.table.partitionStructure}","userEditable":false,"expressionProperties":null,"propertyDescriptor":{"name":"metadata.table.partitionStructure","displayName":"metadata.table.partitionStructure","description":"","defaultValue":null,"allowableValues":null,"required":false,"sensitive":false,"dynamic":true,"supportsEl":true,"identifiesControllerService":null},"renderType":"text","selected":true,"inputProperty":false,"templateProperty":null,"nameKey":"NiFi Flow-Update flow parameters-metadata.table.partitionStructure","idKey":"520a4efe-35ba-4ae9-910b-3d392b118d06-e8d14872-9f21-4f98-9f95-d4fb7c6b299e-metadata.table.partitionStructure"},{"processGroupName":"NiFi Flow","processorName":"Update flow parameters","processorId":"e8d14872-9f21-4f98-9f95-d4fb7c6b299e","processGroupId":"520a4efe-35ba-4ae9-910b-3d392b118d06","processorType":"org.apache.nifi.processors.attributes.UpdateAttribute","key":"metadata.table.targetFormat","value":"${metadata.table.targetFormat}","templateValue":"${metadata.table.targetFormat}","userEditable":false,"expressionProperties":null,"propertyDescriptor":{"name":"metadata.table.targetFormat","displayName":"metadata.table.targetFormat","description":"","defaultValue":null,"allowableValues":null,"required":false,"sensitive":false,"dynamic":true,"supportsEl":true,"identifiesControllerService":null},"renderType":"text","selected":true,"inputProperty":false,"templateProperty":null,"nameKey":"NiFi Flow-Update flow parameters-metadata.table.targetFormat","idKey":"520a4efe-35ba-4ae9-910b-3d392b118d06-e8d14872-9f21-4f98-9f95-d4fb7c6b299e-metadata.table.targetFormat"},{"processGroupName":"NiFi Flow","processorName":"Update flow parameters","processorId":"e8d14872-9f21-4f98-9f95-d4fb7c6b299e","processGroupId":"520a4efe-35ba-4ae9-910b-3d392b118d06","processorType":"org.apache.nifi.processors.attributes.UpdateAttribute","key":"metadata.table.targetMergeStrategy","value":"${metadata.table.targetMergeStrategy}","templateValue":"${metadata.table.targetMergeStrategy}","userEditable":false,"expressionProperties":null,"propertyDescriptor":{"name":"metadata.table.targetMergeStrategy","displayName":"metadata.table.targetMergeStrategy","description":"","defaultValue":null,"allowableValues":null,"required":false,"sensitive":false,"dynamic":true,"supportsEl":true,"identifiesControllerService":null},"renderType":"text","selected":true,"inputProperty":false,"templateProperty":null,"nameKey":"NiFi Flow-Update flow parameters-metadata.table.targetMergeStrategy","idKey":"520a4efe-35ba-4ae9-910b-3d392b118d06-e8d14872-9f21-4f98-9f95-d4fb7c6b299e-metadata.table.targetMergeStrategy"},{"processGroupName":"NiFi Flow","processorName":"Update flow parameters","processorId":"e8d14872-9f21-4f98-9f95-d4fb7c6b299e","processGroupId":"520a4efe-35ba-4ae9-910b-3d392b118d06","processorType":"org.apache.nifi.processors.attributes.UpdateAttribute","key":"metadata.table.targetTblProperties","value":"${metadata.table.targetTblProperties}","templateValue":"${metadata.table.targetTblProperties}","userEditable":false,"expressionProperties":null,"propertyDescriptor":{"name":"metadata.table.targetTblProperties","displayName":"metadata.table.targetTblProperties","description":"","defaultValue":null,"allowableValues":null,"required":false,"sensitive":false,"dynamic":true,"supportsEl":true,"identifiesControllerService":null},"renderType":"text","selected":true,"inputProperty":false,"templateProperty":null,"nameKey":"NiFi Flow-Update flow parameters-metadata.table.targetTblProperties","idKey":"520a4efe-35ba-4ae9-910b-3d392b118d06-e8d14872-9f21-4f98-9f95-d4fb7c6b299e-metadata.table.targetTblProperties"}],"id":"8e0a3cf0-292e-4b50-8609-e39a396cea27","nifiTemplateId":"5643375d-71c9-4b12-a684-0d11c1951ff4","templateName":"Data Ingest","updateDate":1471981856530,"createDate":1466629796656,"icon":"forward","iconColor":"#AB47BC","description":"Data Ingest","defineTable":true,"reusableTemplate":false,"reusableTemplateConnections":[{"feedOutputPortName":"to-standard-cleanup","reusableTemplateInputPortName":"standard-cleanup","inputPortDisplayName":"standard-cleanup"},{"feedOutputPortName":"to-standard-ingest","reusableTemplateInputPortName":"standard-ingest","inputPortDisplayName":"standard-ingest"}],"allowPreconditions":false,"dataTransformation":false}