{"properties":[{"processGroupName":"NiFi Flow","processorName":"Poll database","processorId":"29094029-3db6-4224-b33f-ecac70551910","processGroupId":"269aefe1-0983-40dd-adf7-ae41752383b3","processorType":"com.thinkbiganalytics.nifi.v2.ingest.GetTableData","key":"Source Database Connection","value":"6f7eae61-35a4-4deb-b795-ea9cccb86171","templateValue":"6f7eae61-35a4-4deb-b795-ea9cccb86171","userEditable":true,"expressionProperties":null,"propertyDescriptor":{"name":"Source Database Connection","displayName":"Source Database Connection","description":"The database where the source table resides","defaultValue":null,"allowableValues":[{"displayName":"MySQL","value":"9097b6c6-2810-407d-b420-ab9b0081bcfd","description":null}],"required":true,"sensitive":false,"dynamic":false,"supportsEl":false,"identifiesControllerService":"org.apache.nifi.dbcp.DBCPService"},"renderType":"select","selected":true,"inputProperty":true,"templateProperty":null,"idKey":"269aefe1-0983-40dd-adf7-ae41752383b3-29094029-3db6-4224-b33f-ecac70551910-Source Database Connection","nameKey":"NiFi Flow-Poll database-Source Database Connection"},{"processGroupName":"NiFi Flow","processorName":"Poll database","processorId":"29094029-3db6-4224-b33f-ecac70551910","processGroupId":"269aefe1-0983-40dd-adf7-ae41752383b3","processorType":"com.thinkbiganalytics.nifi.v2.ingest.GetTableData","key":"Source Fields","value":"${metadata.table.sourceFields}","templateValue":"${metadata.table.sourceFields}","userEditable":false,"expressionProperties":null,"propertyDescriptor":{"name":"Source Fields","displayName":"Source Fields","description":"Field names (in order) to read from the source table. ie. the select fields. The format is separated by newline. Inconsistent order will cause corruption of the downstream Hive data.","defaultValue":"${metadata.table.sourceFields}","allowableValues":null,"required":true,"sensitive":false,"dynamic":false,"supportsEl":true,"identifiesControllerService":null},"renderType":"text","selected":true,"inputProperty":true,"templateProperty":null,"idKey":"269aefe1-0983-40dd-adf7-ae41752383b3-29094029-3db6-4224-b33f-ecac70551910-Source Fields","nameKey":"NiFi Flow-Poll database-Source Fields"},{"processGroupName":"NiFi Flow","processorName":"Poll database","processorId":"29094029-3db6-4224-b33f-ecac70551910","processGroupId":"269aefe1-0983-40dd-adf7-ae41752383b3","processorType":"com.thinkbiganalytics.nifi.v2.ingest.GetTableData","key":"Source Table","value":"${metadata.table.sourceTableSchema.name}","templateValue":"${metadata.table.sourceTableSchema.name}","userEditable":false,"expressionProperties":null,"propertyDescriptor":{"name":"Source Table","displayName":"Source Table","description":"Name of table including schema (if applicable)","defaultValue":"${metadata.table.sourceTableSchema.name}","allowableValues":null,"required":true,"sensitive":false,"dynamic":false,"supportsEl":true,"identifiesControllerService":null},"renderType":"text","selected":true,"inputProperty":true,"templateProperty":null,"idKey":"269aefe1-0983-40dd-adf7-ae41752383b3-29094029-3db6-4224-b33f-ecac70551910-Source Table","nameKey":"NiFi Flow-Poll database-Source Table"},{"processGroupName":"NiFi Flow","processorName":"Poll database","processorId":"29094029-3db6-4224-b33f-ecac70551910","processGroupId":"269aefe1-0983-40dd-adf7-ae41752383b3","processorType":"com.thinkbiganalytics.nifi.v2.ingest.GetTableData","key":"System feed category","value":"${metadata.category.systemName}","templateValue":"${metadata.category.systemName}","userEditable":false,"expressionProperties":null,"propertyDescriptor":{"name":"System feed category","displayName":"System feed category","description":"System category of feed this processor supports","defaultValue":"${category}","allowableValues":null,"required":true,"sensitive":false,"dynamic":false,"supportsEl":true,"identifiesControllerService":null},"renderType":"text","selected":true,"inputProperty":true,"templateProperty":null,"idKey":"269aefe1-0983-40dd-adf7-ae41752383b3-29094029-3db6-4224-b33f-ecac70551910-System feed category","nameKey":"NiFi Flow-Poll database-System feed category"},{"processGroupName":"NiFi Flow","processorName":"Poll database","processorId":"29094029-3db6-4224-b33f-ecac70551910","processGroupId":"269aefe1-0983-40dd-adf7-ae41752383b3","processorType":"com.thinkbiganalytics.nifi.v2.ingest.GetTableData","key":"System feed name","value":"${metadata.systemFeedName}","templateValue":"${metadata.systemFeedName}","userEditable":false,"expressionProperties":null,"propertyDescriptor":{"name":"System feed name","displayName":"System feed name","description":"Name of feed this processor supports","defaultValue":"${feed}","allowableValues":null,"required":true,"sensitive":false,"dynamic":false,"supportsEl":true,"identifiesControllerService":null},"renderType":"text","selected":true,"inputProperty":true,"templateProperty":null,"idKey":"269aefe1-0983-40dd-adf7-ae41752383b3-29094029-3db6-4224-b33f-ecac70551910-System feed name","nameKey":"NiFi Flow-Poll database-System feed name"},{"processGroupName":"NiFi Flow","processorName":"Poll filesystem","processorId":"e9f7d1d2-65f3-4bf7-8a1f-84ae09437502","processGroupId":"269aefe1-0983-40dd-adf7-ae41752383b3","processorType":"org.apache.nifi.processors.standard.GetFile","key":"File Filter","value":"mydata\\d{1,3}.csv","templateValue":"mydata\\d{1,3}.csv","userEditable":true,"expressionProperties":null,"propertyDescriptor":{"name":"File Filter","displayName":"File Filter","description":"Only files whose names match the given regular expression will be picked up","defaultValue":"[^\\.].*","allowableValues":null,"required":true,"sensitive":false,"dynamic":false,"supportsEl":false,"identifiesControllerService":null},"renderType":"text","selected":true,"inputProperty":true,"templateProperty":null,"idKey":"269aefe1-0983-40dd-adf7-ae41752383b3-e9f7d1d2-65f3-4bf7-8a1f-84ae09437502-File Filter","nameKey":"NiFi Flow-Poll filesystem-File Filter"},{"processGroupName":"NiFi Flow","processorName":"Poll filesystem","processorId":"e9f7d1d2-65f3-4bf7-8a1f-84ae09437502","processGroupId":"269aefe1-0983-40dd-adf7-ae41752383b3","processorType":"org.apache.nifi.processors.standard.GetFile","key":"Input Directory","value":"/var/dropzone","templateValue":"/var/dropzone","userEditable":true,"expressionProperties":null,"propertyDescriptor":{"name":"Input Directory","displayName":"Input Directory","description":"The input directory from which to pull files","defaultValue":null,"allowableValues":null,"required":true,"sensitive":false,"dynamic":false,"supportsEl":true,"identifiesControllerService":null},"renderType":"text","selected":true,"inputProperty":true,"templateProperty":null,"idKey":"269aefe1-0983-40dd-adf7-ae41752383b3-e9f7d1d2-65f3-4bf7-8a1f-84ae09437502-Input Directory","nameKey":"NiFi Flow-Poll filesystem-Input Directory"},{"processGroupName":"NiFi Flow","processorName":"TriggerCleanup","processorId":"5d8ed301-9132-4e3d-9c41-ef6b2d6ebd69","processGroupId":"269aefe1-0983-40dd-adf7-ae41752383b3","processorType":"com.thinkbiganalytics.nifi.v2.metadata.TriggerCleanup","key":"System feed category","value":"${metadata.category.systemName}","templateValue":"${metadata.category.systemName}","userEditable":false,"expressionProperties":null,"propertyDescriptor":{"name":"System feed category","displayName":"System feed category","description":"The category name of this feed. The default is to have this name automatically set when the feed is created. Normally you do not need to change the default value.","defaultValue":"${metadata.category.systemName}","allowableValues":null,"required":true,"sensitive":false,"dynamic":false,"supportsEl":false,"identifiesControllerService":null},"renderType":"text","selected":true,"inputProperty":true,"templateProperty":null,"idKey":"269aefe1-0983-40dd-adf7-ae41752383b3-5d8ed301-9132-4e3d-9c41-ef6b2d6ebd69-System feed category","nameKey":"NiFi Flow-TriggerCleanup-System feed category"},{"processGroupName":"NiFi Flow","processorName":"TriggerCleanup","processorId":"5d8ed301-9132-4e3d-9c41-ef6b2d6ebd69","processGroupId":"269aefe1-0983-40dd-adf7-ae41752383b3","processorType":"com.thinkbiganalytics.nifi.v2.metadata.TriggerCleanup","key":"System feed name","value":"${metadata.systemFeedName}","templateValue":"${metadata.systemFeedName}","userEditable":false,"expressionProperties":null,"propertyDescriptor":{"name":"System feed name","displayName":"System feed name","description":"The system name of this feed. The default is to have this name automatically set when the feed is created. Normally you do not need to change the default value.","defaultValue":"${metadata.systemFeedName}","allowableValues":null,"required":true,"sensitive":false,"dynamic":false,"supportsEl":false,"identifiesControllerService":null},"renderType":"text","selected":true,"inputProperty":true,"templateProperty":null,"idKey":"269aefe1-0983-40dd-adf7-ae41752383b3-5d8ed301-9132-4e3d-9c41-ef6b2d6ebd69-System feed name","nameKey":"NiFi Flow-TriggerCleanup-System feed name"},{"processGroupName":"NiFi Flow","processorName":"Update flow parameters","processorId":"7010fc9c-2da8-4b3c-a4f9-62216bd061d1","processGroupId":"269aefe1-0983-40dd-adf7-ae41752383b3","processorType":"org.apache.nifi.processors.attributes.UpdateAttribute","key":"category","value":"${metadata.category.systemName}","templateValue":"${metadata.category.systemName}","userEditable":false,"expressionProperties":null,"propertyDescriptor":{"name":"category","displayName":"category","description":"","defaultValue":null,"allowableValues":null,"required":false,"sensitive":false,"dynamic":true,"supportsEl":true,"identifiesControllerService":null},"renderType":"text","selected":true,"inputProperty":false,"templateProperty":null,"idKey":"269aefe1-0983-40dd-adf7-ae41752383b3-7010fc9c-2da8-4b3c-a4f9-62216bd061d1-category","nameKey":"NiFi Flow-Update flow parameters-category"},{"processGroupName":"NiFi Flow","processorName":"Update flow parameters","processorId":"7010fc9c-2da8-4b3c-a4f9-62216bd061d1","processGroupId":"269aefe1-0983-40dd-adf7-ae41752383b3","processorType":"org.apache.nifi.processors.attributes.UpdateAttribute","key":"feed","value":"${metadata.systemFeedName}","templateValue":"${metadata.systemFeedName}","userEditable":false,"expressionProperties":null,"propertyDescriptor":{"name":"feed","displayName":"feed","description":"","defaultValue":null,"allowableValues":null,"required":false,"sensitive":false,"dynamic":true,"supportsEl":true,"identifiesControllerService":null},"renderType":"text","selected":true,"inputProperty":false,"templateProperty":null,"idKey":"269aefe1-0983-40dd-adf7-ae41752383b3-7010fc9c-2da8-4b3c-a4f9-62216bd061d1-feed","nameKey":"NiFi Flow-Update flow parameters-feed"},{"processGroupName":"NiFi Flow","processorName":"Update flow parameters","processorId":"7010fc9c-2da8-4b3c-a4f9-62216bd061d1","processGroupId":"269aefe1-0983-40dd-adf7-ae41752383b3","processorType":"org.apache.nifi.processors.attributes.UpdateAttribute","key":"metadata.table.feedFormat","value":"${metadata.table.feedFormat}","templateValue":"${metadata.table.feedFormat}","userEditable":false,"expressionProperties":null,"propertyDescriptor":{"name":"metadata.table.feedFormat","displayName":"metadata.table.feedFormat","description":"","defaultValue":null,"allowableValues":null,"required":false,"sensitive":false,"dynamic":true,"supportsEl":true,"identifiesControllerService":null},"renderType":"text","selected":true,"inputProperty":false,"templateProperty":null,"idKey":"269aefe1-0983-40dd-adf7-ae41752383b3-7010fc9c-2da8-4b3c-a4f9-62216bd061d1-metadata.table.feedFormat","nameKey":"NiFi Flow-Update flow parameters-metadata.table.feedFormat"},{"processGroupName":"NiFi Flow","processorName":"Update flow parameters","processorId":"7010fc9c-2da8-4b3c-a4f9-62216bd061d1","processGroupId":"269aefe1-0983-40dd-adf7-ae41752383b3","processorType":"org.apache.nifi.processors.attributes.UpdateAttribute","key":"metadata.table.fieldIndexString","value":"${metadata.table.fieldIndexString}","templateValue":"${metadata.table.fieldIndexString}","userEditable":false,"expressionProperties":null,"propertyDescriptor":{"name":"metadata.table.fieldIndexString","displayName":"metadata.table.fieldIndexString","description":"","defaultValue":null,"allowableValues":null,"required":false,"sensitive":false,"dynamic":true,"supportsEl":true,"identifiesControllerService":null},"renderType":"text","selected":true,"inputProperty":false,"templateProperty":null,"idKey":"269aefe1-0983-40dd-adf7-ae41752383b3-7010fc9c-2da8-4b3c-a4f9-62216bd061d1-metadata.table.fieldIndexString","nameKey":"NiFi Flow-Update flow parameters-metadata.table.fieldIndexString"},{"processGroupName":"NiFi Flow","processorName":"Update flow parameters","processorId":"7010fc9c-2da8-4b3c-a4f9-62216bd061d1","processGroupId":"269aefe1-0983-40dd-adf7-ae41752383b3","processorType":"org.apache.nifi.processors.attributes.UpdateAttribute","key":"metadata.table.fieldPoliciesJson","value":"${metadata.table.fieldPoliciesJson}","templateValue":"${metadata.table.fieldPoliciesJson}","userEditable":false,"expressionProperties":null,"propertyDescriptor":{"name":"metadata.table.fieldPoliciesJson","displayName":"metadata.table.fieldPoliciesJson","description":"","defaultValue":null,"allowableValues":null,"required":false,"sensitive":false,"dynamic":true,"supportsEl":true,"identifiesControllerService":null},"renderType":"text","selected":true,"inputProperty":false,"templateProperty":null,"idKey":"269aefe1-0983-40dd-adf7-ae41752383b3-7010fc9c-2da8-4b3c-a4f9-62216bd061d1-metadata.table.fieldPoliciesJson","nameKey":"NiFi Flow-Update flow parameters-metadata.table.fieldPoliciesJson"},{"processGroupName":"NiFi Flow","processorName":"Update flow parameters","processorId":"7010fc9c-2da8-4b3c-a4f9-62216bd061d1","processGroupId":"269aefe1-0983-40dd-adf7-ae41752383b3","processorType":"org.apache.nifi.processors.attributes.UpdateAttribute","key":"metadata.table.fieldStructure","value":"${metadata.table.fieldStructure}","templateValue":"${metadata.table.fieldStructure}","userEditable":false,"expressionProperties":null,"propertyDescriptor":{"name":"metadata.table.fieldStructure","displayName":"metadata.table.fieldStructure","description":"","defaultValue":null,"allowableValues":null,"required":false,"sensitive":false,"dynamic":true,"supportsEl":true,"identifiesControllerService":null},"renderType":"text","selected":true,"inputProperty":false,"templateProperty":null,"idKey":"269aefe1-0983-40dd-adf7-ae41752383b3-7010fc9c-2da8-4b3c-a4f9-62216bd061d1-metadata.table.fieldStructure","nameKey":"NiFi Flow-Update flow parameters-metadata.table.fieldStructure"},{"processGroupName":"NiFi Flow","processorName":"Update flow parameters","processorId":"7010fc9c-2da8-4b3c-a4f9-62216bd061d1","processGroupId":"269aefe1-0983-40dd-adf7-ae41752383b3","processorType":"org.apache.nifi.processors.attributes.UpdateAttribute","key":"metadata.table.partitionSpecs","value":"${metadata.table.partitionSpecs}","templateValue":"${metadata.table.partitionSpecs}","userEditable":false,"expressionProperties":null,"propertyDescriptor":{"name":"metadata.table.partitionSpecs","displayName":"metadata.table.partitionSpecs","description":"","defaultValue":null,"allowableValues":null,"required":false,"sensitive":false,"dynamic":true,"supportsEl":true,"identifiesControllerService":null},"renderType":"text","selected":true,"inputProperty":false,"templateProperty":null,"idKey":"269aefe1-0983-40dd-adf7-ae41752383b3-7010fc9c-2da8-4b3c-a4f9-62216bd061d1-metadata.table.partitionSpecs","nameKey":"NiFi Flow-Update flow parameters-metadata.table.partitionSpecs"},{"processGroupName":"NiFi Flow","processorName":"Update flow parameters","processorId":"7010fc9c-2da8-4b3c-a4f9-62216bd061d1","processGroupId":"269aefe1-0983-40dd-adf7-ae41752383b3","processorType":"org.apache.nifi.processors.attributes.UpdateAttribute","key":"metadata.table.partitionStructure","value":"${metadata.table.partitionStructure}","templateValue":"${metadata.table.partitionStructure}","userEditable":false,"expressionProperties":null,"propertyDescriptor":{"name":"metadata.table.partitionStructure","displayName":"metadata.table.partitionStructure","description":"","defaultValue":null,"allowableValues":null,"required":false,"sensitive":false,"dynamic":true,"supportsEl":true,"identifiesControllerService":null},"renderType":"text","selected":true,"inputProperty":false,"templateProperty":null,"idKey":"269aefe1-0983-40dd-adf7-ae41752383b3-7010fc9c-2da8-4b3c-a4f9-62216bd061d1-metadata.table.partitionStructure","nameKey":"NiFi Flow-Update flow parameters-metadata.table.partitionStructure"},{"processGroupName":"NiFi Flow","processorName":"Update flow parameters","processorId":"7010fc9c-2da8-4b3c-a4f9-62216bd061d1","processGroupId":"269aefe1-0983-40dd-adf7-ae41752383b3","processorType":"org.apache.nifi.processors.attributes.UpdateAttribute","key":"metadata.table.targetFormat","value":"${metadata.table.targetFormat}","templateValue":"${metadata.table.targetFormat}","userEditable":false,"expressionProperties":null,"propertyDescriptor":{"name":"metadata.table.targetFormat","displayName":"metadata.table.targetFormat","description":"","defaultValue":null,"allowableValues":null,"required":false,"sensitive":false,"dynamic":true,"supportsEl":true,"identifiesControllerService":null},"renderType":"text","selected":true,"inputProperty":false,"templateProperty":null,"idKey":"269aefe1-0983-40dd-adf7-ae41752383b3-7010fc9c-2da8-4b3c-a4f9-62216bd061d1-metadata.table.targetFormat","nameKey":"NiFi Flow-Update flow parameters-metadata.table.targetFormat"},{"processGroupName":"NiFi Flow","processorName":"Update flow parameters","processorId":"7010fc9c-2da8-4b3c-a4f9-62216bd061d1","processGroupId":"269aefe1-0983-40dd-adf7-ae41752383b3","processorType":"org.apache.nifi.processors.attributes.UpdateAttribute","key":"metadata.table.targetMergeStrategy","value":"${metadata.table.targetMergeStrategy}","templateValue":"${metadata.table.targetMergeStrategy}","userEditable":false,"expressionProperties":null,"propertyDescriptor":{"name":"metadata.table.targetMergeStrategy","displayName":"metadata.table.targetMergeStrategy","description":"","defaultValue":null,"allowableValues":null,"required":false,"sensitive":false,"dynamic":true,"supportsEl":true,"identifiesControllerService":null},"renderType":"text","selected":true,"inputProperty":false,"templateProperty":null,"idKey":"269aefe1-0983-40dd-adf7-ae41752383b3-7010fc9c-2da8-4b3c-a4f9-62216bd061d1-metadata.table.targetMergeStrategy","nameKey":"NiFi Flow-Update flow parameters-metadata.table.targetMergeStrategy"},{"processGroupName":"NiFi Flow","processorName":"Update flow parameters","processorId":"7010fc9c-2da8-4b3c-a4f9-62216bd061d1","processGroupId":"269aefe1-0983-40dd-adf7-ae41752383b3","processorType":"org.apache.nifi.processors.attributes.UpdateAttribute","key":"metadata.table.targetTblProperties","value":"${metadata.table.targetTblProperties}","templateValue":"${metadata.table.targetTblProperties}","userEditable":false,"expressionProperties":null,"propertyDescriptor":{"name":"metadata.table.targetTblProperties","displayName":"metadata.table.targetTblProperties","description":"","defaultValue":null,"allowableValues":null,"required":false,"sensitive":false,"dynamic":true,"supportsEl":true,"identifiesControllerService":null},"renderType":"text","selected":true,"inputProperty":false,"templateProperty":null,"idKey":"269aefe1-0983-40dd-adf7-ae41752383b3-7010fc9c-2da8-4b3c-a4f9-62216bd061d1-metadata.table.targetTblProperties","nameKey":"NiFi Flow-Update flow parameters-metadata.table.targetTblProperties"}],"id":"a5c2d354-8116-4d14-835a-dfde84205403","nifiTemplateId":"d2259d81-d18e-4574-96df-d7c8721b86f4","templateName":"Data Ingest","updateDate":1475028176972,"createDate":1475027998021,"icon":"forward","iconColor":"#AB47BC","description":"Data Ingest","defineTable":true,"reusableTemplate":false,"reusableTemplateConnections":[{"feedOutputPortName":"to-standard-cleanup","reusableTemplateInputPortName":"standard-cleanup","inputPortDisplayName":"standard-cleanup"},{"feedOutputPortName":"to-standard-ingest","reusableTemplateInputPortName":"standard-ingest","inputPortDisplayName":"standard-ingest"}],"allowPreconditions":false,"dataTransformation":false}