{"properties":[{"processGroupName":"NiFi Flow","processorName":"Poll database","processorId":"b1813d6a-a7b2-4912-8b2e-4d596168358c","processGroupId":"64707c29-5596-4a33-9489-9379989fbbb0","processorType":"com.thinkbiganalytics.nifi.v2.ingest.GetTableData","key":"Source Database Connection","value":"6f7eae61-35a4-4deb-b795-ea9cccb86171","templateValue":"6f7eae61-35a4-4deb-b795-ea9cccb86171","userEditable":true,"expressionProperties":null,"propertyDescriptor":{"name":"Source Database Connection","displayName":"Source Database Connection","description":"The database where the source table resides","defaultValue":null,"allowableValues":[{"displayName":"MySQL","value":"c1a3fc39-fe25-45fd-b026-183a4475533f","description":null},{"displayName":"Example MySQL Connection Pool","value":"c292e98b-8516-4ea6-9041-aa4c445aa69e","description":null}],"required":true,"sensitive":false,"dynamic":false,"supportsEl":false,"identifiesControllerService":"org.apache.nifi.dbcp.DBCPService"},"renderType":"select","selected":true,"inputProperty":true,"templateProperty":null,"idKey":"64707c29-5596-4a33-9489-9379989fbbb0-b1813d6a-a7b2-4912-8b2e-4d596168358c-Source Database Connection","nameKey":"NiFi Flow-Poll database-Source Database Connection"},{"processGroupName":"NiFi Flow","processorName":"Poll database","processorId":"b1813d6a-a7b2-4912-8b2e-4d596168358c","processGroupId":"64707c29-5596-4a33-9489-9379989fbbb0","processorType":"com.thinkbiganalytics.nifi.v2.ingest.GetTableData","key":"Source Fields","value":"${metadata.table.sourceFields}","templateValue":"${metadata.table.sourceFields}","userEditable":false,"expressionProperties":null,"propertyDescriptor":{"name":"Source Fields","displayName":"Source Fields","description":"Field names (in order) to read from the source table. ie. the select fields. The format is separated by newline. Inconsistent order will cause corruption of the downstream Hive data.","defaultValue":"${metadata.table.sourceFields}","allowableValues":null,"required":true,"sensitive":false,"dynamic":false,"supportsEl":true,"identifiesControllerService":null},"renderType":"text","selected":true,"inputProperty":true,"templateProperty":null,"idKey":"64707c29-5596-4a33-9489-9379989fbbb0-b1813d6a-a7b2-4912-8b2e-4d596168358c-Source Fields","nameKey":"NiFi Flow-Poll database-Source Fields"},{"processGroupName":"NiFi Flow","processorName":"Poll database","processorId":"b1813d6a-a7b2-4912-8b2e-4d596168358c","processGroupId":"64707c29-5596-4a33-9489-9379989fbbb0","processorType":"com.thinkbiganalytics.nifi.v2.ingest.GetTableData","key":"Source Table","value":"${metadata.table.sourceTableSchema.name}","templateValue":"${metadata.table.sourceTableSchema.name}","userEditable":false,"expressionProperties":null,"propertyDescriptor":{"name":"Source Table","displayName":"Source Table","description":"Name of table including schema (if applicable)","defaultValue":"${metadata.table.sourceTableSchema.name}","allowableValues":null,"required":true,"sensitive":false,"dynamic":false,"supportsEl":true,"identifiesControllerService":null},"renderType":"text","selected":true,"inputProperty":true,"templateProperty":null,"idKey":"64707c29-5596-4a33-9489-9379989fbbb0-b1813d6a-a7b2-4912-8b2e-4d596168358c-Source Table","nameKey":"NiFi Flow-Poll database-Source Table"},{"processGroupName":"NiFi Flow","processorName":"Poll database","processorId":"b1813d6a-a7b2-4912-8b2e-4d596168358c","processGroupId":"64707c29-5596-4a33-9489-9379989fbbb0","processorType":"com.thinkbiganalytics.nifi.v2.ingest.GetTableData","key":"System feed category","value":"${metadata.category.systemName}","templateValue":"${metadata.category.systemName}","userEditable":false,"expressionProperties":null,"propertyDescriptor":{"name":"System feed category","displayName":"System feed category","description":"System category of feed this processor supports","defaultValue":"${category}","allowableValues":null,"required":true,"sensitive":false,"dynamic":false,"supportsEl":true,"identifiesControllerService":null},"renderType":"text","selected":true,"inputProperty":true,"templateProperty":null,"idKey":"64707c29-5596-4a33-9489-9379989fbbb0-b1813d6a-a7b2-4912-8b2e-4d596168358c-System feed category","nameKey":"NiFi Flow-Poll database-System feed category"},{"processGroupName":"NiFi Flow","processorName":"Poll database","processorId":"b1813d6a-a7b2-4912-8b2e-4d596168358c","processGroupId":"64707c29-5596-4a33-9489-9379989fbbb0","processorType":"com.thinkbiganalytics.nifi.v2.ingest.GetTableData","key":"System feed name","value":"${metadata.systemFeedName}","templateValue":"${metadata.systemFeedName}","userEditable":false,"expressionProperties":null,"propertyDescriptor":{"name":"System feed name","displayName":"System feed name","description":"Name of feed this processor supports","defaultValue":"${feed}","allowableValues":null,"required":true,"sensitive":false,"dynamic":false,"supportsEl":true,"identifiesControllerService":null},"renderType":"text","selected":true,"inputProperty":true,"templateProperty":null,"idKey":"64707c29-5596-4a33-9489-9379989fbbb0-b1813d6a-a7b2-4912-8b2e-4d596168358c-System feed name","nameKey":"NiFi Flow-Poll database-System feed name"},{"processGroupName":"NiFi Flow","processorName":"Poll filesystem","processorId":"ac823564-91a3-46f4-8078-5de7b63d7350","processGroupId":"64707c29-5596-4a33-9489-9379989fbbb0","processorType":"org.apache.nifi.processors.standard.GetFile","key":"File Filter","value":"mydata\\d{1,3}.csv","templateValue":"mydata\\d{1,3}.csv","userEditable":true,"expressionProperties":null,"propertyDescriptor":{"name":"File Filter","displayName":"File Filter","description":"Only files whose names match the given regular expression will be picked up","defaultValue":"[^\\.].*","allowableValues":null,"required":true,"sensitive":false,"dynamic":false,"supportsEl":false,"identifiesControllerService":null},"renderType":"text","selected":true,"inputProperty":true,"templateProperty":null,"idKey":"64707c29-5596-4a33-9489-9379989fbbb0-ac823564-91a3-46f4-8078-5de7b63d7350-File Filter","nameKey":"NiFi Flow-Poll filesystem-File Filter"},{"processGroupName":"NiFi Flow","processorName":"Poll filesystem","processorId":"ac823564-91a3-46f4-8078-5de7b63d7350","processGroupId":"64707c29-5596-4a33-9489-9379989fbbb0","processorType":"org.apache.nifi.processors.standard.GetFile","key":"Input Directory","value":"/var/dropzone","templateValue":"/var/dropzone","userEditable":true,"expressionProperties":null,"propertyDescriptor":{"name":"Input Directory","displayName":"Input Directory","description":"The input directory from which to pull files","defaultValue":null,"allowableValues":null,"required":true,"sensitive":false,"dynamic":false,"supportsEl":true,"identifiesControllerService":null},"renderType":"text","selected":true,"inputProperty":true,"templateProperty":null,"idKey":"64707c29-5596-4a33-9489-9379989fbbb0-ac823564-91a3-46f4-8078-5de7b63d7350-Input Directory","nameKey":"NiFi Flow-Poll filesystem-Input Directory"},{"processGroupName":"NiFi Flow","processorName":"TriggerCleanup","processorId":"77f5b229-2224-4175-a0c7-1217b29cf776","processGroupId":"64707c29-5596-4a33-9489-9379989fbbb0","processorType":"com.thinkbiganalytics.nifi.v2.metadata.TriggerCleanup","key":"System feed category","value":"${metadata.category.systemName}","templateValue":"${metadata.category.systemName}","userEditable":false,"expressionProperties":null,"propertyDescriptor":{"name":"System feed category","displayName":"System feed category","description":"The category name of this feed. The default is to have this name automatically set when the feed is created. Normally you do not need to change the default value.","defaultValue":"${metadata.category.systemName}","allowableValues":null,"required":true,"sensitive":false,"dynamic":false,"supportsEl":false,"identifiesControllerService":null},"renderType":"text","selected":true,"inputProperty":true,"templateProperty":null,"idKey":"64707c29-5596-4a33-9489-9379989fbbb0-77f5b229-2224-4175-a0c7-1217b29cf776-System feed category","nameKey":"NiFi Flow-TriggerCleanup-System feed category"},{"processGroupName":"NiFi Flow","processorName":"TriggerCleanup","processorId":"77f5b229-2224-4175-a0c7-1217b29cf776","processGroupId":"64707c29-5596-4a33-9489-9379989fbbb0","processorType":"com.thinkbiganalytics.nifi.v2.metadata.TriggerCleanup","key":"System feed name","value":"${metadata.systemFeedName}","templateValue":"${metadata.systemFeedName}","userEditable":false,"expressionProperties":null,"propertyDescriptor":{"name":"System feed name","displayName":"System feed name","description":"The system name of this feed. The default is to have this name automatically set when the feed is created. Normally you do not need to change the default value.","defaultValue":"${metadata.systemFeedName}","allowableValues":null,"required":true,"sensitive":false,"dynamic":false,"supportsEl":false,"identifiesControllerService":null},"renderType":"text","selected":true,"inputProperty":true,"templateProperty":null,"idKey":"64707c29-5596-4a33-9489-9379989fbbb0-77f5b229-2224-4175-a0c7-1217b29cf776-System feed name","nameKey":"NiFi Flow-TriggerCleanup-System feed name"},{"processGroupName":"NiFi Flow","processorName":"Update flow parameters","processorId":"d956c6b7-5124-4801-a42f-31ed39049358","processGroupId":"64707c29-5596-4a33-9489-9379989fbbb0","processorType":"org.apache.nifi.processors.attributes.UpdateAttribute","key":"category","value":"${metadata.category.systemName}","templateValue":"${metadata.category.systemName}","userEditable":false,"expressionProperties":null,"propertyDescriptor":{"name":"category","displayName":"category","description":"","defaultValue":null,"allowableValues":null,"required":false,"sensitive":false,"dynamic":true,"supportsEl":true,"identifiesControllerService":null},"renderType":"text","selected":true,"inputProperty":false,"templateProperty":null,"idKey":"64707c29-5596-4a33-9489-9379989fbbb0-d956c6b7-5124-4801-a42f-31ed39049358-category","nameKey":"NiFi Flow-Update flow parameters-category"},{"processGroupName":"NiFi Flow","processorName":"Update flow parameters","processorId":"d956c6b7-5124-4801-a42f-31ed39049358","processGroupId":"64707c29-5596-4a33-9489-9379989fbbb0","processorType":"org.apache.nifi.processors.attributes.UpdateAttribute","key":"feed","value":"${metadata.systemFeedName}","templateValue":"${metadata.systemFeedName}","userEditable":false,"expressionProperties":null,"propertyDescriptor":{"name":"feed","displayName":"feed","description":"","defaultValue":null,"allowableValues":null,"required":false,"sensitive":false,"dynamic":true,"supportsEl":true,"identifiesControllerService":null},"renderType":"text","selected":true,"inputProperty":false,"templateProperty":null,"idKey":"64707c29-5596-4a33-9489-9379989fbbb0-d956c6b7-5124-4801-a42f-31ed39049358-feed","nameKey":"NiFi Flow-Update flow parameters-feed"},{"processGroupName":"NiFi Flow","processorName":"Update flow parameters","processorId":"d956c6b7-5124-4801-a42f-31ed39049358","processGroupId":"64707c29-5596-4a33-9489-9379989fbbb0","processorType":"org.apache.nifi.processors.attributes.UpdateAttribute","key":"metadata.table.feedFormat","value":"${metadata.table.feedFormat}","templateValue":"${metadata.table.feedFormat}","userEditable":false,"expressionProperties":null,"propertyDescriptor":{"name":"metadata.table.feedFormat","displayName":"metadata.table.feedFormat","description":"","defaultValue":null,"allowableValues":null,"required":false,"sensitive":false,"dynamic":true,"supportsEl":true,"identifiesControllerService":null},"renderType":"text","selected":true,"inputProperty":false,"templateProperty":null,"idKey":"64707c29-5596-4a33-9489-9379989fbbb0-d956c6b7-5124-4801-a42f-31ed39049358-metadata.table.feedFormat","nameKey":"NiFi Flow-Update flow parameters-metadata.table.feedFormat"},{"processGroupName":"NiFi Flow","processorName":"Update flow parameters","processorId":"d956c6b7-5124-4801-a42f-31ed39049358","processGroupId":"64707c29-5596-4a33-9489-9379989fbbb0","processorType":"org.apache.nifi.processors.attributes.UpdateAttribute","key":"metadata.table.fieldIndexString","value":"${metadata.table.fieldIndexString}","templateValue":"${metadata.table.fieldIndexString}","userEditable":false,"expressionProperties":null,"propertyDescriptor":{"name":"metadata.table.fieldIndexString","displayName":"metadata.table.fieldIndexString","description":"","defaultValue":null,"allowableValues":null,"required":false,"sensitive":false,"dynamic":true,"supportsEl":true,"identifiesControllerService":null},"renderType":"text","selected":true,"inputProperty":false,"templateProperty":null,"idKey":"64707c29-5596-4a33-9489-9379989fbbb0-d956c6b7-5124-4801-a42f-31ed39049358-metadata.table.fieldIndexString","nameKey":"NiFi Flow-Update flow parameters-metadata.table.fieldIndexString"},{"processGroupName":"NiFi Flow","processorName":"Update flow parameters","processorId":"d956c6b7-5124-4801-a42f-31ed39049358","processGroupId":"64707c29-5596-4a33-9489-9379989fbbb0","processorType":"org.apache.nifi.processors.attributes.UpdateAttribute","key":"metadata.table.fieldPoliciesJson","value":"${metadata.table.fieldPoliciesJson}","templateValue":"${metadata.table.fieldPoliciesJson}","userEditable":false,"expressionProperties":null,"propertyDescriptor":{"name":"metadata.table.fieldPoliciesJson","displayName":"metadata.table.fieldPoliciesJson","description":"","defaultValue":null,"allowableValues":null,"required":false,"sensitive":false,"dynamic":true,"supportsEl":true,"identifiesControllerService":null},"renderType":"text","selected":true,"inputProperty":false,"templateProperty":null,"idKey":"64707c29-5596-4a33-9489-9379989fbbb0-d956c6b7-5124-4801-a42f-31ed39049358-metadata.table.fieldPoliciesJson","nameKey":"NiFi Flow-Update flow parameters-metadata.table.fieldPoliciesJson"},{"processGroupName":"NiFi Flow","processorName":"Update flow parameters","processorId":"d956c6b7-5124-4801-a42f-31ed39049358","processGroupId":"64707c29-5596-4a33-9489-9379989fbbb0","processorType":"org.apache.nifi.processors.attributes.UpdateAttribute","key":"metadata.table.fieldStructure","value":"${metadata.table.fieldStructure}","templateValue":"${metadata.table.fieldStructure}","userEditable":false,"expressionProperties":null,"propertyDescriptor":{"name":"metadata.table.fieldStructure","displayName":"metadata.table.fieldStructure","description":"","defaultValue":null,"allowableValues":null,"required":false,"sensitive":false,"dynamic":true,"supportsEl":true,"identifiesControllerService":null},"renderType":"text","selected":true,"inputProperty":false,"templateProperty":null,"idKey":"64707c29-5596-4a33-9489-9379989fbbb0-d956c6b7-5124-4801-a42f-31ed39049358-metadata.table.fieldStructure","nameKey":"NiFi Flow-Update flow parameters-metadata.table.fieldStructure"},{"processGroupName":"NiFi Flow","processorName":"Update flow parameters","processorId":"d956c6b7-5124-4801-a42f-31ed39049358","processGroupId":"64707c29-5596-4a33-9489-9379989fbbb0","processorType":"org.apache.nifi.processors.attributes.UpdateAttribute","key":"metadata.table.partitionSpecs","value":"${metadata.table.partitionSpecs}","templateValue":"${metadata.table.partitionSpecs}","userEditable":false,"expressionProperties":null,"propertyDescriptor":{"name":"metadata.table.partitionSpecs","displayName":"metadata.table.partitionSpecs","description":"","defaultValue":null,"allowableValues":null,"required":false,"sensitive":false,"dynamic":true,"supportsEl":true,"identifiesControllerService":null},"renderType":"text","selected":true,"inputProperty":false,"templateProperty":null,"idKey":"64707c29-5596-4a33-9489-9379989fbbb0-d956c6b7-5124-4801-a42f-31ed39049358-metadata.table.partitionSpecs","nameKey":"NiFi Flow-Update flow parameters-metadata.table.partitionSpecs"},{"processGroupName":"NiFi Flow","processorName":"Update flow parameters","processorId":"d956c6b7-5124-4801-a42f-31ed39049358","processGroupId":"64707c29-5596-4a33-9489-9379989fbbb0","processorType":"org.apache.nifi.processors.attributes.UpdateAttribute","key":"metadata.table.partitionStructure","value":"${metadata.table.partitionStructure}","templateValue":"${metadata.table.partitionStructure}","userEditable":false,"expressionProperties":null,"propertyDescriptor":{"name":"metadata.table.partitionStructure","displayName":"metadata.table.partitionStructure","description":"","defaultValue":null,"allowableValues":null,"required":false,"sensitive":false,"dynamic":true,"supportsEl":true,"identifiesControllerService":null},"renderType":"text","selected":true,"inputProperty":false,"templateProperty":null,"idKey":"64707c29-5596-4a33-9489-9379989fbbb0-d956c6b7-5124-4801-a42f-31ed39049358-metadata.table.partitionStructure","nameKey":"NiFi Flow-Update flow parameters-metadata.table.partitionStructure"},{"processGroupName":"NiFi Flow","processorName":"Update flow parameters","processorId":"d956c6b7-5124-4801-a42f-31ed39049358","processGroupId":"64707c29-5596-4a33-9489-9379989fbbb0","processorType":"org.apache.nifi.processors.attributes.UpdateAttribute","key":"metadata.table.targetFormat","value":"${metadata.table.targetFormat}","templateValue":"${metadata.table.targetFormat}","userEditable":false,"expressionProperties":null,"propertyDescriptor":{"name":"metadata.table.targetFormat","displayName":"metadata.table.targetFormat","description":"","defaultValue":null,"allowableValues":null,"required":false,"sensitive":false,"dynamic":true,"supportsEl":true,"identifiesControllerService":null},"renderType":"text","selected":true,"inputProperty":false,"templateProperty":null,"idKey":"64707c29-5596-4a33-9489-9379989fbbb0-d956c6b7-5124-4801-a42f-31ed39049358-metadata.table.targetFormat","nameKey":"NiFi Flow-Update flow parameters-metadata.table.targetFormat"},{"processGroupName":"NiFi Flow","processorName":"Update flow parameters","processorId":"d956c6b7-5124-4801-a42f-31ed39049358","processGroupId":"64707c29-5596-4a33-9489-9379989fbbb0","processorType":"org.apache.nifi.processors.attributes.UpdateAttribute","key":"metadata.table.targetMergeStrategy","value":"${metadata.table.targetMergeStrategy}","templateValue":"${metadata.table.targetMergeStrategy}","userEditable":false,"expressionProperties":null,"propertyDescriptor":{"name":"metadata.table.targetMergeStrategy","displayName":"metadata.table.targetMergeStrategy","description":"","defaultValue":null,"allowableValues":null,"required":false,"sensitive":false,"dynamic":true,"supportsEl":true,"identifiesControllerService":null},"renderType":"text","selected":true,"inputProperty":false,"templateProperty":null,"idKey":"64707c29-5596-4a33-9489-9379989fbbb0-d956c6b7-5124-4801-a42f-31ed39049358-metadata.table.targetMergeStrategy","nameKey":"NiFi Flow-Update flow parameters-metadata.table.targetMergeStrategy"},{"processGroupName":"NiFi Flow","processorName":"Update flow parameters","processorId":"d956c6b7-5124-4801-a42f-31ed39049358","processGroupId":"64707c29-5596-4a33-9489-9379989fbbb0","processorType":"org.apache.nifi.processors.attributes.UpdateAttribute","key":"metadata.table.targetTblProperties","value":"${metadata.table.targetTblProperties}","templateValue":"${metadata.table.targetTblProperties}","userEditable":false,"expressionProperties":null,"propertyDescriptor":{"name":"metadata.table.targetTblProperties","displayName":"metadata.table.targetTblProperties","description":"","defaultValue":null,"allowableValues":null,"required":false,"sensitive":false,"dynamic":true,"supportsEl":true,"identifiesControllerService":null},"renderType":"text","selected":true,"inputProperty":false,"templateProperty":null,"idKey":"64707c29-5596-4a33-9489-9379989fbbb0-d956c6b7-5124-4801-a42f-31ed39049358-metadata.table.targetTblProperties","nameKey":"NiFi Flow-Update flow parameters-metadata.table.targetTblProperties"}],"id":"f2bc936a-7960-4b53-998a-ba5058261eb0","nifiTemplateId":"7a13ed30-a63d-4c4d-b5e9-9f29256492bc","templateName":"Data Ingest","updateDate":1475183531833,"createDate":1475017547343,"icon":"forward","iconColor":"#AB47BC","description":"Data Ingest","defineTable":true,"reusableTemplate":false,"reusableTemplateConnections":[{"feedOutputPortName":"to-archive-originals","reusableTemplateInputPortName":"standard-archive-originals","inputPortDisplayName":"standard-archive-originals"},{"feedOutputPortName":"to-failure","reusableTemplateInputPortName":"standard-failure","inputPortDisplayName":"standard-failure"},{"feedOutputPortName":"to-standard-ingest","reusableTemplateInputPortName":"standard-ingest","inputPortDisplayName":"standard-ingest"},{"feedOutputPortName":"to-standard-cleanup","reusableTemplateInputPortName":"standard-cleanup","inputPortDisplayName":"standard-cleanup"}],"allowPreconditions":false,"dataTransformation":false}