{"properties":[{"processGroupName":"NiFi Flow","processorName":"Poll database","processorId":"a1427c2c-07a0-498a-9244-9b7e9932cb21","processGroupId":"96bd1402-f06a-47b8-8fe1-29f450f8f42e","processorType":"com.thinkbiganalytics.nifi.v2.ingest.GetTableData","key":"Source Database Connection","value":"6f7eae61-35a4-4deb-b795-ea9cccb86171","templateValue":"6f7eae61-35a4-4deb-b795-ea9cccb86171","userEditable":true,"expressionProperties":null,"propertyDescriptor":{"name":"Source Database Connection","displayName":"Source Database Connection","description":"The database where the source table resides","defaultValue":null,"allowableValues":[{"displayName":"Example MySQL Connection Pool","value":"4688ee71-262c-46bc-af35-9e9825507160","description":null},{"displayName":"MySQL","value":"28ebe4b5-aeaf-4fe4-aacc-7a8aed0c7c1b","description":null}],"required":true,"sensitive":false,"dynamic":false,"supportsEl":false,"identifiesControllerService":"org.apache.nifi.dbcp.DBCPService"},"renderType":"select","renderOptions":null,"selected":true,"inputProperty":true,"templateProperty":null,"nameKey":"NiFi Flow-Poll database-Source Database Connection","idKey":"96bd1402-f06a-47b8-8fe1-29f450f8f42e-a1427c2c-07a0-498a-9244-9b7e9932cb21-Source Database Connection"},{"processGroupName":"NiFi Flow","processorName":"Poll database","processorId":"a1427c2c-07a0-498a-9244-9b7e9932cb21","processGroupId":"96bd1402-f06a-47b8-8fe1-29f450f8f42e","processorType":"com.thinkbiganalytics.nifi.v2.ingest.GetTableData","key":"Source Fields","value":"${metadata.table.sourceFields}","templateValue":"${metadata.table.sourceFields}","userEditable":false,"expressionProperties":null,"propertyDescriptor":{"name":"Source Fields","displayName":"Source Fields","description":"Field names (in order) to read from the source table. ie. the select fields. The format is separated by newline. Inconsistent order will cause corruption of the downstream Hive data.","defaultValue":"${metadata.table.sourceFields}","allowableValues":null,"required":true,"sensitive":false,"dynamic":false,"supportsEl":true,"identifiesControllerService":null},"renderType":"text","renderOptions":null,"selected":true,"inputProperty":true,"templateProperty":null,"nameKey":"NiFi Flow-Poll database-Source Fields","idKey":"96bd1402-f06a-47b8-8fe1-29f450f8f42e-a1427c2c-07a0-498a-9244-9b7e9932cb21-Source Fields"},{"processGroupName":"NiFi Flow","processorName":"Poll database","processorId":"a1427c2c-07a0-498a-9244-9b7e9932cb21","processGroupId":"96bd1402-f06a-47b8-8fe1-29f450f8f42e","processorType":"com.thinkbiganalytics.nifi.v2.ingest.GetTableData","key":"Source Table","value":"${metadata.table.sourceTableSchema.name}","templateValue":"${metadata.table.sourceTableSchema.name}","userEditable":false,"expressionProperties":null,"propertyDescriptor":{"name":"Source Table","displayName":"Source Table","description":"Name of table including schema (if applicable)","defaultValue":"${metadata.table.sourceTableSchema.name}","allowableValues":null,"required":true,"sensitive":false,"dynamic":false,"supportsEl":true,"identifiesControllerService":null},"renderType":"text","renderOptions":null,"selected":true,"inputProperty":true,"templateProperty":null,"nameKey":"NiFi Flow-Poll database-Source Table","idKey":"96bd1402-f06a-47b8-8fe1-29f450f8f42e-a1427c2c-07a0-498a-9244-9b7e9932cb21-Source Table"},{"processGroupName":"NiFi Flow","processorName":"Poll database","processorId":"a1427c2c-07a0-498a-9244-9b7e9932cb21","processGroupId":"96bd1402-f06a-47b8-8fe1-29f450f8f42e","processorType":"com.thinkbiganalytics.nifi.v2.ingest.GetTableData","key":"System feed category","value":"${metadata.category.systemName}","templateValue":"${metadata.category.systemName}","userEditable":false,"expressionProperties":null,"propertyDescriptor":{"name":"System feed category","displayName":"System feed category","description":"System category of feed this processor supports","defaultValue":"${metadata.category.systemName}","allowableValues":null,"required":true,"sensitive":false,"dynamic":false,"supportsEl":true,"identifiesControllerService":null},"renderType":"text","renderOptions":null,"selected":true,"inputProperty":true,"templateProperty":null,"nameKey":"NiFi Flow-Poll database-System feed category","idKey":"96bd1402-f06a-47b8-8fe1-29f450f8f42e-a1427c2c-07a0-498a-9244-9b7e9932cb21-System feed category"},{"processGroupName":"NiFi Flow","processorName":"Poll database","processorId":"a1427c2c-07a0-498a-9244-9b7e9932cb21","processGroupId":"96bd1402-f06a-47b8-8fe1-29f450f8f42e","processorType":"com.thinkbiganalytics.nifi.v2.ingest.GetTableData","key":"System feed name","value":"${metadata.systemFeedName}","templateValue":"${metadata.systemFeedName}","userEditable":false,"expressionProperties":null,"propertyDescriptor":{"name":"System feed name","displayName":"System feed name","description":"Name of feed this processor supports","defaultValue":"${metadata.systemFeedName}","allowableValues":null,"required":true,"sensitive":false,"dynamic":false,"supportsEl":true,"identifiesControllerService":null},"renderType":"text","renderOptions":null,"selected":true,"inputProperty":true,"templateProperty":null,"nameKey":"NiFi Flow-Poll database-System feed name","idKey":"96bd1402-f06a-47b8-8fe1-29f450f8f42e-a1427c2c-07a0-498a-9244-9b7e9932cb21-System feed name"},{"processGroupName":"NiFi Flow","processorName":"Poll filesystem","processorId":"e6581740-ded6-4068-b61b-379b38611800","processGroupId":"96bd1402-f06a-47b8-8fe1-29f450f8f42e","processorType":"org.apache.nifi.processors.standard.GetFile","key":"File Filter","value":"mydata\\d{1,3}.csv","templateValue":"mydata\\d{1,3}.csv","userEditable":true,"expressionProperties":null,"propertyDescriptor":{"name":"File Filter","displayName":"File Filter","description":"Only files whose names match the given regular expression will be picked up","defaultValue":"[^\\.].*","allowableValues":null,"required":true,"sensitive":false,"dynamic":false,"supportsEl":false,"identifiesControllerService":null},"renderType":"text","renderOptions":null,"selected":true,"inputProperty":true,"templateProperty":null,"nameKey":"NiFi Flow-Poll filesystem-File Filter","idKey":"96bd1402-f06a-47b8-8fe1-29f450f8f42e-e6581740-ded6-4068-b61b-379b38611800-File Filter"},{"processGroupName":"NiFi Flow","processorName":"Poll filesystem","processorId":"e6581740-ded6-4068-b61b-379b38611800","processGroupId":"96bd1402-f06a-47b8-8fe1-29f450f8f42e","processorType":"org.apache.nifi.processors.standard.GetFile","key":"Input Directory","value":"/var/dropzone","templateValue":"/var/dropzone","userEditable":true,"expressionProperties":null,"propertyDescriptor":{"name":"Input Directory","displayName":"Input Directory","description":"The input directory from which to pull files","defaultValue":null,"allowableValues":null,"required":true,"sensitive":false,"dynamic":false,"supportsEl":true,"identifiesControllerService":null},"renderType":"text","renderOptions":null,"selected":true,"inputProperty":true,"templateProperty":null,"nameKey":"NiFi Flow-Poll filesystem-Input Directory","idKey":"96bd1402-f06a-47b8-8fe1-29f450f8f42e-e6581740-ded6-4068-b61b-379b38611800-Input Directory"},{"processGroupName":"NiFi Flow","processorName":"TriggerCleanup","processorId":"17df8d4c-9ac3-4653-9403-ab45fca82ca3","processGroupId":"96bd1402-f06a-47b8-8fe1-29f450f8f42e","processorType":"com.thinkbiganalytics.nifi.v2.metadata.TriggerCleanup","key":"System feed category","value":"${metadata.category.systemName}","templateValue":"${metadata.category.systemName}","userEditable":false,"expressionProperties":null,"propertyDescriptor":{"name":"System feed category","displayName":"System feed category","description":"The category name of this feed. The default is to have this name automatically set when the feed is created. Normally you do not need to change the default value.","defaultValue":"${metadata.category.systemName}","allowableValues":null,"required":true,"sensitive":false,"dynamic":false,"supportsEl":false,"identifiesControllerService":null},"renderType":"text","renderOptions":null,"selected":true,"inputProperty":true,"templateProperty":null,"nameKey":"NiFi Flow-TriggerCleanup-System feed category","idKey":"96bd1402-f06a-47b8-8fe1-29f450f8f42e-17df8d4c-9ac3-4653-9403-ab45fca82ca3-System feed category"},{"processGroupName":"NiFi Flow","processorName":"TriggerCleanup","processorId":"17df8d4c-9ac3-4653-9403-ab45fca82ca3","processGroupId":"96bd1402-f06a-47b8-8fe1-29f450f8f42e","processorType":"com.thinkbiganalytics.nifi.v2.metadata.TriggerCleanup","key":"System feed name","value":"${metadata.systemFeedName}","templateValue":"${metadata.systemFeedName}","userEditable":false,"expressionProperties":null,"propertyDescriptor":{"name":"System feed name","displayName":"System feed name","description":"The system name of this feed. The default is to have this name automatically set when the feed is created. Normally you do not need to change the default value.","defaultValue":"${metadata.systemFeedName}","allowableValues":null,"required":true,"sensitive":false,"dynamic":false,"supportsEl":false,"identifiesControllerService":null},"renderType":"text","renderOptions":null,"selected":true,"inputProperty":true,"templateProperty":null,"nameKey":"NiFi Flow-TriggerCleanup-System feed name","idKey":"96bd1402-f06a-47b8-8fe1-29f450f8f42e-17df8d4c-9ac3-4653-9403-ab45fca82ca3-System feed name"},{"processGroupName":"NiFi Flow","processorName":"Update flow parameters","processorId":"4a63577d-2a07-43d3-8009-7e68cdbd2ff8","processGroupId":"96bd1402-f06a-47b8-8fe1-29f450f8f42e","processorType":"org.apache.nifi.processors.attributes.UpdateAttribute","key":"category","value":"${metadata.category.systemName}","templateValue":"${metadata.category.systemName}","userEditable":false,"expressionProperties":null,"propertyDescriptor":{"name":"category","displayName":"category","description":"","defaultValue":null,"allowableValues":null,"required":false,"sensitive":false,"dynamic":true,"supportsEl":true,"identifiesControllerService":null},"renderType":"text","renderOptions":null,"selected":true,"inputProperty":false,"templateProperty":null,"nameKey":"NiFi Flow-Update flow parameters-category","idKey":"96bd1402-f06a-47b8-8fe1-29f450f8f42e-4a63577d-2a07-43d3-8009-7e68cdbd2ff8-category"},{"processGroupName":"NiFi Flow","processorName":"Update flow parameters","processorId":"4a63577d-2a07-43d3-8009-7e68cdbd2ff8","processGroupId":"96bd1402-f06a-47b8-8fe1-29f450f8f42e","processorType":"org.apache.nifi.processors.attributes.UpdateAttribute","key":"feed","value":"${metadata.systemFeedName}","templateValue":"${metadata.systemFeedName}","userEditable":false,"expressionProperties":null,"propertyDescriptor":{"name":"feed","displayName":"feed","description":"","defaultValue":null,"allowableValues":null,"required":false,"sensitive":false,"dynamic":true,"supportsEl":true,"identifiesControllerService":null},"renderType":"text","renderOptions":null,"selected":true,"inputProperty":false,"templateProperty":null,"nameKey":"NiFi Flow-Update flow parameters-feed","idKey":"96bd1402-f06a-47b8-8fe1-29f450f8f42e-4a63577d-2a07-43d3-8009-7e68cdbd2ff8-feed"},{"processGroupName":"NiFi Flow","processorName":"Update flow parameters","processorId":"4a63577d-2a07-43d3-8009-7e68cdbd2ff8","processGroupId":"96bd1402-f06a-47b8-8fe1-29f450f8f42e","processorType":"org.apache.nifi.processors.attributes.UpdateAttribute","key":"hdfs.ingest.root","value":"${config.hdfs.ingest.root}","templateValue":"${config.hdfs.ingest.root}","userEditable":false,"expressionProperties":null,"propertyDescriptor":{"name":"hdfs.ingest.root","displayName":"hdfs.ingest.root","description":"","defaultValue":null,"allowableValues":null,"required":false,"sensitive":false,"dynamic":true,"supportsEl":true,"identifiesControllerService":null},"renderType":"text","renderOptions":null,"selected":true,"inputProperty":false,"templateProperty":null,"nameKey":"NiFi Flow-Update flow parameters-hdfs.ingest.root","idKey":"96bd1402-f06a-47b8-8fe1-29f450f8f42e-4a63577d-2a07-43d3-8009-7e68cdbd2ff8-hdfs.ingest.root"},{"processGroupName":"NiFi Flow","processorName":"Update flow parameters","processorId":"4a63577d-2a07-43d3-8009-7e68cdbd2ff8","processGroupId":"96bd1402-f06a-47b8-8fe1-29f450f8f42e","processorType":"org.apache.nifi.processors.attributes.UpdateAttribute","key":"hive.ingest.root","value":"${config.hive.ingest.root}","templateValue":"${config.hive.ingest.root}","userEditable":false,"expressionProperties":null,"propertyDescriptor":{"name":"hive.ingest.root","displayName":"hive.ingest.root","description":"","defaultValue":null,"allowableValues":null,"required":false,"sensitive":false,"dynamic":true,"supportsEl":true,"identifiesControllerService":null},"renderType":"text","renderOptions":null,"selected":true,"inputProperty":false,"templateProperty":null,"nameKey":"NiFi Flow-Update flow parameters-hive.ingest.root","idKey":"96bd1402-f06a-47b8-8fe1-29f450f8f42e-4a63577d-2a07-43d3-8009-7e68cdbd2ff8-hive.ingest.root"},{"processGroupName":"NiFi Flow","processorName":"Update flow parameters","processorId":"4a63577d-2a07-43d3-8009-7e68cdbd2ff8","processGroupId":"96bd1402-f06a-47b8-8fe1-29f450f8f42e","processorType":"org.apache.nifi.processors.attributes.UpdateAttribute","key":"hive.master.root","value":"${config.hive.master.root}","templateValue":"${config.hive.master.root}","userEditable":false,"expressionProperties":null,"propertyDescriptor":{"name":"hive.master.root","displayName":"hive.master.root","description":"","defaultValue":null,"allowableValues":null,"required":false,"sensitive":false,"dynamic":true,"supportsEl":true,"identifiesControllerService":null},"renderType":"text","renderOptions":null,"selected":true,"inputProperty":false,"templateProperty":null,"nameKey":"NiFi Flow-Update flow parameters-hive.master.root","idKey":"96bd1402-f06a-47b8-8fe1-29f450f8f42e-4a63577d-2a07-43d3-8009-7e68cdbd2ff8-hive.master.root"},{"processGroupName":"NiFi Flow","processorName":"Update flow parameters","processorId":"4a63577d-2a07-43d3-8009-7e68cdbd2ff8","processGroupId":"96bd1402-f06a-47b8-8fe1-29f450f8f42e","processorType":"org.apache.nifi.processors.attributes.UpdateAttribute","key":"hive.profile.root","value":"${config.hive.profile.root}","templateValue":"${config.hive.profile.root}","userEditable":false,"expressionProperties":null,"propertyDescriptor":{"name":"hive.profile.root","displayName":"hive.profile.root","description":"","defaultValue":null,"allowableValues":null,"required":false,"sensitive":false,"dynamic":true,"supportsEl":true,"identifiesControllerService":null},"renderType":"text","renderOptions":null,"selected":true,"inputProperty":false,"templateProperty":null,"nameKey":"NiFi Flow-Update flow parameters-hive.profile.root","idKey":"96bd1402-f06a-47b8-8fe1-29f450f8f42e-4a63577d-2a07-43d3-8009-7e68cdbd2ff8-hive.profile.root"},{"processGroupName":"NiFi Flow","processorName":"Update flow parameters","processorId":"4a63577d-2a07-43d3-8009-7e68cdbd2ff8","processGroupId":"96bd1402-f06a-47b8-8fe1-29f450f8f42e","processorType":"org.apache.nifi.processors.attributes.UpdateAttribute","key":"metadata.table.feedFormat","value":"${metadata.table.feedFormat}","templateValue":"${metadata.table.feedFormat}","userEditable":false,"expressionProperties":null,"propertyDescriptor":{"name":"metadata.table.feedFormat","displayName":"metadata.table.feedFormat","description":"","defaultValue":null,"allowableValues":null,"required":false,"sensitive":false,"dynamic":true,"supportsEl":true,"identifiesControllerService":null},"renderType":"text","renderOptions":null,"selected":true,"inputProperty":false,"templateProperty":null,"nameKey":"NiFi Flow-Update flow parameters-metadata.table.feedFormat","idKey":"96bd1402-f06a-47b8-8fe1-29f450f8f42e-4a63577d-2a07-43d3-8009-7e68cdbd2ff8-metadata.table.feedFormat"},{"processGroupName":"NiFi Flow","processorName":"Update flow parameters","processorId":"4a63577d-2a07-43d3-8009-7e68cdbd2ff8","processGroupId":"96bd1402-f06a-47b8-8fe1-29f450f8f42e","processorType":"org.apache.nifi.processors.attributes.UpdateAttribute","key":"metadata.table.fieldIndexString","value":"${metadata.table.fieldIndexString}","templateValue":"${metadata.table.fieldIndexString}","userEditable":false,"expressionProperties":null,"propertyDescriptor":{"name":"metadata.table.fieldIndexString","displayName":"metadata.table.fieldIndexString","description":"","defaultValue":null,"allowableValues":null,"required":false,"sensitive":false,"dynamic":true,"supportsEl":true,"identifiesControllerService":null},"renderType":"text","renderOptions":null,"selected":true,"inputProperty":false,"templateProperty":null,"nameKey":"NiFi Flow-Update flow parameters-metadata.table.fieldIndexString","idKey":"96bd1402-f06a-47b8-8fe1-29f450f8f42e-4a63577d-2a07-43d3-8009-7e68cdbd2ff8-metadata.table.fieldIndexString"},{"processGroupName":"NiFi Flow","processorName":"Update flow parameters","processorId":"4a63577d-2a07-43d3-8009-7e68cdbd2ff8","processGroupId":"96bd1402-f06a-47b8-8fe1-29f450f8f42e","processorType":"org.apache.nifi.processors.attributes.UpdateAttribute","key":"metadata.table.fieldPoliciesJson","value":"${metadata.table.fieldPoliciesJson}","templateValue":"${metadata.table.fieldPoliciesJson}","userEditable":false,"expressionProperties":null,"propertyDescriptor":{"name":"metadata.table.fieldPoliciesJson","displayName":"metadata.table.fieldPoliciesJson","description":"","defaultValue":null,"allowableValues":null,"required":false,"sensitive":false,"dynamic":true,"supportsEl":true,"identifiesControllerService":null},"renderType":"text","renderOptions":null,"selected":true,"inputProperty":false,"templateProperty":null,"nameKey":"NiFi Flow-Update flow parameters-metadata.table.fieldPoliciesJson","idKey":"96bd1402-f06a-47b8-8fe1-29f450f8f42e-4a63577d-2a07-43d3-8009-7e68cdbd2ff8-metadata.table.fieldPoliciesJson"},{"processGroupName":"NiFi Flow","processorName":"Update flow parameters","processorId":"4a63577d-2a07-43d3-8009-7e68cdbd2ff8","processGroupId":"96bd1402-f06a-47b8-8fe1-29f450f8f42e","processorType":"org.apache.nifi.processors.attributes.UpdateAttribute","key":"metadata.table.fieldStructure","value":"${metadata.table.fieldStructure}","templateValue":"${metadata.table.fieldStructure}","userEditable":false,"expressionProperties":null,"propertyDescriptor":{"name":"metadata.table.fieldStructure","displayName":"metadata.table.fieldStructure","description":"","defaultValue":null,"allowableValues":null,"required":false,"sensitive":false,"dynamic":true,"supportsEl":true,"identifiesControllerService":null},"renderType":"text","renderOptions":null,"selected":true,"inputProperty":false,"templateProperty":null,"nameKey":"NiFi Flow-Update flow parameters-metadata.table.fieldStructure","idKey":"96bd1402-f06a-47b8-8fe1-29f450f8f42e-4a63577d-2a07-43d3-8009-7e68cdbd2ff8-metadata.table.fieldStructure"},{"processGroupName":"NiFi Flow","processorName":"Update flow parameters","processorId":"4a63577d-2a07-43d3-8009-7e68cdbd2ff8","processGroupId":"96bd1402-f06a-47b8-8fe1-29f450f8f42e","processorType":"org.apache.nifi.processors.attributes.UpdateAttribute","key":"metadata.table.partitionSpecs","value":"${metadata.table.partitionSpecs}","templateValue":"${metadata.table.partitionSpecs}","userEditable":false,"expressionProperties":null,"propertyDescriptor":{"name":"metadata.table.partitionSpecs","displayName":"metadata.table.partitionSpecs","description":"","defaultValue":null,"allowableValues":null,"required":false,"sensitive":false,"dynamic":true,"supportsEl":true,"identifiesControllerService":null},"renderType":"text","renderOptions":null,"selected":true,"inputProperty":false,"templateProperty":null,"nameKey":"NiFi Flow-Update flow parameters-metadata.table.partitionSpecs","idKey":"96bd1402-f06a-47b8-8fe1-29f450f8f42e-4a63577d-2a07-43d3-8009-7e68cdbd2ff8-metadata.table.partitionSpecs"},{"processGroupName":"NiFi Flow","processorName":"Update flow parameters","processorId":"4a63577d-2a07-43d3-8009-7e68cdbd2ff8","processGroupId":"96bd1402-f06a-47b8-8fe1-29f450f8f42e","processorType":"org.apache.nifi.processors.attributes.UpdateAttribute","key":"metadata.table.partitionStructure","value":"${metadata.table.partitionStructure}","templateValue":"${metadata.table.partitionStructure}","userEditable":false,"expressionProperties":null,"propertyDescriptor":{"name":"metadata.table.partitionStructure","displayName":"metadata.table.partitionStructure","description":"","defaultValue":null,"allowableValues":null,"required":false,"sensitive":false,"dynamic":true,"supportsEl":true,"identifiesControllerService":null},"renderType":"text","renderOptions":null,"selected":true,"inputProperty":false,"templateProperty":null,"nameKey":"NiFi Flow-Update flow parameters-metadata.table.partitionStructure","idKey":"96bd1402-f06a-47b8-8fe1-29f450f8f42e-4a63577d-2a07-43d3-8009-7e68cdbd2ff8-metadata.table.partitionStructure"},{"processGroupName":"NiFi Flow","processorName":"Update flow parameters","processorId":"4a63577d-2a07-43d3-8009-7e68cdbd2ff8","processGroupId":"96bd1402-f06a-47b8-8fe1-29f450f8f42e","processorType":"org.apache.nifi.processors.attributes.UpdateAttribute","key":"metadata.table.targetFormat","value":"${metadata.table.targetFormat}","templateValue":"${metadata.table.targetFormat}","userEditable":false,"expressionProperties":null,"propertyDescriptor":{"name":"metadata.table.targetFormat","displayName":"metadata.table.targetFormat","description":"","defaultValue":null,"allowableValues":null,"required":false,"sensitive":false,"dynamic":true,"supportsEl":true,"identifiesControllerService":null},"renderType":"text","renderOptions":null,"selected":true,"inputProperty":false,"templateProperty":null,"nameKey":"NiFi Flow-Update flow parameters-metadata.table.targetFormat","idKey":"96bd1402-f06a-47b8-8fe1-29f450f8f42e-4a63577d-2a07-43d3-8009-7e68cdbd2ff8-metadata.table.targetFormat"},{"processGroupName":"NiFi Flow","processorName":"Update flow parameters","processorId":"4a63577d-2a07-43d3-8009-7e68cdbd2ff8","processGroupId":"96bd1402-f06a-47b8-8fe1-29f450f8f42e","processorType":"org.apache.nifi.processors.attributes.UpdateAttribute","key":"metadata.table.targetMergeStrategy","value":"${metadata.table.targetMergeStrategy}","templateValue":"${metadata.table.targetMergeStrategy}","userEditable":false,"expressionProperties":null,"propertyDescriptor":{"name":"metadata.table.targetMergeStrategy","displayName":"metadata.table.targetMergeStrategy","description":"","defaultValue":null,"allowableValues":null,"required":false,"sensitive":false,"dynamic":true,"supportsEl":true,"identifiesControllerService":null},"renderType":"text","renderOptions":null,"selected":true,"inputProperty":false,"templateProperty":null,"nameKey":"NiFi Flow-Update flow parameters-metadata.table.targetMergeStrategy","idKey":"96bd1402-f06a-47b8-8fe1-29f450f8f42e-4a63577d-2a07-43d3-8009-7e68cdbd2ff8-metadata.table.targetMergeStrategy"},{"processGroupName":"NiFi Flow","processorName":"Update flow parameters","processorId":"4a63577d-2a07-43d3-8009-7e68cdbd2ff8","processGroupId":"96bd1402-f06a-47b8-8fe1-29f450f8f42e","processorType":"org.apache.nifi.processors.attributes.UpdateAttribute","key":"metadata.table.targetTblProperties","value":"${metadata.table.targetTblProperties}","templateValue":"${metadata.table.targetTblProperties}","userEditable":false,"expressionProperties":null,"propertyDescriptor":{"name":"metadata.table.targetTblProperties","displayName":"metadata.table.targetTblProperties","description":"","defaultValue":null,"allowableValues":null,"required":false,"sensitive":false,"dynamic":true,"supportsEl":true,"identifiesControllerService":null},"renderType":"text","renderOptions":null,"selected":true,"inputProperty":false,"templateProperty":null,"nameKey":"NiFi Flow-Update flow parameters-metadata.table.targetTblProperties","idKey":"96bd1402-f06a-47b8-8fe1-29f450f8f42e-4a63577d-2a07-43d3-8009-7e68cdbd2ff8-metadata.table.targetTblProperties"},{"processGroupName":"NiFi Flow","processorName":"Update flow parameters","processorId":"4a63577d-2a07-43d3-8009-7e68cdbd2ff8","processGroupId":"96bd1402-f06a-47b8-8fe1-29f450f8f42e","processorType":"org.apache.nifi.processors.attributes.UpdateAttribute","key":"skipHeader","value":"${metadata.options.skipHeader}","templateValue":"${metadata.options.skipHeader}","userEditable":false,"expressionProperties":null,"propertyDescriptor":{"name":"skipHeader","displayName":"skipHeader","description":"","defaultValue":null,"allowableValues":null,"required":false,"sensitive":false,"dynamic":true,"supportsEl":true,"identifiesControllerService":null},"renderType":"text","renderOptions":null,"selected":true,"inputProperty":false,"templateProperty":null,"nameKey":"NiFi Flow-Update flow parameters-skipHeader","idKey":"96bd1402-f06a-47b8-8fe1-29f450f8f42e-4a63577d-2a07-43d3-8009-7e68cdbd2ff8-skipHeader"}],"nonInputProcessors":null,"inputProcessors":null,"id":"8e0a3cf0-292e-4b50-8609-e39a396cea27","nifiTemplateId":"82c26bcd-1a8e-44f8-93ec-3a55657123ca","templateName":"Data Ingest","updateDate":1476904685710,"createDate":1466629796656,"icon":"forward","iconColor":"#66BB6A","description":"Data Ingest","defineTable":true,"reusableTemplate":false,"reusableTemplateConnections":[{"feedOutputPortName":"to-standard-cleanup","reusableTemplateInputPortName":"standard-cleanup","inputPortDisplayName":"standard-cleanup"},{"feedOutputPortName":"to-standard-ingest","reusableTemplateInputPortName":"standard-ingest","inputPortDisplayName":"standard-ingest"}],"allowPreconditions":false,"dataTransformation":false}