{"owner":{"displayName":"Data Lake Administrator","email":null,"enabled":true,"groups":["admin","user"],"systemName":"dladmin"},"allowedActions":{"actions":[{"systemName":"accessFeed","actions":[{"systemName":"editFeedSummary"},{"systemName":"accessFeedDetails","actions":[{"systemName":"editFeedDetails"},{"systemName":"deleteFeed"},{"systemName":"enableFeed"},{"systemName":"exportFeed"}]},{"systemName":"accessFeedOperations"},{"systemName":"changeFeedPermissions"}]}]},"roleMemberships":[],"id":"6948b0eb-0e2d-4c5b-a5dd-f35d789ff441","feedId":"6948b0eb-0e2d-4c5b-a5dd-f35d789ff441","templateId":"408c8429-56e3-417e-94b0-3ec0f48fd960","inputProcessorType":"","templateName":"Index Text Service","properties":[{"processGroupName":"NiFi Flow","processorName":"Set Parameters","processorId":"1a365de5-015d-1000-66e1-174e4bd4862e","processGroupId":"015e1004-d89f-12ed-3540-4de88c60017c","processorType":"org.apache.nifi.processors.attributes.UpdateAttribute","key":"searchengine","value":"solr","expressionProperties":null,"propertyDescriptor":{"name":"searchengine","displayName":"searchengine","description":"","defaultValue":null,"allowableValues":null,"required":false,"sensitive":false,"dynamic":true,"supportsEl":true,"identifiesControllerService":null},"templateValue":null,"userEditable":true,"renderType":"select","renderOptions":{"selectCustom":"true","selectOptions":"[\"elasticsearch\",\"solr\"]"},"selected":false,"inputProperty":false,"containsConfigurationVariables":false,"sensitive":false,"required":true,"templateProperty":null,"nameKey":"NiFi Flow-Set Parameters-searchengine","processorNameTypeKey":"Set Parameters-org.apache.nifi.processors.attributes.UpdateAttribute-searchengine","idKey":"015e1004-d89f-12ed-3540-4de88c60017c-1a365de5-015d-1000-66e1-174e4bd4862e-searchengine"}],"schedule":{"schedulingPeriod":"1 sec","schedulingStrategy":"TIMER_DRIVEN","concurrentTasks":1,"preconditions":null},"feedName":"Index Text Service","systemFeedName":"index_text_service","description":"Global Index Text Service - Solr engine","tags":[],"dataOwner":"","category":{"owner":null,"allowedActions":null,"roleMemberships":[],"id":"ffac95b8-1bd0-49f3-a8d9-2332d2a0f9b3","name":"System","systemName":"system","icon":"cloud","iconColor":"#FFCA28","description":"System Data","securityGroups":null,"userFields":null,"userProperties":null,"relatedFeeds":0,"createDate":1504652468897,"updateDate":1505168727429},"table":{"fieldStructure":"","existingTableName":null,"tableSchema":{"name":null,"description":null,"charset":null,"properties":{},"fields":[],"schemaName":null,"databaseName":null,"id":"5c15da19-5bb6-4634-91b0-d03c8289b791"},"sourceTableSchema":{"name":"NA","description":null,"charset":null,"properties":{},"fields":[],"schemaName":null,"databaseName":null,"id":"290e3b25-45e1-4685-b079-167cef30cd68"},"feedTableSchema":{"name":null,"description":null,"charset":null,"properties":{},"fields":[],"schemaName":null,"databaseName":null,"id":"e15fe0ff-b1c1-4df7-8769-b459cbf272af"},"method":"SAMPLE_FILE","description":"","fieldPolicies":[],"partitions":[],"tableType":null,"incrementalDateField":null,"sourceTableIncrementalDateField":null,"options":{"compress":false,"auditLogging":true,"encrypt":false,"trackHistory":false,"compressionFormat":null},"feedFormat":"ROW FORMAT SERDE 'org.apache.hadoop.hive.serde2.OpenCSVSerde' WITH SERDEPROPERTIES ( 'separatorChar' = ',' ,'escapeChar' = '\\\\' ,'quoteChar' = '\"') STORED AS TEXTFILE","targetFormat":null,"targetTblProperties":"","targetMergeStrategy":"DEDUPE_AND_MERGE","fieldPoliciesJson":"[]","fieldIndexString":"","partitionStructure":"","partitionSpecs":"","fieldsString":"","sourceFields":"NA","sourceFieldsCommaString":"NA","feedFieldStructure":"","nullableFields":"","primaryKeyFields":""},"createDate":1505168727429,"updateDate":1505169675020,"dataTransformation":{"chartViewModel":null,"datasourceIds":null,"dataTransformScript":null,"sql":null,"states":[]},"active":false,"state":"ENABLED","nifiProcessGroupId":"015e1007-d89f-12ed-a184-e41094c6f6af","options":{"skipHeader":false},"version":null,"versionName":null,"registeredTemplate":{"owner":{"displayName":"Data Lake Administrator","email":null,"enabled":true,"groups":["admin","user"],"systemName":"dladmin"},"allowedActions":{"actions":[{"systemName":"accessTemplate","actions":[{"systemName":"editTemplate"},{"systemName":"deleteTemplate"},{"systemName":"exportTemplate"},{"systemName":"createFeedFromTemplate"},{"systemName":"changeTemplatePermissions"}]}]},"roleMemberships":[],"properties":[{"processGroupName":"NiFi Flow","processorName":"Set Parameters","processorId":"1a365de5-015d-1000-66e1-174e4bd4862e","processGroupId":"015e1004-d89f-12ed-3540-4de88c60017c","processorType":"org.apache.nifi.processors.attributes.UpdateAttribute","key":"searchengine","value":"elasticsearch","expressionProperties":null,"propertyDescriptor":{"name":"searchengine","displayName":"searchengine","description":"","defaultValue":null,"allowableValues":null,"required":false,"sensitive":false,"dynamic":true,"supportsEl":true,"identifiesControllerService":null},"templateValue":"elasticsearch","userEditable":true,"renderType":"select","renderOptions":{"selectCustom":"true","selectOptions":"[\"elasticsearch\",\"solr\"]"},"selected":true,"inputProperty":false,"containsConfigurationVariables":false,"sensitive":false,"required":true,"templateProperty":null,"nameKey":"NiFi Flow-Set Parameters-searchengine","processorNameTypeKey":"Set Parameters-org.apache.nifi.processors.attributes.UpdateAttribute-searchengine","idKey":"015e1004-d89f-12ed-3540-4de88c60017c-1a365de5-015d-1000-66e1-174e4bd4862e-searchengine"}],"nonInputProcessors":null,"inputProcessors":[{"properties":[],"type":"org.apache.nifi.jms.processors.ConsumeJMS","name":"Receive Index Request","id":"764435d4-0159-1000-5d77-b433c9d555f3","groupName":null,"groupId":"015e1004-d89f-12ed-3540-4de88c60017c","inputProcessor":true,"userDefinedInputProcessor":false}],"id":"408c8429-56e3-417e-94b0-3ec0f48fd960","nifiTemplateId":"a32979a2-2b0f-4ff0-a81e-5db37f0902d4","templateName":"Index Text Service","updateDate":1505169513270,"createDate":1504652468550,"icon":"message","iconColor":"#66BB6A","description":"Global Text Index Service","state":"ENABLED","defineTable":false,"reusableTemplate":false,"reusableTemplateConnections":[],"registeredDatasourceDefinitions":[{"processorType":"org.apache.nifi.jms.processors.ConsumeJMS","processorName":"Receive Index Request","processorId":"764435d4-0159-1000-0000-000000000000","datasourceDefinition":{"processorType":"org.apache.nifi.jms.processors.ConsumeJMS","connectionType":"SOURCE","datasourcePropertyKeys":["Destination Name"],"datasourceType":"JMSDatasource","identityString":"${Destination Name}","description":null,"title":"${Destination Name}"}}],"order":2,"templateOrder":null,"feedsCount":1,"templateTableOption":"NO_TABLE","timeBetweenStartingBatchJobs":1000,"stream":false,"allowPreconditions":false,"dataTransformation":false,"isStream":false},"userProperties":[],"hadoopSecurityGroups":null,"hadoopAuthorizationType":null,"securityGroups":[],"usedByFeeds":[],"userDatasources":null,"tableOption":{},"categoryId":"ffac95b8-1bd0-49f3-a8d9-2332d2a0f9b3","categoryIcon":"cloud","categoryIconColor":"#FFCA28","new":false,"categoryAndFeedDisplayName":"System.Index Text Service","categoryName":"System","systemCategoryName":"system","reusableFeed":false}