{"owner":{"displayName":"Data Lake Administrator","email":null,"enabled":true,"groups":["admin","user"],"systemName":"dladmin"},"allowedActions":{"actions":[{"systemName":"accessFeed","actions":[{"systemName":"editFeedSummary"},{"systemName":"accessFeedDetails","actions":[{"systemName":"editFeedDetails"},{"systemName":"deleteFeed"},{"systemName":"enableFeed"},{"systemName":"exportFeed"}]},{"systemName":"accessFeedOperations"},{"systemName":"changeFeedPermissions"}]}]},"roleMemberships":[],"id":"0618c682-9087-4990-a7d0-13dbac6b0bd9","feedId":"0618c682-9087-4990-a7d0-13dbac6b0bd9","templateId":"75862ef5-cbd3-43d1-b214-0bba7679e9c3","inputProcessorType":"","templateName":"Index Text Service","properties":[{"processGroupName":"NiFi Flow","processorName":"Set Parameters","processorId":"1a365de5-015d-1000-f4fb-af9aeaa7d27a","processGroupId":"1a43504c-015d-1000-7494-3cc314a57964","processorType":"org.apache.nifi.processors.attributes.UpdateAttribute","key":"searchengine","value":"solr","expressionProperties":null,"propertyDescriptor":{"name":"searchengine","displayName":"searchengine","description":"","defaultValue":null,"allowableValues":null,"required":false,"sensitive":false,"dynamic":true,"supportsEl":true,"identifiesControllerService":null},"templateValue":"elasticsearch","userEditable":true,"renderType":"select","renderOptions":{"selectCustom":"true","selectOptions":"[\"elasticsearch\",\"solr\"]"},"selected":false,"inputProperty":false,"containsConfigurationVariables":false,"sensitive":false,"required":true,"templateProperty":null,"processorNameTypeKey":"Set Parameters-org.apache.nifi.processors.attributes.UpdateAttribute-searchengine","idKey":"1a43504c-015d-1000-7494-3cc314a57964-1a365de5-015d-1000-f4fb-af9aeaa7d27a-searchengine","nameKey":"NiFi Flow-Set Parameters-searchengine"}],"schedule":{"schedulingPeriod":"1 sec","schedulingStrategy":"TIMER_DRIVEN","concurrentTasks":1,"preconditions":null},"feedName":"Index Text Service","systemFeedName":"index_text_service","description":"Global Index Text Service - Solr engine","tags":[],"dataOwner":"","category":{"owner":null,"allowedActions":null,"roleMemberships":[],"id":"9475b9f9-5ed2-4030-b566-8876d51683f4","name":"System","systemName":"system","icon":"cloud","iconColor":"#FFCA28","description":"System Data","securityGroups":null,"userFields":null,"userProperties":null,"relatedFeeds":0,"createDate":1496707266399,"updateDate":1499384547654},"table":{"fieldStructure":"","existingTableName":null,"tableSchema":{"name":null,"description":null,"charset":null,"properties":{},"fields":[],"schemaName":null,"databaseName":null,"id":"da6f2a81-5ef3-4fbb-8fa5-9217b52939c5"},"sourceTableSchema":{"name":"NA","description":null,"charset":null,"properties":{},"fields":[],"schemaName":null,"databaseName":null,"id":"6329a4ac-63de-4b8d-a177-60165a873561"},"feedTableSchema":{"name":null,"description":null,"charset":null,"properties":{},"fields":[],"schemaName":null,"databaseName":null,"id":"a9ab8896-df97-44d1-87ff-9a532f7df641"},"method":"SAMPLE_FILE","description":"","fieldPolicies":[],"partitions":[],"tableType":null,"incrementalDateField":null,"sourceTableIncrementalDateField":null,"options":{"compress":false,"auditLogging":true,"encrypt":false,"trackHistory":false,"compressionFormat":null},"feedFormat":"ROW FORMAT SERDE 'org.apache.hadoop.hive.serde2.OpenCSVSerde' WITH SERDEPROPERTIES ( 'separatorChar' = ',' ,'escapeChar' = '\\\\' ,'quoteChar' = '\"') STORED AS TEXTFILE","targetFormat":null,"targetTblProperties":"","targetMergeStrategy":"DEDUPE_AND_MERGE","fieldPoliciesJson":"[]","fieldIndexString":"","partitionStructure":"","partitionSpecs":"","fieldsString":"","sourceFields":"NA","sourceFieldsCommaString":"NA","feedFieldStructure":"","nullableFields":"","primaryKeyFields":""},"createDate":1499384547654,"updateDate":1499384547654,"dataTransformation":{"chartViewModel":null,"datasourceIds":null,"dataTransformScript":null,"sql":null,"states":[]},"active":false,"state":"DISABLED","nifiProcessGroupId":"1a4885ac-015d-1000-b0f4-c3b35a0b1fe8","options":{"skipHeader":false},"version":null,"versionName":null,"registeredTemplate":{"owner":{"displayName":"Data Lake Administrator","email":null,"enabled":true,"groups":["admin","user"],"systemName":"dladmin"},"allowedActions":{"actions":[{"systemName":"accessTemplate","actions":[{"systemName":"editTemplate"},{"systemName":"deleteTemplate"},{"systemName":"exportTemplate"},{"systemName":"createFeedFromTemplate"},{"systemName":"changeTemplatePermissions"}]}]},"roleMemberships":[],"properties":[{"processGroupName":"NiFi Flow","processorName":"Set Parameters","processorId":"1a365de5-015d-1000-f4fb-af9aeaa7d27a","processGroupId":"1a43504c-015d-1000-7494-3cc314a57964","processorType":"org.apache.nifi.processors.attributes.UpdateAttribute","key":"searchengine","value":"elasticsearch","expressionProperties":null,"propertyDescriptor":{"name":"searchengine","displayName":"searchengine","description":"","defaultValue":null,"allowableValues":null,"required":false,"sensitive":false,"dynamic":true,"supportsEl":true,"identifiesControllerService":null},"templateValue":"elasticsearch","userEditable":true,"renderType":"select","renderOptions":{"selectCustom":"true","selectOptions":"[\"elasticsearch\",\"solr\"]"},"selected":true,"inputProperty":false,"containsConfigurationVariables":false,"sensitive":false,"required":true,"templateProperty":null,"processorNameTypeKey":"Set Parameters-org.apache.nifi.processors.attributes.UpdateAttribute-searchengine","idKey":"1a43504c-015d-1000-7494-3cc314a57964-1a365de5-015d-1000-f4fb-af9aeaa7d27a-searchengine","nameKey":"NiFi Flow-Set Parameters-searchengine"}],"nonInputProcessors":null,"inputProcessors":[{"properties":[],"type":"org.apache.nifi.jms.processors.ConsumeJMS","name":"Receive Index Request","id":"764435d4-0159-1000-0000-000000000000","groupName":null,"groupId":"f31ee9bf-015a-1000-0000-000000000000","inputProcessor":true,"userDefinedInputProcessor":false}],"id":"75862ef5-cbd3-43d1-b214-0bba7679e9c3","nifiTemplateId":"e2ee813b-9afe-482e-9e2e-b771601acae1","templateName":"Index Text Service","updateDate":1499384547654,"createDate":1497997775719,"icon":"message","iconColor":"#66BB6A","description":"Global Text Index Service","state":"ENABLED","defineTable":false,"reusableTemplate":false,"reusableTemplateConnections":[],"registeredDatasourceDefinitions":[{"processorType":"org.apache.nifi.jms.processors.ConsumeJMS","processorName":"Receive Index Request","processorId":"764435d4-0159-1000-0000-000000000000","datasourceDefinition":{"processorType":"org.apache.nifi.jms.processors.ConsumeJMS","connectionType":"SOURCE","datasourcePropertyKeys":["Destination Name"],"datasourceType":"JMSDatasource","identityString":"${Destination Name}","description":null,"title":"${Destination Name}"}}],"order":3,"templateOrder":null,"feedsCount":1,"templateTableOption":"NO_TABLE","stream":false,"allowPreconditions":false,"dataTransformation":false,"isStream":false},"userProperties":[],"hadoopSecurityGroups":null,"hadoopAuthorizationType":null,"securityGroups":[],"usedByFeeds":[],"userDatasources":null,"tableOption":{},"categoryId":"9475b9f9-5ed2-4030-b566-8876d51683f4","categoryIcon":"cloud","categoryIconColor":"#FFCA28","new":false,"categoryAndFeedDisplayName":"System.Index Text Service","categoryName":"System","systemCategoryName":"system","reusableFeed":false}