<?xml version="1.0" ?>
<template encoding-version="1.0">
  <description>Kylo Template - Index Text</description>
  <groupId>730c166b-015e-1000-1e6c-f754f7c1416c</groupId>
  <name>Index Text Service</name>
  <snippet>
    <connections>
      <id>015e1000-9b90-12ed-0000-000000000000</id>
      <parentGroupId>730c166b-015e-1000-0000-000000000000</parentGroupId>
      <backPressureDataSizeThreshold>1 GB</backPressureDataSizeThreshold>
      <backPressureObjectThreshold>10000</backPressureObjectThreshold>
      <destination>
        <groupId>730c166b-015e-1000-0000-000000000000</groupId>
        <id>015e1000-2f57-12ec-0000-000000000000</id>
        <type>PROCESSOR</type>
      </destination>
      <flowFileExpiration>0 sec</flowFileExpiration>
      <labelIndex>1</labelIndex>
      <name></name>
      <selectedRelationships>split</selectedRelationships>
      <source>
        <groupId>730c166b-015e-1000-0000-000000000000</groupId>
        <id>015e1000-ce72-12ea-0000-000000000000</id>
        <type>PROCESSOR</type>
      </source>
      <zIndex>0</zIndex>
    </connections>
    <connections>
      <id>015e1000-d89f-12ed-0000-000000000000</id>
      <parentGroupId>730c166b-015e-1000-0000-000000000000</parentGroupId>
      <backPressureDataSizeThreshold>1 GB</backPressureDataSizeThreshold>
      <backPressureObjectThreshold>10000</backPressureObjectThreshold>
      <destination>
        <groupId>730c166b-015e-1000-0000-000000000000</groupId>
        <id>015d1000-d477-1a39-0000-000000000000</id>
        <type>PROCESSOR</type>
      </destination>
      <flowFileExpiration>0 sec</flowFileExpiration>
      <labelIndex>1</labelIndex>
      <name></name>
      <selectedRelationships>success</selectedRelationships>
      <source>
        <groupId>730c166b-015e-1000-0000-000000000000</groupId>
        <id>015e1000-2f57-12ec-0000-000000000000</id>
        <type>PROCESSOR</type>
      </source>
      <zIndex>0</zIndex>
    </connections>
    <connections>
      <id>015e1001-d89f-12ed-0000-000000000000</id>
      <parentGroupId>730c166b-015e-1000-0000-000000000000</parentGroupId>
      <backPressureDataSizeThreshold>1 GB</backPressureDataSizeThreshold>
      <backPressureObjectThreshold>10000</backPressureObjectThreshold>
      <destination>
        <groupId>730c166b-015e-1000-0000-000000000000</groupId>
        <id>015e1000-ce72-12ea-0000-000000000000</id>
        <type>PROCESSOR</type>
      </destination>
      <flowFileExpiration>0 sec</flowFileExpiration>
      <labelIndex>1</labelIndex>
      <name></name>
      <selectedRelationships>solr</selectedRelationships>
      <source>
        <groupId>730c166b-015e-1000-0000-000000000000</groupId>
        <id>1a39fdb3-015d-1000-0000-000000000000</id>
        <type>PROCESSOR</type>
      </source>
      <zIndex>0</zIndex>
    </connections>
    <connections>
      <id>1a370126-015d-1000-0000-000000000000</id>
      <parentGroupId>730c166b-015e-1000-0000-000000000000</parentGroupId>
      <backPressureDataSizeThreshold>1 GB</backPressureDataSizeThreshold>
      <backPressureObjectThreshold>10000</backPressureObjectThreshold>
      <destination>
        <groupId>730c166b-015e-1000-0000-000000000000</groupId>
        <id>1a365de5-015d-1000-0000-000000000000</id>
        <type>PROCESSOR</type>
      </destination>
      <flowFileExpiration>0 sec</flowFileExpiration>
      <labelIndex>1</labelIndex>
      <name></name>
      <selectedRelationships>success</selectedRelationships>
      <source>
        <groupId>730c166b-015e-1000-0000-000000000000</groupId>
        <id>764435d4-0159-1000-0000-000000000000</id>
        <type>PROCESSOR</type>
      </source>
      <zIndex>0</zIndex>
    </connections>
    <connections>
      <id>1a370c9c-015d-1000-0000-000000000000</id>
      <parentGroupId>730c166b-015e-1000-0000-000000000000</parentGroupId>
      <backPressureDataSizeThreshold>1 GB</backPressureDataSizeThreshold>
      <backPressureObjectThreshold>10000</backPressureObjectThreshold>
      <destination>
        <groupId>730c166b-015e-1000-0000-000000000000</groupId>
        <id>76445cd8-0159-1000-0000-000000000000</id>
        <type>PROCESSOR</type>
      </destination>
      <flowFileExpiration>0 sec</flowFileExpiration>
      <labelIndex>1</labelIndex>
      <name></name>
      <selectedRelationships>success</selectedRelationships>
      <source>
        <groupId>730c166b-015e-1000-0000-000000000000</groupId>
        <id>1a365de5-015d-1000-0000-000000000000</id>
        <type>PROCESSOR</type>
      </source>
      <zIndex>0</zIndex>
    </connections>
    <connections>
      <id>1a3a1923-015d-1000-0000-000000000000</id>
      <parentGroupId>730c166b-015e-1000-0000-000000000000</parentGroupId>
      <backPressureDataSizeThreshold>1 GB</backPressureDataSizeThreshold>
      <backPressureObjectThreshold>10000</backPressureObjectThreshold>
      <destination>
        <groupId>730c166b-015e-1000-0000-000000000000</groupId>
        <id>1a39fdb3-015d-1000-0000-000000000000</id>
        <type>PROCESSOR</type>
      </destination>
      <flowFileExpiration>0 sec</flowFileExpiration>
      <labelIndex>1</labelIndex>
      <name></name>
      <selectedRelationships>success</selectedRelationships>
      <source>
        <groupId>730c166b-015e-1000-0000-000000000000</groupId>
        <id>2bd64d95-2b1f-1ef0-0000-000000000000</id>
        <type>PROCESSOR</type>
      </source>
      <zIndex>0</zIndex>
    </connections>
    <connections>
      <id>1a3b33f9-015d-1000-0000-000000000000</id>
      <parentGroupId>730c166b-015e-1000-0000-000000000000</parentGroupId>
      <backPressureDataSizeThreshold>1 GB</backPressureDataSizeThreshold>
      <backPressureObjectThreshold>10000</backPressureObjectThreshold>
      <destination>
        <groupId>730c166b-015e-1000-0000-000000000000</groupId>
        <id>2bd64d96-2b1f-1ef0-0000-000000000000</id>
        <type>PROCESSOR</type>
      </destination>
      <flowFileExpiration>0 sec</flowFileExpiration>
      <labelIndex>1</labelIndex>
      <name></name>
      <selectedRelationships>elasticsearch</selectedRelationships>
      <source>
        <groupId>730c166b-015e-1000-0000-000000000000</groupId>
        <id>1a39fdb3-015d-1000-0000-000000000000</id>
        <type>PROCESSOR</type>
      </source>
      <zIndex>0</zIndex>
    </connections>
    <connections>
      <id>2bd64d9c-2b1f-1ef0-0000-000000000000</id>
      <parentGroupId>730c166b-015e-1000-0000-000000000000</parentGroupId>
      <backPressureDataSizeThreshold>0 MB</backPressureDataSizeThreshold>
      <backPressureObjectThreshold>0</backPressureObjectThreshold>
      <destination>
        <groupId>730c166b-015e-1000-0000-000000000000</groupId>
        <id>2bd64d95-2b1f-1ef0-0000-000000000000</id>
        <type>PROCESSOR</type>
      </destination>
      <flowFileExpiration>0 sec</flowFileExpiration>
      <labelIndex>1</labelIndex>
      <name></name>
      <selectedRelationships>success</selectedRelationships>
      <source>
        <groupId>730c166b-015e-1000-0000-000000000000</groupId>
        <id>2bd64d94-2b1f-1ef0-0000-000000000000</id>
        <type>PROCESSOR</type>
      </source>
      <zIndex>0</zIndex>
    </connections>
    <connections>
      <id>7646174b-0159-1000-0000-000000000000</id>
      <parentGroupId>730c166b-015e-1000-0000-000000000000</parentGroupId>
      <backPressureDataSizeThreshold>1 GB</backPressureDataSizeThreshold>
      <backPressureObjectThreshold>10000</backPressureObjectThreshold>
      <destination>
        <groupId>730c166b-015e-1000-0000-000000000000</groupId>
        <id>2bd64d94-2b1f-1ef0-0000-000000000000</id>
        <type>PROCESSOR</type>
      </destination>
      <flowFileExpiration>0 sec</flowFileExpiration>
      <labelIndex>1</labelIndex>
      <name></name>
      <selectedRelationships>matched</selectedRelationships>
      <source>
        <groupId>730c166b-015e-1000-0000-000000000000</groupId>
        <id>76445cd8-0159-1000-0000-000000000000</id>
        <type>PROCESSOR</type>
      </source>
      <zIndex>0</zIndex>
    </connections>
    <controllerServices>
      <id>f3247c71-015a-1000-0000-000000000000</id>
      <parentGroupId>f31ee9bf-015a-1000-0000-000000000000</parentGroupId>
      <comments></comments>
      <descriptors>
        <entry>
          <key>Database Connection URL</key>
          <value>
            <name>Database Connection URL</name>
          </value>
        </entry>
        <entry>
          <key>Database Driver Class Name</key>
          <value>
            <name>Database Driver Class Name</name>
          </value>
        </entry>
        <entry>
          <key>Database Driver Jar Url</key>
          <value>
            <name>Database Driver Jar Url</name>
          </value>
        </entry>
        <entry>
          <key>Database User</key>
          <value>
            <name>Database User</name>
          </value>
        </entry>
        <entry>
          <key>Password</key>
          <value>
            <name>Password</name>
          </value>
        </entry>
        <entry>
          <key>Validation Query</key>
          <value>
            <name>Validation Query</name>
          </value>
        </entry>
        <entry>
          <key>Validation Query Timeout</key>
          <value>
            <name>Validation Query Timeout</name>
          </value>
        </entry>
        <entry>
          <key>Max Wait Time</key>
          <value>
            <name>Max Wait Time</name>
          </value>
        </entry>
        <entry>
          <key>Max Total Connections</key>
          <value>
            <name>Max Total Connections</name>
          </value>
        </entry>
        <entry>
          <key>Hadoop Configuration Resources</key>
          <value>
            <name>Hadoop Configuration Resources</name>
          </value>
        </entry>
        <entry>
          <key>Kerberos Principal</key>
          <value>
            <name>Kerberos Principal</name>
          </value>
        </entry>
        <entry>
          <key>Kerberos Keytab</key>
          <value>
            <name>Kerberos Keytab</name>
          </value>
        </entry>
      </descriptors>
      <name>Hive Thrift Service</name>
      <properties>
        <entry>
          <key>Database Connection URL</key>
          <value>jdbc:hive2://localhost:10000/default</value>
        </entry>
        <entry>
          <key>Database Driver Class Name</key>
          <value>org.apache.hive.jdbc.HiveDriver</value>
        </entry>
        <entry>
          <key>Database Driver Jar Url</key>
        </entry>
        <entry>
          <key>Database User</key>
          <value>nifi</value>
        </entry>
        <entry>
          <key>Password</key>
        </entry>
        <entry>
          <key>Validation Query</key>
          <value>show tables 'test'</value>
        </entry>
        <entry>
          <key>Validation Query Timeout</key>
          <value>10 s</value>
        </entry>
        <entry>
          <key>Max Wait Time</key>
          <value>500 millis</value>
        </entry>
        <entry>
          <key>Max Total Connections</key>
          <value>8</value>
        </entry>
        <entry>
          <key>Hadoop Configuration Resources</key>
        </entry>
        <entry>
          <key>Kerberos Principal</key>
        </entry>
        <entry>
          <key>Kerberos Keytab</key>
        </entry>
      </properties>
      <state>ENABLED</state>
      <type>com.thinkbiganalytics.nifi.v2.thrift.ThriftConnectionPool</type>
    </controllerServices>
    <controllerServices>
      <id>f3247d01-015a-1000-0000-000000000000</id>
      <parentGroupId>f31ee9bf-015a-1000-0000-000000000000</parentGroupId>
      <comments></comments>
      <descriptors>
        <entry>
          <key>cf</key>
          <value>
            <name>cf</name>
          </value>
        </entry>
        <entry>
          <key>cflib</key>
          <value>
            <name>cflib</name>
          </value>
        </entry>
        <entry>
          <key>broker</key>
          <value>
            <name>broker</name>
          </value>
        </entry>
        <entry>
          <key>SSL Context Service</key>
          <value>
            <identifiesControllerService>org.apache.nifi.ssl.SSLContextService</identifiesControllerService>
            <name>SSL Context Service</name>
          </value>
        </entry>
      </descriptors>
      <name>JMSConnectionFactoryProvider</name>
      <properties>
        <entry>
          <key>cf</key>
          <value>org.apache.activemq.ActiveMQConnectionFactory</value>
        </entry>
        <entry>
          <key>cflib</key>
          <value>/opt/nifi/activemq</value>
        </entry>
        <entry>
          <key>broker</key>
          <value>tcp://localhost:61616</value>
        </entry>
        <entry>
          <key>SSL Context Service</key>
        </entry>
      </properties>
      <state>ENABLED</state>
      <type>org.apache.nifi.jms.cf.JMSConnectionFactoryProvider</type>
    </controllerServices>
    <processors>
      <id>015d1000-d477-1a39-0000-000000000000</id>
      <parentGroupId>730c166b-015e-1000-0000-000000000000</parentGroupId>
      <position>
        <x>2848.328359752511</x>
        <y>996.0968780027899</y>
      </position>
      <config>
        <bulletinLevel>WARN</bulletinLevel>
        <comments></comments>
        <concurrentlySchedulableTaskCount>1</concurrentlySchedulableTaskCount>
        <descriptors>
          <entry>
            <key>Solr Type</key>
            <value>
              <name>Solr Type</name>
            </value>
          </entry>
          <entry>
            <key>Solr Location</key>
            <value>
              <name>Solr Location</name>
            </value>
          </entry>
          <entry>
            <key>Collection</key>
            <value>
              <name>Collection</name>
            </value>
          </entry>
          <entry>
            <key>Content Stream Path</key>
            <value>
              <name>Content Stream Path</name>
            </value>
          </entry>
          <entry>
            <key>Content-Type</key>
            <value>
              <name>Content-Type</name>
            </value>
          </entry>
          <entry>
            <key>Commit Within</key>
            <value>
              <name>Commit Within</name>
            </value>
          </entry>
          <entry>
            <key>Solr Socket Timeout</key>
            <value>
              <name>Solr Socket Timeout</name>
            </value>
          </entry>
          <entry>
            <key>Solr Connection Timeout</key>
            <value>
              <name>Solr Connection Timeout</name>
            </value>
          </entry>
          <entry>
            <key>Solr Maximum Connections</key>
            <value>
              <name>Solr Maximum Connections</name>
            </value>
          </entry>
          <entry>
            <key>Solr Maximum Connections Per Host</key>
            <value>
              <name>Solr Maximum Connections Per Host</name>
            </value>
          </entry>
          <entry>
            <key>ZooKeeper Client Timeout</key>
            <value>
              <name>ZooKeeper Client Timeout</name>
            </value>
          </entry>
          <entry>
            <key>ZooKeeper Connection Timeout</key>
            <value>
              <name>ZooKeeper Connection Timeout</name>
            </value>
          </entry>
        </descriptors>
        <lossTolerant>false</lossTolerant>
        <penaltyDuration>30 sec</penaltyDuration>
        <properties>
          <entry>
            <key>Solr Type</key>
            <value>Cloud</value>
          </entry>
          <entry>
            <key>Solr Location</key>
            <value>localhost:9983</value>
          </entry>
          <entry>
            <key>Collection</key>
            <value>${index-or-collection-name}</value>
          </entry>
          <entry>
            <key>Content Stream Path</key>
            <value>/update/json/docs</value>
          </entry>
          <entry>
            <key>Content-Type</key>
            <value>application/json</value>
          </entry>
          <entry>
            <key>Commit Within</key>
          </entry>
          <entry>
            <key>Solr Socket Timeout</key>
            <value>10 seconds</value>
          </entry>
          <entry>
            <key>Solr Connection Timeout</key>
            <value>10 seconds</value>
          </entry>
          <entry>
            <key>Solr Maximum Connections</key>
            <value>10</value>
          </entry>
          <entry>
            <key>Solr Maximum Connections Per Host</key>
            <value>5</value>
          </entry>
          <entry>
            <key>ZooKeeper Client Timeout</key>
            <value>10 seconds</value>
          </entry>
          <entry>
            <key>ZooKeeper Connection Timeout</key>
            <value>10 seconds</value>
          </entry>
        </properties>
        <runDurationMillis>0</runDurationMillis>
        <schedulingPeriod>0 sec</schedulingPeriod>
        <schedulingStrategy>TIMER_DRIVEN</schedulingStrategy>
        <yieldDuration>1 sec</yieldDuration>
      </config>
      <name>Update Solr</name>
      <relationships>
        <autoTerminate>true</autoTerminate>
        <name>connection_failure</name>
      </relationships>
      <relationships>
        <autoTerminate>true</autoTerminate>
        <name>failure</name>
      </relationships>
      <relationships>
        <autoTerminate>true</autoTerminate>
        <name>success</name>
      </relationships>
      <style></style>
      <type>org.apache.nifi.processors.solr.PutSolrContentStream</type>
    </processors>
    <processors>
      <id>015e1000-2f57-12ec-0000-000000000000</id>
      <parentGroupId>730c166b-015e-1000-0000-000000000000</parentGroupId>
      <position>
        <x>2846.1534994707604</x>
        <y>732.2827840798359</y>
      </position>
      <config>
        <bulletinLevel>WARN</bulletinLevel>
        <comments></comments>
        <concurrentlySchedulableTaskCount>1</concurrentlySchedulableTaskCount>
        <descriptors>
          <entry>
            <key>Script Engine</key>
            <value>
              <name>Script Engine</name>
            </value>
          </entry>
          <entry>
            <key>Script File</key>
            <value>
              <name>Script File</name>
            </value>
          </entry>
          <entry>
            <key>Script Body</key>
            <value>
              <name>Script Body</name>
            </value>
          </entry>
          <entry>
            <key>Module Directory</key>
            <value>
              <name>Module Directory</name>
            </value>
          </entry>
        </descriptors>
        <lossTolerant>false</lossTolerant>
        <penaltyDuration>30 sec</penaltyDuration>
        <properties>
          <entry>
            <key>Script Engine</key>
            <value>Groovy</value>
          </entry>
          <entry>
            <key>Script File</key>
          </entry>
          <entry>
            <key>Script Body</key>
            <value>import org.apache.commons.io.IOUtils
import java.security.MessageDigest
import java.nio.charset.*

def flowFile = session.get();
if (flowFile == null) {
    return;
}
def slurper = new groovy.json.JsonSlurper()

flowFile = session.write(flowFile,
        { inputStream, outputStream -&gt;
            def text = IOUtils.toString(inputStream, StandardCharsets.UTF_8)
            def obj = slurper.parseText(text)
	    def hash = MessageDigest.getInstance("MD5").digest(obj.toString().bytes).encodeHex().toString()
	    def category = flowFile.getAttribute('category')
	    def feed = flowFile.getAttribute("feed")
            def identifier = category + "::" + feed + "::" + hash
   	    def builder = new groovy.json.JsonBuilder()
		builder.call { 
      			obj.forEach {k,v -&gt;
         		   	"$k" "$v"
                                "id" identifier
      		   	}
  		   }
           outputStream.write(builder.toPrettyString().getBytes(StandardCharsets.UTF_8)) 
        } as StreamCallback)
session.transfer(flowFile, ExecuteScript.REL_SUCCESS)</value>
          </entry>
          <entry>
            <key>Module Directory</key>
          </entry>
        </properties>
        <runDurationMillis>0</runDurationMillis>
        <schedulingPeriod>0 sec</schedulingPeriod>
        <schedulingStrategy>TIMER_DRIVEN</schedulingStrategy>
        <yieldDuration>1 sec</yieldDuration>
      </config>
      <name>Set Document Identifier (Solr)</name>
      <relationships>
        <autoTerminate>true</autoTerminate>
        <name>failure</name>
      </relationships>
      <relationships>
        <autoTerminate>false</autoTerminate>
        <name>success</name>
      </relationships>
      <style></style>
      <type>org.apache.nifi.processors.script.ExecuteScript</type>
    </processors>
    <processors>
      <id>015e1000-ce72-12ea-0000-000000000000</id>
      <parentGroupId>730c166b-015e-1000-0000-000000000000</parentGroupId>
      <position>
        <x>2194.963051727027</x>
        <y>730.9539028796814</y>
      </position>
      <config>
        <bulletinLevel>WARN</bulletinLevel>
        <comments></comments>
        <concurrentlySchedulableTaskCount>1</concurrentlySchedulableTaskCount>
        <descriptors>
          <entry>
            <key>JsonPath Expression</key>
            <value>
              <name>JsonPath Expression</name>
            </value>
          </entry>
          <entry>
            <key>Null Value Representation</key>
            <value>
              <name>Null Value Representation</name>
            </value>
          </entry>
        </descriptors>
        <lossTolerant>false</lossTolerant>
        <penaltyDuration>30 sec</penaltyDuration>
        <properties>
          <entry>
            <key>JsonPath Expression</key>
            <value>$.*</value>
          </entry>
          <entry>
            <key>Null Value Representation</key>
            <value>empty string</value>
          </entry>
        </properties>
        <runDurationMillis>0</runDurationMillis>
        <schedulingPeriod>0 sec</schedulingPeriod>
        <schedulingStrategy>TIMER_DRIVEN</schedulingStrategy>
        <yieldDuration>1 sec</yieldDuration>
      </config>
      <name>Split records (Solr)</name>
      <relationships>
        <autoTerminate>true</autoTerminate>
        <name>failure</name>
      </relationships>
      <relationships>
        <autoTerminate>true</autoTerminate>
        <name>original</name>
      </relationships>
      <relationships>
        <autoTerminate>false</autoTerminate>
        <name>split</name>
      </relationships>
      <style></style>
      <type>org.apache.nifi.processors.standard.SplitJson</type>
    </processors>
    <processors>
      <id>1a365de5-015d-1000-0000-000000000000</id>
      <parentGroupId>730c166b-015e-1000-0000-000000000000</parentGroupId>
      <position>
        <x>563.7694694867009</x>
        <y>3.0317747203303043</y>
      </position>
      <config>
        <bulletinLevel>WARN</bulletinLevel>
        <comments></comments>
        <concurrentlySchedulableTaskCount>1</concurrentlySchedulableTaskCount>
        <descriptors>
          <entry>
            <key>Delete Attributes Expression</key>
            <value>
              <name>Delete Attributes Expression</name>
            </value>
          </entry>
          <entry>
            <key>index-or-collection-name</key>
            <value>
              <name>index-or-collection-name</name>
            </value>
          </entry>
          <entry>
            <key>searchengine</key>
            <value>
              <name>searchengine</name>
            </value>
          </entry>
        </descriptors>
        <lossTolerant>false</lossTolerant>
        <penaltyDuration>30 sec</penaltyDuration>
        <properties>
          <entry>
            <key>Delete Attributes Expression</key>
          </entry>
          <entry>
            <key>index-or-collection-name</key>
            <value>kylo-data</value>
          </entry>
          <entry>
            <key>searchengine</key>
            <value>solr</value>
          </entry>
        </properties>
        <runDurationMillis>0</runDurationMillis>
        <schedulingPeriod>0 sec</schedulingPeriod>
        <schedulingStrategy>TIMER_DRIVEN</schedulingStrategy>
        <yieldDuration>1 sec</yieldDuration>
      </config>
      <name>Set Parameters</name>
      <relationships>
        <autoTerminate>false</autoTerminate>
        <name>success</name>
      </relationships>
      <style></style>
      <type>org.apache.nifi.processors.attributes.UpdateAttribute</type>
    </processors>
    <processors>
      <id>1a39fdb3-015d-1000-0000-000000000000</id>
      <parentGroupId>730c166b-015e-1000-0000-000000000000</parentGroupId>
      <position>
        <x>1845.6196735309893</x>
        <y>472.07583514737985</y>
      </position>
      <config>
        <bulletinLevel>WARN</bulletinLevel>
        <comments></comments>
        <concurrentlySchedulableTaskCount>1</concurrentlySchedulableTaskCount>
        <descriptors>
          <entry>
            <key>Routing Strategy</key>
            <value>
              <name>Routing Strategy</name>
            </value>
          </entry>
          <entry>
            <key>elasticsearch</key>
            <value>
              <name>elasticsearch</name>
            </value>
          </entry>
          <entry>
            <key>solr</key>
            <value>
              <name>solr</name>
            </value>
          </entry>
        </descriptors>
        <lossTolerant>false</lossTolerant>
        <penaltyDuration>30 sec</penaltyDuration>
        <properties>
          <entry>
            <key>Routing Strategy</key>
            <value>Route to Property name</value>
          </entry>
          <entry>
            <key>elasticsearch</key>
            <value>${searchengine:equals('elasticsearch')}</value>
          </entry>
          <entry>
            <key>solr</key>
            <value>${searchengine:equals('solr')}</value>
          </entry>
        </properties>
        <runDurationMillis>0</runDurationMillis>
        <schedulingPeriod>0 sec</schedulingPeriod>
        <schedulingStrategy>TIMER_DRIVEN</schedulingStrategy>
        <yieldDuration>1 sec</yieldDuration>
      </config>
      <name>Detect Search Engine</name>
      <relationships>
        <autoTerminate>false</autoTerminate>
        <name>elasticsearch</name>
      </relationships>
      <relationships>
        <autoTerminate>false</autoTerminate>
        <name>solr</name>
      </relationships>
      <relationships>
        <autoTerminate>true</autoTerminate>
        <name>unmatched</name>
      </relationships>
      <style></style>
      <type>org.apache.nifi.processors.standard.RouteOnAttribute</type>
    </processors>
    <processors>
      <id>2bd64d94-2b1f-1ef0-0000-000000000000</id>
      <parentGroupId>730c166b-015e-1000-0000-000000000000</parentGroupId>
      <position>
        <x>1840.465234518328</x>
        <y>4.134019723669098</y>
      </position>
      <config>
        <bulletinLevel>WARN</bulletinLevel>
        <comments></comments>
        <concurrentlySchedulableTaskCount>1</concurrentlySchedulableTaskCount>
        <descriptors>
          <entry>
            <key>Database Connection Pooling Service</key>
            <value>
              <identifiesControllerService>com.thinkbiganalytics.nifi.v2.thrift.ThriftService</identifiesControllerService>
              <name>Database Connection Pooling Service</name>
            </value>
          </entry>
          <entry>
            <key>SQL select query</key>
            <value>
              <name>SQL select query</name>
            </value>
          </entry>
          <entry>
            <key>Max Wait Time</key>
            <value>
              <name>Max Wait Time</name>
            </value>
          </entry>
        </descriptors>
        <lossTolerant>false</lossTolerant>
        <penaltyDuration>30 sec</penaltyDuration>
        <properties>
          <entry>
            <key>Database Connection Pooling Service</key>
            <value>f3247c71-015a-1000-0000-000000000000</value>
          </entry>
          <entry>
            <key>SQL select query</key>
            <value>select ${fieldIndexString},'${category}' as kylo_schema,'${feed}' as kylo_table from ${category}.${feed}_valid where processing_dttm = ${feedts}</value>
          </entry>
          <entry>
            <key>Max Wait Time</key>
            <value>0 seconds</value>
          </entry>
        </properties>
        <runDurationMillis>0</runDurationMillis>
        <schedulingPeriod>0 sec</schedulingPeriod>
        <schedulingStrategy>TIMER_DRIVEN</schedulingStrategy>
        <yieldDuration>1 sec</yieldDuration>
      </config>
      <name>Extract Feed Data</name>
      <relationships>
        <autoTerminate>true</autoTerminate>
        <name>failure</name>
      </relationships>
      <relationships>
        <autoTerminate>false</autoTerminate>
        <name>success</name>
      </relationships>
      <style></style>
      <type>com.thinkbiganalytics.nifi.v2.thrift.ExecuteHQL</type>
    </processors>
    <processors>
      <id>2bd64d95-2b1f-1ef0-0000-000000000000</id>
      <parentGroupId>730c166b-015e-1000-0000-000000000000</parentGroupId>
      <position>
        <x>1847.1324555365368</x>
        <y>230.59164376838407</y>
      </position>
      <config>
        <bulletinLevel>WARN</bulletinLevel>
        <comments></comments>
        <concurrentlySchedulableTaskCount>1</concurrentlySchedulableTaskCount>
        <descriptors>
          <entry>
            <key>JSON container options</key>
            <value>
              <name>JSON container options</name>
            </value>
          </entry>
          <entry>
            <key>Wrap Single Record</key>
            <value>
              <name>Wrap Single Record</name>
            </value>
          </entry>
          <entry>
            <key>Avro schema</key>
            <value>
              <name>Avro schema</name>
            </value>
          </entry>
        </descriptors>
        <lossTolerant>false</lossTolerant>
        <penaltyDuration>30 sec</penaltyDuration>
        <properties>
          <entry>
            <key>JSON container options</key>
            <value>array</value>
          </entry>
          <entry>
            <key>Wrap Single Record</key>
            <value>true</value>
          </entry>
          <entry>
            <key>Avro schema</key>
          </entry>
        </properties>
        <runDurationMillis>0</runDurationMillis>
        <schedulingPeriod>0 sec</schedulingPeriod>
        <schedulingStrategy>TIMER_DRIVEN</schedulingStrategy>
        <yieldDuration>1 sec</yieldDuration>
      </config>
      <name>Prepare Search Engine Format</name>
      <relationships>
        <autoTerminate>true</autoTerminate>
        <name>failure</name>
      </relationships>
      <relationships>
        <autoTerminate>false</autoTerminate>
        <name>success</name>
      </relationships>
      <style></style>
      <type>org.apache.nifi.processors.avro.ConvertAvroToJSON</type>
    </processors>
    <processors>
      <id>2bd64d96-2b1f-1ef0-0000-000000000000</id>
      <parentGroupId>730c166b-015e-1000-0000-000000000000</parentGroupId>
      <position>
        <x>1482.591175976123</x>
        <y>728.8938456138883</y>
      </position>
      <config>
        <bulletinLevel>WARN</bulletinLevel>
        <comments></comments>
        <concurrentlySchedulableTaskCount>10</concurrentlySchedulableTaskCount>
        <descriptors>
          <entry>
            <key>IndexName</key>
            <value>
              <name>IndexName</name>
            </value>
          </entry>
          <entry>
            <key>Type</key>
            <value>
              <name>Type</name>
            </value>
          </entry>
          <entry>
            <key>HostName</key>
            <value>
              <name>HostName</name>
            </value>
          </entry>
          <entry>
            <key>ClusterName</key>
            <value>
              <name>ClusterName</name>
            </value>
          </entry>
          <entry>
            <key>IdField</key>
            <value>
              <name>IdField</name>
            </value>
          </entry>
          <entry>
            <key>KyloCategory</key>
            <value>
              <name>KyloCategory</name>
            </value>
          </entry>
          <entry>
            <key>KyloFeed</key>
            <value>
              <name>KyloFeed</name>
            </value>
          </entry>
        </descriptors>
        <lossTolerant>false</lossTolerant>
        <penaltyDuration>30 sec</penaltyDuration>
        <properties>
          <entry>
            <key>IndexName</key>
            <value>${index-or-collection-name}</value>
          </entry>
          <entry>
            <key>Type</key>
            <value>hive-data</value>
          </entry>
          <entry>
            <key>HostName</key>
            <value>localhost</value>
          </entry>
          <entry>
            <key>ClusterName</key>
            <value>demo-cluster</value>
          </entry>
          <entry>
            <key>IdField</key>
          </entry>
          <entry>
            <key>KyloCategory</key>
            <value>${category}</value>
          </entry>
          <entry>
            <key>KyloFeed</key>
            <value>${feed}</value>
          </entry>
        </properties>
        <runDurationMillis>0</runDurationMillis>
        <schedulingPeriod>0 sec</schedulingPeriod>
        <schedulingStrategy>TIMER_DRIVEN</schedulingStrategy>
        <yieldDuration>1 sec</yieldDuration>
      </config>
      <name>Update ElasticSearch</name>
      <relationships>
        <autoTerminate>true</autoTerminate>
        <name>failure</name>
      </relationships>
      <relationships>
        <autoTerminate>true</autoTerminate>
        <name>success</name>
      </relationships>
      <style></style>
      <type>com.thinkbiganalytics.nifi.v2.elasticsearch.IndexElasticSearch</type>
    </processors>
    <processors>
      <id>764435d4-0159-1000-0000-000000000000</id>
      <parentGroupId>730c166b-015e-1000-0000-000000000000</parentGroupId>
      <position>
        <x>0.0</x>
        <y>3.03180347556372</y>
      </position>
      <config>
        <bulletinLevel>WARN</bulletinLevel>
        <comments></comments>
        <concurrentlySchedulableTaskCount>1</concurrentlySchedulableTaskCount>
        <descriptors>
          <entry>
            <key>User Name</key>
            <value>
              <name>User Name</name>
            </value>
          </entry>
          <entry>
            <key>Password</key>
            <value>
              <name>Password</name>
            </value>
          </entry>
          <entry>
            <key>Destination Name</key>
            <value>
              <name>Destination Name</name>
            </value>
          </entry>
          <entry>
            <key>Destination Type</key>
            <value>
              <name>Destination Type</name>
            </value>
          </entry>
          <entry>
            <key>Session Cache size</key>
            <value>
              <name>Session Cache size</name>
            </value>
          </entry>
          <entry>
            <key>Connection Factory Service</key>
            <value>
              <identifiesControllerService>org.apache.nifi.jms.cf.JMSConnectionFactoryProviderDefinition</identifiesControllerService>
              <name>Connection Factory Service</name>
            </value>
          </entry>
        </descriptors>
        <lossTolerant>false</lossTolerant>
        <penaltyDuration>30 sec</penaltyDuration>
        <properties>
          <entry>
            <key>User Name</key>
          </entry>
          <entry>
            <key>Password</key>
          </entry>
          <entry>
            <key>Destination Name</key>
            <value>thinkbig.nifi.index</value>
          </entry>
          <entry>
            <key>Destination Type</key>
            <value>QUEUE</value>
          </entry>
          <entry>
            <key>Session Cache size</key>
            <value>1</value>
          </entry>
          <entry>
            <key>Connection Factory Service</key>
            <value>f3247d01-015a-1000-0000-000000000000</value>
          </entry>
        </properties>
        <runDurationMillis>0</runDurationMillis>
        <schedulingPeriod>1 sec</schedulingPeriod>
        <schedulingStrategy>TIMER_DRIVEN</schedulingStrategy>
        <yieldDuration>1 sec</yieldDuration>
      </config>
      <name>Receive Index Request</name>
      <relationships>
        <autoTerminate>false</autoTerminate>
        <name>success</name>
      </relationships>
      <style></style>
      <type>org.apache.nifi.jms.processors.ConsumeJMS</type>
    </processors>
    <processors>
      <id>76445cd8-0159-1000-0000-000000000000</id>
      <parentGroupId>730c166b-015e-1000-0000-000000000000</parentGroupId>
      <position>
        <x>1148.631144068403</x>
        <y>0.0</y>
      </position>
      <config>
        <bulletinLevel>WARN</bulletinLevel>
        <comments></comments>
        <concurrentlySchedulableTaskCount>1</concurrentlySchedulableTaskCount>
        <descriptors>
          <entry>
            <key>Destination</key>
            <value>
              <name>Destination</name>
            </value>
          </entry>
          <entry>
            <key>Return Type</key>
            <value>
              <name>Return Type</name>
            </value>
          </entry>
          <entry>
            <key>Path Not Found Behavior</key>
            <value>
              <name>Path Not Found Behavior</name>
            </value>
          </entry>
          <entry>
            <key>Null Value Representation</key>
            <value>
              <name>Null Value Representation</name>
            </value>
          </entry>
          <entry>
            <key>category</key>
            <value>
              <name>category</name>
            </value>
          </entry>
          <entry>
            <key>feed</key>
            <value>
              <name>feed</name>
            </value>
          </entry>
          <entry>
            <key>feedts</key>
            <value>
              <name>feedts</name>
            </value>
          </entry>
          <entry>
            <key>fieldIndexString</key>
            <value>
              <name>fieldIndexString</name>
            </value>
          </entry>
        </descriptors>
        <lossTolerant>false</lossTolerant>
        <penaltyDuration>30 sec</penaltyDuration>
        <properties>
          <entry>
            <key>Destination</key>
            <value>flowfile-attribute</value>
          </entry>
          <entry>
            <key>Return Type</key>
            <value>auto-detect</value>
          </entry>
          <entry>
            <key>Path Not Found Behavior</key>
            <value>warn</value>
          </entry>
          <entry>
            <key>Null Value Representation</key>
            <value>empty string</value>
          </entry>
          <entry>
            <key>category</key>
            <value>$.category</value>
          </entry>
          <entry>
            <key>feed</key>
            <value>$.feed</value>
          </entry>
          <entry>
            <key>feedts</key>
            <value>$.feedts</value>
          </entry>
          <entry>
            <key>fieldIndexString</key>
            <value>$.['metadata.table.fieldIndexString']</value>
          </entry>
        </properties>
        <runDurationMillis>0</runDurationMillis>
        <schedulingPeriod>0 sec</schedulingPeriod>
        <schedulingStrategy>TIMER_DRIVEN</schedulingStrategy>
        <yieldDuration>1 sec</yieldDuration>
      </config>
      <name>Extract Payload</name>
      <relationships>
        <autoTerminate>true</autoTerminate>
        <name>failure</name>
      </relationships>
      <relationships>
        <autoTerminate>false</autoTerminate>
        <name>matched</name>
      </relationships>
      <relationships>
        <autoTerminate>true</autoTerminate>
        <name>unmatched</name>
      </relationships>
      <style></style>
      <type>org.apache.nifi.processors.standard.EvaluateJsonPath</type>
    </processors>
  </snippet>
  <timestamp>09/11/2017 22:37:51 UTC</timestamp>
</template>