{"owner":{"displayName":"Data Lake Administrator","email":null,"enabled":true,"groups":["admin","user"],"systemName":"dladmin"},"allowedActions":{"actions":[{"systemName":"accessTemplate","actions":[{"systemName":"editTemplate"},{"systemName":"deleteTemplate"},{"systemName":"exportTemplate"},{"systemName":"createFeedFromTemplate"},{"systemName":"changeTemplatePermissions"}]}]},"roleMemberships":[],"properties":[{"processGroupName":"NiFi Flow","processorName":"Set Parameters","processorId":"1a365de5-015d-1000-66e1-174e4bd4862e","processGroupId":"015e1004-d89f-12ed-3540-4de88c60017c","processorType":"org.apache.nifi.processors.attributes.UpdateAttribute","key":"searchengine","value":"elasticsearch","expressionProperties":null,"propertyDescriptor":{"name":"searchengine","displayName":"searchengine","description":"","defaultValue":null,"allowableValues":null,"required":false,"sensitive":false,"dynamic":true,"supportsEl":true,"identifiesControllerService":null},"templateValue":"elasticsearch","userEditable":true,"renderType":"select","renderOptions":{"selectCustom":"true","selectOptions":"[\"elasticsearch\",\"solr\"]"},"selected":true,"inputProperty":false,"containsConfigurationVariables":false,"sensitive":false,"required":true,"templateProperty":null,"nameKey":"NiFi Flow-Set Parameters-searchengine","processorNameTypeKey":"Set Parameters-org.apache.nifi.processors.attributes.UpdateAttribute-searchengine","idKey":"015e1004-d89f-12ed-3540-4de88c60017c-1a365de5-015d-1000-66e1-174e4bd4862e-searchengine"}],"nonInputProcessors":[{"properties":[{"processGroupName":"NiFi Flow","processorName":"Set Parameters","processorId":"1a365de5-015d-1000-66e1-174e4bd4862e","processGroupId":"015e1004-d89f-12ed-3540-4de88c60017c","processorType":"org.apache.nifi.processors.attributes.UpdateAttribute","key":"searchengine","value":"elasticsearch","expressionProperties":null,"propertyDescriptor":{"name":"searchengine","displayName":"searchengine","description":"","defaultValue":null,"allowableValues":null,"required":false,"sensitive":false,"dynamic":true,"supportsEl":true,"identifiesControllerService":null},"templateValue":"elasticsearch","userEditable":true,"renderType":"select","renderOptions":{"selectCustom":"true","selectOptions":"[\"elasticsearch\",\"solr\"]"},"selected":true,"inputProperty":false,"containsConfigurationVariables":false,"sensitive":false,"required":true,"templateProperty":null,"nameKey":"NiFi Flow-Set Parameters-searchengine","processorNameTypeKey":"Set Parameters-org.apache.nifi.processors.attributes.UpdateAttribute-searchengine","idKey":"015e1004-d89f-12ed-3540-4de88c60017c-1a365de5-015d-1000-66e1-174e4bd4862e-searchengine"}],"type":"org.apache.nifi.processors.attributes.UpdateAttribute","name":"Set Parameters","id":"1a365de5-015d-1000-66e1-174e4bd4862e","groupName":"NiFi Flow","groupId":"015e1004-d89f-12ed-3540-4de88c60017c","inputProcessor":false,"userDefinedInputProcessor":false}],"inputProcessors":[],"id":"408c8429-56e3-417e-94b0-3ec0f48fd960","nifiTemplateId":"a32979a2-2b0f-4ff0-a81e-5db37f0902d4","templateName":"Index Text Service","updateDate":1505169513270,"createDate":1504652468550,"icon":"message","iconColor":"#66BB6A","description":"Global Text Index Service","state":"ENABLED","defineTable":false,"reusableTemplate":false,"reusableTemplateConnections":[],"registeredDatasourceDefinitions":[{"processorType":"org.apache.nifi.jms.processors.ConsumeJMS","processorName":"Receive Index Request","processorId":"764435d4-0159-1000-0000-000000000000","datasourceDefinition":{"processorType":"org.apache.nifi.jms.processors.ConsumeJMS","connectionType":"SOURCE","datasourcePropertyKeys":["Destination Name"],"datasourceType":"JMSDatasource","identityString":"${Destination Name}","description":null,"title":"${Destination Name}"}}],"order":2,"templateOrder":null,"feedsCount":1,"templateTableOption":"NO_TABLE","timeBetweenStartingBatchJobs":1000,"stream":false,"allowPreconditions":false,"dataTransformation":false,"isStream":false}