{"owner":{"displayName":"Data Lake Administrator","email":null,"enabled":true,"groups":["admin","user"],"systemName":"dladmin"},"allowedActions":{"actions":[{"systemName":"accessFeed","actions":[{"systemName":"editFeedSummary"},{"systemName":"accessFeedDetails","actions":[{"systemName":"editFeedDetails"},{"systemName":"deleteFeed"},{"systemName":"enableFeed"},{"systemName":"exportFeed"}]},{"systemName":"accessFeedOperations"},{"systemName":"changeFeedPermissions"}]}]},"id":"9b59714e-97d7-4b83-b9bd-294bc33c578d","feedId":"9b59714e-97d7-4b83-b9bd-294bc33c578d","templateId":"397223a4-ac34-4075-b577-b003b8312217","inputProcessorType":"org.apache.nifi.processors.kafka.pubsub.ConsumeKafka_0_10","inputProcessorName":"ConsumeKafka_0_10","templateName":"Publish Kafka Provenance","properties":[{"processGroupName":"NiFi Flow","processorName":"ConsumeKafka_0_10","processorId":"04ee7e96-f1c2-30cf-07f0-98b6c68c470f","processGroupId":"0162101d-9848-1306-c82f-fca6c65ff335","processorType":"org.apache.nifi.processors.kafka.pubsub.ConsumeKafka_0_10","key":"bootstrap.servers","value":"sandbox.kylo.io:6667","expressionProperties":null,"propertyDescriptor":{"name":"bootstrap.servers","displayName":"Kafka Brokers","description":"A comma-separated list of known Kafka Brokers in the format <host>:<port>","defaultValue":"localhost:9092","allowableValues":null,"required":true,"sensitive":false,"dynamic":false,"supportsEl":true,"identifiesControllerService":null},"templateValue":null,"userEditable":true,"renderType":"text","renderOptions":{},"selected":false,"inputProperty":true,"containsConfigurationVariables":false,"sensitive":false,"required":true,"templateProperty":null,"nameKey":"NiFi Flow-ConsumeKafka_0_10-bootstrap.servers","idKey":"0162101d-9848-1306-c82f-fca6c65ff335-04ee7e96-f1c2-30cf-07f0-98b6c68c470f-bootstrap.servers","processorNameTypeKey":"ConsumeKafka_0_10-org.apache.nifi.processors.kafka.pubsub.ConsumeKafka_0_10-bootstrap.servers"},{"processGroupName":"NiFi Flow","processorName":"ConsumeKafka_0_10","processorId":"04ee7e96-f1c2-30cf-07f0-98b6c68c470f","processGroupId":"0162101d-9848-1306-c82f-fca6c65ff335","processorType":"org.apache.nifi.processors.kafka.pubsub.ConsumeKafka_0_10","key":"topic","value":"thinkbig.feed-manager,thinkbig.provenance-event-stats","expressionProperties":null,"propertyDescriptor":{"name":"topic","displayName":"Topic Name(s)","description":"The name of the Kafka Topic(s) to pull from. More than one can be supplied if comma separated.","defaultValue":null,"allowableValues":null,"required":true,"sensitive":false,"dynamic":false,"supportsEl":true,"identifiesControllerService":null},"templateValue":null,"userEditable":true,"renderType":"text","renderOptions":{},"selected":false,"inputProperty":true,"containsConfigurationVariables":false,"sensitive":false,"required":true,"templateProperty":null,"nameKey":"NiFi Flow-ConsumeKafka_0_10-topic","idKey":"0162101d-9848-1306-c82f-fca6c65ff335-04ee7e96-f1c2-30cf-07f0-98b6c68c470f-topic","processorNameTypeKey":"ConsumeKafka_0_10-org.apache.nifi.processors.kafka.pubsub.ConsumeKafka_0_10-topic"},{"processGroupName":"NiFi Flow","processorName":"ConsumeKafka_0_10","processorId":"04ee7e96-f1c2-30cf-07f0-98b6c68c470f","processGroupId":"0162101d-9848-1306-c82f-fca6c65ff335","processorType":"org.apache.nifi.processors.kafka.pubsub.ConsumeKafka_0_10","key":"topic_type","value":"names","expressionProperties":null,"propertyDescriptor":{"name":"topic_type","displayName":"Topic Name Format","description":"Specifies whether the Topic(s) provided are a comma separated list of names or a single regular expression","defaultValue":"names","allowableValues":[{"displayName":"names","value":"names","description":"Topic is a full topic name or comma separated list of names"},{"displayName":"pattern","value":"pattern","description":"Topic is a regex using the Java Pattern syntax"}],"required":true,"sensitive":false,"dynamic":false,"supportsEl":false,"identifiesControllerService":null},"templateValue":null,"userEditable":true,"renderType":"select","renderOptions":{},"selected":false,"inputProperty":true,"containsConfigurationVariables":false,"sensitive":false,"required":true,"templateProperty":null,"nameKey":"NiFi Flow-ConsumeKafka_0_10-topic_type","idKey":"0162101d-9848-1306-c82f-fca6c65ff335-04ee7e96-f1c2-30cf-07f0-98b6c68c470f-topic_type","processorNameTypeKey":"ConsumeKafka_0_10-org.apache.nifi.processors.kafka.pubsub.ConsumeKafka_0_10-topic_type"},{"processGroupName":"NiFi Flow","processorName":"ConsumeKafka_0_10","processorId":"04ee7e96-f1c2-30cf-07f0-98b6c68c470f","processGroupId":"0162101d-9848-1306-c82f-fca6c65ff335","processorType":"org.apache.nifi.processors.kafka.pubsub.ConsumeKafka_0_10","key":"group.id","value":"kylo","expressionProperties":null,"propertyDescriptor":{"name":"group.id","displayName":"Group ID","description":"A Group ID is used to identify consumers that are within the same consumer group. Corresponds to Kafka's 'group.id' property.","defaultValue":null,"allowableValues":null,"required":true,"sensitive":false,"dynamic":false,"supportsEl":false,"identifiesControllerService":null},"templateValue":null,"userEditable":true,"renderType":"text","renderOptions":{},"selected":false,"inputProperty":true,"containsConfigurationVariables":false,"sensitive":false,"required":true,"templateProperty":null,"nameKey":"NiFi Flow-ConsumeKafka_0_10-group.id","idKey":"0162101d-9848-1306-c82f-fca6c65ff335-04ee7e96-f1c2-30cf-07f0-98b6c68c470f-group.id","processorNameTypeKey":"ConsumeKafka_0_10-org.apache.nifi.processors.kafka.pubsub.ConsumeKafka_0_10-group.id"}],"schedule":{"processorId":null,"schedulingPeriod":"1 sec","schedulingStrategy":"TIMER_DRIVEN","concurrentTasks":1,"executionNode":null,"preconditions":null},"feedName":"kafka provenance to jms","systemFeedName":"kafka_provenance_to_jms","description":"take messages from kafka queue and send them to JMS for kylo processing","category":{"owner":null,"allowedActions":null,"roleMemberships":[],"feedRoleMemberships":[],"id":"af9524fc-2af6-4889-a25e-fd8d6a345de8","name":"System","systemName":"system","icon":"cloud","iconColor":"#FFCA28","description":"System Data","allowIndexing":false,"securityGroups":null,"userFields":null,"userProperties":null,"relatedFeeds":0,"createDate":1500325558418,"updateDate":1520357745036},"table":{"fieldStructure":"","existingTableName":null,"tableSchema":{"name":"kafka_provenance_to_jms","description":null,"charset":null,"properties":{},"fields":[],"schemaName":null,"databaseName":null,"id":null},"sourceTableSchema":{"name":"NA","description":null,"charset":null,"properties":{},"fields":[],"schemaName":null,"databaseName":null,"id":null},"feedTableSchema":{"name":null,"description":null,"charset":null,"properties":{},"fields":[],"schemaName":null,"databaseName":null,"id":null},"method":"SAMPLE_FILE","description":"","fieldPolicies":[],"partitions":[],"tableType":null,"incrementalDateField":null,"sourceTableIncrementalDateField":null,"options":{"compress":false,"auditLogging":true,"encrypt":false,"trackHistory":false,"compressionFormat":null},"feedFormat":"ROW FORMAT SERDE 'org.apache.hadoop.hive.serde2.OpenCSVSerde' WITH SERDEPROPERTIES ( 'separatorChar' = ',' ,'escapeChar' = '\\\\' ,'quoteChar' = '\"') STORED AS TEXTFILE","targetFormat":null,"targetTblProperties":"","targetMergeStrategy":"DEDUPE_AND_MERGE","fieldPoliciesJson":"[]","fieldIndexString":"","partitionStructure":"","partitionSpecs":"","fieldsString":"","sourceFields":"NA","sourceFieldsCommaString":"NA","feedFieldStructure":"","nullableFields":"","primaryKeyFields":"","sourceTargetFieldMap":{},"targetSourceFieldMap":{}},"createDate":1520527445060,"updateDate":1520527445060,"dataTransformation":{"chartViewModel":null,"datasourceIds":null,"dataTransformScript":null,"sql":null,"states":[]},"active":true,"state":"ENABLED","nifiProcessGroupId":"0162101f-9848-1306-ee04-10701b8a5e39","options":{"skipHeader":false},"registeredTemplate":{"owner":{"displayName":"Data Lake Administrator","email":null,"enabled":true,"groups":["admin","user"],"systemName":"dladmin"},"allowedActions":{"actions":[{"systemName":"accessTemplate","actions":[{"systemName":"editTemplate"},{"systemName":"deleteTemplate"},{"systemName":"exportTemplate"},{"systemName":"createFeedFromTemplate"},{"systemName":"changeTemplatePermissions"}]}]},"roleMemberships":[],"feedRoleMemberships":[],"properties":[],"nonInputProcessors":null,"inputProcessors":[{"properties":[],"type":"org.apache.nifi.processors.kafka.pubsub.ConsumeKafka_0_10","name":"ConsumeKafka_0_10","id":"bea941d9-be04-3e23-0000-000000000000","groupName":null,"groupId":"e905313e-eb7e-39df-0000-000000000000","inputProcessor":true,"userDefinedInputProcessor":false}],"id":"397223a4-ac34-4075-b577-b003b8312217","nifiTemplateId":"b94ea5e5-953d-444e-92ef-61c11f710a89","templateName":"Publish Kafka Provenance","updateDate":1520559480496,"createDate":1520527334435,"icon":"timeline","iconColor":"#90CAF9","description":"Get provenance events from Kafka and publish them to JMS","state":"ENABLED","defineTable":false,"reusableTemplate":false,"reusableTemplateConnections":[],"registeredDatasourceDefinitions":[],"order":10,"templateOrder":null,"feedsCount":1,"templateTableOption":"NO_TABLE","timeBetweenStartingBatchJobs":1000,"stream":false,"allowPreconditions":false,"dataTransformation":false,"isStream":false},"allowIndexing":true,"historyReindexingStatus":"NEVER_RUN","categoryName":"System","systemCategoryName":"system","categoryAndFeedDisplayName":"System.kafka provenance to jms","categoryId":"af9524fc-2af6-4889-a25e-fd8d6a345de8","new":false,"categoryIcon":"cloud","categoryIconColor":"#FFCA28","reusableFeed":false}