<?xml version="1.0" ?>
<template encoding-version="1.1">
  <description></description>
  <groupId>53ea92d9-015e-1000-ddd4-3313aff37f8d</groupId>
  <name>Publish Kafka Provenance</name>
  <snippet>
    <connections>
      <id>a183ef4e-f0d8-3e5d-0000-000000000000</id>
      <parentGroupId>e905313e-eb7e-39df-0000-000000000000</parentGroupId>
      <backPressureDataSizeThreshold>1 GB</backPressureDataSizeThreshold>
      <backPressureObjectThreshold>10000</backPressureObjectThreshold>
      <destination>
        <groupId>e905313e-eb7e-39df-0000-000000000000</groupId>
        <id>a3ff3bd2-c612-302e-0000-000000000000</id>
        <type>PROCESSOR</type>
      </destination>
      <flowFileExpiration>0 sec</flowFileExpiration>
      <labelIndex>1</labelIndex>
      <name></name>
      <selectedRelationships>stats_event</selectedRelationships>
      <source>
        <groupId>e905313e-eb7e-39df-0000-000000000000</groupId>
        <id>064e1b21-c4d8-3fed-0000-000000000000</id>
        <type>PROCESSOR</type>
      </source>
      <zIndex>0</zIndex>
    </connections>
    <connections>
      <id>a2d3ba56-4659-3213-0000-000000000000</id>
      <parentGroupId>e905313e-eb7e-39df-0000-000000000000</parentGroupId>
      <backPressureDataSizeThreshold>1 GB</backPressureDataSizeThreshold>
      <backPressureObjectThreshold>10000</backPressureObjectThreshold>
      <destination>
        <groupId>e905313e-eb7e-39df-0000-000000000000</groupId>
        <id>e107209d-8dc3-31ca-0000-000000000000</id>
        <type>PROCESSOR</type>
      </destination>
      <flowFileExpiration>0 sec</flowFileExpiration>
      <labelIndex>1</labelIndex>
      <name></name>
      <selectedRelationships>batch_event</selectedRelationships>
      <source>
        <groupId>e905313e-eb7e-39df-0000-000000000000</groupId>
        <id>064e1b21-c4d8-3fed-0000-000000000000</id>
        <type>PROCESSOR</type>
      </source>
      <zIndex>0</zIndex>
    </connections>
    <connections>
      <id>a9e24185-58fb-3945-0000-000000000000</id>
      <parentGroupId>e905313e-eb7e-39df-0000-000000000000</parentGroupId>
      <backPressureDataSizeThreshold>1 GB</backPressureDataSizeThreshold>
      <backPressureObjectThreshold>10000</backPressureObjectThreshold>
      <destination>
        <groupId>e905313e-eb7e-39df-0000-000000000000</groupId>
        <id>5c981651-d950-364d-0000-000000000000</id>
        <type>PROCESSOR</type>
      </destination>
      <flowFileExpiration>0 sec</flowFileExpiration>
      <labelIndex>1</labelIndex>
      <name></name>
      <selectedRelationships>failure</selectedRelationships>
      <source>
        <groupId>e905313e-eb7e-39df-0000-000000000000</groupId>
        <id>a3ff3bd2-c612-302e-0000-000000000000</id>
        <type>PROCESSOR</type>
      </source>
      <zIndex>0</zIndex>
    </connections>
    <connections>
      <id>14f5ba72-bee2-3cb9-0000-000000000000</id>
      <parentGroupId>e905313e-eb7e-39df-0000-000000000000</parentGroupId>
      <backPressureDataSizeThreshold>1 GB</backPressureDataSizeThreshold>
      <backPressureObjectThreshold>10000</backPressureObjectThreshold>
      <destination>
        <groupId>e905313e-eb7e-39df-0000-000000000000</groupId>
        <id>5c981651-d950-364d-0000-000000000000</id>
        <type>PROCESSOR</type>
      </destination>
      <flowFileExpiration>0 sec</flowFileExpiration>
      <labelIndex>1</labelIndex>
      <name></name>
      <selectedRelationships>failure</selectedRelationships>
      <source>
        <groupId>e905313e-eb7e-39df-0000-000000000000</groupId>
        <id>e107209d-8dc3-31ca-0000-000000000000</id>
        <type>PROCESSOR</type>
      </source>
      <zIndex>0</zIndex>
    </connections>
    <connections>
      <id>6f8dbf5b-c906-358c-0000-000000000000</id>
      <parentGroupId>e905313e-eb7e-39df-0000-000000000000</parentGroupId>
      <backPressureDataSizeThreshold>1 GB</backPressureDataSizeThreshold>
      <backPressureObjectThreshold>10000</backPressureObjectThreshold>
      <destination>
        <groupId>e905313e-eb7e-39df-0000-000000000000</groupId>
        <id>064e1b21-c4d8-3fed-0000-000000000000</id>
        <type>PROCESSOR</type>
      </destination>
      <flowFileExpiration>0 sec</flowFileExpiration>
      <labelIndex>1</labelIndex>
      <name></name>
      <selectedRelationships>success</selectedRelationships>
      <source>
        <groupId>e905313e-eb7e-39df-0000-000000000000</groupId>
        <id>bea941d9-be04-3e23-0000-000000000000</id>
        <type>PROCESSOR</type>
      </source>
      <zIndex>0</zIndex>
    </connections>
    <controllerServices>
      <id>2f058616-f29c-3c1b-0000-000000000000</id>
      <parentGroupId>e905313e-eb7e-39df-0000-000000000000</parentGroupId>
      <bundle>
        <artifact>nifi-jms-cf-service-nar</artifact>
        <group>org.apache.nifi</group>
        <version>1.3.0</version>
      </bundle>
      <comments></comments>
      <descriptors>
        <entry>
          <key>cf</key>
          <value>
            <name>cf</name>
          </value>
        </entry>
        <entry>
          <key>cflib</key>
          <value>
            <name>cflib</name>
          </value>
        </entry>
        <entry>
          <key>broker</key>
          <value>
            <name>broker</name>
          </value>
        </entry>
        <entry>
          <key>SSL Context Service</key>
          <value>
            <identifiesControllerService>org.apache.nifi.ssl.SSLContextService</identifiesControllerService>
            <name>SSL Context Service</name>
          </value>
        </entry>
      </descriptors>
      <name>JMSConnectionFactoryProvider</name>
      <persistsState>false</persistsState>
      <properties>
        <entry>
          <key>cf</key>
          <value>org.apache.activemq.ActiveMQConnectionFactory</value>
        </entry>
        <entry>
          <key>cflib</key>
          <value>/opt/nifi/activemq</value>
        </entry>
        <entry>
          <key>broker</key>
          <value>tcp://localhost:61616</value>
        </entry>
        <entry>
          <key>SSL Context Service</key>
        </entry>
      </properties>
      <state>ENABLED</state>
      <type>org.apache.nifi.jms.cf.JMSConnectionFactoryProvider</type>
    </controllerServices>
    <processors>
      <id>a3ff3bd2-c612-302e-0000-000000000000</id>
      <parentGroupId>e905313e-eb7e-39df-0000-000000000000</parentGroupId>
      <position>
        <x>741.4126147627712</x>
        <y>814.3448868373753</y>
      </position>
      <bundle>
        <artifact>nifi-jms-processors-nar</artifact>
        <group>org.apache.nifi</group>
        <version>1.3.0</version>
      </bundle>
      <config>
        <bulletinLevel>WARN</bulletinLevel>
        <comments></comments>
        <concurrentlySchedulableTaskCount>1</concurrentlySchedulableTaskCount>
        <descriptors>
          <entry>
            <key>Connection Factory Service</key>
            <value>
              <identifiesControllerService>org.apache.nifi.jms.cf.JMSConnectionFactoryProviderDefinition</identifiesControllerService>
              <name>Connection Factory Service</name>
            </value>
          </entry>
          <entry>
            <key>Destination Name</key>
            <value>
              <name>Destination Name</name>
            </value>
          </entry>
          <entry>
            <key>Destination Type</key>
            <value>
              <name>Destination Type</name>
            </value>
          </entry>
          <entry>
            <key>User Name</key>
            <value>
              <name>User Name</name>
            </value>
          </entry>
          <entry>
            <key>Password</key>
            <value>
              <name>Password</name>
            </value>
          </entry>
          <entry>
            <key>Session Cache size</key>
            <value>
              <name>Session Cache size</name>
            </value>
          </entry>
        </descriptors>
        <executionNode>ALL</executionNode>
        <lossTolerant>false</lossTolerant>
        <penaltyDuration>30 sec</penaltyDuration>
        <properties>
          <entry>
            <key>Connection Factory Service</key>
            <value>2f058616-f29c-3c1b-0000-000000000000</value>
          </entry>
          <entry>
            <key>Destination Name</key>
            <value>thinkbig.provenance-event-stats2</value>
          </entry>
          <entry>
            <key>Destination Type</key>
            <value>QUEUE</value>
          </entry>
          <entry>
            <key>User Name</key>
          </entry>
          <entry>
            <key>Password</key>
          </entry>
          <entry>
            <key>Session Cache size</key>
            <value>1</value>
          </entry>
        </properties>
        <runDurationMillis>0</runDurationMillis>
        <schedulingPeriod>0 sec</schedulingPeriod>
        <schedulingStrategy>TIMER_DRIVEN</schedulingStrategy>
        <yieldDuration>1 sec</yieldDuration>
      </config>
      <name>Send Stats to JMS</name>
      <relationships>
        <autoTerminate>false</autoTerminate>
        <name>failure</name>
      </relationships>
      <relationships>
        <autoTerminate>true</autoTerminate>
        <name>success</name>
      </relationships>
      <style></style>
      <type>org.apache.nifi.jms.processors.PublishJMS</type>
    </processors>
    <processors>
      <id>bea941d9-be04-3e23-0000-000000000000</id>
      <parentGroupId>e905313e-eb7e-39df-0000-000000000000</parentGroupId>
      <position>
        <x>0.0</x>
        <y>0.0</y>
      </position>
      <bundle>
        <artifact>nifi-kafka-0-10-nar</artifact>
        <group>org.apache.nifi</group>
        <version>1.3.0</version>
      </bundle>
      <config>
        <bulletinLevel>WARN</bulletinLevel>
        <comments></comments>
        <concurrentlySchedulableTaskCount>1</concurrentlySchedulableTaskCount>
        <descriptors>
          <entry>
            <key>bootstrap.servers</key>
            <value>
              <name>bootstrap.servers</name>
            </value>
          </entry>
          <entry>
            <key>security.protocol</key>
            <value>
              <name>security.protocol</name>
            </value>
          </entry>
          <entry>
            <key>sasl.kerberos.service.name</key>
            <value>
              <name>sasl.kerberos.service.name</name>
            </value>
          </entry>
          <entry>
            <key>sasl.kerberos.principal</key>
            <value>
              <name>sasl.kerberos.principal</name>
            </value>
          </entry>
          <entry>
            <key>sasl.kerberos.keytab</key>
            <value>
              <name>sasl.kerberos.keytab</name>
            </value>
          </entry>
          <entry>
            <key>ssl.context.service</key>
            <value>
              <identifiesControllerService>org.apache.nifi.ssl.SSLContextService</identifiesControllerService>
              <name>ssl.context.service</name>
            </value>
          </entry>
          <entry>
            <key>topic</key>
            <value>
              <name>topic</name>
            </value>
          </entry>
          <entry>
            <key>topic_type</key>
            <value>
              <name>topic_type</name>
            </value>
          </entry>
          <entry>
            <key>group.id</key>
            <value>
              <name>group.id</name>
            </value>
          </entry>
          <entry>
            <key>auto.offset.reset</key>
            <value>
              <name>auto.offset.reset</name>
            </value>
          </entry>
          <entry>
            <key>key-attribute-encoding</key>
            <value>
              <name>key-attribute-encoding</name>
            </value>
          </entry>
          <entry>
            <key>message-demarcator</key>
            <value>
              <name>message-demarcator</name>
            </value>
          </entry>
          <entry>
            <key>max.poll.records</key>
            <value>
              <name>max.poll.records</name>
            </value>
          </entry>
          <entry>
            <key>max-uncommit-offset-wait</key>
            <value>
              <name>max-uncommit-offset-wait</name>
            </value>
          </entry>
        </descriptors>
        <executionNode>ALL</executionNode>
        <lossTolerant>false</lossTolerant>
        <penaltyDuration>30 sec</penaltyDuration>
        <properties>
          <entry>
            <key>bootstrap.servers</key>
            <value>sandbox.kylo.io:6667</value>
          </entry>
          <entry>
            <key>security.protocol</key>
            <value>PLAINTEXT</value>
          </entry>
          <entry>
            <key>sasl.kerberos.service.name</key>
          </entry>
          <entry>
            <key>sasl.kerberos.principal</key>
          </entry>
          <entry>
            <key>sasl.kerberos.keytab</key>
          </entry>
          <entry>
            <key>ssl.context.service</key>
          </entry>
          <entry>
            <key>topic</key>
            <value>thinkbig.feed-manager,thinkbig.provenance-event-stats</value>
          </entry>
          <entry>
            <key>topic_type</key>
            <value>names</value>
          </entry>
          <entry>
            <key>group.id</key>
            <value>kylo</value>
          </entry>
          <entry>
            <key>auto.offset.reset</key>
            <value>latest</value>
          </entry>
          <entry>
            <key>key-attribute-encoding</key>
            <value>utf-8</value>
          </entry>
          <entry>
            <key>message-demarcator</key>
          </entry>
          <entry>
            <key>max.poll.records</key>
            <value>10000</value>
          </entry>
          <entry>
            <key>max-uncommit-offset-wait</key>
            <value>1 secs</value>
          </entry>
        </properties>
        <runDurationMillis>0</runDurationMillis>
        <schedulingPeriod>0 sec</schedulingPeriod>
        <schedulingStrategy>TIMER_DRIVEN</schedulingStrategy>
        <yieldDuration>1 sec</yieldDuration>
      </config>
      <name>ConsumeKafka_0_10</name>
      <relationships>
        <autoTerminate>false</autoTerminate>
        <name>success</name>
      </relationships>
      <style></style>
      <type>org.apache.nifi.processors.kafka.pubsub.ConsumeKafka_0_10</type>
    </processors>
    <processors>
      <id>e107209d-8dc3-31ca-0000-000000000000</id>
      <parentGroupId>e905313e-eb7e-39df-0000-000000000000</parentGroupId>
      <position>
        <x>743.1082324385525</x>
        <y>229.05197912253152</y>
      </position>
      <bundle>
        <artifact>nifi-jms-processors-nar</artifact>
        <group>org.apache.nifi</group>
        <version>1.3.0</version>
      </bundle>
      <config>
        <bulletinLevel>WARN</bulletinLevel>
        <comments></comments>
        <concurrentlySchedulableTaskCount>1</concurrentlySchedulableTaskCount>
        <descriptors>
          <entry>
            <key>Connection Factory Service</key>
            <value>
              <identifiesControllerService>org.apache.nifi.jms.cf.JMSConnectionFactoryProviderDefinition</identifiesControllerService>
              <name>Connection Factory Service</name>
            </value>
          </entry>
          <entry>
            <key>Destination Name</key>
            <value>
              <name>Destination Name</name>
            </value>
          </entry>
          <entry>
            <key>Destination Type</key>
            <value>
              <name>Destination Type</name>
            </value>
          </entry>
          <entry>
            <key>User Name</key>
            <value>
              <name>User Name</name>
            </value>
          </entry>
          <entry>
            <key>Password</key>
            <value>
              <name>Password</name>
            </value>
          </entry>
          <entry>
            <key>Session Cache size</key>
            <value>
              <name>Session Cache size</name>
            </value>
          </entry>
        </descriptors>
        <executionNode>ALL</executionNode>
        <lossTolerant>false</lossTolerant>
        <penaltyDuration>30 sec</penaltyDuration>
        <properties>
          <entry>
            <key>Connection Factory Service</key>
            <value>2f058616-f29c-3c1b-0000-000000000000</value>
          </entry>
          <entry>
            <key>Destination Name</key>
            <value>thinkbig.feed-manager2</value>
          </entry>
          <entry>
            <key>Destination Type</key>
            <value>QUEUE</value>
          </entry>
          <entry>
            <key>User Name</key>
          </entry>
          <entry>
            <key>Password</key>
          </entry>
          <entry>
            <key>Session Cache size</key>
            <value>1</value>
          </entry>
        </properties>
        <runDurationMillis>0</runDurationMillis>
        <schedulingPeriod>0 sec</schedulingPeriod>
        <schedulingStrategy>TIMER_DRIVEN</schedulingStrategy>
        <yieldDuration>1 sec</yieldDuration>
      </config>
      <name>Send Batch Events to JMS</name>
      <relationships>
        <autoTerminate>false</autoTerminate>
        <name>failure</name>
      </relationships>
      <relationships>
        <autoTerminate>true</autoTerminate>
        <name>success</name>
      </relationships>
      <style></style>
      <type>org.apache.nifi.jms.processors.PublishJMS</type>
    </processors>
    <processors>
      <id>064e1b21-c4d8-3fed-0000-000000000000</id>
      <parentGroupId>e905313e-eb7e-39df-0000-000000000000</parentGroupId>
      <position>
        <x>3.887536232954517</x>
        <y>337.7527371920073</y>
      </position>
      <bundle>
        <artifact>nifi-standard-nar</artifact>
        <group>org.apache.nifi</group>
        <version>1.3.0</version>
      </bundle>
      <config>
        <bulletinLevel>WARN</bulletinLevel>
        <comments></comments>
        <concurrentlySchedulableTaskCount>1</concurrentlySchedulableTaskCount>
        <descriptors>
          <entry>
            <key>Routing Strategy</key>
            <value>
              <name>Routing Strategy</name>
            </value>
          </entry>
          <entry>
            <key>batch_event</key>
            <value>
              <name>batch_event</name>
            </value>
          </entry>
          <entry>
            <key>stats_event</key>
            <value>
              <name>stats_event</name>
            </value>
          </entry>
        </descriptors>
        <executionNode>ALL</executionNode>
        <lossTolerant>false</lossTolerant>
        <penaltyDuration>30 sec</penaltyDuration>
        <properties>
          <entry>
            <key>Routing Strategy</key>
            <value>Route to Property name</value>
          </entry>
          <entry>
            <key>batch_event</key>
            <value>${kafka.topic:equals('thinkbig.feed-manager')}</value>
          </entry>
          <entry>
            <key>stats_event</key>
            <value>${kafka.topic:equals('thinkbig.provenance-event-stats')}</value>
          </entry>
        </properties>
        <runDurationMillis>0</runDurationMillis>
        <schedulingPeriod>0 sec</schedulingPeriod>
        <schedulingStrategy>TIMER_DRIVEN</schedulingStrategy>
        <yieldDuration>1 sec</yieldDuration>
      </config>
      <name>RouteOnAttribute</name>
      <relationships>
        <autoTerminate>false</autoTerminate>
        <name>batch_event</name>
      </relationships>
      <relationships>
        <autoTerminate>false</autoTerminate>
        <name>stats_event</name>
      </relationships>
      <relationships>
        <autoTerminate>true</autoTerminate>
        <name>unmatched</name>
      </relationships>
      <style></style>
      <type>org.apache.nifi.processors.standard.RouteOnAttribute</type>
    </processors>
    <processors>
      <id>5c981651-d950-364d-0000-000000000000</id>
      <parentGroupId>e905313e-eb7e-39df-0000-000000000000</parentGroupId>
      <position>
        <x>1407.0501815582488</x>
        <y>375.7193028163242</y>
      </position>
      <bundle>
        <artifact>nifi-update-attribute-nar</artifact>
        <group>org.apache.nifi</group>
        <version>1.3.0</version>
      </bundle>
      <config>
        <bulletinLevel>WARN</bulletinLevel>
        <comments></comments>
        <concurrentlySchedulableTaskCount>1</concurrentlySchedulableTaskCount>
        <descriptors>
          <entry>
            <key>Delete Attributes Expression</key>
            <value>
              <name>Delete Attributes Expression</name>
            </value>
          </entry>
          <entry>
            <key>Store State</key>
            <value>
              <name>Store State</name>
            </value>
          </entry>
          <entry>
            <key>Stateful Variables Initial Value</key>
            <value>
              <name>Stateful Variables Initial Value</name>
            </value>
          </entry>
        </descriptors>
        <executionNode>ALL</executionNode>
        <lossTolerant>false</lossTolerant>
        <penaltyDuration>30 sec</penaltyDuration>
        <properties>
          <entry>
            <key>Delete Attributes Expression</key>
          </entry>
          <entry>
            <key>Store State</key>
            <value>Do not store state</value>
          </entry>
          <entry>
            <key>Stateful Variables Initial Value</key>
          </entry>
        </properties>
        <runDurationMillis>0</runDurationMillis>
        <schedulingPeriod>0 sec</schedulingPeriod>
        <schedulingStrategy>TIMER_DRIVEN</schedulingStrategy>
        <yieldDuration>1 sec</yieldDuration>
      </config>
      <name>Failed to send to JMS</name>
      <relationships>
        <autoTerminate>true</autoTerminate>
        <name>success</name>
      </relationships>
      <style></style>
      <type>org.apache.nifi.processors.attributes.UpdateAttribute</type>
    </processors>
  </snippet>
  <timestamp>03/08/2018 23:24:09 UTC</timestamp>
</template>