{"owner":{"displayName":"Data Lake Administrator","email":null,"enabled":true,"groups":["admin","user"],"systemName":"dladmin"},"allowedActions":{"actions":[{"systemName":"accessTemplate","actions":[{"systemName":"editTemplate"},{"systemName":"deleteTemplate"},{"systemName":"exportTemplate"},{"systemName":"createFeedFromTemplate"},{"systemName":"changeTemplatePermissions"}]}]},"roleMemberships":[],"feedRoleMemberships":[],"properties":[],"nonInputProcessors":[],"inputProcessors":[],"id":"397223a4-ac34-4075-b577-b003b8312217","nifiTemplateId":"b94ea5e5-953d-444e-92ef-61c11f710a89","templateName":"Publish Kafka Provenance","updateDate":1520559480496,"createDate":1520527334435,"icon":"timeline","iconColor":"#90CAF9","description":"Get provenance events from Kafka and publish them to JMS","state":"ENABLED","defineTable":false,"reusableTemplate":false,"reusableTemplateConnections":[],"registeredDatasourceDefinitions":[],"order":10,"templateOrder":null,"feedsCount":1,"templateTableOption":"NO_TABLE","timeBetweenStartingBatchJobs":1000,"stream":false,"allowPreconditions":false,"dataTransformation":false,"isStream":false}