<?xml version="1.0" ?>
<template encoding-version="1.1">
  <description></description>
  <groupId>b9fb7c2f-015b-1000-d2d7-db914ac516f2</groupId>
  <name>Data Confidence Invalid Records</name>
  <snippet>
    <connections>
      <id>846b0af2-47bb-3a0f-0000-000000000000</id>
      <parentGroupId>8afd1ea8-d8a4-3186-0000-000000000000</parentGroupId>
      <backPressureDataSizeThreshold>1 GB</backPressureDataSizeThreshold>
      <backPressureObjectThreshold>10000</backPressureObjectThreshold>
      <destination>
        <groupId>8afd1ea8-d8a4-3186-0000-000000000000</groupId>
        <id>eda7d370-eb31-393c-0000-000000000000</id>
        <type>PROCESSOR</type>
      </destination>
      <flowFileExpiration>0 sec</flowFileExpiration>
      <labelIndex>1</labelIndex>
      <name></name>
      <selectedRelationships>success</selectedRelationships>
      <source>
        <groupId>8afd1ea8-d8a4-3186-0000-000000000000</groupId>
        <id>04cafb17-ecfc-34df-0000-000000000000</id>
        <type>PROCESSOR</type>
      </source>
      <zIndex>0</zIndex>
    </connections>
    <connections>
      <id>c223a3cc-9666-3c0f-0000-000000000000</id>
      <parentGroupId>8afd1ea8-d8a4-3186-0000-000000000000</parentGroupId>
      <backPressureDataSizeThreshold>1 GB</backPressureDataSizeThreshold>
      <backPressureObjectThreshold>10000</backPressureObjectThreshold>
      <destination>
        <groupId>8afd1ea8-d8a4-3186-0000-000000000000</groupId>
        <id>04cafb17-ecfc-34df-0000-000000000000</id>
        <type>PROCESSOR</type>
      </destination>
      <flowFileExpiration>0 sec</flowFileExpiration>
      <labelIndex>1</labelIndex>
      <name></name>
      <selectedRelationships>matched</selectedRelationships>
      <source>
        <groupId>8afd1ea8-d8a4-3186-0000-000000000000</groupId>
        <id>ba7ee570-54b8-3436-0000-000000000000</id>
        <type>PROCESSOR</type>
      </source>
      <zIndex>0</zIndex>
    </connections>
    <connections>
      <id>f5daf7ee-4ffb-3ee6-0000-000000000000</id>
      <parentGroupId>8afd1ea8-d8a4-3186-0000-000000000000</parentGroupId>
      <backPressureDataSizeThreshold>0 MB</backPressureDataSizeThreshold>
      <backPressureObjectThreshold>0</backPressureObjectThreshold>
      <destination>
        <groupId>8afd1ea8-d8a4-3186-0000-000000000000</groupId>
        <id>f313d664-f97e-3295-0000-000000000000</id>
        <type>PROCESSOR</type>
      </destination>
      <flowFileExpiration>0 sec</flowFileExpiration>
      <labelIndex>1</labelIndex>
      <name>validation results</name>
      <selectedRelationships>failure</selectedRelationships>
      <selectedRelationships>success</selectedRelationships>
      <source>
        <groupId>8afd1ea8-d8a4-3186-0000-000000000000</groupId>
        <id>7e9edbec-769d-35f7-0000-000000000000</id>
        <type>PROCESSOR</type>
      </source>
      <zIndex>0</zIndex>
    </connections>
    <connections>
      <id>0fdbaf5a-5828-37d2-0000-000000000000</id>
      <parentGroupId>8afd1ea8-d8a4-3186-0000-000000000000</parentGroupId>
      <backPressureDataSizeThreshold>1 GB</backPressureDataSizeThreshold>
      <backPressureObjectThreshold>10000</backPressureObjectThreshold>
      <destination>
        <groupId>8afd1ea8-d8a4-3186-0000-000000000000</groupId>
        <id>ba7ee570-54b8-3436-0000-000000000000</id>
        <type>PROCESSOR</type>
      </destination>
      <flowFileExpiration>0 sec</flowFileExpiration>
      <labelIndex>1</labelIndex>
      <name></name>
      <selectedRelationships>Success</selectedRelationships>
      <source>
        <groupId>8afd1ea8-d8a4-3186-0000-000000000000</groupId>
        <id>5854ab04-bbe8-32e3-0000-000000000000</id>
        <type>PROCESSOR</type>
      </source>
      <zIndex>0</zIndex>
    </connections>
    <connections>
      <id>11d3b671-566f-39d5-0000-000000000000</id>
      <parentGroupId>8afd1ea8-d8a4-3186-0000-000000000000</parentGroupId>
      <backPressureDataSizeThreshold>0 MB</backPressureDataSizeThreshold>
      <backPressureObjectThreshold>0</backPressureObjectThreshold>
      <destination>
        <groupId>8afd1ea8-d8a4-3186-0000-000000000000</groupId>
        <id>7e9edbec-769d-35f7-0000-000000000000</id>
        <type>PROCESSOR</type>
      </destination>
      <flowFileExpiration>0 sec</flowFileExpiration>
      <labelIndex>1</labelIndex>
      <name></name>
      <selectedRelationships>success</selectedRelationships>
      <source>
        <groupId>8afd1ea8-d8a4-3186-0000-000000000000</groupId>
        <id>eda7d370-eb31-393c-0000-000000000000</id>
        <type>PROCESSOR</type>
      </source>
      <zIndex>0</zIndex>
    </connections>
    <controllerServices>
      <id>8cdd51c3-3443-31e1-0000-000000000000</id>
      <parentGroupId>8afd1ea8-d8a4-3186-0000-000000000000</parentGroupId>
      <bundle>
        <artifact>kylo-nifi-core-service-nar</artifact>
        <group>default</group>
        <version>unversioned</version>
      </bundle>
      <comments></comments>
      <descriptors>
        <entry>
          <key>Implementation</key>
          <value>
            <name>Implementation</name>
          </value>
        </entry>
        <entry>
          <key>rest-client-url</key>
          <value>
            <name>rest-client-url</name>
          </value>
        </entry>
        <entry>
          <key>client-username</key>
          <value>
            <name>client-username</name>
          </value>
        </entry>
        <entry>
          <key>client-password</key>
          <value>
            <name>client-password</name>
          </value>
        </entry>
        <entry>
          <key>SSL Context Service</key>
          <value>
            <identifiesControllerService>org.apache.nifi.ssl.SSLContextService</identifiesControllerService>
            <name>SSL Context Service</name>
          </value>
        </entry>
      </descriptors>
      <name>Kylo Metadata Service</name>
      <persistsState>false</persistsState>
      <properties>
        <entry>
          <key>Implementation</key>
          <value>REMOTE</value>
        </entry>
        <entry>
          <key>rest-client-url</key>
          <value>http://localhost:8400/proxy/v1/metadata</value>
        </entry>
        <entry>
          <key>client-username</key>
          <value>dladmin</value>
        </entry>
        <entry>
          <key>client-password</key>
        </entry>
        <entry>
          <key>SSL Context Service</key>
        </entry>
      </properties>
      <state>ENABLED</state>
      <type>com.thinkbiganalytics.nifi.v2.core.metadata.MetadataProviderSelectorService</type>
    </controllerServices>
    <controllerServices>
      <id>d504973f-3666-3d5a-0000-000000000000</id>
      <parentGroupId>8afd1ea8-d8a4-3186-0000-000000000000</parentGroupId>
      <bundle>
        <artifact>kylo-nifi-core-service-nar</artifact>
        <group>default</group>
        <version>unversioned</version>
      </bundle>
      <comments></comments>
      <descriptors>
        <entry>
          <key>Spring Context Service</key>
          <value>
            <identifiesControllerService>com.thinkbiganalytics.nifi.core.api.spring.SpringContextService</identifiesControllerService>
            <name>Spring Context Service</name>
          </value>
        </entry>
      </descriptors>
      <name>JmsFeedPreconditionEventService</name>
      <persistsState>false</persistsState>
      <properties>
        <entry>
          <key>Spring Context Service</key>
          <value>e822fbcd-3f44-31c9-0000-000000000000</value>
        </entry>
      </properties>
      <state>ENABLED</state>
      <type>com.thinkbiganalytics.nifi.v2.core.precondition.JmsFeedPreconditionEventService</type>
    </controllerServices>
    <controllerServices>
      <id>df2ccc51-4909-326a-0000-000000000000</id>
      <parentGroupId>8afd1ea8-d8a4-3186-0000-000000000000</parentGroupId>
      <bundle>
        <artifact>kylo-nifi-hadoop-service-v1-nar</artifact>
        <group>default</group>
        <version>unversioned</version>
      </bundle>
      <comments></comments>
      <descriptors>
        <entry>
          <key>Database Connection URL</key>
          <value>
            <name>Database Connection URL</name>
          </value>
        </entry>
        <entry>
          <key>Database Driver Class Name</key>
          <value>
            <name>Database Driver Class Name</name>
          </value>
        </entry>
        <entry>
          <key>Database Driver Jar Url</key>
          <value>
            <name>Database Driver Jar Url</name>
          </value>
        </entry>
        <entry>
          <key>Database User</key>
          <value>
            <name>Database User</name>
          </value>
        </entry>
        <entry>
          <key>Password</key>
          <value>
            <name>Password</name>
          </value>
        </entry>
        <entry>
          <key>Validation Query</key>
          <value>
            <name>Validation Query</name>
          </value>
        </entry>
        <entry>
          <key>Validation Query Timeout</key>
          <value>
            <name>Validation Query Timeout</name>
          </value>
        </entry>
        <entry>
          <key>Max Wait Time</key>
          <value>
            <name>Max Wait Time</name>
          </value>
        </entry>
        <entry>
          <key>Max Total Connections</key>
          <value>
            <name>Max Total Connections</name>
          </value>
        </entry>
        <entry>
          <key>Hadoop Configuration Resources</key>
          <value>
            <name>Hadoop Configuration Resources</name>
          </value>
        </entry>
        <entry>
          <key>Kerberos Principal</key>
          <value>
            <name>Kerberos Principal</name>
          </value>
        </entry>
        <entry>
          <key>Kerberos Keytab</key>
          <value>
            <name>Kerberos Keytab</name>
          </value>
        </entry>
      </descriptors>
      <name>Hive Thrift Service</name>
      <persistsState>false</persistsState>
      <properties>
        <entry>
          <key>Database Connection URL</key>
          <value>jdbc:hive2://localhost:10000/default</value>
        </entry>
        <entry>
          <key>Database Driver Class Name</key>
          <value>org.apache.hive.jdbc.HiveDriver</value>
        </entry>
        <entry>
          <key>Database Driver Jar Url</key>
        </entry>
        <entry>
          <key>Database User</key>
          <value>nifi</value>
        </entry>
        <entry>
          <key>Password</key>
        </entry>
        <entry>
          <key>Validation Query</key>
          <value>show tables 'test'</value>
        </entry>
        <entry>
          <key>Validation Query Timeout</key>
          <value>10 s</value>
        </entry>
        <entry>
          <key>Max Wait Time</key>
          <value>500 millis</value>
        </entry>
        <entry>
          <key>Max Total Connections</key>
          <value>8</value>
        </entry>
        <entry>
          <key>Hadoop Configuration Resources</key>
        </entry>
        <entry>
          <key>Kerberos Principal</key>
        </entry>
        <entry>
          <key>Kerberos Keytab</key>
        </entry>
      </properties>
      <state>ENABLED</state>
      <type>com.thinkbiganalytics.nifi.v2.thrift.ThriftConnectionPool</type>
    </controllerServices>
    <controllerServices>
      <id>e822fbcd-3f44-31c9-0000-000000000000</id>
      <parentGroupId>8afd1ea8-d8a4-3186-0000-000000000000</parentGroupId>
      <bundle>
        <artifact>kylo-nifi-core-service-nar</artifact>
        <group>default</group>
        <version>unversioned</version>
      </bundle>
      <comments></comments>
      <descriptors>
        <entry>
          <key>Configuraton Classes</key>
          <value>
            <name>Configuraton Classes</name>
          </value>
        </entry>
      </descriptors>
      <name>SpringContextLoaderService</name>
      <persistsState>false</persistsState>
      <properties>
        <entry>
          <key>Configuraton Classes</key>
        </entry>
      </properties>
      <state>ENABLED</state>
      <type>com.thinkbiganalytics.nifi.v2.core.spring.SpringContextLoaderService</type>
    </controllerServices>
    <processors>
      <id>ba7ee570-54b8-3436-0000-000000000000</id>
      <parentGroupId>8afd1ea8-d8a4-3186-0000-000000000000</parentGroupId>
      <position>
        <x>590.9342030209591</x>
        <y>3.9081056351155894</y>
      </position>
      <bundle>
        <artifact>nifi-standard-nar</artifact>
        <group>org.apache.nifi</group>
        <version>1.3.0</version>
      </bundle>
      <config>
        <bulletinLevel>WARN</bulletinLevel>
        <comments></comments>
        <concurrentlySchedulableTaskCount>1</concurrentlySchedulableTaskCount>
        <descriptors>
          <entry>
            <key>Destination</key>
            <value>
              <name>Destination</name>
            </value>
          </entry>
          <entry>
            <key>Return Type</key>
            <value>
              <name>Return Type</name>
            </value>
          </entry>
          <entry>
            <key>Path Not Found Behavior</key>
            <value>
              <name>Path Not Found Behavior</name>
            </value>
          </entry>
          <entry>
            <key>Null Value Representation</key>
            <value>
              <name>Null Value Representation</name>
            </value>
          </entry>
          <entry>
            <key>feedToValidate</key>
            <value>
              <name>feedToValidate</name>
            </value>
          </entry>
        </descriptors>
        <executionNode>ALL</executionNode>
        <lossTolerant>false</lossTolerant>
        <penaltyDuration>30 sec</penaltyDuration>
        <properties>
          <entry>
            <key>Destination</key>
            <value>flowfile-attribute</value>
          </entry>
          <entry>
            <key>Return Type</key>
            <value>scalar</value>
          </entry>
          <entry>
            <key>Path Not Found Behavior</key>
            <value>ignore</value>
          </entry>
          <entry>
            <key>Null Value Representation</key>
            <value>empty string</value>
          </entry>
          <entry>
            <key>feedToValidate</key>
            <value>$.dependentFeedNames[0]</value>
          </entry>
        </properties>
        <runDurationMillis>0</runDurationMillis>
        <schedulingPeriod>0 sec</schedulingPeriod>
        <schedulingStrategy>TIMER_DRIVEN</schedulingStrategy>
        <yieldDuration>1 sec</yieldDuration>
      </config>
      <name>Get Feed Name to Validate</name>
      <relationships>
        <autoTerminate>true</autoTerminate>
        <name>failure</name>
      </relationships>
      <relationships>
        <autoTerminate>false</autoTerminate>
        <name>matched</name>
      </relationships>
      <relationships>
        <autoTerminate>true</autoTerminate>
        <name>unmatched</name>
      </relationships>
      <style></style>
      <type>org.apache.nifi.processors.standard.EvaluateJsonPath</type>
    </processors>
    <processors>
      <id>eda7d370-eb31-393c-0000-000000000000</id>
      <parentGroupId>8afd1ea8-d8a4-3186-0000-000000000000</parentGroupId>
      <position>
        <x>0.0</x>
        <y>259.57911513338377</y>
      </position>
      <bundle>
        <artifact>kylo-nifi-hadoop-v1-nar</artifact>
        <group>default</group>
        <version>unversioned</version>
      </bundle>
      <config>
        <bulletinLevel>WARN</bulletinLevel>
        <comments></comments>
        <concurrentlySchedulableTaskCount>1</concurrentlySchedulableTaskCount>
        <descriptors>
          <entry>
            <key>Database Connection Pooling Service</key>
            <value>
              <identifiesControllerService>com.thinkbiganalytics.nifi.v2.thrift.ThriftService</identifiesControllerService>
              <name>Database Connection Pooling Service</name>
            </value>
          </entry>
          <entry>
            <key>SQL select query</key>
            <value>
              <name>SQL select query</name>
            </value>
          </entry>
          <entry>
            <key>Max Wait Time</key>
            <value>
              <name>Max Wait Time</name>
            </value>
          </entry>
        </descriptors>
        <executionNode>ALL</executionNode>
        <lossTolerant>false</lossTolerant>
        <penaltyDuration>30 sec</penaltyDuration>
        <properties>
          <entry>
            <key>Database Connection Pooling Service</key>
            <value>df2ccc51-4909-326a-0000-000000000000</value>
          </entry>
          <entry>
            <key>SQL select query</key>
            <value>select x.invalid_count, y.total_count, x.invalid_count/y.total_count as invalid_pct, CASE WHEN (x.invalid_count/y.total_count)*100 &gt;= ${invalidThresholdPercentage} then 'false' else 'true' end as valid,
                                       CASE WHEN (x.invalid_count/y.total_count)*100 &gt;= ${invalidThresholdPercentage} then  concat('Invalid. The data has  ', (x.invalid_count/y.total_count)*100,'% of the rows invalid.  This is above the threshold of ','${invalidThresholdPercentage}%' ) else concat('Valid.  This job has passed validation with ',  (x.invalid_count/y.total_count)*100,'% of the rows invalid.  This is below the threshold of ${invalidThresholdPercentage}%') end as validation_message, x.processing_dttm
from (
       select  metricvalue as invalid_count, 'INVALID_COUNT' as type, m.max_date as processing_dttm from ${category}.${feed}_profile
       inner join (SELECT MAX(processing_dttm) as max_date from ${category}.${feed}_profile) m on m.max_date = processing_dttm
       where columnname = '(ALL)'
       and metrictype = 'INVALID_COUNT'
     ) x
  inner join (
               select  metricvalue as total_count, 'TOTAL_COUNT' as type,m.max_date as processing_dttm from ${category}.${feed}_profile
               inner join (SELECT MAX(processing_dttm) as max_date from ${category}.${feed}_profile) m on m.max_date = processing_dttm
               where columnname = '(ALL)'
               and metrictype = 'TOTAL_COUNT') y on y.processing_dttm = x.processing_dttm</value>
          </entry>
          <entry>
            <key>Max Wait Time</key>
            <value>0 seconds</value>
          </entry>
        </properties>
        <runDurationMillis>0</runDurationMillis>
        <schedulingPeriod>0 sec</schedulingPeriod>
        <schedulingStrategy>TIMER_DRIVEN</schedulingStrategy>
        <yieldDuration>1 sec</yieldDuration>
      </config>
      <name>Execute Validation Query</name>
      <relationships>
        <autoTerminate>true</autoTerminate>
        <name>failure</name>
      </relationships>
      <relationships>
        <autoTerminate>false</autoTerminate>
        <name>success</name>
      </relationships>
      <style></style>
      <type>com.thinkbiganalytics.nifi.v2.thrift.ExecuteHQL</type>
    </processors>
    <processors>
      <id>f313d664-f97e-3295-0000-000000000000</id>
      <parentGroupId>8afd1ea8-d8a4-3186-0000-000000000000</parentGroupId>
      <position>
        <x>1185.1285848617554</x>
        <y>253.9622710038211</y>
      </position>
      <bundle>
        <artifact>nifi-standard-nar</artifact>
        <group>org.apache.nifi</group>
        <version>1.3.0</version>
      </bundle>
      <config>
        <bulletinLevel>WARN</bulletinLevel>
        <comments></comments>
        <concurrentlySchedulableTaskCount>1</concurrentlySchedulableTaskCount>
        <descriptors>
          <entry>
            <key>Destination</key>
            <value>
              <name>Destination</name>
            </value>
          </entry>
          <entry>
            <key>Return Type</key>
            <value>
              <name>Return Type</name>
            </value>
          </entry>
          <entry>
            <key>Path Not Found Behavior</key>
            <value>
              <name>Path Not Found Behavior</name>
            </value>
          </entry>
          <entry>
            <key>Null Value Representation</key>
            <value>
              <name>Null Value Representation</name>
            </value>
          </entry>
          <entry>
            <key>checkData.validationCheck</key>
            <value>
              <name>checkData.validationCheck</name>
            </value>
          </entry>
          <entry>
            <key>checkData.validationMessage</key>
            <value>
              <name>checkData.validationMessage</name>
            </value>
          </entry>
          <entry>
            <key>invalidCount</key>
            <value>
              <name>invalidCount</name>
            </value>
          </entry>
          <entry>
            <key>invalidPercent</key>
            <value>
              <name>invalidPercent</name>
            </value>
          </entry>
          <entry>
            <key>processingDate</key>
            <value>
              <name>processingDate</name>
            </value>
          </entry>
          <entry>
            <key>totalCount</key>
            <value>
              <name>totalCount</name>
            </value>
          </entry>
        </descriptors>
        <executionNode>ALL</executionNode>
        <lossTolerant>false</lossTolerant>
        <penaltyDuration>30 sec</penaltyDuration>
        <properties>
          <entry>
            <key>Destination</key>
            <value>flowfile-attribute</value>
          </entry>
          <entry>
            <key>Return Type</key>
            <value>auto-detect</value>
          </entry>
          <entry>
            <key>Path Not Found Behavior</key>
            <value>ignore</value>
          </entry>
          <entry>
            <key>Null Value Representation</key>
            <value>empty string</value>
          </entry>
          <entry>
            <key>checkData.validationCheck</key>
            <value>$.valid</value>
          </entry>
          <entry>
            <key>checkData.validationMessage</key>
            <value>$.validation_message</value>
          </entry>
          <entry>
            <key>invalidCount</key>
            <value>$.invalid_count</value>
          </entry>
          <entry>
            <key>invalidPercent</key>
            <value>$.invalid_pct</value>
          </entry>
          <entry>
            <key>processingDate</key>
            <value>$.processing_dttm</value>
          </entry>
          <entry>
            <key>totalCount</key>
            <value>$.total_count</value>
          </entry>
        </properties>
        <runDurationMillis>0</runDurationMillis>
        <schedulingPeriod>0 sec</schedulingPeriod>
        <schedulingStrategy>TIMER_DRIVEN</schedulingStrategy>
        <yieldDuration>1 sec</yieldDuration>
      </config>
      <name>Apply Validation Results to Flow</name>
      <relationships>
        <autoTerminate>true</autoTerminate>
        <name>failure</name>
      </relationships>
      <relationships>
        <autoTerminate>true</autoTerminate>
        <name>matched</name>
      </relationships>
      <relationships>
        <autoTerminate>true</autoTerminate>
        <name>unmatched</name>
      </relationships>
      <style></style>
      <type>org.apache.nifi.processors.standard.EvaluateJsonPath</type>
    </processors>
    <processors>
      <id>04cafb17-ecfc-34df-0000-000000000000</id>
      <parentGroupId>8afd1ea8-d8a4-3186-0000-000000000000</parentGroupId>
      <position>
        <x>1181.1805258120366</x>
        <y>0.0</y>
      </position>
      <bundle>
        <artifact>nifi-update-attribute-nar</artifact>
        <group>org.apache.nifi</group>
        <version>1.3.0</version>
      </bundle>
      <config>
        <bulletinLevel>WARN</bulletinLevel>
        <comments></comments>
        <concurrentlySchedulableTaskCount>1</concurrentlySchedulableTaskCount>
        <descriptors>
          <entry>
            <key>Delete Attributes Expression</key>
            <value>
              <name>Delete Attributes Expression</name>
            </value>
          </entry>
          <entry>
            <key>Store State</key>
            <value>
              <name>Store State</name>
            </value>
          </entry>
          <entry>
            <key>Stateful Variables Initial Value</key>
            <value>
              <name>Stateful Variables Initial Value</name>
            </value>
          </entry>
          <entry>
            <key>category</key>
            <value>
              <name>category</name>
            </value>
          </entry>
          <entry>
            <key>feed</key>
            <value>
              <name>feed</name>
            </value>
          </entry>
          <entry>
            <key>invalidThresholdPercentage</key>
            <value>
              <name>invalidThresholdPercentage</name>
            </value>
          </entry>
          <entry>
            <key>tb.jobType</key>
            <value>
              <name>tb.jobType</name>
            </value>
          </entry>
        </descriptors>
        <executionNode>ALL</executionNode>
        <lossTolerant>false</lossTolerant>
        <penaltyDuration>30 sec</penaltyDuration>
        <properties>
          <entry>
            <key>Delete Attributes Expression</key>
          </entry>
          <entry>
            <key>Store State</key>
            <value>Store state locally</value>
          </entry>
          <entry>
            <key>Stateful Variables Initial Value</key>
            <value></value>
          </entry>
          <entry>
            <key>category</key>
            <value>${feedToValidate:substringBefore('.')}</value>
          </entry>
          <entry>
            <key>feed</key>
            <value>${feedToValidate:substringAfter('.')}</value>
          </entry>
          <entry>
            <key>invalidThresholdPercentage</key>
            <value>5</value>
          </entry>
          <entry>
            <key>tb.jobType</key>
            <value>check</value>
          </entry>
        </properties>
        <runDurationMillis>0</runDurationMillis>
        <schedulingPeriod>15 sec</schedulingPeriod>
        <schedulingStrategy>TIMER_DRIVEN</schedulingStrategy>
        <yieldDuration>1 sec</yieldDuration>
      </config>
      <name>Initialize Parameters</name>
      <relationships>
        <autoTerminate>true</autoTerminate>
        <name>set state fail</name>
      </relationships>
      <relationships>
        <autoTerminate>false</autoTerminate>
        <name>success</name>
      </relationships>
      <style></style>
      <type>org.apache.nifi.processors.attributes.UpdateAttribute</type>
    </processors>
    <processors>
      <id>5854ab04-bbe8-32e3-0000-000000000000</id>
      <parentGroupId>8afd1ea8-d8a4-3186-0000-000000000000</parentGroupId>
      <position>
        <x>14.374509084756028</x>
        <y>2.919846695463548</y>
      </position>
      <bundle>
        <artifact>kylo-nifi-core-v1-nar</artifact>
        <group>default</group>
        <version>unversioned</version>
      </bundle>
      <config>
        <bulletinLevel>WARN</bulletinLevel>
        <comments></comments>
        <concurrentlySchedulableTaskCount>1</concurrentlySchedulableTaskCount>
        <descriptors>
          <entry>
            <key>Metadata Service</key>
            <value>
              <identifiesControllerService>com.thinkbiganalytics.nifi.core.api.metadata.MetadataProviderService</identifiesControllerService>
              <name>Metadata Service</name>
            </value>
          </entry>
          <entry>
            <key>Feed Precondition Event Service</key>
            <value>
              <identifiesControllerService>com.thinkbiganalytics.nifi.core.api.precondition.FeedPreconditionEventService</identifiesControllerService>
              <name>Feed Precondition Event Service</name>
            </value>
          </entry>
          <entry>
            <key>System feed category</key>
            <value>
              <name>System feed category</name>
            </value>
          </entry>
          <entry>
            <key>System feed name</key>
            <value>
              <name>System feed name</name>
            </value>
          </entry>
          <entry>
            <key>Matching Execution Context Keys</key>
            <value>
              <name>Matching Execution Context Keys</name>
            </value>
          </entry>
        </descriptors>
        <executionNode>ALL</executionNode>
        <lossTolerant>false</lossTolerant>
        <penaltyDuration>30 sec</penaltyDuration>
        <properties>
          <entry>
            <key>Metadata Service</key>
            <value>8cdd51c3-3443-31e1-0000-000000000000</value>
          </entry>
          <entry>
            <key>Feed Precondition Event Service</key>
            <value>d504973f-3666-3d5a-0000-000000000000</value>
          </entry>
          <entry>
            <key>System feed category</key>
            <value>${metadata.category.systemName}</value>
          </entry>
          <entry>
            <key>System feed name</key>
            <value>${metadata.systemFeedName}</value>
          </entry>
          <entry>
            <key>Matching Execution Context Keys</key>
            <value>export.kylo</value>
          </entry>
        </properties>
        <runDurationMillis>0</runDurationMillis>
        <schedulingPeriod>0 sec</schedulingPeriod>
        <schedulingStrategy>TIMER_DRIVEN</schedulingStrategy>
        <yieldDuration>1 sec</yieldDuration>
      </config>
      <name>TriggerFeed</name>
      <relationships>
        <autoTerminate>false</autoTerminate>
        <name>Success</name>
      </relationships>
      <style></style>
      <type>com.thinkbiganalytics.nifi.v2.metadata.TriggerFeed</type>
    </processors>
    <processors>
      <id>7e9edbec-769d-35f7-0000-000000000000</id>
      <parentGroupId>8afd1ea8-d8a4-3186-0000-000000000000</parentGroupId>
      <position>
        <x>594.1110830307007</x>
        <y>250.21749317178998</y>
      </position>
      <bundle>
        <artifact>nifi-avro-nar</artifact>
        <group>org.apache.nifi</group>
        <version>1.3.0</version>
      </bundle>
      <config>
        <bulletinLevel>WARN</bulletinLevel>
        <comments></comments>
        <concurrentlySchedulableTaskCount>1</concurrentlySchedulableTaskCount>
        <descriptors>
          <entry>
            <key>JSON container options</key>
            <value>
              <name>JSON container options</name>
            </value>
          </entry>
          <entry>
            <key>Wrap Single Record</key>
            <value>
              <name>Wrap Single Record</name>
            </value>
          </entry>
          <entry>
            <key>Avro schema</key>
            <value>
              <name>Avro schema</name>
            </value>
          </entry>
        </descriptors>
        <executionNode>ALL</executionNode>
        <lossTolerant>false</lossTolerant>
        <penaltyDuration>30 sec</penaltyDuration>
        <properties>
          <entry>
            <key>JSON container options</key>
            <value>array</value>
          </entry>
          <entry>
            <key>Wrap Single Record</key>
            <value>false</value>
          </entry>
          <entry>
            <key>Avro schema</key>
          </entry>
        </properties>
        <runDurationMillis>0</runDurationMillis>
        <schedulingPeriod>0 sec</schedulingPeriod>
        <schedulingStrategy>TIMER_DRIVEN</schedulingStrategy>
        <yieldDuration>1 sec</yieldDuration>
      </config>
      <name>Convert Query Results to JSON</name>
      <relationships>
        <autoTerminate>false</autoTerminate>
        <name>failure</name>
      </relationships>
      <relationships>
        <autoTerminate>false</autoTerminate>
        <name>success</name>
      </relationships>
      <style></style>
      <type>org.apache.nifi.processors.avro.ConvertAvroToJSON</type>
    </processors>
  </snippet>
  <timestamp>07/12/2017 13:21:05 UTC</timestamp>
</template>