{"properties":[{"processGroupName":"NiFi Flow","processorName":"TriggerFeed","processorId":"01581000-66f5-1a1e-0000-000000000000","processGroupId":"7c664aaf-3d33-447e-0000-000000000000","processorType":"com.thinkbiganalytics.nifi.v2.metadata.TriggerFeed","key":"System feed category","value":"${metadata.category.systemName}","expressionProperties":null,"propertyDescriptor":{"name":"System feed category","displayName":null,"description":null,"defaultValue":null,"allowableValues":null,"required":null,"sensitive":null,"dynamic":null,"supportsEl":null,"identifiesControllerService":null},"templateValue":"${metadata.category.systemName}","userEditable":false,"renderType":"text","renderOptions":{},"selected":true,"inputProperty":true,"templateProperty":null,"nameKey":"NiFi Flow-TriggerFeed-System feed category","idKey":"7c664aaf-3d33-447e-0000-000000000000-01581000-66f5-1a1e-0000-000000000000-System feed category"},{"processGroupName":"NiFi Flow","processorName":"TriggerFeed","processorId":"01581000-66f5-1a1e-0000-000000000000","processGroupId":"7c664aaf-3d33-447e-0000-000000000000","processorType":"com.thinkbiganalytics.nifi.v2.metadata.TriggerFeed","key":"System feed name","value":"${metadata.systemFeedName}","expressionProperties":null,"propertyDescriptor":{"name":"System feed name","displayName":null,"description":null,"defaultValue":null,"allowableValues":null,"required":null,"sensitive":null,"dynamic":null,"supportsEl":null,"identifiesControllerService":null},"templateValue":"${metadata.systemFeedName}","userEditable":false,"renderType":"text","renderOptions":{},"selected":true,"inputProperty":true,"templateProperty":null,"nameKey":"NiFi Flow-TriggerFeed-System feed name","idKey":"7c664aaf-3d33-447e-0000-000000000000-01581000-66f5-1a1e-0000-000000000000-System feed name"},{"processGroupName":"NiFi Flow","processorName":"Initialize Parameters","processorId":"1f4c4466-b172-13b0-0000-000000000000","processGroupId":"7c664aaf-3d33-447e-0000-000000000000","processorType":"org.apache.nifi.processors.attributes.UpdateAttribute","key":"invalidThresholdPercentage","value":"5","expressionProperties":null,"propertyDescriptor":{"name":"invalidThresholdPercentage","displayName":null,"description":null,"defaultValue":null,"allowableValues":null,"required":null,"sensitive":null,"dynamic":null,"supportsEl":null,"identifiesControllerService":null},"templateValue":"5","userEditable":true,"renderType":"number","renderOptions":{"selectCustom":"false"},"selected":true,"inputProperty":false,"templateProperty":null,"nameKey":"NiFi Flow-Initialize Parameters-invalidThresholdPercentage","idKey":"7c664aaf-3d33-447e-0000-000000000000-1f4c4466-b172-13b0-0000-000000000000-invalidThresholdPercentage"}],"nonInputProcessors":[{"properties":[{"processGroupName":"NiFi Flow","processorName":"Initialize Parameters","processorId":"1f4c4466-b172-13b0-0000-000000000000","processGroupId":"7c664aaf-3d33-447e-0000-000000000000","processorType":"org.apache.nifi.processors.attributes.UpdateAttribute","key":"invalidThresholdPercentage","value":"5","expressionProperties":null,"propertyDescriptor":{"name":"invalidThresholdPercentage","displayName":null,"description":null,"defaultValue":null,"allowableValues":null,"required":null,"sensitive":null,"dynamic":null,"supportsEl":null,"identifiesControllerService":null},"templateValue":"5","userEditable":true,"renderType":"number","renderOptions":{"selectCustom":"false"},"selected":true,"inputProperty":false,"templateProperty":null,"nameKey":"NiFi Flow-Initialize Parameters-invalidThresholdPercentage","idKey":"7c664aaf-3d33-447e-0000-000000000000-1f4c4466-b172-13b0-0000-000000000000-invalidThresholdPercentage"}],"type":"org.apache.nifi.processors.attributes.UpdateAttribute","name":"Initialize Parameters","id":"1f4c4466-b172-13b0-0000-000000000000","groupName":"NiFi Flow","groupId":"7c664aaf-3d33-447e-0000-000000000000","inputProcessor":false,"userDefinedInputProcessor":false}],"inputProcessors":[{"properties":[{"processGroupName":"NiFi Flow","processorName":"TriggerFeed","processorId":"01581000-66f5-1a1e-0000-000000000000","processGroupId":"7c664aaf-3d33-447e-0000-000000000000","processorType":"com.thinkbiganalytics.nifi.v2.metadata.TriggerFeed","key":"System feed category","value":"${metadata.category.systemName}","expressionProperties":null,"propertyDescriptor":{"name":"System feed category","displayName":null,"description":null,"defaultValue":null,"allowableValues":null,"required":null,"sensitive":null,"dynamic":null,"supportsEl":null,"identifiesControllerService":null},"templateValue":"${metadata.category.systemName}","userEditable":false,"renderType":"text","renderOptions":{},"selected":true,"inputProperty":true,"templateProperty":null,"nameKey":"NiFi Flow-TriggerFeed-System feed category","idKey":"7c664aaf-3d33-447e-0000-000000000000-01581000-66f5-1a1e-0000-000000000000-System feed category"},{"processGroupName":"NiFi Flow","processorName":"TriggerFeed","processorId":"01581000-66f5-1a1e-0000-000000000000","processGroupId":"7c664aaf-3d33-447e-0000-000000000000","processorType":"com.thinkbiganalytics.nifi.v2.metadata.TriggerFeed","key":"System feed name","value":"${metadata.systemFeedName}","expressionProperties":null,"propertyDescriptor":{"name":"System feed name","displayName":null,"description":null,"defaultValue":null,"allowableValues":null,"required":null,"sensitive":null,"dynamic":null,"supportsEl":null,"identifiesControllerService":null},"templateValue":"${metadata.systemFeedName}","userEditable":false,"renderType":"text","renderOptions":{},"selected":true,"inputProperty":true,"templateProperty":null,"nameKey":"NiFi Flow-TriggerFeed-System feed name","idKey":"7c664aaf-3d33-447e-0000-000000000000-01581000-66f5-1a1e-0000-000000000000-System feed name"}],"type":"com.thinkbiganalytics.nifi.v2.metadata.TriggerFeed","name":"TriggerFeed","id":"01581000-66f5-1a1e-0000-000000000000","groupName":"NiFi Flow","groupId":"7c664aaf-3d33-447e-0000-000000000000","inputProcessor":true,"userDefinedInputProcessor":false}],"id":"4b6bb4c3-fbcb-4861-aa59-e0f25cde3e3b","nifiTemplateId":"8a509e2d-9b91-461f-a79b-8c4053018a49","templateName":"Data Confidence Invalid Records","updateDate":1486674808841,"createDate":1466629796656,"icon":"highlight","iconColor":"#66BB6A","description":"Data Confidence Check - Invalid record count percentage","state":"ENABLED","defineTable":false,"reusableTemplate":false,"reusableTemplateConnections":[],"registeredDatasourceDefinitions":[],"order":2,"templateOrder":null,"feedsCount":3,"stream":false,"allowPreconditions":true,"dataTransformation":false,"isStream":false}