{"properties":[{"processGroupName":"NiFi Flow","processorName":"Database","processorId":"2567efe0-b28d-46c2-8e3d-654610b35123","processGroupId":"203cb983-967c-402f-9457-f44ee6b54d03","processorType":"com.thinkbiganalytics.nifi.v2.core.watermark.LoadHighWaterMark","key":"System feed category","value":"${metadata.category.systemName}","templateValue":"${metadata.category.systemName}","userEditable":false,"expressionProperties":null,"propertyDescriptor":{"name":"System feed category","displayName":"System feed category","description":"System category of the feed this processor supports","defaultValue":"${metadata.category.systemName}","allowableValues":null,"required":true,"sensitive":false,"dynamic":false,"supportsEl":true,"identifiesControllerService":null},"renderType":"text","renderOptions":{},"selected":true,"inputProperty":true,"templateProperty":null,"nameKey":"NiFi Flow-Database-System feed category","idKey":"203cb983-967c-402f-9457-f44ee6b54d03-2567efe0-b28d-46c2-8e3d-654610b35123-System feed category"},{"processGroupName":"NiFi Flow","processorName":"Database","processorId":"2567efe0-b28d-46c2-8e3d-654610b35123","processGroupId":"203cb983-967c-402f-9457-f44ee6b54d03","processorType":"com.thinkbiganalytics.nifi.v2.core.watermark.LoadHighWaterMark","key":"System feed name","value":"${metadata.systemFeedName}","templateValue":"${metadata.systemFeedName}","userEditable":false,"expressionProperties":null,"propertyDescriptor":{"name":"System feed name","displayName":"System feed name","description":"Name of feed this processor supports","defaultValue":"${metadata.systemFeedName}","allowableValues":null,"required":true,"sensitive":false,"dynamic":false,"supportsEl":true,"identifiesControllerService":null},"renderType":"text","renderOptions":{},"selected":true,"inputProperty":true,"templateProperty":null,"nameKey":"NiFi Flow-Database-System feed name","idKey":"203cb983-967c-402f-9457-f44ee6b54d03-2567efe0-b28d-46c2-8e3d-654610b35123-System feed name"},{"processGroupName":"NiFi Flow","processorName":"Filesystem","processorId":"1f67e296-2ff8-4b5d-9ac1-cc0736e7a085","processGroupId":"203cb983-967c-402f-9457-f44ee6b54d03","processorType":"org.apache.nifi.processors.standard.GetFile","key":"File Filter","value":"mydata\\d{1,3}.csv","templateValue":"mydata\\d{1,3}.csv","userEditable":true,"expressionProperties":null,"propertyDescriptor":{"name":"File Filter","displayName":"File Filter","description":"Only files whose names match the given regular expression will be picked up","defaultValue":"[^\\.].*","allowableValues":null,"required":true,"sensitive":false,"dynamic":false,"supportsEl":false,"identifiesControllerService":null},"renderType":"text","renderOptions":{},"selected":true,"inputProperty":true,"templateProperty":null,"nameKey":"NiFi Flow-Filesystem-File Filter","idKey":"203cb983-967c-402f-9457-f44ee6b54d03-1f67e296-2ff8-4b5d-9ac1-cc0736e7a085-File Filter"},{"processGroupName":"NiFi Flow","processorName":"Filesystem","processorId":"1f67e296-2ff8-4b5d-9ac1-cc0736e7a085","processGroupId":"203cb983-967c-402f-9457-f44ee6b54d03","processorType":"org.apache.nifi.processors.standard.GetFile","key":"Input Directory","value":"/var/dropzone","templateValue":"/var/dropzone","userEditable":true,"expressionProperties":null,"propertyDescriptor":{"name":"Input Directory","displayName":"Input Directory","description":"The input directory from which to pull files","defaultValue":null,"allowableValues":null,"required":true,"sensitive":false,"dynamic":false,"supportsEl":true,"identifiesControllerService":null},"renderType":"text","renderOptions":{},"selected":true,"inputProperty":true,"templateProperty":null,"nameKey":"NiFi Flow-Filesystem-Input Directory","idKey":"203cb983-967c-402f-9457-f44ee6b54d03-1f67e296-2ff8-4b5d-9ac1-cc0736e7a085-Input Directory"},{"processGroupName":"NiFi Flow","processorName":"TriggerCleanup","processorId":"8501857c-7d1c-487a-96e7-e2ebbaec5d28","processGroupId":"203cb983-967c-402f-9457-f44ee6b54d03","processorType":"com.thinkbiganalytics.nifi.v2.metadata.TriggerCleanup","key":"System feed category","value":"${metadata.category.systemName}","templateValue":"${metadata.category.systemName}","userEditable":false,"expressionProperties":null,"propertyDescriptor":{"name":"System feed category","displayName":"System feed category","description":"The category name of this feed. The default is to have this name automatically set when the feed is created. Normally you do not need to change the default value.","defaultValue":"${metadata.category.systemName}","allowableValues":null,"required":true,"sensitive":false,"dynamic":false,"supportsEl":false,"identifiesControllerService":null},"renderType":"text","renderOptions":{},"selected":true,"inputProperty":true,"templateProperty":null,"nameKey":"NiFi Flow-TriggerCleanup-System feed category","idKey":"203cb983-967c-402f-9457-f44ee6b54d03-8501857c-7d1c-487a-96e7-e2ebbaec5d28-System feed category"},{"processGroupName":"NiFi Flow","processorName":"TriggerCleanup","processorId":"8501857c-7d1c-487a-96e7-e2ebbaec5d28","processGroupId":"203cb983-967c-402f-9457-f44ee6b54d03","processorType":"com.thinkbiganalytics.nifi.v2.metadata.TriggerCleanup","key":"System feed name","value":"${metadata.systemFeedName}","templateValue":"${metadata.systemFeedName}","userEditable":false,"expressionProperties":null,"propertyDescriptor":{"name":"System feed name","displayName":"System feed name","description":"The system name of this feed. The default is to have this name automatically set when the feed is created. Normally you do not need to change the default value.","defaultValue":"${metadata.systemFeedName}","allowableValues":null,"required":true,"sensitive":false,"dynamic":false,"supportsEl":false,"identifiesControllerService":null},"renderType":"text","renderOptions":{},"selected":true,"inputProperty":true,"templateProperty":null,"nameKey":"NiFi Flow-TriggerCleanup-System feed name","idKey":"203cb983-967c-402f-9457-f44ee6b54d03-8501857c-7d1c-487a-96e7-e2ebbaec5d28-System feed name"},{"processGroupName":"NiFi Flow","processorName":"Failed Input - Release High Water Mark","processorId":"020a9efe-8ae0-427b-b76b-0169671d9155","processGroupId":"203cb983-967c-402f-9457-f44ee6b54d03","processorType":"com.thinkbiganalytics.nifi.v2.core.watermark.ReleaseHighWaterMark","key":"System feed category","value":"${metadata.category.systemName}","templateValue":"${metadata.category.systemName}","userEditable":false,"expressionProperties":null,"propertyDescriptor":{"name":"System feed category","displayName":"System feed category","description":"System category of the feed this processor supports","defaultValue":"${metadata.category.systemName}","allowableValues":null,"required":true,"sensitive":false,"dynamic":false,"supportsEl":true,"identifiesControllerService":null},"renderType":"text","renderOptions":{},"selected":true,"inputProperty":false,"templateProperty":null,"nameKey":"NiFi Flow-Failed Input - Release High Water Mark-System feed category","idKey":"203cb983-967c-402f-9457-f44ee6b54d03-020a9efe-8ae0-427b-b76b-0169671d9155-System feed category"},{"processGroupName":"NiFi Flow","processorName":"Failed Input - Release High Water Mark","processorId":"020a9efe-8ae0-427b-b76b-0169671d9155","processGroupId":"203cb983-967c-402f-9457-f44ee6b54d03","processorType":"com.thinkbiganalytics.nifi.v2.core.watermark.ReleaseHighWaterMark","key":"System feed name","value":"${metadata.systemFeedName}","templateValue":"${metadata.systemFeedName}","userEditable":false,"expressionProperties":null,"propertyDescriptor":{"name":"System feed name","displayName":"System feed name","description":"Name of feed this processor supports","defaultValue":"${metadata.systemFeedName}","allowableValues":null,"required":true,"sensitive":false,"dynamic":false,"supportsEl":true,"identifiesControllerService":null},"renderType":"text","renderOptions":{},"selected":true,"inputProperty":false,"templateProperty":null,"nameKey":"NiFi Flow-Failed Input - Release High Water Mark-System feed name","idKey":"203cb983-967c-402f-9457-f44ee6b54d03-020a9efe-8ae0-427b-b76b-0169671d9155-System feed name"},{"processGroupName":"NiFi Flow","processorName":"Failed Input Processing","processorId":"0c6a8557-8fc8-4da8-bb89-cb4d8c0931ae","processGroupId":"203cb983-967c-402f-9457-f44ee6b54d03","processorType":"org.apache.nifi.processors.standard.PutFile","key":"Directory","value":"/tmp/${metadata.category.systemName}/${metadata.systemFeedName}/failure","templateValue":"/var/${metadata.category.systemName}/${metadata.systemFeedName}/failure","userEditable":false,"expressionProperties":null,"propertyDescriptor":{"name":"Directory","displayName":"Directory","description":"The directory to which files should be written. You may use expression language such as /aa/bb/${path}","defaultValue":null,"allowableValues":null,"required":true,"sensitive":false,"dynamic":false,"supportsEl":true,"identifiesControllerService":null},"renderType":"text","renderOptions":{},"selected":true,"inputProperty":false,"templateProperty":null,"nameKey":"NiFi Flow-Failed Input Processing-Directory","idKey":"203cb983-967c-402f-9457-f44ee6b54d03-0c6a8557-8fc8-4da8-bb89-cb4d8c0931ae-Directory"},{"processGroupName":"NiFi Flow","processorName":"Query database","processorId":"6aeabec7-ec36-4ed5-ac0d-15fed8be3248","processGroupId":"203cb983-967c-402f-9457-f44ee6b54d03","processorType":"com.thinkbiganalytics.nifi.v2.ingest.GetTableData","key":"Date Field","value":null,"templateValue":null,"userEditable":true,"expressionProperties":null,"propertyDescriptor":{"name":"Date Field","displayName":"Date Field","description":"Source field containing a modified date for tracking incremental load","defaultValue":null,"allowableValues":null,"required":false,"sensitive":false,"dynamic":false,"supportsEl":true,"identifiesControllerService":null},"renderType":"text","renderOptions":{},"selected":true,"inputProperty":false,"templateProperty":null,"nameKey":"NiFi Flow-Query database-Date Field","idKey":"203cb983-967c-402f-9457-f44ee6b54d03-6aeabec7-ec36-4ed5-ac0d-15fed8be3248-Date Field"},{"processGroupName":"NiFi Flow","processorName":"Query database","processorId":"6aeabec7-ec36-4ed5-ac0d-15fed8be3248","processGroupId":"203cb983-967c-402f-9457-f44ee6b54d03","processorType":"com.thinkbiganalytics.nifi.v2.ingest.GetTableData","key":"Load Strategy","value":"FULL_LOAD","templateValue":"FULL_LOAD","userEditable":true,"expressionProperties":null,"propertyDescriptor":{"name":"Load Strategy","displayName":"Load Strategy","description":"Whether to load the entire table or perform an incremental extract","defaultValue":"FULL_LOAD","allowableValues":[{"displayName":"FULL_LOAD","value":"FULL_LOAD","description":null},{"displayName":"INCREMENTAL","value":"INCREMENTAL","description":null}],"required":true,"sensitive":false,"dynamic":false,"supportsEl":false,"identifiesControllerService":null},"renderType":"select","renderOptions":{},"selected":true,"inputProperty":false,"templateProperty":null,"nameKey":"NiFi Flow-Query database-Load Strategy","idKey":"203cb983-967c-402f-9457-f44ee6b54d03-6aeabec7-ec36-4ed5-ac0d-15fed8be3248-Load Strategy"},{"processGroupName":"NiFi Flow","processorName":"Query database","processorId":"6aeabec7-ec36-4ed5-ac0d-15fed8be3248","processGroupId":"203cb983-967c-402f-9457-f44ee6b54d03","processorType":"com.thinkbiganalytics.nifi.v2.ingest.GetTableData","key":"Source Database Connection","value":"28ebe4b5-aeaf-4fe4-aacc-7a8aed0c7c1b","templateValue":"28ebe4b5-aeaf-4fe4-aacc-7a8aed0c7c1b","userEditable":true,"expressionProperties":null,"propertyDescriptor":{"name":"Source Database Connection","displayName":"Source Database Connection","description":"The database where the source table resides","defaultValue":null,"allowableValues":[{"displayName":"Example MySQL Connection Pool","value":"4688ee71-262c-46bc-af35-9e9825507160","description":null},{"displayName":"MySQL","value":"28ebe4b5-aeaf-4fe4-aacc-7a8aed0c7c1b","description":null}],"required":true,"sensitive":false,"dynamic":false,"supportsEl":false,"identifiesControllerService":"org.apache.nifi.dbcp.DBCPService"},"renderType":"select","renderOptions":{},"selected":true,"inputProperty":false,"templateProperty":null,"nameKey":"NiFi Flow-Query database-Source Database Connection","idKey":"203cb983-967c-402f-9457-f44ee6b54d03-6aeabec7-ec36-4ed5-ac0d-15fed8be3248-Source Database Connection"},{"processGroupName":"NiFi Flow","processorName":"Query database","processorId":"6aeabec7-ec36-4ed5-ac0d-15fed8be3248","processGroupId":"203cb983-967c-402f-9457-f44ee6b54d03","processorType":"com.thinkbiganalytics.nifi.v2.ingest.GetTableData","key":"Source Fields","value":"${metadata.table.sourceFields}","templateValue":"${metadata.table.sourceFields}","userEditable":false,"expressionProperties":null,"propertyDescriptor":{"name":"Source Fields","displayName":"Source Fields","description":"Field names (in order) to read from the source table. ie. the select fields. The format is separated by newline. Inconsistent order will cause corruption of the downstream Hive data.","defaultValue":"${metadata.table.sourceFields}","allowableValues":null,"required":true,"sensitive":false,"dynamic":false,"supportsEl":true,"identifiesControllerService":null},"renderType":"text","renderOptions":{},"selected":true,"inputProperty":false,"templateProperty":null,"nameKey":"NiFi Flow-Query database-Source Fields","idKey":"203cb983-967c-402f-9457-f44ee6b54d03-6aeabec7-ec36-4ed5-ac0d-15fed8be3248-Source Fields"},{"processGroupName":"NiFi Flow","processorName":"Query database","processorId":"6aeabec7-ec36-4ed5-ac0d-15fed8be3248","processGroupId":"203cb983-967c-402f-9457-f44ee6b54d03","processorType":"com.thinkbiganalytics.nifi.v2.ingest.GetTableData","key":"Source Table","value":"${metadata.table.sourceTableSchema.name}","templateValue":"${metadata.table.sourceTableSchema.name}","userEditable":false,"expressionProperties":null,"propertyDescriptor":{"name":"Source Table","displayName":"Source Table","description":"Name of table including schema (if applicable)","defaultValue":"${metadata.table.sourceTableSchema.name}","allowableValues":null,"required":true,"sensitive":false,"dynamic":false,"supportsEl":true,"identifiesControllerService":null},"renderType":"text","renderOptions":{},"selected":true,"inputProperty":false,"templateProperty":null,"nameKey":"NiFi Flow-Query database-Source Table","idKey":"203cb983-967c-402f-9457-f44ee6b54d03-6aeabec7-ec36-4ed5-ac0d-15fed8be3248-Source Table"},{"processGroupName":"NiFi Flow","processorName":"Query database","processorId":"6aeabec7-ec36-4ed5-ac0d-15fed8be3248","processGroupId":"203cb983-967c-402f-9457-f44ee6b54d03","processorType":"com.thinkbiganalytics.nifi.v2.ingest.GetTableData","key":"System feed category","value":"${metadata.category.systemName}","templateValue":"${metadata.category.systemName}","userEditable":false,"expressionProperties":null,"propertyDescriptor":{"name":"System feed category","displayName":"System feed category","description":"System category of the feed this processor supports","defaultValue":"${metadata.category.systemName}","allowableValues":null,"required":true,"sensitive":false,"dynamic":false,"supportsEl":true,"identifiesControllerService":null},"renderType":"text","renderOptions":{},"selected":true,"inputProperty":false,"templateProperty":null,"nameKey":"NiFi Flow-Query database-System feed category","idKey":"203cb983-967c-402f-9457-f44ee6b54d03-6aeabec7-ec36-4ed5-ac0d-15fed8be3248-System feed category"},{"processGroupName":"NiFi Flow","processorName":"Query database","processorId":"6aeabec7-ec36-4ed5-ac0d-15fed8be3248","processGroupId":"203cb983-967c-402f-9457-f44ee6b54d03","processorType":"com.thinkbiganalytics.nifi.v2.ingest.GetTableData","key":"System feed name","value":"${metadata.systemFeedName}","templateValue":"${metadata.systemFeedName}","userEditable":false,"expressionProperties":null,"propertyDescriptor":{"name":"System feed name","displayName":"System feed name","description":"Name of feed this processor supports","defaultValue":"${metadata.systemFeedName}","allowableValues":null,"required":true,"sensitive":false,"dynamic":false,"supportsEl":true,"identifiesControllerService":null},"renderType":"text","renderOptions":{},"selected":true,"inputProperty":false,"templateProperty":null,"nameKey":"NiFi Flow-Query database-System feed name","idKey":"203cb983-967c-402f-9457-f44ee6b54d03-6aeabec7-ec36-4ed5-ac0d-15fed8be3248-System feed name"},{"processGroupName":"NiFi Flow","processorName":"Update flow parameters","processorId":"7c627365-3d3a-4495-bac0-0cdcc230abe3","processGroupId":"203cb983-967c-402f-9457-f44ee6b54d03","processorType":"org.apache.nifi.processors.attributes.UpdateAttribute","key":"category","value":"${metadata.category.systemName}","templateValue":"${metadata.category.systemName}","userEditable":false,"expressionProperties":null,"propertyDescriptor":{"name":"category","displayName":"category","description":"","defaultValue":null,"allowableValues":null,"required":false,"sensitive":false,"dynamic":true,"supportsEl":true,"identifiesControllerService":null},"renderType":"text","renderOptions":{},"selected":true,"inputProperty":false,"templateProperty":null,"nameKey":"NiFi Flow-Update flow parameters-category","idKey":"203cb983-967c-402f-9457-f44ee6b54d03-7c627365-3d3a-4495-bac0-0cdcc230abe3-category"},{"processGroupName":"NiFi Flow","processorName":"Update flow parameters","processorId":"7c627365-3d3a-4495-bac0-0cdcc230abe3","processGroupId":"203cb983-967c-402f-9457-f44ee6b54d03","processorType":"org.apache.nifi.processors.attributes.UpdateAttribute","key":"feed","value":"${metadata.systemFeedName}","templateValue":"${metadata.systemFeedName}","userEditable":false,"expressionProperties":null,"propertyDescriptor":{"name":"feed","displayName":"feed","description":"","defaultValue":null,"allowableValues":null,"required":false,"sensitive":false,"dynamic":true,"supportsEl":true,"identifiesControllerService":null},"renderType":"text","renderOptions":{},"selected":true,"inputProperty":false,"templateProperty":null,"nameKey":"NiFi Flow-Update flow parameters-feed","idKey":"203cb983-967c-402f-9457-f44ee6b54d03-7c627365-3d3a-4495-bac0-0cdcc230abe3-feed"},{"processGroupName":"NiFi Flow","processorName":"Update flow parameters","processorId":"7c627365-3d3a-4495-bac0-0cdcc230abe3","processGroupId":"203cb983-967c-402f-9457-f44ee6b54d03","processorType":"org.apache.nifi.processors.attributes.UpdateAttribute","key":"hdfs.ingest.root","value":"${config.hdfs.ingest.root}","templateValue":"${config.hdfs.ingest.root}","userEditable":false,"expressionProperties":null,"propertyDescriptor":{"name":"hdfs.ingest.root","displayName":"hdfs.ingest.root","description":"","defaultValue":null,"allowableValues":null,"required":false,"sensitive":false,"dynamic":true,"supportsEl":true,"identifiesControllerService":null},"renderType":"text","renderOptions":{},"selected":true,"inputProperty":false,"templateProperty":null,"nameKey":"NiFi Flow-Update flow parameters-hdfs.ingest.root","idKey":"203cb983-967c-402f-9457-f44ee6b54d03-7c627365-3d3a-4495-bac0-0cdcc230abe3-hdfs.ingest.root"},{"processGroupName":"NiFi Flow","processorName":"Update flow parameters","processorId":"7c627365-3d3a-4495-bac0-0cdcc230abe3","processGroupId":"203cb983-967c-402f-9457-f44ee6b54d03","processorType":"org.apache.nifi.processors.attributes.UpdateAttribute","key":"hive.ingest.root","value":"${config.hive.ingest.root}","templateValue":"${config.hive.ingest.root}","userEditable":false,"expressionProperties":null,"propertyDescriptor":{"name":"hive.ingest.root","displayName":"hive.ingest.root","description":"","defaultValue":null,"allowableValues":null,"required":false,"sensitive":false,"dynamic":true,"supportsEl":true,"identifiesControllerService":null},"renderType":"text","renderOptions":{},"selected":true,"inputProperty":false,"templateProperty":null,"nameKey":"NiFi Flow-Update flow parameters-hive.ingest.root","idKey":"203cb983-967c-402f-9457-f44ee6b54d03-7c627365-3d3a-4495-bac0-0cdcc230abe3-hive.ingest.root"},{"processGroupName":"NiFi Flow","processorName":"Update flow parameters","processorId":"7c627365-3d3a-4495-bac0-0cdcc230abe3","processGroupId":"203cb983-967c-402f-9457-f44ee6b54d03","processorType":"org.apache.nifi.processors.attributes.UpdateAttribute","key":"hive.master.root","value":"${config.hive.master.root}","templateValue":"${config.hive.master.root}","userEditable":false,"expressionProperties":null,"propertyDescriptor":{"name":"hive.master.root","displayName":"hive.master.root","description":"","defaultValue":null,"allowableValues":null,"required":false,"sensitive":false,"dynamic":true,"supportsEl":true,"identifiesControllerService":null},"renderType":"text","renderOptions":{},"selected":true,"inputProperty":false,"templateProperty":null,"nameKey":"NiFi Flow-Update flow parameters-hive.master.root","idKey":"203cb983-967c-402f-9457-f44ee6b54d03-7c627365-3d3a-4495-bac0-0cdcc230abe3-hive.master.root"},{"processGroupName":"NiFi Flow","processorName":"Update flow parameters","processorId":"7c627365-3d3a-4495-bac0-0cdcc230abe3","processGroupId":"203cb983-967c-402f-9457-f44ee6b54d03","processorType":"org.apache.nifi.processors.attributes.UpdateAttribute","key":"hive.profile.root","value":"${config.hive.profile.root}","templateValue":"${config.hive.profile.root}","userEditable":false,"expressionProperties":null,"propertyDescriptor":{"name":"hive.profile.root","displayName":"hive.profile.root","description":"","defaultValue":null,"allowableValues":null,"required":false,"sensitive":false,"dynamic":true,"supportsEl":true,"identifiesControllerService":null},"renderType":"text","renderOptions":{},"selected":true,"inputProperty":false,"templateProperty":null,"nameKey":"NiFi Flow-Update flow parameters-hive.profile.root","idKey":"203cb983-967c-402f-9457-f44ee6b54d03-7c627365-3d3a-4495-bac0-0cdcc230abe3-hive.profile.root"},{"processGroupName":"NiFi Flow","processorName":"Update flow parameters","processorId":"7c627365-3d3a-4495-bac0-0cdcc230abe3","processGroupId":"203cb983-967c-402f-9457-f44ee6b54d03","processorType":"org.apache.nifi.processors.attributes.UpdateAttribute","key":"metadata.table.feedFormat","value":"${metadata.table.feedFormat}","templateValue":"${metadata.table.feedFormat}","userEditable":false,"expressionProperties":null,"propertyDescriptor":{"name":"metadata.table.feedFormat","displayName":"metadata.table.feedFormat","description":"","defaultValue":null,"allowableValues":null,"required":false,"sensitive":false,"dynamic":true,"supportsEl":true,"identifiesControllerService":null},"renderType":"text","renderOptions":{},"selected":true,"inputProperty":false,"templateProperty":null,"nameKey":"NiFi Flow-Update flow parameters-metadata.table.feedFormat","idKey":"203cb983-967c-402f-9457-f44ee6b54d03-7c627365-3d3a-4495-bac0-0cdcc230abe3-metadata.table.feedFormat"},{"processGroupName":"NiFi Flow","processorName":"Update flow parameters","processorId":"7c627365-3d3a-4495-bac0-0cdcc230abe3","processGroupId":"203cb983-967c-402f-9457-f44ee6b54d03","processorType":"org.apache.nifi.processors.attributes.UpdateAttribute","key":"metadata.table.fieldIndexString","value":"${metadata.table.fieldIndexString}","templateValue":"${metadata.table.fieldIndexString}","userEditable":false,"expressionProperties":null,"propertyDescriptor":{"name":"metadata.table.fieldIndexString","displayName":"metadata.table.fieldIndexString","description":"","defaultValue":null,"allowableValues":null,"required":false,"sensitive":false,"dynamic":true,"supportsEl":true,"identifiesControllerService":null},"renderType":"text","renderOptions":{},"selected":true,"inputProperty":false,"templateProperty":null,"nameKey":"NiFi Flow-Update flow parameters-metadata.table.fieldIndexString","idKey":"203cb983-967c-402f-9457-f44ee6b54d03-7c627365-3d3a-4495-bac0-0cdcc230abe3-metadata.table.fieldIndexString"},{"processGroupName":"NiFi Flow","processorName":"Update flow parameters","processorId":"7c627365-3d3a-4495-bac0-0cdcc230abe3","processGroupId":"203cb983-967c-402f-9457-f44ee6b54d03","processorType":"org.apache.nifi.processors.attributes.UpdateAttribute","key":"metadata.table.fieldPoliciesJson","value":"${metadata.table.fieldPoliciesJson}","templateValue":"${metadata.table.fieldPoliciesJson}","userEditable":false,"expressionProperties":null,"propertyDescriptor":{"name":"metadata.table.fieldPoliciesJson","displayName":"metadata.table.fieldPoliciesJson","description":"","defaultValue":null,"allowableValues":null,"required":false,"sensitive":false,"dynamic":true,"supportsEl":true,"identifiesControllerService":null},"renderType":"text","renderOptions":{},"selected":true,"inputProperty":false,"templateProperty":null,"nameKey":"NiFi Flow-Update flow parameters-metadata.table.fieldPoliciesJson","idKey":"203cb983-967c-402f-9457-f44ee6b54d03-7c627365-3d3a-4495-bac0-0cdcc230abe3-metadata.table.fieldPoliciesJson"},{"processGroupName":"NiFi Flow","processorName":"Update flow parameters","processorId":"7c627365-3d3a-4495-bac0-0cdcc230abe3","processGroupId":"203cb983-967c-402f-9457-f44ee6b54d03","processorType":"org.apache.nifi.processors.attributes.UpdateAttribute","key":"metadata.table.fieldStructure","value":"${metadata.table.fieldStructure}","templateValue":"${metadata.table.fieldStructure}","userEditable":false,"expressionProperties":null,"propertyDescriptor":{"name":"metadata.table.fieldStructure","displayName":"metadata.table.fieldStructure","description":"","defaultValue":null,"allowableValues":null,"required":false,"sensitive":false,"dynamic":true,"supportsEl":true,"identifiesControllerService":null},"renderType":"text","renderOptions":{},"selected":true,"inputProperty":false,"templateProperty":null,"nameKey":"NiFi Flow-Update flow parameters-metadata.table.fieldStructure","idKey":"203cb983-967c-402f-9457-f44ee6b54d03-7c627365-3d3a-4495-bac0-0cdcc230abe3-metadata.table.fieldStructure"},{"processGroupName":"NiFi Flow","processorName":"Update flow parameters","processorId":"7c627365-3d3a-4495-bac0-0cdcc230abe3","processGroupId":"203cb983-967c-402f-9457-f44ee6b54d03","processorType":"org.apache.nifi.processors.attributes.UpdateAttribute","key":"metadata.table.partitionSpecs","value":"${metadata.table.partitionSpecs}","templateValue":"${metadata.table.partitionSpecs}","userEditable":false,"expressionProperties":null,"propertyDescriptor":{"name":"metadata.table.partitionSpecs","displayName":"metadata.table.partitionSpecs","description":"","defaultValue":null,"allowableValues":null,"required":false,"sensitive":false,"dynamic":true,"supportsEl":true,"identifiesControllerService":null},"renderType":"text","renderOptions":{},"selected":true,"inputProperty":false,"templateProperty":null,"nameKey":"NiFi Flow-Update flow parameters-metadata.table.partitionSpecs","idKey":"203cb983-967c-402f-9457-f44ee6b54d03-7c627365-3d3a-4495-bac0-0cdcc230abe3-metadata.table.partitionSpecs"},{"processGroupName":"NiFi Flow","processorName":"Update flow parameters","processorId":"7c627365-3d3a-4495-bac0-0cdcc230abe3","processGroupId":"203cb983-967c-402f-9457-f44ee6b54d03","processorType":"org.apache.nifi.processors.attributes.UpdateAttribute","key":"metadata.table.partitionStructure","value":"${metadata.table.partitionStructure}","templateValue":"${metadata.table.partitionStructure}","userEditable":false,"expressionProperties":null,"propertyDescriptor":{"name":"metadata.table.partitionStructure","displayName":"metadata.table.partitionStructure","description":"","defaultValue":null,"allowableValues":null,"required":false,"sensitive":false,"dynamic":true,"supportsEl":true,"identifiesControllerService":null},"renderType":"text","renderOptions":{},"selected":true,"inputProperty":false,"templateProperty":null,"nameKey":"NiFi Flow-Update flow parameters-metadata.table.partitionStructure","idKey":"203cb983-967c-402f-9457-f44ee6b54d03-7c627365-3d3a-4495-bac0-0cdcc230abe3-metadata.table.partitionStructure"},{"processGroupName":"NiFi Flow","processorName":"Update flow parameters","processorId":"7c627365-3d3a-4495-bac0-0cdcc230abe3","processGroupId":"203cb983-967c-402f-9457-f44ee6b54d03","processorType":"org.apache.nifi.processors.attributes.UpdateAttribute","key":"metadata.table.targetFormat","value":"${metadata.table.targetFormat}","templateValue":"${metadata.table.targetFormat}","userEditable":false,"expressionProperties":null,"propertyDescriptor":{"name":"metadata.table.targetFormat","displayName":"metadata.table.targetFormat","description":"","defaultValue":null,"allowableValues":null,"required":false,"sensitive":false,"dynamic":true,"supportsEl":true,"identifiesControllerService":null},"renderType":"text","renderOptions":{},"selected":true,"inputProperty":false,"templateProperty":null,"nameKey":"NiFi Flow-Update flow parameters-metadata.table.targetFormat","idKey":"203cb983-967c-402f-9457-f44ee6b54d03-7c627365-3d3a-4495-bac0-0cdcc230abe3-metadata.table.targetFormat"},{"processGroupName":"NiFi Flow","processorName":"Update flow parameters","processorId":"7c627365-3d3a-4495-bac0-0cdcc230abe3","processGroupId":"203cb983-967c-402f-9457-f44ee6b54d03","processorType":"org.apache.nifi.processors.attributes.UpdateAttribute","key":"metadata.table.targetMergeStrategy","value":"${metadata.table.targetMergeStrategy}","templateValue":"${metadata.table.targetMergeStrategy}","userEditable":false,"expressionProperties":null,"propertyDescriptor":{"name":"metadata.table.targetMergeStrategy","displayName":"metadata.table.targetMergeStrategy","description":"","defaultValue":null,"allowableValues":null,"required":false,"sensitive":false,"dynamic":true,"supportsEl":true,"identifiesControllerService":null},"renderType":"text","renderOptions":{},"selected":true,"inputProperty":false,"templateProperty":null,"nameKey":"NiFi Flow-Update flow parameters-metadata.table.targetMergeStrategy","idKey":"203cb983-967c-402f-9457-f44ee6b54d03-7c627365-3d3a-4495-bac0-0cdcc230abe3-metadata.table.targetMergeStrategy"},{"processGroupName":"NiFi Flow","processorName":"Update flow parameters","processorId":"7c627365-3d3a-4495-bac0-0cdcc230abe3","processGroupId":"203cb983-967c-402f-9457-f44ee6b54d03","processorType":"org.apache.nifi.processors.attributes.UpdateAttribute","key":"metadata.table.targetTblProperties","value":"${metadata.table.targetTblProperties}","templateValue":"${metadata.table.targetTblProperties}","userEditable":false,"expressionProperties":null,"propertyDescriptor":{"name":"metadata.table.targetTblProperties","displayName":"metadata.table.targetTblProperties","description":"","defaultValue":null,"allowableValues":null,"required":false,"sensitive":false,"dynamic":true,"supportsEl":true,"identifiesControllerService":null},"renderType":"text","renderOptions":{},"selected":true,"inputProperty":false,"templateProperty":null,"nameKey":"NiFi Flow-Update flow parameters-metadata.table.targetTblProperties","idKey":"203cb983-967c-402f-9457-f44ee6b54d03-7c627365-3d3a-4495-bac0-0cdcc230abe3-metadata.table.targetTblProperties"},{"processGroupName":"NiFi Flow","processorName":"Update flow parameters","processorId":"7c627365-3d3a-4495-bac0-0cdcc230abe3","processGroupId":"203cb983-967c-402f-9457-f44ee6b54d03","processorType":"org.apache.nifi.processors.attributes.UpdateAttribute","key":"skipHeader","value":"${metadata.options.skipHeader}","templateValue":"${metadata.options.skipHeader}","userEditable":false,"expressionProperties":null,"propertyDescriptor":{"name":"skipHeader","displayName":"skipHeader","description":"","defaultValue":null,"allowableValues":null,"required":false,"sensitive":false,"dynamic":true,"supportsEl":true,"identifiesControllerService":null},"renderType":"text","renderOptions":{},"selected":true,"inputProperty":false,"templateProperty":null,"nameKey":"NiFi Flow-Update flow parameters-skipHeader","idKey":"203cb983-967c-402f-9457-f44ee6b54d03-7c627365-3d3a-4495-bac0-0cdcc230abe3-skipHeader"}],"nonInputProcessors":null,"inputProcessors":[{"type":"org.apache.nifi.processors.standard.GetFile","name":"Filesystem","id":"1f67e296-2ff8-4b5d-9ac1-cc0736e7a085","groupName":"NiFi Flow","groupId":"203cb983-967c-402f-9457-f44ee6b54d03","inputProcessor":true,"userDefinedInputProcessor":false,"properties":[{"processGroupName":"NiFi Flow","processorName":"Filesystem","processorId":"1f67e296-2ff8-4b5d-9ac1-cc0736e7a085","processGroupId":"203cb983-967c-402f-9457-f44ee6b54d03","processorType":"org.apache.nifi.processors.standard.GetFile","key":"File Filter","value":"mydata\\d{1,3}.csv","templateValue":"mydata\\d{1,3}.csv","userEditable":true,"expressionProperties":null,"propertyDescriptor":{"name":"File Filter","displayName":"File Filter","description":"Only files whose names match the given regular expression will be picked up","defaultValue":"[^\\.].*","allowableValues":null,"required":true,"sensitive":false,"dynamic":false,"supportsEl":false,"identifiesControllerService":null},"renderType":"text","renderOptions":{},"selected":true,"inputProperty":true,"templateProperty":null,"nameKey":"NiFi Flow-Filesystem-File Filter","idKey":"203cb983-967c-402f-9457-f44ee6b54d03-1f67e296-2ff8-4b5d-9ac1-cc0736e7a085-File Filter"},{"processGroupName":"NiFi Flow","processorName":"Filesystem","processorId":"1f67e296-2ff8-4b5d-9ac1-cc0736e7a085","processGroupId":"203cb983-967c-402f-9457-f44ee6b54d03","processorType":"org.apache.nifi.processors.standard.GetFile","key":"Input Directory","value":"/var/dropzone","templateValue":"/var/dropzone","userEditable":true,"expressionProperties":null,"propertyDescriptor":{"name":"Input Directory","displayName":"Input Directory","description":"The input directory from which to pull files","defaultValue":null,"allowableValues":null,"required":true,"sensitive":false,"dynamic":false,"supportsEl":true,"identifiesControllerService":null},"renderType":"text","renderOptions":{},"selected":true,"inputProperty":true,"templateProperty":null,"nameKey":"NiFi Flow-Filesystem-Input Directory","idKey":"203cb983-967c-402f-9457-f44ee6b54d03-1f67e296-2ff8-4b5d-9ac1-cc0736e7a085-Input Directory"}]},{"type":"com.thinkbiganalytics.nifi.v2.core.watermark.LoadHighWaterMark","name":"Database","id":"2567efe0-b28d-46c2-8e3d-654610b35123","groupName":"NiFi Flow","groupId":"203cb983-967c-402f-9457-f44ee6b54d03","inputProcessor":true,"userDefinedInputProcessor":false,"properties":[{"processGroupName":"NiFi Flow","processorName":"Database","processorId":"2567efe0-b28d-46c2-8e3d-654610b35123","processGroupId":"203cb983-967c-402f-9457-f44ee6b54d03","processorType":"com.thinkbiganalytics.nifi.v2.core.watermark.LoadHighWaterMark","key":"System feed category","value":"${metadata.category.systemName}","templateValue":"${metadata.category.systemName}","userEditable":false,"expressionProperties":null,"propertyDescriptor":{"name":"System feed category","displayName":"System feed category","description":"System category of the feed this processor supports","defaultValue":"${metadata.category.systemName}","allowableValues":null,"required":true,"sensitive":false,"dynamic":false,"supportsEl":true,"identifiesControllerService":null},"renderType":"text","renderOptions":{},"selected":true,"inputProperty":true,"templateProperty":null,"nameKey":"NiFi Flow-Database-System feed category","idKey":"203cb983-967c-402f-9457-f44ee6b54d03-2567efe0-b28d-46c2-8e3d-654610b35123-System feed category"},{"processGroupName":"NiFi Flow","processorName":"Database","processorId":"2567efe0-b28d-46c2-8e3d-654610b35123","processGroupId":"203cb983-967c-402f-9457-f44ee6b54d03","processorType":"com.thinkbiganalytics.nifi.v2.core.watermark.LoadHighWaterMark","key":"System feed name","value":"${metadata.systemFeedName}","templateValue":"${metadata.systemFeedName}","userEditable":false,"expressionProperties":null,"propertyDescriptor":{"name":"System feed name","displayName":"System feed name","description":"Name of feed this processor supports","defaultValue":"${metadata.systemFeedName}","allowableValues":null,"required":true,"sensitive":false,"dynamic":false,"supportsEl":true,"identifiesControllerService":null},"renderType":"text","renderOptions":{},"selected":true,"inputProperty":true,"templateProperty":null,"nameKey":"NiFi Flow-Database-System feed name","idKey":"203cb983-967c-402f-9457-f44ee6b54d03-2567efe0-b28d-46c2-8e3d-654610b35123-System feed name"}]}],"id":"8e0a3cf0-292e-4b50-8609-e39a396cea27","nifiTemplateId":"894f4efa-e398-4933-afbe-8bf488306749","templateName":"Data Ingest","updateDate":1477021266344,"createDate":1466629796656,"icon":"input","iconColor":"#66BB6A","description":"Data Ingest","defineTable":true,"reusableTemplate":false,"reusableTemplateConnections":[{"feedOutputPortName":"to-standard-cleanup","reusableTemplateInputPortName":"standard-cleanup","inputPortDisplayName":"standard-cleanup"},{"feedOutputPortName":"to-standard-ingest","reusableTemplateInputPortName":"standard-ingest","inputPortDisplayName":"standard-ingest"}],"allowPreconditions":false,"dataTransformation":false}