{"owner":{"displayName":"Data Lake Administrator","email":null,"enabled":true,"groups":["admin","user"],"systemName":"dladmin"},"allowedActions":{"actions":[{"systemName":"accessFeed","actions":[{"systemName":"editFeedSummary"},{"systemName":"accessFeedDetails","actions":[{"systemName":"editFeedDetails"},{"systemName":"deleteFeed"},{"systemName":"enableFeed"},{"systemName":"exportFeed"}]},{"systemName":"accessFeedOperations"},{"systemName":"changeFeedPermissions"}]}]},"id":"22d32d33-6375-426d-82ad-192b02444a9b","feedId":"22d32d33-6375-426d-82ad-192b02444a9b","templateId":"31212504-a9b9-46c7-9326-1a581cd8782f","inputProcessorType":"org.apache.nifi.jms.processors.ConsumeJMS","inputProcessorName":"Receive index request","templateName":"Index Text Service","properties":[{"processGroupName":"NiFi Flow","processorName":"Wait for reindex of partition","processorId":"9589ffc7-acbf-3169-0000-000000000000","processGroupId":"110fdeec-2233-324c-0000-000000000000","processorType":"org.apache.nifi.processors.standard.Wait","key":"expiration-duration","value":"15 min","expressionProperties":null,"propertyDescriptor":{"name":"expiration-duration","displayName":"Expiration Duration","description":"Indicates the duration after which waiting FlowFiles will be routed to the 'expired' relationship","defaultValue":"10 min","allowableValues":null,"required":true,"sensitive":false,"dynamic":false,"supportsEl":false,"identifiesControllerService":null},"templateValue":null,"userEditable":true,"renderType":"text","renderOptions":null,"selected":false,"inputProperty":false,"containsConfigurationVariables":false,"sensitive":false,"required":true,"templateProperty":null,"nameKey":"NiFi Flow-Wait for reindex of partition-expiration-duration","idKey":"110fdeec-2233-324c-0000-000000000000-9589ffc7-acbf-3169-0000-000000000000-expiration-duration","processorNameTypeKey":"Wait for reindex of partition-org.apache.nifi.processors.standard.Wait-expiration-duration"}],"schedule":{"processorId":null,"schedulingPeriod":"5 sec","schedulingStrategy":"TIMER_DRIVEN","concurrentTasks":1,"executionNode":null,"preconditions":null},"feedName":"Index Text Service","systemFeedName":"index_text_service","description":"Index data for a feed (with history support) - v1","tags":[{"name":"search"},{"name":"kylo"},{"name":"reindex"},{"name":"index"},{"name":"historical processing"},{"name":"history"}],"dataOwner":"kylo","category":{"owner":null,"allowedActions":null,"roleMemberships":[],"feedRoleMemberships":[],"id":"0e078d2c-1afd-426a-951c-6d557b437b6c","name":"System","systemName":"system","icon":"cloud","iconColor":"#FFCA28","description":"System Data","allowIndexing":false,"securityGroups":null,"userFields":null,"userProperties":null,"relatedFeeds":0,"createDate":1512427952431,"updateDate":1518834424644},"table":{"fieldStructure":"","existingTableName":null,"tableSchema":{"name":null,"description":null,"charset":null,"properties":{},"fields":[],"schemaName":null,"databaseName":null,"id":null},"sourceTableSchema":{"name":"NA","description":null,"charset":null,"properties":{},"fields":[],"schemaName":null,"databaseName":null,"id":null},"feedTableSchema":{"name":null,"description":null,"charset":null,"properties":{},"fields":[],"schemaName":null,"databaseName":null,"id":null},"method":"SAMPLE_FILE","description":"","fieldPolicies":[],"partitions":[],"tableType":null,"incrementalDateField":null,"sourceTableIncrementalDateField":null,"options":{"compress":false,"auditLogging":true,"encrypt":false,"trackHistory":false,"compressionFormat":null},"feedFormat":"ROW FORMAT SERDE 'org.apache.hadoop.hive.serde2.OpenCSVSerde' WITH SERDEPROPERTIES ( 'separatorChar' = ',' ,'escapeChar' = '\\\\' ,'quoteChar' = '\"') STORED AS TEXTFILE","targetFormat":null,"targetTblProperties":"","targetMergeStrategy":"DEDUPE_AND_MERGE","fieldPoliciesJson":"[]","fieldIndexString":"","partitionStructure":"","partitionSpecs":"","fieldsString":"","sourceFields":"NA","sourceFieldsCommaString":"NA","feedFieldStructure":"","nullableFields":"","primaryKeyFields":"","sourceTargetFieldMap":{},"targetSourceFieldMap":{}},"createDate":1518833271950,"updateDate":1518833271950,"dataTransformation":{"chartViewModel":null,"datasourceIds":null,"dataTransformScript":null,"sql":null,"states":[]},"active":true,"state":"ENABLED","nifiProcessGroupId":"a196e962-0161-1000-2ae3-fa9956e9ca70","options":{"skipHeader":false},"registeredTemplate":{"owner":{"displayName":"Data Lake Administrator","email":null,"enabled":true,"groups":["admin","user"],"systemName":"dladmin"},"allowedActions":{"actions":[{"systemName":"accessTemplate","actions":[{"systemName":"editTemplate"},{"systemName":"deleteTemplate"},{"systemName":"exportTemplate"},{"systemName":"createFeedFromTemplate"},{"systemName":"changeTemplatePermissions"}]}]},"roleMemberships":[],"feedRoleMemberships":[],"properties":[{"processGroupName":"NiFi Flow","processorName":"Set job parameters","processorId":"3e300b09-02a0-3116-3693-85d44bcc3ca7","processGroupId":"a1741e92-0161-1000-3a80-d4bcb20dabd7","processorType":"org.apache.nifi.processors.attributes.UpdateAttribute","key":"searchengine","value":"${config.search.engine}","expressionProperties":null,"propertyDescriptor":{"name":"searchengine","displayName":"searchengine","description":"","defaultValue":null,"allowableValues":null,"required":false,"sensitive":false,"dynamic":true,"supportsEl":true,"identifiesControllerService":null},"templateValue":"${config.search.engine}","userEditable":false,"renderType":"text","renderOptions":{},"selected":true,"inputProperty":false,"containsConfigurationVariables":false,"sensitive":false,"required":false,"templateProperty":null,"nameKey":"NiFi Flow-Set job parameters-searchengine","idKey":"a1741e92-0161-1000-3a80-d4bcb20dabd7-3e300b09-02a0-3116-3693-85d44bcc3ca7-searchengine","processorNameTypeKey":"Set job parameters-org.apache.nifi.processors.attributes.UpdateAttribute-searchengine"},{"processGroupName":"NiFi Flow","processorName":"Wait for reindex of partition","processorId":"9589ffc7-acbf-3169-515e-b3768a05ecbd","processGroupId":"a1741e92-0161-1000-3a80-d4bcb20dabd7","processorType":"org.apache.nifi.processors.standard.Wait","key":"expiration-duration","value":"15 min","expressionProperties":null,"propertyDescriptor":{"name":"expiration-duration","displayName":"Expiration Duration","description":"Indicates the duration after which waiting FlowFiles will be routed to the 'expired' relationship","defaultValue":"10 min","allowableValues":null,"required":true,"sensitive":false,"dynamic":false,"supportsEl":false,"identifiesControllerService":null},"templateValue":"15 min","userEditable":true,"renderType":"text","renderOptions":{},"selected":true,"inputProperty":false,"containsConfigurationVariables":false,"sensitive":false,"required":true,"templateProperty":null,"nameKey":"NiFi Flow-Wait for reindex of partition-expiration-duration","idKey":"a1741e92-0161-1000-3a80-d4bcb20dabd7-9589ffc7-acbf-3169-515e-b3768a05ecbd-expiration-duration","processorNameTypeKey":"Wait for reindex of partition-org.apache.nifi.processors.standard.Wait-expiration-duration"},{"processGroupName":"NiFi Flow","processorName":"[ES] Index data","processorId":"9b6f665e-ee91-35ba-b1f0-898164986ded","processGroupId":"a1741e92-0161-1000-3a80-d4bcb20dabd7","processorType":"org.apache.nifi.processors.elasticsearch.PutElasticsearchHttp","key":"elasticsearch-http-url","value":"${config.search.es.rest.url}","expressionProperties":null,"propertyDescriptor":{"name":"elasticsearch-http-url","displayName":"Elasticsearch URL","description":"Elasticsearch URL which will be connected to, including scheme (http, e.g.), host, and port. The default port for the REST API is 9200.","defaultValue":null,"allowableValues":null,"required":true,"sensitive":false,"dynamic":false,"supportsEl":true,"identifiesControllerService":null},"templateValue":"${config.search.es.rest.url}","userEditable":false,"renderType":"text","renderOptions":{},"selected":true,"inputProperty":false,"containsConfigurationVariables":false,"sensitive":false,"required":true,"templateProperty":null,"nameKey":"NiFi Flow-[ES] Index data-elasticsearch-http-url","idKey":"a1741e92-0161-1000-3a80-d4bcb20dabd7-9b6f665e-ee91-35ba-b1f0-898164986ded-elasticsearch-http-url","processorNameTypeKey":"[ES] Index data-org.apache.nifi.processors.elasticsearch.PutElasticsearchHttp-elasticsearch-http-url"},{"processGroupName":"NiFi Flow","processorName":"[Solr] Index data","processorId":"27421edc-64ca-3422-b933-00bdf496e37d","processGroupId":"a1741e92-0161-1000-3a80-d4bcb20dabd7","processorType":"org.apache.nifi.processors.solr.PutSolrContentStream","key":"Solr Location","value":"${config.search.solr.url}","expressionProperties":null,"propertyDescriptor":{"name":"Solr Location","displayName":"Solr Location","description":"The Solr url for a Solr Type of Standard (ex: http://localhost:8984/solr/gettingstarted), or the ZooKeeper hosts for a Solr Type of Cloud (ex: localhost:9983).","defaultValue":null,"allowableValues":null,"required":true,"sensitive":false,"dynamic":false,"supportsEl":true,"identifiesControllerService":null},"templateValue":"${config.search.solr.url}","userEditable":false,"renderType":"text","renderOptions":{},"selected":true,"inputProperty":false,"containsConfigurationVariables":false,"sensitive":false,"required":true,"templateProperty":null,"nameKey":"NiFi Flow-[Solr] Index data-Solr Location","idKey":"a1741e92-0161-1000-3a80-d4bcb20dabd7-27421edc-64ca-3422-b933-00bdf496e37d-Solr Location","processorNameTypeKey":"[Solr] Index data-org.apache.nifi.processors.solr.PutSolrContentStream-Solr Location"}],"nonInputProcessors":[{"properties":[{"processGroupName":"NiFi Flow","processorName":"[ES] Index data","processorId":"9b6f665e-ee91-35ba-b1f0-898164986ded","processGroupId":"a1741e92-0161-1000-3a80-d4bcb20dabd7","processorType":"org.apache.nifi.processors.elasticsearch.PutElasticsearchHttp","key":"elasticsearch-http-url","value":"${config.search.es.rest.url}","expressionProperties":null,"propertyDescriptor":{"name":"elasticsearch-http-url","displayName":"Elasticsearch URL","description":"Elasticsearch URL which will be connected to, including scheme (http, e.g.), host, and port. The default port for the REST API is 9200.","defaultValue":null,"allowableValues":null,"required":true,"sensitive":false,"dynamic":false,"supportsEl":true,"identifiesControllerService":null},"templateValue":"${config.search.es.rest.url}","userEditable":false,"renderType":"text","renderOptions":{},"selected":true,"inputProperty":false,"containsConfigurationVariables":false,"sensitive":false,"required":true,"templateProperty":null,"nameKey":"NiFi Flow-[ES] Index data-elasticsearch-http-url","idKey":"a1741e92-0161-1000-3a80-d4bcb20dabd7-9b6f665e-ee91-35ba-b1f0-898164986ded-elasticsearch-http-url","processorNameTypeKey":"[ES] Index data-org.apache.nifi.processors.elasticsearch.PutElasticsearchHttp-elasticsearch-http-url"}],"type":"org.apache.nifi.processors.elasticsearch.PutElasticsearchHttp","name":"[ES] Index data","id":"9b6f665e-ee91-35ba-b1f0-898164986ded","groupName":"NiFi Flow","groupId":"a1741e92-0161-1000-3a80-d4bcb20dabd7","inputProcessor":false,"userDefinedInputProcessor":false},{"properties":[{"processGroupName":"NiFi Flow","processorName":"Set job parameters","processorId":"3e300b09-02a0-3116-3693-85d44bcc3ca7","processGroupId":"a1741e92-0161-1000-3a80-d4bcb20dabd7","processorType":"org.apache.nifi.processors.attributes.UpdateAttribute","key":"searchengine","value":"${config.search.engine}","expressionProperties":null,"propertyDescriptor":{"name":"searchengine","displayName":"searchengine","description":"","defaultValue":null,"allowableValues":null,"required":false,"sensitive":false,"dynamic":true,"supportsEl":true,"identifiesControllerService":null},"templateValue":"${config.search.engine}","userEditable":false,"renderType":"text","renderOptions":{},"selected":true,"inputProperty":false,"containsConfigurationVariables":false,"sensitive":false,"required":false,"templateProperty":null,"nameKey":"NiFi Flow-Set job parameters-searchengine","idKey":"a1741e92-0161-1000-3a80-d4bcb20dabd7-3e300b09-02a0-3116-3693-85d44bcc3ca7-searchengine","processorNameTypeKey":"Set job parameters-org.apache.nifi.processors.attributes.UpdateAttribute-searchengine"}],"type":"org.apache.nifi.processors.attributes.UpdateAttribute","name":"Set job parameters","id":"3e300b09-02a0-3116-3693-85d44bcc3ca7","groupName":"NiFi Flow","groupId":"a1741e92-0161-1000-3a80-d4bcb20dabd7","inputProcessor":false,"userDefinedInputProcessor":false},{"properties":[{"processGroupName":"NiFi Flow","processorName":"Wait for reindex of partition","processorId":"9589ffc7-acbf-3169-515e-b3768a05ecbd","processGroupId":"a1741e92-0161-1000-3a80-d4bcb20dabd7","processorType":"org.apache.nifi.processors.standard.Wait","key":"expiration-duration","value":"15 min","expressionProperties":null,"propertyDescriptor":{"name":"expiration-duration","displayName":"Expiration Duration","description":"Indicates the duration after which waiting FlowFiles will be routed to the 'expired' relationship","defaultValue":"10 min","allowableValues":null,"required":true,"sensitive":false,"dynamic":false,"supportsEl":false,"identifiesControllerService":null},"templateValue":"15 min","userEditable":true,"renderType":"text","renderOptions":{},"selected":true,"inputProperty":false,"containsConfigurationVariables":false,"sensitive":false,"required":true,"templateProperty":null,"nameKey":"NiFi Flow-Wait for reindex of partition-expiration-duration","idKey":"a1741e92-0161-1000-3a80-d4bcb20dabd7-9589ffc7-acbf-3169-515e-b3768a05ecbd-expiration-duration","processorNameTypeKey":"Wait for reindex of partition-org.apache.nifi.processors.standard.Wait-expiration-duration"}],"type":"org.apache.nifi.processors.standard.Wait","name":"Wait for reindex of partition","id":"9589ffc7-acbf-3169-515e-b3768a05ecbd","groupName":"NiFi Flow","groupId":"a1741e92-0161-1000-3a80-d4bcb20dabd7","inputProcessor":false,"userDefinedInputProcessor":false},{"properties":[{"processGroupName":"NiFi Flow","processorName":"[Solr] Index data","processorId":"27421edc-64ca-3422-b933-00bdf496e37d","processGroupId":"a1741e92-0161-1000-3a80-d4bcb20dabd7","processorType":"org.apache.nifi.processors.solr.PutSolrContentStream","key":"Solr Location","value":"${config.search.solr.url}","expressionProperties":null,"propertyDescriptor":{"name":"Solr Location","displayName":"Solr Location","description":"The Solr url for a Solr Type of Standard (ex: http://localhost:8984/solr/gettingstarted), or the ZooKeeper hosts for a Solr Type of Cloud (ex: localhost:9983).","defaultValue":null,"allowableValues":null,"required":true,"sensitive":false,"dynamic":false,"supportsEl":true,"identifiesControllerService":null},"templateValue":"${config.search.solr.url}","userEditable":false,"renderType":"text","renderOptions":{},"selected":true,"inputProperty":false,"containsConfigurationVariables":false,"sensitive":false,"required":true,"templateProperty":null,"nameKey":"NiFi Flow-[Solr] Index data-Solr Location","idKey":"a1741e92-0161-1000-3a80-d4bcb20dabd7-27421edc-64ca-3422-b933-00bdf496e37d-Solr Location","processorNameTypeKey":"[Solr] Index data-org.apache.nifi.processors.solr.PutSolrContentStream-Solr Location"}],"type":"org.apache.nifi.processors.solr.PutSolrContentStream","name":"[Solr] Index data","id":"27421edc-64ca-3422-b933-00bdf496e37d","groupName":"NiFi Flow","groupId":"a1741e92-0161-1000-3a80-d4bcb20dabd7","inputProcessor":false,"userDefinedInputProcessor":false}],"inputProcessors":[{"properties":[],"type":"org.apache.nifi.jms.processors.ConsumeJMS","name":"Receive index request","id":"15439c15-68b1-3fc6-0000-000000000000","groupName":null,"groupId":"110fdeec-2233-324c-0000-000000000000","inputProcessor":true,"userDefinedInputProcessor":false}],"id":"31212504-a9b9-46c7-9326-1a581cd8782f","nifiTemplateId":"001b98c6-c6d2-4fc5-8d1b-25eb5629f0c9","templateName":"Index Text Service","updateDate":1518833271950,"createDate":1518833266495,"icon":"find_replace","iconColor":"#FF8A65","description":"Global Text Index Service","state":"ENABLED","defineTable":false,"reusableTemplate":false,"reusableTemplateConnections":[],"registeredDatasourceDefinitions":[{"processorType":"org.apache.nifi.jms.processors.ConsumeJMS","processorName":"Receive index request","processorId":"15439c15-68b1-3fc6-0000-000000000000","datasourceDefinition":{"processorType":"org.apache.nifi.jms.processors.ConsumeJMS","connectionType":"SOURCE","datasourcePropertyKeys":["Destination Name"],"datasourceType":"JMSDatasource","identityString":"${Destination Name}","description":null,"title":"${Destination Name}"}}],"order":1,"templateOrder":null,"feedsCount":1,"templateTableOption":"NO_TABLE","timeBetweenStartingBatchJobs":1000,"stream":false,"allowPreconditions":false,"dataTransformation":false,"isStream":false},"userProperties":[{"description":null,"displayName":null,"order":null,"required":null,"systemName":"kylo-history-reindex-support","locked":false,"value":"true"}],"allowIndexing":true,"historyReindexingStatus":"NEVER_RUN","new":false,"categoryId":"0e078d2c-1afd-426a-951c-6d557b437b6c","categoryName":"System","categoryAndFeedDisplayName":"System.Index Text Service","systemCategoryName":"system","categoryIcon":"cloud","categoryIconColor":"#FFCA28","reusableFeed":false}