<?xml version="1.0" ?>
<template encoding-version="1.1">
  <description>Kylo Template - Index data for a feed (with history support) - v1</description>
  <groupId>2afb0f05-015e-1000-1754-6d235a2c59d2</groupId>
  <name>Index Text Service</name>
  <snippet>
    <connections>
      <id>8153e604-734a-392d-0000-000000000000</id>
      <parentGroupId>110fdeec-2233-324c-0000-000000000000</parentGroupId>
      <backPressureDataSizeThreshold>1 GB</backPressureDataSizeThreshold>
      <backPressureObjectThreshold>10000</backPressureObjectThreshold>
      <destination>
        <groupId>110fdeec-2233-324c-0000-000000000000</groupId>
        <id>d9062a28-acb6-3dca-0000-000000000000</id>
        <type>PROCESSOR</type>
      </destination>
      <flowFileExpiration>0 sec</flowFileExpiration>
      <labelIndex>1</labelIndex>
      <name></name>
      <selectedRelationships>reindexOperation</selectedRelationships>
      <source>
        <groupId>110fdeec-2233-324c-0000-000000000000</groupId>
        <id>341c1aa8-2af1-30e8-0000-000000000000</id>
        <type>PROCESSOR</type>
      </source>
      <zIndex>0</zIndex>
    </connections>
    <connections>
      <id>8275a6b0-6d3e-33fd-0000-000000000000</id>
      <parentGroupId>110fdeec-2233-324c-0000-000000000000</parentGroupId>
      <backPressureDataSizeThreshold>1 GB</backPressureDataSizeThreshold>
      <backPressureObjectThreshold>10000</backPressureObjectThreshold>
      <destination>
        <groupId>110fdeec-2233-324c-0000-000000000000</groupId>
        <id>3e300b09-02a0-3116-0000-000000000000</id>
        <type>PROCESSOR</type>
      </destination>
      <flowFileExpiration>0 sec</flowFileExpiration>
      <labelIndex>1</labelIndex>
      <name></name>
      <selectedRelationships>success</selectedRelationships>
      <source>
        <groupId>110fdeec-2233-324c-0000-000000000000</groupId>
        <id>15439c15-68b1-3fc6-0000-000000000000</id>
        <type>PROCESSOR</type>
      </source>
      <zIndex>0</zIndex>
    </connections>
    <connections>
      <id>88ee8ecb-700c-325f-0000-000000000000</id>
      <parentGroupId>110fdeec-2233-324c-0000-000000000000</parentGroupId>
      <backPressureDataSizeThreshold>1 GB</backPressureDataSizeThreshold>
      <backPressureObjectThreshold>10000</backPressureObjectThreshold>
      <destination>
        <groupId>110fdeec-2233-324c-0000-000000000000</groupId>
        <id>341c1aa8-2af1-30e8-0000-000000000000</id>
        <type>PROCESSOR</type>
      </destination>
      <flowFileExpiration>0 sec</flowFileExpiration>
      <labelIndex>1</labelIndex>
      <name></name>
      <selectedRelationships>success</selectedRelationships>
      <source>
        <groupId>110fdeec-2233-324c-0000-000000000000</groupId>
        <id>7cdeb5bf-541b-30d4-0000-000000000000</id>
        <type>PROCESSOR</type>
      </source>
      <zIndex>0</zIndex>
    </connections>
    <connections>
      <id>a763ca7d-2af3-38d1-0000-000000000000</id>
      <parentGroupId>110fdeec-2233-324c-0000-000000000000</parentGroupId>
      <backPressureDataSizeThreshold>1 GB</backPressureDataSizeThreshold>
      <backPressureObjectThreshold>10000</backPressureObjectThreshold>
      <destination>
        <groupId>110fdeec-2233-324c-0000-000000000000</groupId>
        <id>37329733-81a9-3198-0000-000000000000</id>
        <type>PROCESSOR</type>
      </destination>
      <flowFileExpiration>0 sec</flowFileExpiration>
      <labelIndex>1</labelIndex>
      <name></name>
      <selectedRelationships>success</selectedRelationships>
      <source>
        <groupId>110fdeec-2233-324c-0000-000000000000</groupId>
        <id>60efc281-cc84-36f7-0000-000000000000</id>
        <type>PROCESSOR</type>
      </source>
      <zIndex>0</zIndex>
    </connections>
    <connections>
      <id>b4a8e125-19ad-38f8-0000-000000000000</id>
      <parentGroupId>110fdeec-2233-324c-0000-000000000000</parentGroupId>
      <backPressureDataSizeThreshold>1 GB</backPressureDataSizeThreshold>
      <backPressureObjectThreshold>10000</backPressureObjectThreshold>
      <destination>
        <groupId>110fdeec-2233-324c-0000-000000000000</groupId>
        <id>9589ffc7-acbf-3169-0000-000000000000</id>
        <type>PROCESSOR</type>
      </destination>
      <flowFileExpiration>0 sec</flowFileExpiration>
      <labelIndex>1</labelIndex>
      <name></name>
      <selectedRelationships>reindexOperation</selectedRelationships>
      <source>
        <groupId>110fdeec-2233-324c-0000-000000000000</groupId>
        <id>34b88fba-a252-3557-0000-000000000000</id>
        <type>PROCESSOR</type>
      </source>
      <zIndex>0</zIndex>
    </connections>
    <connections>
      <id>b726b60d-a246-328d-0000-000000000000</id>
      <parentGroupId>110fdeec-2233-324c-0000-000000000000</parentGroupId>
      <backPressureDataSizeThreshold>1 GB</backPressureDataSizeThreshold>
      <backPressureObjectThreshold>10000</backPressureObjectThreshold>
      <destination>
        <groupId>110fdeec-2233-324c-0000-000000000000</groupId>
        <id>c14ac65f-b80c-31fe-0000-000000000000</id>
        <type>PROCESSOR</type>
      </destination>
      <flowFileExpiration>0 sec</flowFileExpiration>
      <labelIndex>1</labelIndex>
      <name></name>
      <selectedRelationships>connection_failure</selectedRelationships>
      <selectedRelationships>failure</selectedRelationships>
      <source>
        <groupId>110fdeec-2233-324c-0000-000000000000</groupId>
        <id>27421edc-64ca-3422-0000-000000000000</id>
        <type>PROCESSOR</type>
      </source>
      <zIndex>0</zIndex>
    </connections>
    <connections>
      <id>c04897e6-ba28-3d7c-0000-000000000000</id>
      <parentGroupId>110fdeec-2233-324c-0000-000000000000</parentGroupId>
      <backPressureDataSizeThreshold>1 GB</backPressureDataSizeThreshold>
      <backPressureObjectThreshold>10000</backPressureObjectThreshold>
      <destination>
        <groupId>110fdeec-2233-324c-0000-000000000000</groupId>
        <id>ce657d07-8777-38a6-0000-000000000000</id>
        <type>PROCESSOR</type>
      </destination>
      <flowFileExpiration>0 sec</flowFileExpiration>
      <labelIndex>1</labelIndex>
      <name></name>
      <selectedRelationships>success</selectedRelationships>
      <source>
        <groupId>110fdeec-2233-324c-0000-000000000000</groupId>
        <id>3e300b09-02a0-3116-0000-000000000000</id>
        <type>PROCESSOR</type>
      </source>
      <zIndex>0</zIndex>
    </connections>
    <connections>
      <id>cbd4030e-541e-39ee-0000-000000000000</id>
      <parentGroupId>110fdeec-2233-324c-0000-000000000000</parentGroupId>
      <backPressureDataSizeThreshold>1 GB</backPressureDataSizeThreshold>
      <backPressureObjectThreshold>10000</backPressureObjectThreshold>
      <destination>
        <groupId>110fdeec-2233-324c-0000-000000000000</groupId>
        <id>341c1aa8-2af1-30e8-0000-000000000000</id>
        <type>PROCESSOR</type>
      </destination>
      <flowFileExpiration>0 sec</flowFileExpiration>
      <labelIndex>1</labelIndex>
      <name></name>
      <selectedRelationships>success</selectedRelationships>
      <source>
        <groupId>110fdeec-2233-324c-0000-000000000000</groupId>
        <id>9b6f665e-ee91-35ba-0000-000000000000</id>
        <type>PROCESSOR</type>
      </source>
      <zIndex>0</zIndex>
    </connections>
    <connections>
      <id>d98449b3-18a0-3b80-0000-000000000000</id>
      <parentGroupId>110fdeec-2233-324c-0000-000000000000</parentGroupId>
      <backPressureDataSizeThreshold>1 GB</backPressureDataSizeThreshold>
      <backPressureObjectThreshold>10000</backPressureObjectThreshold>
      <destination>
        <groupId>110fdeec-2233-324c-0000-000000000000</groupId>
        <id>341c1aa8-2af1-30e8-0000-000000000000</id>
        <type>PROCESSOR</type>
      </destination>
      <flowFileExpiration>0 sec</flowFileExpiration>
      <labelIndex>1</labelIndex>
      <name></name>
      <selectedRelationships>success</selectedRelationships>
      <source>
        <groupId>110fdeec-2233-324c-0000-000000000000</groupId>
        <id>c14ac65f-b80c-31fe-0000-000000000000</id>
        <type>PROCESSOR</type>
      </source>
      <zIndex>0</zIndex>
    </connections>
    <connections>
      <id>dcd28752-6e35-32d9-0000-000000000000</id>
      <parentGroupId>110fdeec-2233-324c-0000-000000000000</parentGroupId>
      <backPressureDataSizeThreshold>1 GB</backPressureDataSizeThreshold>
      <backPressureObjectThreshold>10000</backPressureObjectThreshold>
      <destination>
        <groupId>110fdeec-2233-324c-0000-000000000000</groupId>
        <id>7cdeb5bf-541b-30d4-0000-000000000000</id>
        <type>PROCESSOR</type>
      </destination>
      <flowFileExpiration>0 sec</flowFileExpiration>
      <labelIndex>1</labelIndex>
      <name></name>
      <selectedRelationships>failure</selectedRelationships>
      <selectedRelationships>retry</selectedRelationships>
      <source>
        <groupId>110fdeec-2233-324c-0000-000000000000</groupId>
        <id>9b6f665e-ee91-35ba-0000-000000000000</id>
        <type>PROCESSOR</type>
      </source>
      <zIndex>0</zIndex>
    </connections>
    <connections>
      <id>e11e39a1-2327-38fb-0000-000000000000</id>
      <parentGroupId>110fdeec-2233-324c-0000-000000000000</parentGroupId>
      <backPressureDataSizeThreshold>1 GB</backPressureDataSizeThreshold>
      <backPressureObjectThreshold>10000</backPressureObjectThreshold>
      <destination>
        <groupId>110fdeec-2233-324c-0000-000000000000</groupId>
        <id>701d185c-9bbb-3e8c-0000-000000000000</id>
        <type>PROCESSOR</type>
      </destination>
      <flowFileExpiration>0 sec</flowFileExpiration>
      <labelIndex>1</labelIndex>
      <name></name>
      <selectedRelationships>matched</selectedRelationships>
      <source>
        <groupId>110fdeec-2233-324c-0000-000000000000</groupId>
        <id>ce657d07-8777-38a6-0000-000000000000</id>
        <type>PROCESSOR</type>
      </source>
      <zIndex>0</zIndex>
    </connections>
    <connections>
      <id>f5200058-5cee-3342-0000-000000000000</id>
      <parentGroupId>110fdeec-2233-324c-0000-000000000000</parentGroupId>
      <backPressureDataSizeThreshold>1 GB</backPressureDataSizeThreshold>
      <backPressureObjectThreshold>10000</backPressureObjectThreshold>
      <bends>
        <x>2620.732979680236</x>
        <y>1151.84775347994</y>
      </bends>
      <bends>
        <x>2706.293282414611</x>
        <y>1225.806493714315</y>
      </bends>
      <destination>
        <groupId>110fdeec-2233-324c-0000-000000000000</groupId>
        <id>9589ffc7-acbf-3169-0000-000000000000</id>
        <type>PROCESSOR</type>
      </destination>
      <flowFileExpiration>0 sec</flowFileExpiration>
      <labelIndex>1</labelIndex>
      <name></name>
      <selectedRelationships>wait</selectedRelationships>
      <source>
        <groupId>110fdeec-2233-324c-0000-000000000000</groupId>
        <id>9589ffc7-acbf-3169-0000-000000000000</id>
        <type>PROCESSOR</type>
      </source>
      <zIndex>0</zIndex>
    </connections>
    <connections>
      <id>05c28416-f68d-3dc8-0000-000000000000</id>
      <parentGroupId>110fdeec-2233-324c-0000-000000000000</parentGroupId>
      <backPressureDataSizeThreshold>1 GB</backPressureDataSizeThreshold>
      <backPressureObjectThreshold>10000</backPressureObjectThreshold>
      <destination>
        <groupId>110fdeec-2233-324c-0000-000000000000</groupId>
        <id>04de3387-7ff5-3052-0000-000000000000</id>
        <type>PROCESSOR</type>
      </destination>
      <flowFileExpiration>0 sec</flowFileExpiration>
      <labelIndex>1</labelIndex>
      <name></name>
      <selectedRelationships>solr</selectedRelationships>
      <source>
        <groupId>110fdeec-2233-324c-0000-000000000000</groupId>
        <id>37329733-81a9-3198-0000-000000000000</id>
        <type>PROCESSOR</type>
      </source>
      <zIndex>0</zIndex>
    </connections>
    <connections>
      <id>0dbff9b7-31fb-3af6-0000-000000000000</id>
      <parentGroupId>110fdeec-2233-324c-0000-000000000000</parentGroupId>
      <backPressureDataSizeThreshold>1 GB</backPressureDataSizeThreshold>
      <backPressureObjectThreshold>10000</backPressureObjectThreshold>
      <destination>
        <groupId>110fdeec-2233-324c-0000-000000000000</groupId>
        <id>3baadb47-f774-35d0-0000-000000000000</id>
        <type>PROCESSOR</type>
      </destination>
      <flowFileExpiration>0 sec</flowFileExpiration>
      <labelIndex>1</labelIndex>
      <name></name>
      <selectedRelationships>success</selectedRelationships>
      <source>
        <groupId>110fdeec-2233-324c-0000-000000000000</groupId>
        <id>e3a0df6e-7fea-319d-0000-000000000000</id>
        <type>PROCESSOR</type>
      </source>
      <zIndex>0</zIndex>
    </connections>
    <connections>
      <id>148c137c-8e7b-3766-0000-000000000000</id>
      <parentGroupId>110fdeec-2233-324c-0000-000000000000</parentGroupId>
      <backPressureDataSizeThreshold>1 GB</backPressureDataSizeThreshold>
      <backPressureObjectThreshold>10000</backPressureObjectThreshold>
      <destination>
        <groupId>110fdeec-2233-324c-0000-000000000000</groupId>
        <id>e3a0df6e-7fea-319d-0000-000000000000</id>
        <type>PROCESSOR</type>
      </destination>
      <flowFileExpiration>0 sec</flowFileExpiration>
      <labelIndex>1</labelIndex>
      <name></name>
      <selectedRelationships>split</selectedRelationships>
      <source>
        <groupId>110fdeec-2233-324c-0000-000000000000</groupId>
        <id>5987f828-dec8-3eea-0000-000000000000</id>
        <type>PROCESSOR</type>
      </source>
      <zIndex>0</zIndex>
    </connections>
    <connections>
      <id>20f8d019-9773-393a-0000-000000000000</id>
      <parentGroupId>110fdeec-2233-324c-0000-000000000000</parentGroupId>
      <backPressureDataSizeThreshold>1 GB</backPressureDataSizeThreshold>
      <backPressureObjectThreshold>10000</backPressureObjectThreshold>
      <destination>
        <groupId>110fdeec-2233-324c-0000-000000000000</groupId>
        <id>9380ff22-66a7-3eba-0000-000000000000</id>
        <type>PROCESSOR</type>
      </destination>
      <flowFileExpiration>0 sec</flowFileExpiration>
      <labelIndex>1</labelIndex>
      <name></name>
      <selectedRelationships>success</selectedRelationships>
      <source>
        <groupId>110fdeec-2233-324c-0000-000000000000</groupId>
        <id>9589ffc7-acbf-3169-0000-000000000000</id>
        <type>PROCESSOR</type>
      </source>
      <zIndex>0</zIndex>
    </connections>
    <connections>
      <id>29e6fca7-c2a0-3350-0000-000000000000</id>
      <parentGroupId>110fdeec-2233-324c-0000-000000000000</parentGroupId>
      <backPressureDataSizeThreshold>1 GB</backPressureDataSizeThreshold>
      <backPressureObjectThreshold>10000</backPressureObjectThreshold>
      <destination>
        <groupId>110fdeec-2233-324c-0000-000000000000</groupId>
        <id>5987f828-dec8-3eea-0000-000000000000</id>
        <type>PROCESSOR</type>
      </destination>
      <flowFileExpiration>0 sec</flowFileExpiration>
      <labelIndex>1</labelIndex>
      <name></name>
      <selectedRelationships>elasticsearch</selectedRelationships>
      <source>
        <groupId>110fdeec-2233-324c-0000-000000000000</groupId>
        <id>37329733-81a9-3198-0000-000000000000</id>
        <type>PROCESSOR</type>
      </source>
      <zIndex>0</zIndex>
    </connections>
    <connections>
      <id>2b3f5d83-c557-382c-0000-000000000000</id>
      <parentGroupId>110fdeec-2233-324c-0000-000000000000</parentGroupId>
      <backPressureDataSizeThreshold>1 GB</backPressureDataSizeThreshold>
      <backPressureObjectThreshold>10000</backPressureObjectThreshold>
      <destination>
        <groupId>110fdeec-2233-324c-0000-000000000000</groupId>
        <id>34b88fba-a252-3557-0000-000000000000</id>
        <type>PROCESSOR</type>
      </destination>
      <flowFileExpiration>0 sec</flowFileExpiration>
      <labelIndex>1</labelIndex>
      <name></name>
      <selectedRelationships>original</selectedRelationships>
      <source>
        <groupId>110fdeec-2233-324c-0000-000000000000</groupId>
        <id>5987f828-dec8-3eea-0000-000000000000</id>
        <type>PROCESSOR</type>
      </source>
      <zIndex>0</zIndex>
    </connections>
    <connections>
      <id>2e659d24-b80e-3c70-0000-000000000000</id>
      <parentGroupId>110fdeec-2233-324c-0000-000000000000</parentGroupId>
      <backPressureDataSizeThreshold>1 GB</backPressureDataSizeThreshold>
      <backPressureObjectThreshold>10000</backPressureObjectThreshold>
      <destination>
        <groupId>110fdeec-2233-324c-0000-000000000000</groupId>
        <id>34b88fba-a252-3557-0000-000000000000</id>
        <type>PROCESSOR</type>
      </destination>
      <flowFileExpiration>0 sec</flowFileExpiration>
      <labelIndex>1</labelIndex>
      <name></name>
      <selectedRelationships>original</selectedRelationships>
      <source>
        <groupId>110fdeec-2233-324c-0000-000000000000</groupId>
        <id>04de3387-7ff5-3052-0000-000000000000</id>
        <type>PROCESSOR</type>
      </source>
      <zIndex>0</zIndex>
    </connections>
    <connections>
      <id>3c9b1162-e7dc-3735-0000-000000000000</id>
      <parentGroupId>110fdeec-2233-324c-0000-000000000000</parentGroupId>
      <backPressureDataSizeThreshold>1 GB</backPressureDataSizeThreshold>
      <backPressureObjectThreshold>10000</backPressureObjectThreshold>
      <destination>
        <groupId>110fdeec-2233-324c-0000-000000000000</groupId>
        <id>5f94eb2e-c600-332b-0000-000000000000</id>
        <type>PROCESSOR</type>
      </destination>
      <flowFileExpiration>0 sec</flowFileExpiration>
      <labelIndex>1</labelIndex>
      <name></name>
      <selectedRelationships>split</selectedRelationships>
      <source>
        <groupId>110fdeec-2233-324c-0000-000000000000</groupId>
        <id>04de3387-7ff5-3052-0000-000000000000</id>
        <type>PROCESSOR</type>
      </source>
      <zIndex>0</zIndex>
    </connections>
    <connections>
      <id>5776061e-4fa9-37c8-0000-000000000000</id>
      <parentGroupId>110fdeec-2233-324c-0000-000000000000</parentGroupId>
      <backPressureDataSizeThreshold>1 GB</backPressureDataSizeThreshold>
      <backPressureObjectThreshold>10000</backPressureObjectThreshold>
      <destination>
        <groupId>110fdeec-2233-324c-0000-000000000000</groupId>
        <id>341c1aa8-2af1-30e8-0000-000000000000</id>
        <type>PROCESSOR</type>
      </destination>
      <flowFileExpiration>0 sec</flowFileExpiration>
      <labelIndex>1</labelIndex>
      <name></name>
      <selectedRelationships>success</selectedRelationships>
      <source>
        <groupId>110fdeec-2233-324c-0000-000000000000</groupId>
        <id>27421edc-64ca-3422-0000-000000000000</id>
        <type>PROCESSOR</type>
      </source>
      <zIndex>0</zIndex>
    </connections>
    <connections>
      <id>67191fa2-b3f5-3cbf-0000-000000000000</id>
      <parentGroupId>110fdeec-2233-324c-0000-000000000000</parentGroupId>
      <backPressureDataSizeThreshold>1 GB</backPressureDataSizeThreshold>
      <backPressureObjectThreshold>10000</backPressureObjectThreshold>
      <destination>
        <groupId>110fdeec-2233-324c-0000-000000000000</groupId>
        <id>9b6f665e-ee91-35ba-0000-000000000000</id>
        <type>PROCESSOR</type>
      </destination>
      <flowFileExpiration>0 sec</flowFileExpiration>
      <labelIndex>1</labelIndex>
      <name></name>
      <selectedRelationships>success</selectedRelationships>
      <source>
        <groupId>110fdeec-2233-324c-0000-000000000000</groupId>
        <id>3baadb47-f774-35d0-0000-000000000000</id>
        <type>PROCESSOR</type>
      </source>
      <zIndex>0</zIndex>
    </connections>
    <connections>
      <id>73894ad3-6d64-3e1e-0000-000000000000</id>
      <parentGroupId>110fdeec-2233-324c-0000-000000000000</parentGroupId>
      <backPressureDataSizeThreshold>0 MB</backPressureDataSizeThreshold>
      <backPressureObjectThreshold>0</backPressureObjectThreshold>
      <destination>
        <groupId>110fdeec-2233-324c-0000-000000000000</groupId>
        <id>60efc281-cc84-36f7-0000-000000000000</id>
        <type>PROCESSOR</type>
      </destination>
      <flowFileExpiration>0 sec</flowFileExpiration>
      <labelIndex>1</labelIndex>
      <name></name>
      <selectedRelationships>success</selectedRelationships>
      <source>
        <groupId>110fdeec-2233-324c-0000-000000000000</groupId>
        <id>701d185c-9bbb-3e8c-0000-000000000000</id>
        <type>PROCESSOR</type>
      </source>
      <zIndex>0</zIndex>
    </connections>
    <connections>
      <id>78f462e7-fa88-3f81-0000-000000000000</id>
      <parentGroupId>110fdeec-2233-324c-0000-000000000000</parentGroupId>
      <backPressureDataSizeThreshold>1 GB</backPressureDataSizeThreshold>
      <backPressureObjectThreshold>10000</backPressureObjectThreshold>
      <destination>
        <groupId>110fdeec-2233-324c-0000-000000000000</groupId>
        <id>27421edc-64ca-3422-0000-000000000000</id>
        <type>PROCESSOR</type>
      </destination>
      <flowFileExpiration>0 sec</flowFileExpiration>
      <labelIndex>1</labelIndex>
      <name></name>
      <selectedRelationships>success</selectedRelationships>
      <source>
        <groupId>110fdeec-2233-324c-0000-000000000000</groupId>
        <id>5f94eb2e-c600-332b-0000-000000000000</id>
        <type>PROCESSOR</type>
      </source>
      <zIndex>0</zIndex>
    </connections>
    <controllerServices>
      <id>bc36133c-65e8-3ee6-0000-000000000000</id>
      <parentGroupId>110fdeec-2233-324c-0000-000000000000</parentGroupId>
      <bundle>
        <artifact>nifi-jms-cf-service-nar</artifact>
        <group>org.apache.nifi</group>
        <version>1.3.0</version>
      </bundle>
      <comments></comments>
      <descriptors>
        <entry>
          <key>cflib</key>
          <value>
            <name>cflib</name>
          </value>
        </entry>
        <entry>
          <key>SSL Context Service</key>
          <value>
            <identifiesControllerService>org.apache.nifi.ssl.SSLContextService</identifiesControllerService>
            <name>SSL Context Service</name>
          </value>
        </entry>
        <entry>
          <key>cf</key>
          <value>
            <name>cf</name>
          </value>
        </entry>
        <entry>
          <key>broker</key>
          <value>
            <name>broker</name>
          </value>
        </entry>
      </descriptors>
      <name>JMSConnectionFactoryProvider</name>
      <persistsState>false</persistsState>
      <properties>
        <entry>
          <key>cflib</key>
          <value>/opt/nifi/activemq</value>
        </entry>
        <entry>
          <key>SSL Context Service</key>
        </entry>
        <entry>
          <key>cf</key>
          <value>org.apache.activemq.ActiveMQConnectionFactory</value>
        </entry>
        <entry>
          <key>broker</key>
          <value>tcp://localhost:61616</value>
        </entry>
      </properties>
      <state>ENABLED</state>
      <type>org.apache.nifi.jms.cf.JMSConnectionFactoryProvider</type>
    </controllerServices>
    <controllerServices>
      <id>c89f2644-f5cc-3ac8-0000-000000000000</id>
      <parentGroupId>110fdeec-2233-324c-0000-000000000000</parentGroupId>
      <bundle>
        <artifact>kylo-nifi-hadoop-service-v1.2-nar</artifact>
        <group>default</group>
        <version>unversioned</version>
      </bundle>
      <comments></comments>
      <descriptors>
        <entry>
          <key>Hadoop Configuration Resources</key>
          <value>
            <name>Hadoop Configuration Resources</name>
          </value>
        </entry>
        <entry>
          <key>Validation Query Timeout</key>
          <value>
            <name>Validation Query Timeout</name>
          </value>
        </entry>
        <entry>
          <key>Kerberos Keytab</key>
          <value>
            <name>Kerberos Keytab</name>
          </value>
        </entry>
        <entry>
          <key>Database Connection URL</key>
          <value>
            <name>Database Connection URL</name>
          </value>
        </entry>
        <entry>
          <key>Max Wait Time</key>
          <value>
            <name>Max Wait Time</name>
          </value>
        </entry>
        <entry>
          <key>Database Driver Class Name</key>
          <value>
            <name>Database Driver Class Name</name>
          </value>
        </entry>
        <entry>
          <key>Database User</key>
          <value>
            <name>Database User</name>
          </value>
        </entry>
        <entry>
          <key>Database Driver Jar Url</key>
          <value>
            <name>Database Driver Jar Url</name>
          </value>
        </entry>
        <entry>
          <key>Kerberos Principal</key>
          <value>
            <name>Kerberos Principal</name>
          </value>
        </entry>
        <entry>
          <key>Max Total Connections</key>
          <value>
            <name>Max Total Connections</name>
          </value>
        </entry>
        <entry>
          <key>Password</key>
          <value>
            <name>Password</name>
          </value>
        </entry>
        <entry>
          <key>Validation Query</key>
          <value>
            <name>Validation Query</name>
          </value>
        </entry>
      </descriptors>
      <name>Hive Thrift Service</name>
      <persistsState>false</persistsState>
      <properties>
        <entry>
          <key>Hadoop Configuration Resources</key>
        </entry>
        <entry>
          <key>Validation Query Timeout</key>
          <value>10 s</value>
        </entry>
        <entry>
          <key>Kerberos Keytab</key>
        </entry>
        <entry>
          <key>Database Connection URL</key>
          <value>jdbc:hive2://localhost:10000/default</value>
        </entry>
        <entry>
          <key>Max Wait Time</key>
          <value>500 millis</value>
        </entry>
        <entry>
          <key>Database Driver Class Name</key>
          <value>org.apache.hive.jdbc.HiveDriver</value>
        </entry>
        <entry>
          <key>Database User</key>
          <value>nifi</value>
        </entry>
        <entry>
          <key>Database Driver Jar Url</key>
        </entry>
        <entry>
          <key>Kerberos Principal</key>
        </entry>
        <entry>
          <key>Max Total Connections</key>
          <value>8</value>
        </entry>
        <entry>
          <key>Password</key>
        </entry>
        <entry>
          <key>Validation Query</key>
          <value>show tables 'test'</value>
        </entry>
      </properties>
      <state>ENABLED</state>
      <type>com.thinkbiganalytics.nifi.v2.thrift.ThriftConnectionPool</type>
    </controllerServices>
    <controllerServices>
      <id>2c9731ac-1f19-398d-0000-000000000000</id>
      <parentGroupId>110fdeec-2233-324c-0000-000000000000</parentGroupId>
      <bundle>
        <artifact>nifi-distributed-cache-services-nar</artifact>
        <group>org.apache.nifi</group>
        <version>1.3.0</version>
      </bundle>
      <comments></comments>
      <descriptors>
        <entry>
          <key>SSL Context Service</key>
          <value>
            <identifiesControllerService>org.apache.nifi.ssl.SSLContextService</identifiesControllerService>
            <name>SSL Context Service</name>
          </value>
        </entry>
        <entry>
          <key>Server Port</key>
          <value>
            <name>Server Port</name>
          </value>
        </entry>
        <entry>
          <key>Server Hostname</key>
          <value>
            <name>Server Hostname</name>
          </value>
        </entry>
        <entry>
          <key>Communications Timeout</key>
          <value>
            <name>Communications Timeout</name>
          </value>
        </entry>
      </descriptors>
      <name>DistributedMapCacheClientService</name>
      <persistsState>false</persistsState>
      <properties>
        <entry>
          <key>SSL Context Service</key>
        </entry>
        <entry>
          <key>Server Port</key>
          <value>4557</value>
        </entry>
        <entry>
          <key>Server Hostname</key>
          <value>localhost</value>
        </entry>
        <entry>
          <key>Communications Timeout</key>
          <value>30 secs</value>
        </entry>
      </properties>
      <state>ENABLED</state>
      <type>org.apache.nifi.distributed.cache.client.DistributedMapCacheClientService</type>
    </controllerServices>
    <labels>
      <id>974e529e-e4fb-3ad0-0000-000000000000</id>
      <parentGroupId>110fdeec-2233-324c-0000-000000000000</parentGroupId>
      <position>
        <x>2050.3260808099667</x>
        <y>896.3601574611031</y>
      </position>
      <height>791.7098388671875</height>
      <label>Mark a partition as reindexed</label>
      <style>
        <entry>
          <key>background-color</key>
          <value>#ed8e8e</value>
        </entry>
        <entry>
          <key>font-size</key>
          <value>22px</value>
        </entry>
      </style>
      <width>763.9481811523438</width>
    </labels>
    <labels>
      <id>d0858ab9-c73e-3c64-0000-000000000000</id>
      <parentGroupId>110fdeec-2233-324c-0000-000000000000</parentGroupId>
      <position>
        <x>3166.6800542183737</x>
        <y>598.4810614524005</y>
      </position>
      <height>1433.94970703125</height>
      <label>(Solr) Index all records for the feed partition</label>
      <style>
        <entry>
          <key>background-color</key>
          <value>#ffc2a3</value>
        </entry>
        <entry>
          <key>font-size</key>
          <value>22px</value>
        </entry>
      </style>
      <width>579.9374389648438</width>
    </labels>
    <labels>
      <id>f61cab84-6202-335b-0000-000000000000</id>
      <parentGroupId>110fdeec-2233-324c-0000-000000000000</parentGroupId>
      <position>
        <x>2053.989980219987</x>
        <y>1743.9468950630162</y>
      </position>
      <height>529.0616455078125</height>
      <label>Mark a record (in the partition) as reindexed</label>
      <style>
        <entry>
          <key>background-color</key>
          <value>#f4ffb0</value>
        </entry>
        <entry>
          <key>font-size</key>
          <value>22px</value>
        </entry>
      </style>
      <width>760.38916015625</width>
    </labels>
    <labels>
      <id>038c5fb0-0dc5-308e-0000-000000000000</id>
      <parentGroupId>110fdeec-2233-324c-0000-000000000000</parentGroupId>
      <position>
        <x>2047.3814779745962</x>
        <y>113.01352210147809</y>
      </position>
      <height>708.5807495117188</height>
      <label>Get records for the feed partition</label>
      <style>
        <entry>
          <key>background-color</key>
          <value>#ffe0d6</value>
        </entry>
        <entry>
          <key>font-size</key>
          <value>22px</value>
        </entry>
      </style>
      <width>761.6012573242188</width>
    </labels>
    <labels>
      <id>2e965fe3-5957-3916-0000-000000000000</id>
      <parentGroupId>110fdeec-2233-324c-0000-000000000000</parentGroupId>
      <position>
        <x>0.0</x>
        <y>116.09326505934291</y>
      </position>
      <height>273.7381286621094</height>
      <label>Receive request to index a feed partition</label>
      <style>
        <entry>
          <key>background-color</key>
          <value>#fff7d7</value>
        </entry>
        <entry>
          <key>font-size</key>
          <value>22px</value>
        </entry>
      </style>
      <width>1682.8983154296875</width>
    </labels>
    <labels>
      <id>43c94090-18b8-3370-0000-000000000000</id>
      <parentGroupId>110fdeec-2233-324c-0000-000000000000</parentGroupId>
      <position>
        <x>1008.0288493629234</x>
        <y>598.2254321225088</y>
      </position>
      <height>1439.2066650390625</height>
      <label>(ES) Index all records for the feed partition</label>
      <style>
        <entry>
          <key>background-color</key>
          <value>#b2e0ff</value>
        </entry>
        <entry>
          <key>font-size</key>
          <value>22px</value>
        </entry>
      </style>
      <width>689.6039428710938</width>
    </labels>
    <labels>
      <id>6bc0c2b9-8057-3810-0000-000000000000</id>
      <parentGroupId>110fdeec-2233-324c-0000-000000000000</parentGroupId>
      <position>
        <x>0.8093178788492423</x>
        <y>0.0</y>
      </position>
      <height>92.66742706298828</height>
      <label>Kylo
Feed Data Indexing Flow</label>
      <style>
        <entry>
          <key>background-color</key>
          <value>#ec8922</value>
        </entry>
        <entry>
          <key>font-size</key>
          <value>24px</value>
        </entry>
      </style>
      <width>426.1590270996094</width>
    </labels>
    <processors>
      <id>9380ff22-66a7-3eba-0000-000000000000</id>
      <parentGroupId>110fdeec-2233-324c-0000-000000000000</parentGroupId>
      <position>
        <x>2283.864403740392</x>
        <y>1545.7578637467823</y>
      </position>
      <bundle>
        <artifact>nifi-standard-nar</artifact>
        <group>org.apache.nifi</group>
        <version>1.3.0</version>
      </bundle>
      <config>
        <bulletinLevel>WARN</bulletinLevel>
        <comments></comments>
        <concurrentlySchedulableTaskCount>1</concurrentlySchedulableTaskCount>
        <descriptors>
          <entry>
            <key>signal-counter-delta</key>
            <value>
              <name>signal-counter-delta</name>
            </value>
          </entry>
          <entry>
            <key>distributed-cache-service</key>
            <value>
              <identifiesControllerService>org.apache.nifi.distributed.cache.client.AtomicDistributedMapCacheClient</identifiesControllerService>
              <name>distributed-cache-service</name>
            </value>
          </entry>
          <entry>
            <key>signal-buffer-count</key>
            <value>
              <name>signal-buffer-count</name>
            </value>
          </entry>
          <entry>
            <key>release-signal-id</key>
            <value>
              <name>release-signal-id</name>
            </value>
          </entry>
          <entry>
            <key>signal-counter-name</key>
            <value>
              <name>signal-counter-name</name>
            </value>
          </entry>
          <entry>
            <key>attribute-cache-regex</key>
            <value>
              <name>attribute-cache-regex</name>
            </value>
          </entry>
        </descriptors>
        <executionNode>ALL</executionNode>
        <lossTolerant>false</lossTolerant>
        <penaltyDuration>30 sec</penaltyDuration>
        <properties>
          <entry>
            <key>signal-counter-delta</key>
            <value>1</value>
          </entry>
          <entry>
            <key>distributed-cache-service</key>
            <value>2c9731ac-1f19-398d-0000-000000000000</value>
          </entry>
          <entry>
            <key>signal-buffer-count</key>
            <value>1</value>
          </entry>
          <entry>
            <key>release-signal-id</key>
            <value>${fragment.identifier.from.reindex.flow}</value>
          </entry>
          <entry>
            <key>signal-counter-name</key>
            <value>num-partitions-for-reindex</value>
          </entry>
          <entry>
            <key>attribute-cache-regex</key>
          </entry>
        </properties>
        <runDurationMillis>0</runDurationMillis>
        <schedulingPeriod>0 sec</schedulingPeriod>
        <schedulingStrategy>TIMER_DRIVEN</schedulingStrategy>
        <yieldDuration>1 sec</yieldDuration>
      </config>
      <name>Notify partition reindex completion</name>
      <relationships>
        <autoTerminate>true</autoTerminate>
        <name>failure</name>
      </relationships>
      <relationships>
        <autoTerminate>true</autoTerminate>
        <name>success</name>
      </relationships>
      <style></style>
      <type>org.apache.nifi.processors.standard.Notify</type>
    </processors>
    <processors>
      <id>9589ffc7-acbf-3169-0000-000000000000</id>
      <parentGroupId>110fdeec-2233-324c-0000-000000000000</parentGroupId>
      <position>
        <x>2275.3549225144716</x>
        <y>1261.920098062024</y>
      </position>
      <bundle>
        <artifact>nifi-standard-nar</artifact>
        <group>org.apache.nifi</group>
        <version>1.3.0</version>
      </bundle>
      <config>
        <bulletinLevel>WARN</bulletinLevel>
        <comments></comments>
        <concurrentlySchedulableTaskCount>1</concurrentlySchedulableTaskCount>
        <descriptors>
          <entry>
            <key>wait-buffer-count</key>
            <value>
              <name>wait-buffer-count</name>
            </value>
          </entry>
          <entry>
            <key>wait-mode</key>
            <value>
              <name>wait-mode</name>
            </value>
          </entry>
          <entry>
            <key>attribute-copy-mode</key>
            <value>
              <name>attribute-copy-mode</name>
            </value>
          </entry>
          <entry>
            <key>distributed-cache-service</key>
            <value>
              <identifiesControllerService>org.apache.nifi.distributed.cache.client.AtomicDistributedMapCacheClient</identifiesControllerService>
              <name>distributed-cache-service</name>
            </value>
          </entry>
          <entry>
            <key>releasable-flowfile-count</key>
            <value>
              <name>releasable-flowfile-count</name>
            </value>
          </entry>
          <entry>
            <key>release-signal-id</key>
            <value>
              <name>release-signal-id</name>
            </value>
          </entry>
          <entry>
            <key>signal-counter-name</key>
            <value>
              <name>signal-counter-name</name>
            </value>
          </entry>
          <entry>
            <key>expiration-duration</key>
            <value>
              <name>expiration-duration</name>
            </value>
          </entry>
          <entry>
            <key>target-signal-count</key>
            <value>
              <name>target-signal-count</name>
            </value>
          </entry>
        </descriptors>
        <executionNode>ALL</executionNode>
        <lossTolerant>false</lossTolerant>
        <penaltyDuration>30 sec</penaltyDuration>
        <properties>
          <entry>
            <key>wait-buffer-count</key>
            <value>1</value>
          </entry>
          <entry>
            <key>wait-mode</key>
            <value>wait</value>
          </entry>
          <entry>
            <key>attribute-copy-mode</key>
            <value>keeporiginal</value>
          </entry>
          <entry>
            <key>distributed-cache-service</key>
            <value>2c9731ac-1f19-398d-0000-000000000000</value>
          </entry>
          <entry>
            <key>releasable-flowfile-count</key>
            <value>1</value>
          </entry>
          <entry>
            <key>release-signal-id</key>
            <value>${fragment.identifier}</value>
          </entry>
          <entry>
            <key>signal-counter-name</key>
            <value>num-records</value>
          </entry>
          <entry>
            <key>expiration-duration</key>
            <value>15 min</value>
          </entry>
          <entry>
            <key>target-signal-count</key>
            <value>${fragment.count}</value>
          </entry>
        </properties>
        <runDurationMillis>0</runDurationMillis>
        <schedulingPeriod>0 sec</schedulingPeriod>
        <schedulingStrategy>TIMER_DRIVEN</schedulingStrategy>
        <yieldDuration>1 sec</yieldDuration>
      </config>
      <name>Wait for reindex of partition</name>
      <relationships>
        <autoTerminate>true</autoTerminate>
        <name>expired</name>
      </relationships>
      <relationships>
        <autoTerminate>true</autoTerminate>
        <name>failure</name>
      </relationships>
      <relationships>
        <autoTerminate>false</autoTerminate>
        <name>success</name>
      </relationships>
      <relationships>
        <autoTerminate>false</autoTerminate>
        <name>wait</name>
      </relationships>
      <style></style>
      <type>org.apache.nifi.processors.standard.Wait</type>
    </processors>
    <processors>
      <id>9b6f665e-ee91-35ba-0000-000000000000</id>
      <parentGroupId>110fdeec-2233-324c-0000-000000000000</parentGroupId>
      <position>
        <x>1162.6034973014812</x>
        <y>1488.7910546257026</y>
      </position>
      <bundle>
        <artifact>nifi-elasticsearch-nar</artifact>
        <group>org.apache.nifi</group>
        <version>1.3.0</version>
      </bundle>
      <config>
        <bulletinLevel>WARN</bulletinLevel>
        <comments></comments>
        <concurrentlySchedulableTaskCount>1</concurrentlySchedulableTaskCount>
        <descriptors>
          <entry>
            <key>elasticsearch-http-response-timeout</key>
            <value>
              <name>elasticsearch-http-response-timeout</name>
            </value>
          </entry>
          <entry>
            <key>put-es-id-attr</key>
            <value>
              <name>put-es-id-attr</name>
            </value>
          </entry>
          <entry>
            <key>SSL Context Service</key>
            <value>
              <identifiesControllerService>org.apache.nifi.ssl.SSLContextService</identifiesControllerService>
              <name>SSL Context Service</name>
            </value>
          </entry>
          <entry>
            <key>elasticsearch-http-connect-timeout</key>
            <value>
              <name>elasticsearch-http-connect-timeout</name>
            </value>
          </entry>
          <entry>
            <key>put-es-type</key>
            <value>
              <name>put-es-type</name>
            </value>
          </entry>
          <entry>
            <key>put-es-index</key>
            <value>
              <name>put-es-index</name>
            </value>
          </entry>
          <entry>
            <key>Username</key>
            <value>
              <name>Username</name>
            </value>
          </entry>
          <entry>
            <key>put-es-index-op</key>
            <value>
              <name>put-es-index-op</name>
            </value>
          </entry>
          <entry>
            <key>elasticsearch-http-url</key>
            <value>
              <name>elasticsearch-http-url</name>
            </value>
          </entry>
          <entry>
            <key>Character Set</key>
            <value>
              <name>Character Set</name>
            </value>
          </entry>
          <entry>
            <key>put-es-batch-size</key>
            <value>
              <name>put-es-batch-size</name>
            </value>
          </entry>
          <entry>
            <key>Password</key>
            <value>
              <name>Password</name>
            </value>
          </entry>
        </descriptors>
        <executionNode>ALL</executionNode>
        <lossTolerant>false</lossTolerant>
        <penaltyDuration>30 sec</penaltyDuration>
        <properties>
          <entry>
            <key>elasticsearch-http-response-timeout</key>
            <value>15 secs</value>
          </entry>
          <entry>
            <key>put-es-id-attr</key>
            <value>documentId</value>
          </entry>
          <entry>
            <key>SSL Context Service</key>
          </entry>
          <entry>
            <key>elasticsearch-http-connect-timeout</key>
            <value>5 secs</value>
          </entry>
          <entry>
            <key>put-es-type</key>
            <value>hive-data</value>
          </entry>
          <entry>
            <key>put-es-index</key>
            <value>${index-or-collection-name}</value>
          </entry>
          <entry>
            <key>Username</key>
          </entry>
          <entry>
            <key>put-es-index-op</key>
            <value>index</value>
          </entry>
          <entry>
            <key>elasticsearch-http-url</key>
            <value>${config.search.es.rest.url}</value>
          </entry>
          <entry>
            <key>Character Set</key>
            <value>UTF-8</value>
          </entry>
          <entry>
            <key>put-es-batch-size</key>
            <value>100</value>
          </entry>
          <entry>
            <key>Password</key>
          </entry>
        </properties>
        <runDurationMillis>0</runDurationMillis>
        <schedulingPeriod>0 sec</schedulingPeriod>
        <schedulingStrategy>TIMER_DRIVEN</schedulingStrategy>
        <yieldDuration>1 sec</yieldDuration>
      </config>
      <name>[ES] Index data</name>
      <relationships>
        <autoTerminate>false</autoTerminate>
        <name>failure</name>
      </relationships>
      <relationships>
        <autoTerminate>false</autoTerminate>
        <name>retry</name>
      </relationships>
      <relationships>
        <autoTerminate>false</autoTerminate>
        <name>success</name>
      </relationships>
      <style></style>
      <type>org.apache.nifi.processors.elasticsearch.PutElasticsearchHttp</type>
    </processors>
    <processors>
      <id>c14ac65f-b80c-31fe-0000-000000000000</id>
      <parentGroupId>110fdeec-2233-324c-0000-000000000000</parentGroupId>
      <position>
        <x>3299.30558010483</x>
        <y>1854.925632302471</y>
      </position>
      <bundle>
        <artifact>nifi-standard-nar</artifact>
        <group>org.apache.nifi</group>
        <version>1.3.0</version>
      </bundle>
      <config>
        <bulletinLevel>WARN</bulletinLevel>
        <comments></comments>
        <concurrentlySchedulableTaskCount>1</concurrentlySchedulableTaskCount>
        <descriptors>
          <entry>
            <key>Log prefix</key>
            <value>
              <name>Log prefix</name>
            </value>
          </entry>
          <entry>
            <key>Log Level</key>
            <value>
              <name>Log Level</name>
            </value>
          </entry>
          <entry>
            <key>Attributes to Ignore</key>
            <value>
              <name>Attributes to Ignore</name>
            </value>
          </entry>
          <entry>
            <key>Attributes to Log</key>
            <value>
              <name>Attributes to Log</name>
            </value>
          </entry>
          <entry>
            <key>Log Payload</key>
            <value>
              <name>Log Payload</name>
            </value>
          </entry>
        </descriptors>
        <executionNode>ALL</executionNode>
        <lossTolerant>false</lossTolerant>
        <penaltyDuration>30 sec</penaltyDuration>
        <properties>
          <entry>
            <key>Log prefix</key>
          </entry>
          <entry>
            <key>Log Level</key>
            <value>info</value>
          </entry>
          <entry>
            <key>Attributes to Ignore</key>
          </entry>
          <entry>
            <key>Attributes to Log</key>
          </entry>
          <entry>
            <key>Log Payload</key>
            <value>false</value>
          </entry>
        </properties>
        <runDurationMillis>0</runDurationMillis>
        <schedulingPeriod>0 sec</schedulingPeriod>
        <schedulingStrategy>TIMER_DRIVEN</schedulingStrategy>
        <yieldDuration>1 sec</yieldDuration>
      </config>
      <name>[Solr] Log index op failure</name>
      <relationships>
        <autoTerminate>false</autoTerminate>
        <name>success</name>
      </relationships>
      <style></style>
      <type>org.apache.nifi.processors.standard.LogAttribute</type>
    </processors>
    <processors>
      <id>ce657d07-8777-38a6-0000-000000000000</id>
      <parentGroupId>110fdeec-2233-324c-0000-000000000000</parentGroupId>
      <position>
        <x>1241.175487124583</x>
        <y>181.17963513089603</y>
      </position>
      <bundle>
        <artifact>nifi-standard-nar</artifact>
        <group>org.apache.nifi</group>
        <version>1.3.0</version>
      </bundle>
      <config>
        <bulletinLevel>WARN</bulletinLevel>
        <comments></comments>
        <concurrentlySchedulableTaskCount>1</concurrentlySchedulableTaskCount>
        <descriptors>
          <entry>
            <key>feedts</key>
            <value>
              <name>feedts</name>
            </value>
          </entry>
          <entry>
            <key>Destination</key>
            <value>
              <name>Destination</name>
            </value>
          </entry>
          <entry>
            <key>feed</key>
            <value>
              <name>feed</name>
            </value>
          </entry>
          <entry>
            <key>fragment.identifier.from.reindex.flow</key>
            <value>
              <name>fragment.identifier.from.reindex.flow</name>
            </value>
          </entry>
          <entry>
            <key>Return Type</key>
            <value>
              <name>Return Type</name>
            </value>
          </entry>
          <entry>
            <key>Null Value Representation</key>
            <value>
              <name>Null Value Representation</name>
            </value>
          </entry>
          <entry>
            <key>reindexOperation</key>
            <value>
              <name>reindexOperation</name>
            </value>
          </entry>
          <entry>
            <key>category</key>
            <value>
              <name>category</name>
            </value>
          </entry>
          <entry>
            <key>Path Not Found Behavior</key>
            <value>
              <name>Path Not Found Behavior</name>
            </value>
          </entry>
          <entry>
            <key>fieldIndexString</key>
            <value>
              <name>fieldIndexString</name>
            </value>
          </entry>
        </descriptors>
        <executionNode>ALL</executionNode>
        <lossTolerant>false</lossTolerant>
        <penaltyDuration>30 sec</penaltyDuration>
        <properties>
          <entry>
            <key>feedts</key>
            <value>$.feedts</value>
          </entry>
          <entry>
            <key>Destination</key>
            <value>flowfile-attribute</value>
          </entry>
          <entry>
            <key>feed</key>
            <value>$.feed</value>
          </entry>
          <entry>
            <key>fragment.identifier.from.reindex.flow</key>
            <value>$['fragment.identifier.from.reindex.flow']</value>
          </entry>
          <entry>
            <key>Return Type</key>
            <value>auto-detect</value>
          </entry>
          <entry>
            <key>Null Value Representation</key>
            <value>empty string</value>
          </entry>
          <entry>
            <key>reindexOperation</key>
            <value>$.reindexOperation</value>
          </entry>
          <entry>
            <key>category</key>
            <value>$.category</value>
          </entry>
          <entry>
            <key>Path Not Found Behavior</key>
            <value>ignore</value>
          </entry>
          <entry>
            <key>fieldIndexString</key>
            <value>$.['metadata.table.fieldIndexString']</value>
          </entry>
        </properties>
        <runDurationMillis>0</runDurationMillis>
        <schedulingPeriod>0 sec</schedulingPeriod>
        <schedulingStrategy>TIMER_DRIVEN</schedulingStrategy>
        <yieldDuration>1 sec</yieldDuration>
      </config>
      <name>Extract request parameters</name>
      <relationships>
        <autoTerminate>true</autoTerminate>
        <name>failure</name>
      </relationships>
      <relationships>
        <autoTerminate>false</autoTerminate>
        <name>matched</name>
      </relationships>
      <relationships>
        <autoTerminate>true</autoTerminate>
        <name>unmatched</name>
      </relationships>
      <style></style>
      <type>org.apache.nifi.processors.standard.EvaluateJsonPath</type>
    </processors>
    <processors>
      <id>d9062a28-acb6-3dca-0000-000000000000</id>
      <parentGroupId>110fdeec-2233-324c-0000-000000000000</parentGroupId>
      <position>
        <x>2295.955128087927</x>
        <y>2113.1430931262116</y>
      </position>
      <bundle>
        <artifact>nifi-standard-nar</artifact>
        <group>org.apache.nifi</group>
        <version>1.3.0</version>
      </bundle>
      <config>
        <bulletinLevel>WARN</bulletinLevel>
        <comments></comments>
        <concurrentlySchedulableTaskCount>1</concurrentlySchedulableTaskCount>
        <descriptors>
          <entry>
            <key>signal-counter-delta</key>
            <value>
              <name>signal-counter-delta</name>
            </value>
          </entry>
          <entry>
            <key>distributed-cache-service</key>
            <value>
              <identifiesControllerService>org.apache.nifi.distributed.cache.client.AtomicDistributedMapCacheClient</identifiesControllerService>
              <name>distributed-cache-service</name>
            </value>
          </entry>
          <entry>
            <key>signal-buffer-count</key>
            <value>
              <name>signal-buffer-count</name>
            </value>
          </entry>
          <entry>
            <key>release-signal-id</key>
            <value>
              <name>release-signal-id</name>
            </value>
          </entry>
          <entry>
            <key>signal-counter-name</key>
            <value>
              <name>signal-counter-name</name>
            </value>
          </entry>
          <entry>
            <key>attribute-cache-regex</key>
            <value>
              <name>attribute-cache-regex</name>
            </value>
          </entry>
        </descriptors>
        <executionNode>ALL</executionNode>
        <lossTolerant>false</lossTolerant>
        <penaltyDuration>30 sec</penaltyDuration>
        <properties>
          <entry>
            <key>signal-counter-delta</key>
            <value>1</value>
          </entry>
          <entry>
            <key>distributed-cache-service</key>
            <value>2c9731ac-1f19-398d-0000-000000000000</value>
          </entry>
          <entry>
            <key>signal-buffer-count</key>
            <value>1</value>
          </entry>
          <entry>
            <key>release-signal-id</key>
            <value>${fragment.identifier}</value>
          </entry>
          <entry>
            <key>signal-counter-name</key>
            <value>num-records</value>
          </entry>
          <entry>
            <key>attribute-cache-regex</key>
          </entry>
        </properties>
        <runDurationMillis>0</runDurationMillis>
        <schedulingPeriod>0 sec</schedulingPeriod>
        <schedulingStrategy>TIMER_DRIVEN</schedulingStrategy>
        <yieldDuration>1 sec</yieldDuration>
      </config>
      <name>Notify record index completion</name>
      <relationships>
        <autoTerminate>true</autoTerminate>
        <name>failure</name>
      </relationships>
      <relationships>
        <autoTerminate>true</autoTerminate>
        <name>success</name>
      </relationships>
      <style></style>
      <type>org.apache.nifi.processors.standard.Notify</type>
    </processors>
    <processors>
      <id>e3a0df6e-7fea-319d-0000-000000000000</id>
      <parentGroupId>110fdeec-2233-324c-0000-000000000000</parentGroupId>
      <position>
        <x>1154.3409918337838</x>
        <y>938.6372273839039</y>
      </position>
      <bundle>
        <artifact>nifi-standard-nar</artifact>
        <group>org.apache.nifi</group>
        <version>1.3.0</version>
      </bundle>
      <config>
        <bulletinLevel>WARN</bulletinLevel>
        <comments></comments>
        <concurrentlySchedulableTaskCount>1</concurrentlySchedulableTaskCount>
        <descriptors>
          <entry>
            <key>Hash Algorithm</key>
            <value>
              <name>Hash Algorithm</name>
            </value>
          </entry>
          <entry>
            <key>Hash Attribute Name</key>
            <value>
              <name>Hash Attribute Name</name>
            </value>
          </entry>
        </descriptors>
        <executionNode>ALL</executionNode>
        <lossTolerant>false</lossTolerant>
        <penaltyDuration>30 sec</penaltyDuration>
        <properties>
          <entry>
            <key>Hash Algorithm</key>
            <value>MD5</value>
          </entry>
          <entry>
            <key>Hash Attribute Name</key>
            <value>hash.value</value>
          </entry>
        </properties>
        <runDurationMillis>0</runDurationMillis>
        <schedulingPeriod>0 sec</schedulingPeriod>
        <schedulingStrategy>TIMER_DRIVEN</schedulingStrategy>
        <yieldDuration>1 sec</yieldDuration>
      </config>
      <name>[ES] Hash data</name>
      <relationships>
        <autoTerminate>true</autoTerminate>
        <name>failure</name>
      </relationships>
      <relationships>
        <autoTerminate>false</autoTerminate>
        <name>success</name>
      </relationships>
      <style></style>
      <type>org.apache.nifi.processors.standard.HashContent</type>
    </processors>
    <processors>
      <id>04de3387-7ff5-3052-0000-000000000000</id>
      <parentGroupId>110fdeec-2233-324c-0000-000000000000</parentGroupId>
      <position>
        <x>3297.40697083769</x>
        <y>644.8769734776539</y>
      </position>
      <bundle>
        <artifact>nifi-standard-nar</artifact>
        <group>org.apache.nifi</group>
        <version>1.3.0</version>
      </bundle>
      <config>
        <bulletinLevel>WARN</bulletinLevel>
        <comments></comments>
        <concurrentlySchedulableTaskCount>1</concurrentlySchedulableTaskCount>
        <descriptors>
          <entry>
            <key>Null Value Representation</key>
            <value>
              <name>Null Value Representation</name>
            </value>
          </entry>
          <entry>
            <key>JsonPath Expression</key>
            <value>
              <name>JsonPath Expression</name>
            </value>
          </entry>
        </descriptors>
        <executionNode>ALL</executionNode>
        <lossTolerant>false</lossTolerant>
        <penaltyDuration>30 sec</penaltyDuration>
        <properties>
          <entry>
            <key>Null Value Representation</key>
            <value>empty string</value>
          </entry>
          <entry>
            <key>JsonPath Expression</key>
            <value>$.*</value>
          </entry>
        </properties>
        <runDurationMillis>0</runDurationMillis>
        <schedulingPeriod>0 sec</schedulingPeriod>
        <schedulingStrategy>TIMER_DRIVEN</schedulingStrategy>
        <yieldDuration>1 sec</yieldDuration>
      </config>
      <name>[Solr] Split records</name>
      <relationships>
        <autoTerminate>true</autoTerminate>
        <name>failure</name>
      </relationships>
      <relationships>
        <autoTerminate>false</autoTerminate>
        <name>original</name>
      </relationships>
      <relationships>
        <autoTerminate>false</autoTerminate>
        <name>split</name>
      </relationships>
      <style></style>
      <type>org.apache.nifi.processors.standard.SplitJson</type>
    </processors>
    <processors>
      <id>15439c15-68b1-3fc6-0000-000000000000</id>
      <parentGroupId>110fdeec-2233-324c-0000-000000000000</parentGroupId>
      <position>
        <x>34.38229471633667</x>
        <y>190.57761902638163</y>
      </position>
      <bundle>
        <artifact>nifi-jms-processors-nar</artifact>
        <group>org.apache.nifi</group>
        <version>1.3.0</version>
      </bundle>
      <config>
        <bulletinLevel>WARN</bulletinLevel>
        <comments></comments>
        <concurrentlySchedulableTaskCount>1</concurrentlySchedulableTaskCount>
        <descriptors>
          <entry>
            <key>User Name</key>
            <value>
              <name>User Name</name>
            </value>
          </entry>
          <entry>
            <key>Destination Name</key>
            <value>
              <name>Destination Name</name>
            </value>
          </entry>
          <entry>
            <key>Session Cache size</key>
            <value>
              <name>Session Cache size</name>
            </value>
          </entry>
          <entry>
            <key>Destination Type</key>
            <value>
              <name>Destination Type</name>
            </value>
          </entry>
          <entry>
            <key>Acknowledgement Mode</key>
            <value>
              <name>Acknowledgement Mode</name>
            </value>
          </entry>
          <entry>
            <key>Connection Factory Service</key>
            <value>
              <identifiesControllerService>org.apache.nifi.jms.cf.JMSConnectionFactoryProviderDefinition</identifiesControllerService>
              <name>Connection Factory Service</name>
            </value>
          </entry>
          <entry>
            <key>Password</key>
            <value>
              <name>Password</name>
            </value>
          </entry>
        </descriptors>
        <executionNode>ALL</executionNode>
        <lossTolerant>false</lossTolerant>
        <penaltyDuration>30 sec</penaltyDuration>
        <properties>
          <entry>
            <key>User Name</key>
          </entry>
          <entry>
            <key>Destination Name</key>
            <value>thinkbig.nifi.index</value>
          </entry>
          <entry>
            <key>Session Cache size</key>
            <value>1</value>
          </entry>
          <entry>
            <key>Destination Type</key>
            <value>QUEUE</value>
          </entry>
          <entry>
            <key>Acknowledgement Mode</key>
            <value>2</value>
          </entry>
          <entry>
            <key>Connection Factory Service</key>
            <value>bc36133c-65e8-3ee6-0000-000000000000</value>
          </entry>
          <entry>
            <key>Password</key>
          </entry>
        </properties>
        <runDurationMillis>0</runDurationMillis>
        <schedulingPeriod>0 sec</schedulingPeriod>
        <schedulingStrategy>TIMER_DRIVEN</schedulingStrategy>
        <yieldDuration>1 sec</yieldDuration>
      </config>
      <name>Receive index request</name>
      <relationships>
        <autoTerminate>false</autoTerminate>
        <name>success</name>
      </relationships>
      <style></style>
      <type>org.apache.nifi.jms.processors.ConsumeJMS</type>
    </processors>
    <processors>
      <id>27421edc-64ca-3422-0000-000000000000</id>
      <parentGroupId>110fdeec-2233-324c-0000-000000000000</parentGroupId>
      <position>
        <x>3297.374799587781</x>
        <y>1462.1167992546088</y>
      </position>
      <bundle>
        <artifact>nifi-solr-nar</artifact>
        <group>org.apache.nifi</group>
        <version>1.3.0</version>
      </bundle>
      <config>
        <bulletinLevel>WARN</bulletinLevel>
        <comments></comments>
        <concurrentlySchedulableTaskCount>1</concurrentlySchedulableTaskCount>
        <descriptors>
          <entry>
            <key>Solr Socket Timeout</key>
            <value>
              <name>Solr Socket Timeout</name>
            </value>
          </entry>
          <entry>
            <key>ZooKeeper Connection Timeout</key>
            <value>
              <name>ZooKeeper Connection Timeout</name>
            </value>
          </entry>
          <entry>
            <key>Solr Maximum Connections</key>
            <value>
              <name>Solr Maximum Connections</name>
            </value>
          </entry>
          <entry>
            <key>ZooKeeper Client Timeout</key>
            <value>
              <name>ZooKeeper Client Timeout</name>
            </value>
          </entry>
          <entry>
            <key>SSL Context Service</key>
            <value>
              <identifiesControllerService>org.apache.nifi.ssl.SSLContextService</identifiesControllerService>
              <name>SSL Context Service</name>
            </value>
          </entry>
          <entry>
            <key>JAAS Client App Name</key>
            <value>
              <name>JAAS Client App Name</name>
            </value>
          </entry>
          <entry>
            <key>Solr Maximum Connections Per Host</key>
            <value>
              <name>Solr Maximum Connections Per Host</name>
            </value>
          </entry>
          <entry>
            <key>Username</key>
            <value>
              <name>Username</name>
            </value>
          </entry>
          <entry>
            <key>Solr Connection Timeout</key>
            <value>
              <name>Solr Connection Timeout</name>
            </value>
          </entry>
          <entry>
            <key>Collection</key>
            <value>
              <name>Collection</name>
            </value>
          </entry>
          <entry>
            <key>Solr Location</key>
            <value>
              <name>Solr Location</name>
            </value>
          </entry>
          <entry>
            <key>Content Stream Path</key>
            <value>
              <name>Content Stream Path</name>
            </value>
          </entry>
          <entry>
            <key>Solr Type</key>
            <value>
              <name>Solr Type</name>
            </value>
          </entry>
          <entry>
            <key>Content-Type</key>
            <value>
              <name>Content-Type</name>
            </value>
          </entry>
          <entry>
            <key>Commit Within</key>
            <value>
              <name>Commit Within</name>
            </value>
          </entry>
          <entry>
            <key>Password</key>
            <value>
              <name>Password</name>
            </value>
          </entry>
        </descriptors>
        <executionNode>ALL</executionNode>
        <lossTolerant>false</lossTolerant>
        <penaltyDuration>30 sec</penaltyDuration>
        <properties>
          <entry>
            <key>Solr Socket Timeout</key>
            <value>10 seconds</value>
          </entry>
          <entry>
            <key>ZooKeeper Connection Timeout</key>
            <value>10 seconds</value>
          </entry>
          <entry>
            <key>Solr Maximum Connections</key>
            <value>10</value>
          </entry>
          <entry>
            <key>ZooKeeper Client Timeout</key>
            <value>10 seconds</value>
          </entry>
          <entry>
            <key>SSL Context Service</key>
          </entry>
          <entry>
            <key>JAAS Client App Name</key>
          </entry>
          <entry>
            <key>Solr Maximum Connections Per Host</key>
            <value>5</value>
          </entry>
          <entry>
            <key>Username</key>
          </entry>
          <entry>
            <key>Solr Connection Timeout</key>
            <value>10 seconds</value>
          </entry>
          <entry>
            <key>Collection</key>
            <value>${index-or-collection-name}</value>
          </entry>
          <entry>
            <key>Solr Location</key>
            <value>${config.search.solr.url}</value>
          </entry>
          <entry>
            <key>Content Stream Path</key>
            <value>/update/json/docs</value>
          </entry>
          <entry>
            <key>Solr Type</key>
            <value>Cloud</value>
          </entry>
          <entry>
            <key>Content-Type</key>
            <value>application/json</value>
          </entry>
          <entry>
            <key>Commit Within</key>
            <value>5000</value>
          </entry>
          <entry>
            <key>Password</key>
          </entry>
        </properties>
        <runDurationMillis>0</runDurationMillis>
        <schedulingPeriod>0 sec</schedulingPeriod>
        <schedulingStrategy>TIMER_DRIVEN</schedulingStrategy>
        <yieldDuration>1 sec</yieldDuration>
      </config>
      <name>[Solr] Index data</name>
      <relationships>
        <autoTerminate>false</autoTerminate>
        <name>connection_failure</name>
      </relationships>
      <relationships>
        <autoTerminate>false</autoTerminate>
        <name>failure</name>
      </relationships>
      <relationships>
        <autoTerminate>false</autoTerminate>
        <name>success</name>
      </relationships>
      <style></style>
      <type>org.apache.nifi.processors.solr.PutSolrContentStream</type>
    </processors>
    <processors>
      <id>341c1aa8-2af1-30e8-0000-000000000000</id>
      <parentGroupId>110fdeec-2233-324c-0000-000000000000</parentGroupId>
      <position>
        <x>2294.833632961042</x>
        <y>1864.4251429043652</y>
      </position>
      <bundle>
        <artifact>nifi-standard-nar</artifact>
        <group>org.apache.nifi</group>
        <version>1.3.0</version>
      </bundle>
      <config>
        <bulletinLevel>WARN</bulletinLevel>
        <comments></comments>
        <concurrentlySchedulableTaskCount>1</concurrentlySchedulableTaskCount>
        <descriptors>
          <entry>
            <key>Routing Strategy</key>
            <value>
              <name>Routing Strategy</name>
            </value>
          </entry>
          <entry>
            <key>reindexOperation</key>
            <value>
              <name>reindexOperation</name>
            </value>
          </entry>
        </descriptors>
        <executionNode>ALL</executionNode>
        <lossTolerant>false</lossTolerant>
        <penaltyDuration>30 sec</penaltyDuration>
        <properties>
          <entry>
            <key>Routing Strategy</key>
            <value>Route to Property name</value>
          </entry>
          <entry>
            <key>reindexOperation</key>
            <value>${reindexOperation:equals('true')}</value>
          </entry>
        </properties>
        <runDurationMillis>0</runDurationMillis>
        <schedulingPeriod>0 sec</schedulingPeriod>
        <schedulingStrategy>TIMER_DRIVEN</schedulingStrategy>
        <yieldDuration>1 sec</yieldDuration>
      </config>
      <name>Detect reindex op (record)</name>
      <relationships>
        <autoTerminate>false</autoTerminate>
        <name>reindexOperation</name>
      </relationships>
      <relationships>
        <autoTerminate>true</autoTerminate>
        <name>unmatched</name>
      </relationships>
      <style></style>
      <type>org.apache.nifi.processors.standard.RouteOnAttribute</type>
    </processors>
    <processors>
      <id>34b88fba-a252-3557-0000-000000000000</id>
      <parentGroupId>110fdeec-2233-324c-0000-000000000000</parentGroupId>
      <position>
        <x>2274.9655909688545</x>
        <y>984.216463705147</y>
      </position>
      <bundle>
        <artifact>nifi-standard-nar</artifact>
        <group>org.apache.nifi</group>
        <version>1.3.0</version>
      </bundle>
      <config>
        <bulletinLevel>WARN</bulletinLevel>
        <comments></comments>
        <concurrentlySchedulableTaskCount>1</concurrentlySchedulableTaskCount>
        <descriptors>
          <entry>
            <key>Routing Strategy</key>
            <value>
              <name>Routing Strategy</name>
            </value>
          </entry>
          <entry>
            <key>reindexOperation</key>
            <value>
              <name>reindexOperation</name>
            </value>
          </entry>
        </descriptors>
        <executionNode>ALL</executionNode>
        <lossTolerant>false</lossTolerant>
        <penaltyDuration>30 sec</penaltyDuration>
        <properties>
          <entry>
            <key>Routing Strategy</key>
            <value>Route to Property name</value>
          </entry>
          <entry>
            <key>reindexOperation</key>
            <value>${reindexOperation:equals('true')}</value>
          </entry>
        </properties>
        <runDurationMillis>0</runDurationMillis>
        <schedulingPeriod>0 sec</schedulingPeriod>
        <schedulingStrategy>TIMER_DRIVEN</schedulingStrategy>
        <yieldDuration>1 sec</yieldDuration>
      </config>
      <name>Detect reindex op (partition)</name>
      <relationships>
        <autoTerminate>false</autoTerminate>
        <name>reindexOperation</name>
      </relationships>
      <relationships>
        <autoTerminate>true</autoTerminate>
        <name>unmatched</name>
      </relationships>
      <style></style>
      <type>org.apache.nifi.processors.standard.RouteOnAttribute</type>
    </processors>
    <processors>
      <id>37329733-81a9-3198-0000-000000000000</id>
      <parentGroupId>110fdeec-2233-324c-0000-000000000000</parentGroupId>
      <position>
        <x>2261.915359360607</x>
        <y>642.1145401024949</y>
      </position>
      <bundle>
        <artifact>nifi-standard-nar</artifact>
        <group>org.apache.nifi</group>
        <version>1.3.0</version>
      </bundle>
      <config>
        <bulletinLevel>WARN</bulletinLevel>
        <comments></comments>
        <concurrentlySchedulableTaskCount>1</concurrentlySchedulableTaskCount>
        <descriptors>
          <entry>
            <key>Routing Strategy</key>
            <value>
              <name>Routing Strategy</name>
            </value>
          </entry>
          <entry>
            <key>elasticsearch</key>
            <value>
              <name>elasticsearch</name>
            </value>
          </entry>
          <entry>
            <key>solr</key>
            <value>
              <name>solr</name>
            </value>
          </entry>
        </descriptors>
        <executionNode>ALL</executionNode>
        <lossTolerant>false</lossTolerant>
        <penaltyDuration>30 sec</penaltyDuration>
        <properties>
          <entry>
            <key>Routing Strategy</key>
            <value>Route to Property name</value>
          </entry>
          <entry>
            <key>elasticsearch</key>
            <value>${searchengine:equals('elasticsearch')}</value>
          </entry>
          <entry>
            <key>solr</key>
            <value>${searchengine:equals('solr')}</value>
          </entry>
        </properties>
        <runDurationMillis>0</runDurationMillis>
        <schedulingPeriod>0 sec</schedulingPeriod>
        <schedulingStrategy>TIMER_DRIVEN</schedulingStrategy>
        <yieldDuration>1 sec</yieldDuration>
      </config>
      <name>Detect search engine</name>
      <relationships>
        <autoTerminate>false</autoTerminate>
        <name>elasticsearch</name>
      </relationships>
      <relationships>
        <autoTerminate>false</autoTerminate>
        <name>solr</name>
      </relationships>
      <relationships>
        <autoTerminate>true</autoTerminate>
        <name>unmatched</name>
      </relationships>
      <style></style>
      <type>org.apache.nifi.processors.standard.RouteOnAttribute</type>
    </processors>
    <processors>
      <id>3baadb47-f774-35d0-0000-000000000000</id>
      <parentGroupId>110fdeec-2233-324c-0000-000000000000</parentGroupId>
      <position>
        <x>1158.8701666384713</x>
        <y>1209.4311913444526</y>
      </position>
      <bundle>
        <artifact>nifi-update-attribute-nar</artifact>
        <group>org.apache.nifi</group>
        <version>1.3.0</version>
      </bundle>
      <config>
        <bulletinLevel>WARN</bulletinLevel>
        <comments></comments>
        <concurrentlySchedulableTaskCount>1</concurrentlySchedulableTaskCount>
        <descriptors>
          <entry>
            <key>Delete Attributes Expression</key>
            <value>
              <name>Delete Attributes Expression</name>
            </value>
          </entry>
          <entry>
            <key>Store State</key>
            <value>
              <name>Store State</name>
            </value>
          </entry>
          <entry>
            <key>documentId</key>
            <value>
              <name>documentId</name>
            </value>
          </entry>
          <entry>
            <key>Stateful Variables Initial Value</key>
            <value>
              <name>Stateful Variables Initial Value</name>
            </value>
          </entry>
        </descriptors>
        <executionNode>ALL</executionNode>
        <lossTolerant>false</lossTolerant>
        <penaltyDuration>30 sec</penaltyDuration>
        <properties>
          <entry>
            <key>Delete Attributes Expression</key>
          </entry>
          <entry>
            <key>Store State</key>
            <value>Do not store state</value>
          </entry>
          <entry>
            <key>documentId</key>
            <value>${category}::${feed}::${hash.value}</value>
          </entry>
          <entry>
            <key>Stateful Variables Initial Value</key>
          </entry>
        </properties>
        <runDurationMillis>0</runDurationMillis>
        <schedulingPeriod>0 sec</schedulingPeriod>
        <schedulingStrategy>TIMER_DRIVEN</schedulingStrategy>
        <yieldDuration>1 sec</yieldDuration>
      </config>
      <name>[ES] Set document identifier</name>
      <relationships>
        <autoTerminate>false</autoTerminate>
        <name>success</name>
      </relationships>
      <style></style>
      <type>org.apache.nifi.processors.attributes.UpdateAttribute</type>
    </processors>
    <processors>
      <id>3e300b09-02a0-3116-0000-000000000000</id>
      <parentGroupId>110fdeec-2233-324c-0000-000000000000</parentGroupId>
      <position>
        <x>641.0656435975689</x>
        <y>182.48306970230055</y>
      </position>
      <bundle>
        <artifact>nifi-update-attribute-nar</artifact>
        <group>org.apache.nifi</group>
        <version>1.3.0</version>
      </bundle>
      <config>
        <bulletinLevel>WARN</bulletinLevel>
        <comments></comments>
        <concurrentlySchedulableTaskCount>1</concurrentlySchedulableTaskCount>
        <descriptors>
          <entry>
            <key>Delete Attributes Expression</key>
            <value>
              <name>Delete Attributes Expression</name>
            </value>
          </entry>
          <entry>
            <key>searchengine</key>
            <value>
              <name>searchengine</name>
            </value>
          </entry>
          <entry>
            <key>Store State</key>
            <value>
              <name>Store State</name>
            </value>
          </entry>
          <entry>
            <key>Stateful Variables Initial Value</key>
            <value>
              <name>Stateful Variables Initial Value</name>
            </value>
          </entry>
          <entry>
            <key>index-or-collection-name</key>
            <value>
              <name>index-or-collection-name</name>
            </value>
          </entry>
        </descriptors>
        <executionNode>ALL</executionNode>
        <lossTolerant>false</lossTolerant>
        <penaltyDuration>30 sec</penaltyDuration>
        <properties>
          <entry>
            <key>Delete Attributes Expression</key>
          </entry>
          <entry>
            <key>searchengine</key>
            <value>${config.search.engine}</value>
          </entry>
          <entry>
            <key>Store State</key>
            <value>Do not store state</value>
          </entry>
          <entry>
            <key>Stateful Variables Initial Value</key>
          </entry>
          <entry>
            <key>index-or-collection-name</key>
            <value>kylo-data</value>
          </entry>
        </properties>
        <runDurationMillis>0</runDurationMillis>
        <schedulingPeriod>0 sec</schedulingPeriod>
        <schedulingStrategy>TIMER_DRIVEN</schedulingStrategy>
        <yieldDuration>1 sec</yieldDuration>
      </config>
      <name>Set job parameters</name>
      <relationships>
        <autoTerminate>false</autoTerminate>
        <name>success</name>
      </relationships>
      <style></style>
      <type>org.apache.nifi.processors.attributes.UpdateAttribute</type>
    </processors>
    <processors>
      <id>5987f828-dec8-3eea-0000-000000000000</id>
      <parentGroupId>110fdeec-2233-324c-0000-000000000000</parentGroupId>
      <position>
        <x>1153.9634826530437</x>
        <y>649.1972249424977</y>
      </position>
      <bundle>
        <artifact>nifi-standard-nar</artifact>
        <group>org.apache.nifi</group>
        <version>1.3.0</version>
      </bundle>
      <config>
        <bulletinLevel>WARN</bulletinLevel>
        <comments></comments>
        <concurrentlySchedulableTaskCount>1</concurrentlySchedulableTaskCount>
        <descriptors>
          <entry>
            <key>Null Value Representation</key>
            <value>
              <name>Null Value Representation</name>
            </value>
          </entry>
          <entry>
            <key>JsonPath Expression</key>
            <value>
              <name>JsonPath Expression</name>
            </value>
          </entry>
        </descriptors>
        <executionNode>ALL</executionNode>
        <lossTolerant>false</lossTolerant>
        <penaltyDuration>30 sec</penaltyDuration>
        <properties>
          <entry>
            <key>Null Value Representation</key>
            <value>empty string</value>
          </entry>
          <entry>
            <key>JsonPath Expression</key>
            <value>$.*</value>
          </entry>
        </properties>
        <runDurationMillis>0</runDurationMillis>
        <schedulingPeriod>0 sec</schedulingPeriod>
        <schedulingStrategy>TIMER_DRIVEN</schedulingStrategy>
        <yieldDuration>1 sec</yieldDuration>
      </config>
      <name>[ES] Split records</name>
      <relationships>
        <autoTerminate>true</autoTerminate>
        <name>failure</name>
      </relationships>
      <relationships>
        <autoTerminate>false</autoTerminate>
        <name>original</name>
      </relationships>
      <relationships>
        <autoTerminate>false</autoTerminate>
        <name>split</name>
      </relationships>
      <style></style>
      <type>org.apache.nifi.processors.standard.SplitJson</type>
    </processors>
    <processors>
      <id>5f94eb2e-c600-332b-0000-000000000000</id>
      <parentGroupId>110fdeec-2233-324c-0000-000000000000</parentGroupId>
      <position>
        <x>3300.860883572156</x>
        <y>1010.6369832432789</y>
      </position>
      <bundle>
        <artifact>nifi-scripting-nar</artifact>
        <group>org.apache.nifi</group>
        <version>1.3.0</version>
      </bundle>
      <config>
        <bulletinLevel>WARN</bulletinLevel>
        <comments></comments>
        <concurrentlySchedulableTaskCount>1</concurrentlySchedulableTaskCount>
        <descriptors>
          <entry>
            <key>Script File</key>
            <value>
              <name>Script File</name>
            </value>
          </entry>
          <entry>
            <key>Script Engine</key>
            <value>
              <name>Script Engine</name>
            </value>
          </entry>
          <entry>
            <key>Script Body</key>
            <value>
              <name>Script Body</name>
            </value>
          </entry>
          <entry>
            <key>Module Directory</key>
            <value>
              <name>Module Directory</name>
            </value>
          </entry>
        </descriptors>
        <executionNode>ALL</executionNode>
        <lossTolerant>false</lossTolerant>
        <penaltyDuration>30 sec</penaltyDuration>
        <properties>
          <entry>
            <key>Script File</key>
          </entry>
          <entry>
            <key>Script Engine</key>
            <value>Groovy</value>
          </entry>
          <entry>
            <key>Script Body</key>
            <value>import org.apache.commons.io.IOUtils
import java.security.MessageDigest
import java.nio.charset.*

def flowFile = session.get();
if (flowFile == null) {
    return;
}
def slurper = new groovy.json.JsonSlurper()

flowFile = session.write(flowFile,
        { inputStream, outputStream -&gt;
            def text = IOUtils.toString(inputStream, StandardCharsets.UTF_8)
            def obj = slurper.parseText(text)
	    def hash = MessageDigest.getInstance("MD5").digest(obj.toString().bytes).encodeHex().toString()
	    def category = flowFile.getAttribute('category')
	    def feed = flowFile.getAttribute("feed")
            def identifier = category + "::" + feed + "::" + hash
   	    def builder = new groovy.json.JsonBuilder()
		builder.call { 
      			obj.forEach {k,v -&gt;
         		   		"$k" "$v"
                                         "id" identifier
      		   	}
  		   }
           outputStream.write(builder.toPrettyString().getBytes(StandardCharsets.UTF_8)) 
        } as StreamCallback)
session.transfer(flowFile, ExecuteScript.REL_SUCCESS)</value>
          </entry>
          <entry>
            <key>Module Directory</key>
          </entry>
        </properties>
        <runDurationMillis>0</runDurationMillis>
        <schedulingPeriod>0 sec</schedulingPeriod>
        <schedulingStrategy>TIMER_DRIVEN</schedulingStrategy>
        <yieldDuration>1 sec</yieldDuration>
      </config>
      <name>[Solr] Set document identifier</name>
      <relationships>
        <autoTerminate>true</autoTerminate>
        <name>failure</name>
      </relationships>
      <relationships>
        <autoTerminate>false</autoTerminate>
        <name>success</name>
      </relationships>
      <style></style>
      <type>org.apache.nifi.processors.script.ExecuteScript</type>
    </processors>
    <processors>
      <id>60efc281-cc84-36f7-0000-000000000000</id>
      <parentGroupId>110fdeec-2233-324c-0000-000000000000</parentGroupId>
      <position>
        <x>2263.4281413661547</x>
        <y>400.63034872349886</y>
      </position>
      <bundle>
        <artifact>nifi-avro-nar</artifact>
        <group>org.apache.nifi</group>
        <version>1.3.0</version>
      </bundle>
      <config>
        <bulletinLevel>WARN</bulletinLevel>
        <comments></comments>
        <concurrentlySchedulableTaskCount>1</concurrentlySchedulableTaskCount>
        <descriptors>
          <entry>
            <key>JSON container options</key>
            <value>
              <name>JSON container options</name>
            </value>
          </entry>
          <entry>
            <key>Wrap Single Record</key>
            <value>
              <name>Wrap Single Record</name>
            </value>
          </entry>
          <entry>
            <key>Avro schema</key>
            <value>
              <name>Avro schema</name>
            </value>
          </entry>
        </descriptors>
        <executionNode>ALL</executionNode>
        <lossTolerant>false</lossTolerant>
        <penaltyDuration>30 sec</penaltyDuration>
        <properties>
          <entry>
            <key>JSON container options</key>
            <value>array</value>
          </entry>
          <entry>
            <key>Wrap Single Record</key>
            <value>true</value>
          </entry>
          <entry>
            <key>Avro schema</key>
          </entry>
        </properties>
        <runDurationMillis>0</runDurationMillis>
        <schedulingPeriod>0 sec</schedulingPeriod>
        <schedulingStrategy>TIMER_DRIVEN</schedulingStrategy>
        <yieldDuration>1 sec</yieldDuration>
      </config>
      <name>Prepare search engine format</name>
      <relationships>
        <autoTerminate>true</autoTerminate>
        <name>failure</name>
      </relationships>
      <relationships>
        <autoTerminate>false</autoTerminate>
        <name>success</name>
      </relationships>
      <style></style>
      <type>org.apache.nifi.processors.avro.ConvertAvroToJSON</type>
    </processors>
    <processors>
      <id>701d185c-9bbb-3e8c-0000-000000000000</id>
      <parentGroupId>110fdeec-2233-324c-0000-000000000000</parentGroupId>
      <position>
        <x>2269.315119566696</x>
        <y>172.18786139753388</y>
      </position>
      <bundle>
        <artifact>kylo-nifi-hadoop-v1.2-nar</artifact>
        <group>default</group>
        <version>unversioned</version>
      </bundle>
      <config>
        <bulletinLevel>WARN</bulletinLevel>
        <comments></comments>
        <concurrentlySchedulableTaskCount>1</concurrentlySchedulableTaskCount>
        <descriptors>
          <entry>
            <key>SQL select query</key>
            <value>
              <name>SQL select query</name>
            </value>
          </entry>
          <entry>
            <key>Max Wait Time</key>
            <value>
              <name>Max Wait Time</name>
            </value>
          </entry>
          <entry>
            <key>Database Connection Pooling Service</key>
            <value>
              <identifiesControllerService>com.thinkbiganalytics.nifi.v2.thrift.ThriftService</identifiesControllerService>
              <name>Database Connection Pooling Service</name>
            </value>
          </entry>
        </descriptors>
        <executionNode>ALL</executionNode>
        <lossTolerant>false</lossTolerant>
        <penaltyDuration>30 sec</penaltyDuration>
        <properties>
          <entry>
            <key>SQL select query</key>
            <value>select ${fieldIndexString},'${category}' as kylo_schema,'${feed}' as kylo_table from ${category}.${feed}_valid where processing_dttm = ${feedts}</value>
          </entry>
          <entry>
            <key>Max Wait Time</key>
            <value>0 seconds</value>
          </entry>
          <entry>
            <key>Database Connection Pooling Service</key>
            <value>c89f2644-f5cc-3ac8-0000-000000000000</value>
          </entry>
        </properties>
        <runDurationMillis>0</runDurationMillis>
        <schedulingPeriod>0 sec</schedulingPeriod>
        <schedulingStrategy>TIMER_DRIVEN</schedulingStrategy>
        <yieldDuration>1 sec</yieldDuration>
      </config>
      <name>Extract feed data</name>
      <relationships>
        <autoTerminate>true</autoTerminate>
        <name>failure</name>
      </relationships>
      <relationships>
        <autoTerminate>false</autoTerminate>
        <name>success</name>
      </relationships>
      <style></style>
      <type>com.thinkbiganalytics.nifi.v2.thrift.ExecuteHQL</type>
    </processors>
    <processors>
      <id>7cdeb5bf-541b-30d4-0000-000000000000</id>
      <parentGroupId>110fdeec-2233-324c-0000-000000000000</parentGroupId>
      <position>
        <x>1164.4297256126424</x>
        <y>1854.364841286846</y>
      </position>
      <bundle>
        <artifact>nifi-standard-nar</artifact>
        <group>org.apache.nifi</group>
        <version>1.3.0</version>
      </bundle>
      <config>
        <bulletinLevel>WARN</bulletinLevel>
        <comments></comments>
        <concurrentlySchedulableTaskCount>1</concurrentlySchedulableTaskCount>
        <descriptors>
          <entry>
            <key>Log prefix</key>
            <value>
              <name>Log prefix</name>
            </value>
          </entry>
          <entry>
            <key>Log Level</key>
            <value>
              <name>Log Level</name>
            </value>
          </entry>
          <entry>
            <key>Attributes to Ignore</key>
            <value>
              <name>Attributes to Ignore</name>
            </value>
          </entry>
          <entry>
            <key>Attributes to Log</key>
            <value>
              <name>Attributes to Log</name>
            </value>
          </entry>
          <entry>
            <key>Log Payload</key>
            <value>
              <name>Log Payload</name>
            </value>
          </entry>
        </descriptors>
        <executionNode>ALL</executionNode>
        <lossTolerant>false</lossTolerant>
        <penaltyDuration>30 sec</penaltyDuration>
        <properties>
          <entry>
            <key>Log prefix</key>
          </entry>
          <entry>
            <key>Log Level</key>
            <value>info</value>
          </entry>
          <entry>
            <key>Attributes to Ignore</key>
          </entry>
          <entry>
            <key>Attributes to Log</key>
          </entry>
          <entry>
            <key>Log Payload</key>
            <value>false</value>
          </entry>
        </properties>
        <runDurationMillis>0</runDurationMillis>
        <schedulingPeriod>0 sec</schedulingPeriod>
        <schedulingStrategy>TIMER_DRIVEN</schedulingStrategy>
        <yieldDuration>1 sec</yieldDuration>
      </config>
      <name>[ES] Log index op failure</name>
      <relationships>
        <autoTerminate>false</autoTerminate>
        <name>success</name>
      </relationships>
      <style></style>
      <type>org.apache.nifi.processors.standard.LogAttribute</type>
    </processors>
  </snippet>
  <timestamp>02/17/2018 02:07:42 UTC</timestamp>
</template>