<?xml version="1.0" ?>
<template encoding-version="1.1">
  <description>Kylo Feed Template - Ingest to Teradata</description>
  <groupId>2afb0f05-015e-1000-1754-6d235a2c59d2</groupId>
  <name>Data Ingest - Teradata</name>
  <snippet>
    <connections>
      <id>8ef58995-231b-3024-0000-000000000000</id>
      <parentGroupId>a0f6b739-39c8-3cdb-0000-000000000000</parentGroupId>
      <backPressureDataSizeThreshold>1 GB</backPressureDataSizeThreshold>
      <backPressureObjectThreshold>10000</backPressureObjectThreshold>
      <destination>
        <groupId>a0f6b739-39c8-3cdb-0000-000000000000</groupId>
        <id>45cd30a9-2b6f-30b9-0000-000000000000</id>
        <type>PROCESSOR</type>
      </destination>
      <flowFileExpiration>0 sec</flowFileExpiration>
      <labelIndex>1</labelIndex>
      <name></name>
      <selectedRelationships>failure</selectedRelationships>
      <source>
        <groupId>a0f6b739-39c8-3cdb-0000-000000000000</groupId>
        <id>22910b20-b88a-35bd-0000-000000000000</id>
        <type>PROCESSOR</type>
      </source>
      <zIndex>0</zIndex>
    </connections>
    <connections>
      <id>a31d5420-56d8-3160-0000-000000000000</id>
      <parentGroupId>a0f6b739-39c8-3cdb-0000-000000000000</parentGroupId>
      <backPressureDataSizeThreshold>1 GB</backPressureDataSizeThreshold>
      <backPressureObjectThreshold>10000</backPressureObjectThreshold>
      <destination>
        <groupId>a0f6b739-39c8-3cdb-0000-000000000000</groupId>
        <id>22910b20-b88a-35bd-0000-000000000000</id>
        <type>PROCESSOR</type>
      </destination>
      <flowFileExpiration>0 sec</flowFileExpiration>
      <labelIndex>1</labelIndex>
      <name></name>
      <selectedRelationships>success</selectedRelationships>
      <source>
        <groupId>a0f6b739-39c8-3cdb-0000-000000000000</groupId>
        <id>b60ce4a8-e667-32dc-0000-000000000000</id>
        <type>PROCESSOR</type>
      </source>
      <zIndex>0</zIndex>
    </connections>
    <connections>
      <id>d53c4a13-5071-3626-0000-000000000000</id>
      <parentGroupId>a0f6b739-39c8-3cdb-0000-000000000000</parentGroupId>
      <backPressureDataSizeThreshold>1 GB</backPressureDataSizeThreshold>
      <backPressureObjectThreshold>10000</backPressureObjectThreshold>
      <destination>
        <groupId>a0f6b739-39c8-3cdb-0000-000000000000</groupId>
        <id>7ea1669a-6c0c-3842-0000-000000000000</id>
        <type>PROCESSOR</type>
      </destination>
      <flowFileExpiration>0 sec</flowFileExpiration>
      <labelIndex>1</labelIndex>
      <name></name>
      <selectedRelationships>table-avro</selectedRelationships>
      <source>
        <groupId>a0f6b739-39c8-3cdb-0000-000000000000</groupId>
        <id>f515e742-7a39-3105-0000-000000000000</id>
        <type>PROCESSOR</type>
      </source>
      <zIndex>0</zIndex>
    </connections>
    <connections>
      <id>d6b8c119-33c8-35fc-0000-000000000000</id>
      <parentGroupId>a0f6b739-39c8-3cdb-0000-000000000000</parentGroupId>
      <backPressureDataSizeThreshold>1 GB</backPressureDataSizeThreshold>
      <backPressureObjectThreshold>10000</backPressureObjectThreshold>
      <destination>
        <groupId>a0f6b739-39c8-3cdb-0000-000000000000</groupId>
        <id>1e388138-79b0-31a0-0000-000000000000</id>
        <type>PROCESSOR</type>
      </destination>
      <flowFileExpiration>0 sec</flowFileExpiration>
      <labelIndex>1</labelIndex>
      <name></name>
      <selectedRelationships>Success</selectedRelationships>
      <source>
        <groupId>a0f6b739-39c8-3cdb-0000-000000000000</groupId>
        <id>21746e3e-c01c-36bb-0000-000000000000</id>
        <type>PROCESSOR</type>
      </source>
      <zIndex>0</zIndex>
    </connections>
    <connections>
      <id>e67330cf-fe4c-33af-0000-000000000000</id>
      <parentGroupId>a0f6b739-39c8-3cdb-0000-000000000000</parentGroupId>
      <backPressureDataSizeThreshold>1 GB</backPressureDataSizeThreshold>
      <backPressureObjectThreshold>10000</backPressureObjectThreshold>
      <destination>
        <groupId>a0f6b739-39c8-3cdb-0000-000000000000</groupId>
        <id>e8d95aed-6cf5-32ce-0000-000000000000</id>
        <type>PROCESSOR</type>
      </destination>
      <flowFileExpiration>0 sec</flowFileExpiration>
      <labelIndex>1</labelIndex>
      <name></name>
      <selectedRelationships>success</selectedRelationships>
      <source>
        <groupId>a0f6b739-39c8-3cdb-0000-000000000000</groupId>
        <id>22910b20-b88a-35bd-0000-000000000000</id>
        <type>PROCESSOR</type>
      </source>
      <zIndex>0</zIndex>
    </connections>
    <connections>
      <id>f57176ca-bb5d-31b4-0000-000000000000</id>
      <parentGroupId>a0f6b739-39c8-3cdb-0000-000000000000</parentGroupId>
      <backPressureDataSizeThreshold>1 GB</backPressureDataSizeThreshold>
      <backPressureObjectThreshold>10000</backPressureObjectThreshold>
      <destination>
        <groupId>a0f6b739-39c8-3cdb-0000-000000000000</groupId>
        <id>4921182d-c677-39e3-0000-000000000000</id>
        <type>OUTPUT_PORT</type>
      </destination>
      <flowFileExpiration>0 sec</flowFileExpiration>
      <labelIndex>1</labelIndex>
      <name></name>
      <selectedRelationships>success</selectedRelationships>
      <source>
        <groupId>a0f6b739-39c8-3cdb-0000-000000000000</groupId>
        <id>1e388138-79b0-31a0-0000-000000000000</id>
        <type>PROCESSOR</type>
      </source>
      <zIndex>0</zIndex>
    </connections>
    <connections>
      <id>f9d30ef7-5be3-3c4b-0000-000000000000</id>
      <parentGroupId>a0f6b739-39c8-3cdb-0000-000000000000</parentGroupId>
      <backPressureDataSizeThreshold>1 GB</backPressureDataSizeThreshold>
      <backPressureObjectThreshold>10000</backPressureObjectThreshold>
      <destination>
        <groupId>a0f6b739-39c8-3cdb-0000-000000000000</groupId>
        <id>35bf9ca2-f47a-38e2-0000-000000000000</id>
        <type>OUTPUT_PORT</type>
      </destination>
      <flowFileExpiration>0 sec</flowFileExpiration>
      <labelIndex>1</labelIndex>
      <name></name>
      <selectedRelationships>success</selectedRelationships>
      <source>
        <groupId>a0f6b739-39c8-3cdb-0000-000000000000</groupId>
        <id>7ea1669a-6c0c-3842-0000-000000000000</id>
        <type>PROCESSOR</type>
      </source>
      <zIndex>0</zIndex>
    </connections>
    <connections>
      <id>2760be98-4f9f-3cfc-0000-000000000000</id>
      <parentGroupId>a0f6b739-39c8-3cdb-0000-000000000000</parentGroupId>
      <backPressureDataSizeThreshold>1 GB</backPressureDataSizeThreshold>
      <backPressureObjectThreshold>10000</backPressureObjectThreshold>
      <destination>
        <groupId>a0f6b739-39c8-3cdb-0000-000000000000</groupId>
        <id>f515e742-7a39-3105-0000-000000000000</id>
        <type>PROCESSOR</type>
      </destination>
      <flowFileExpiration>0 sec</flowFileExpiration>
      <labelIndex>1</labelIndex>
      <name></name>
      <selectedRelationships>success</selectedRelationships>
      <source>
        <groupId>a0f6b739-39c8-3cdb-0000-000000000000</groupId>
        <id>e8d95aed-6cf5-32ce-0000-000000000000</id>
        <type>PROCESSOR</type>
      </source>
      <zIndex>0</zIndex>
    </connections>
    <connections>
      <id>28ecfda3-0825-31e5-0000-000000000000</id>
      <parentGroupId>a0f6b739-39c8-3cdb-0000-000000000000</parentGroupId>
      <backPressureDataSizeThreshold>1 GB</backPressureDataSizeThreshold>
      <backPressureObjectThreshold>10000</backPressureObjectThreshold>
      <destination>
        <groupId>a0f6b739-39c8-3cdb-0000-000000000000</groupId>
        <id>e8d95aed-6cf5-32ce-0000-000000000000</id>
        <type>PROCESSOR</type>
      </destination>
      <flowFileExpiration>0 sec</flowFileExpiration>
      <labelIndex>1</labelIndex>
      <name></name>
      <selectedRelationships>success</selectedRelationships>
      <source>
        <groupId>a0f6b739-39c8-3cdb-0000-000000000000</groupId>
        <id>b9b9a3e4-4a20-3824-0000-000000000000</id>
        <type>PROCESSOR</type>
      </source>
      <zIndex>0</zIndex>
    </connections>
    <connections>
      <id>4a389b81-95e5-304c-0000-000000000000</id>
      <parentGroupId>a0f6b739-39c8-3cdb-0000-000000000000</parentGroupId>
      <backPressureDataSizeThreshold>1 GB</backPressureDataSizeThreshold>
      <backPressureObjectThreshold>10000</backPressureObjectThreshold>
      <destination>
        <groupId>a0f6b739-39c8-3cdb-0000-000000000000</groupId>
        <id>a535cf8f-d860-3e3d-0000-000000000000</id>
        <type>PROCESSOR</type>
      </destination>
      <flowFileExpiration>0 sec</flowFileExpiration>
      <labelIndex>1</labelIndex>
      <name></name>
      <selectedRelationships>nodata</selectedRelationships>
      <source>
        <groupId>a0f6b739-39c8-3cdb-0000-000000000000</groupId>
        <id>22910b20-b88a-35bd-0000-000000000000</id>
        <type>PROCESSOR</type>
      </source>
      <zIndex>0</zIndex>
    </connections>
    <connections>
      <id>6ed291a4-8e0a-37eb-0000-000000000000</id>
      <parentGroupId>a0f6b739-39c8-3cdb-0000-000000000000</parentGroupId>
      <backPressureDataSizeThreshold>1 GB</backPressureDataSizeThreshold>
      <backPressureObjectThreshold>10000</backPressureObjectThreshold>
      <destination>
        <groupId>a0f6b739-39c8-3cdb-0000-000000000000</groupId>
        <id>35bf9ca2-f47a-38e2-0000-000000000000</id>
        <type>OUTPUT_PORT</type>
      </destination>
      <flowFileExpiration>0 sec</flowFileExpiration>
      <labelIndex>1</labelIndex>
      <name></name>
      <selectedRelationships>unmatched</selectedRelationships>
      <source>
        <groupId>a0f6b739-39c8-3cdb-0000-000000000000</groupId>
        <id>f515e742-7a39-3105-0000-000000000000</id>
        <type>PROCESSOR</type>
      </source>
      <zIndex>0</zIndex>
    </connections>
    <controllerServices>
      <id>9ff0d69b-bc45-3221-0000-000000000000</id>
      <parentGroupId>a0f6b739-39c8-3cdb-0000-000000000000</parentGroupId>
      <bundle>
        <artifact>kylo-nifi-core-service-v1.2-nar</artifact>
        <group>default</group>
        <version>unversioned</version>
      </bundle>
      <comments></comments>
      <descriptors>
        <entry>
          <key>Configuraton Classes</key>
          <value>
            <name>Configuraton Classes</name>
          </value>
        </entry>
      </descriptors>
      <name>SpringContextLoaderService</name>
      <persistsState>false</persistsState>
      <properties>
        <entry>
          <key>Configuraton Classes</key>
        </entry>
      </properties>
      <state>ENABLED</state>
      <type>com.thinkbiganalytics.nifi.v2.core.spring.SpringContextLoaderService</type>
    </controllerServices>
    <controllerServices>
      <id>043e7e80-39f3-3d60-0000-000000000000</id>
      <parentGroupId>a0f6b739-39c8-3cdb-0000-000000000000</parentGroupId>
      <bundle>
        <artifact>nifi-dbcp-service-nar</artifact>
        <group>org.apache.nifi</group>
        <version>1.3.0</version>
      </bundle>
      <comments></comments>
      <descriptors>
        <entry>
          <key>Validation-query</key>
          <value>
            <name>Validation-query</name>
          </value>
        </entry>
        <entry>
          <key>Database Connection URL</key>
          <value>
            <name>Database Connection URL</name>
          </value>
        </entry>
        <entry>
          <key>Max Wait Time</key>
          <value>
            <name>Max Wait Time</name>
          </value>
        </entry>
        <entry>
          <key>Database Driver Class Name</key>
          <value>
            <name>Database Driver Class Name</name>
          </value>
        </entry>
        <entry>
          <key>Database User</key>
          <value>
            <name>Database User</name>
          </value>
        </entry>
        <entry>
          <key>database-driver-locations</key>
          <value>
            <name>database-driver-locations</name>
          </value>
        </entry>
        <entry>
          <key>Max Total Connections</key>
          <value>
            <name>Max Total Connections</name>
          </value>
        </entry>
        <entry>
          <key>Password</key>
          <value>
            <name>Password</name>
          </value>
        </entry>
      </descriptors>
      <name>Kylo-Teradata-DBC</name>
      <persistsState>false</persistsState>
      <properties>
        <entry>
          <key>Validation-query</key>
          <value>select 1</value>
        </entry>
        <entry>
          <key>Database Connection URL</key>
          <value>jdbc:teradata://localhost</value>
        </entry>
        <entry>
          <key>Max Wait Time</key>
          <value>500 millis</value>
        </entry>
        <entry>
          <key>Database Driver Class Name</key>
          <value>com.teradata.jdbc.TeraDriver</value>
        </entry>
        <entry>
          <key>Database User</key>
          <value>dbc</value>
        </entry>
        <entry>
          <key>database-driver-locations</key>
          <value>file:///opt/nifi/teradata/terajdbc4.jar,file:///opt/nifi/teradata/tdgssconfig.jar</value>
        </entry>
        <entry>
          <key>Max Total Connections</key>
          <value>8</value>
        </entry>
        <entry>
          <key>Password</key>
        </entry>
      </properties>
      <state>ENABLED</state>
      <type>org.apache.nifi.dbcp.DBCPConnectionPool</type>
    </controllerServices>
    <controllerServices>
      <id>358d6b7b-2e72-3c7c-0000-000000000000</id>
      <parentGroupId>a0f6b739-39c8-3cdb-0000-000000000000</parentGroupId>
      <bundle>
        <artifact>kylo-nifi-core-service-v1.2-nar</artifact>
        <group>default</group>
        <version>unversioned</version>
      </bundle>
      <comments></comments>
      <descriptors>
        <entry>
          <key>client-password</key>
          <value>
            <name>client-password</name>
          </value>
        </entry>
        <entry>
          <key>SSL Context Service</key>
          <value>
            <identifiesControllerService>org.apache.nifi.ssl.SSLContextService</identifiesControllerService>
            <name>SSL Context Service</name>
          </value>
        </entry>
        <entry>
          <key>client-username</key>
          <value>
            <name>client-username</name>
          </value>
        </entry>
        <entry>
          <key>Spring Context Service</key>
          <value>
            <identifiesControllerService>com.thinkbiganalytics.nifi.core.api.spring.SpringContextService</identifiesControllerService>
            <name>Spring Context Service</name>
          </value>
        </entry>
        <entry>
          <key>Implementation</key>
          <value>
            <name>Implementation</name>
          </value>
        </entry>
        <entry>
          <key>rest-client-url</key>
          <value>
            <name>rest-client-url</name>
          </value>
        </entry>
      </descriptors>
      <name>Kylo Metadata Service</name>
      <persistsState>false</persistsState>
      <properties>
        <entry>
          <key>client-password</key>
          <value></value>
        </entry>
        <entry>
          <key>SSL Context Service</key>
        </entry>
        <entry>
          <key>client-username</key>
          <value>dladmin</value>
        </entry>
        <entry>
          <key>Spring Context Service</key>
        </entry>
        <entry>
          <key>Implementation</key>
          <value>REMOTE</value>
        </entry>
        <entry>
          <key>rest-client-url</key>
          <value>http://localhost:8400/proxy/v1/metadata</value>
        </entry>
      </properties>
      <state>ENABLED</state>
      <type>com.thinkbiganalytics.nifi.v2.core.metadata.MetadataProviderSelectorService</type>
    </controllerServices>
    <controllerServices>
      <id>789ad24e-ebba-30d5-0000-000000000000</id>
      <parentGroupId>a0f6b739-39c8-3cdb-0000-000000000000</parentGroupId>
      <bundle>
        <artifact>kylo-nifi-core-service-v1.2-nar</artifact>
        <group>default</group>
        <version>unversioned</version>
      </bundle>
      <comments></comments>
      <descriptors>
        <entry>
          <key>Spring Context Service</key>
          <value>
            <identifiesControllerService>com.thinkbiganalytics.nifi.core.api.spring.SpringContextService</identifiesControllerService>
            <name>Spring Context Service</name>
          </value>
        </entry>
      </descriptors>
      <name>Kylo Cleanup Service</name>
      <persistsState>false</persistsState>
      <properties>
        <entry>
          <key>Spring Context Service</key>
          <value>9ff0d69b-bc45-3221-0000-000000000000</value>
        </entry>
      </properties>
      <state>ENABLED</state>
      <type>com.thinkbiganalytics.nifi.v2.core.cleanup.JmsCleanupEventService</type>
    </controllerServices>
    <labels>
      <id>af6e8eba-ee2d-3c7b-0000-000000000000</id>
      <parentGroupId>a0f6b739-39c8-3cdb-0000-000000000000</parentGroupId>
      <position>
        <x>7.047477913733019</x>
        <y>894.8114689660142</y>
      </position>
      <height>172.5148162841797</height>
      <label>Cleanup</label>
      <style>
        <entry>
          <key>background-color</key>
          <value>#dbdbdb</value>
        </entry>
        <entry>
          <key>font-size</key>
          <value>18px</value>
        </entry>
      </style>
      <width>1538.88671875</width>
    </labels>
    <outputPorts>
      <id>35bf9ca2-f47a-38e2-0000-000000000000</id>
      <parentGroupId>a0f6b739-39c8-3cdb-0000-000000000000</parentGroupId>
      <position>
        <x>1314.5356915797693</x>
        <y>738.2057462862922</y>
      </position>
      <comments></comments>
      <concurrentlySchedulableTaskCount>1</concurrentlySchedulableTaskCount>
      <name>to-standard-ingest-teradata</name>
      <state>STOPPED</state>
      <transmitting>false</transmitting>
      <type>OUTPUT_PORT</type>
    </outputPorts>
    <outputPorts>
      <id>4921182d-c677-39e3-0000-000000000000</id>
      <parentGroupId>a0f6b739-39c8-3cdb-0000-000000000000</parentGroupId>
      <position>
        <x>1216.7180267880267</x>
        <y>949.1986218339498</y>
      </position>
      <comments></comments>
      <concurrentlySchedulableTaskCount>1</concurrentlySchedulableTaskCount>
      <name>to-standard-cleanup-teradata</name>
      <state>STOPPED</state>
      <transmitting>false</transmitting>
      <type>OUTPUT_PORT</type>
    </outputPorts>
    <processors>
      <id>a535cf8f-d860-3e3d-0000-000000000000</id>
      <parentGroupId>a0f6b739-39c8-3cdb-0000-000000000000</parentGroupId>
      <position>
        <x>1254.793905193692</x>
        <y>225.0592041015625</y>
      </position>
      <bundle>
        <artifact>kylo-nifi-core-v1.2-nar</artifact>
        <group>default</group>
        <version>unversioned</version>
      </bundle>
      <config>
        <bulletinLevel>WARN</bulletinLevel>
        <comments></comments>
        <concurrentlySchedulableTaskCount>1</concurrentlySchedulableTaskCount>
        <descriptors>
          <entry>
            <key>Release All</key>
            <value>
              <name>Release All</name>
            </value>
          </entry>
          <entry>
            <key>System feed category</key>
            <value>
              <name>System feed category</name>
            </value>
          </entry>
          <entry>
            <key>High-Water Mark</key>
            <value>
              <name>High-Water Mark</name>
            </value>
          </entry>
          <entry>
            <key>Mode</key>
            <value>
              <name>Mode</name>
            </value>
          </entry>
          <entry>
            <key>System feed name</key>
            <value>
              <name>System feed name</name>
            </value>
          </entry>
          <entry>
            <key>Metadata Service</key>
            <value>
              <identifiesControllerService>com.thinkbiganalytics.nifi.core.api.metadata.MetadataProviderService</identifiesControllerService>
              <name>Metadata Service</name>
            </value>
          </entry>
          <entry>
            <key>High-Water Mark Value Property Name</key>
            <value>
              <name>High-Water Mark Value Property Name</name>
            </value>
          </entry>
        </descriptors>
        <executionNode>ALL</executionNode>
        <lossTolerant>false</lossTolerant>
        <penaltyDuration>30 sec</penaltyDuration>
        <properties>
          <entry>
            <key>Release All</key>
            <value>true</value>
          </entry>
          <entry>
            <key>System feed category</key>
            <value>${metadata.category.systemName}</value>
          </entry>
          <entry>
            <key>High-Water Mark</key>
            <value>highWaterMark</value>
          </entry>
          <entry>
            <key>Mode</key>
            <value>COMMIT</value>
          </entry>
          <entry>
            <key>System feed name</key>
            <value>${metadata.systemFeedName}</value>
          </entry>
          <entry>
            <key>Metadata Service</key>
            <value>358d6b7b-2e72-3c7c-0000-000000000000</value>
          </entry>
          <entry>
            <key>High-Water Mark Value Property Name</key>
            <value>water.mark</value>
          </entry>
        </properties>
        <runDurationMillis>0</runDurationMillis>
        <schedulingPeriod>0 sec</schedulingPeriod>
        <schedulingStrategy>TIMER_DRIVEN</schedulingStrategy>
        <yieldDuration>1 sec</yieldDuration>
      </config>
      <name>No Data - Release Highwater Mark</name>
      <relationships>
        <autoTerminate>true</autoTerminate>
        <name>cancelledWaterMark</name>
      </relationships>
      <relationships>
        <autoTerminate>true</autoTerminate>
        <name>failure</name>
      </relationships>
      <relationships>
        <autoTerminate>true</autoTerminate>
        <name>success</name>
      </relationships>
      <style>
        <entry>
          <key>background-color</key>
          <value>#f21308</value>
        </entry>
      </style>
      <type>com.thinkbiganalytics.nifi.v2.core.watermark.ReleaseHighWaterMark</type>
    </processors>
    <processors>
      <id>b60ce4a8-e667-32dc-0000-000000000000</id>
      <parentGroupId>a0f6b739-39c8-3cdb-0000-000000000000</parentGroupId>
      <position>
        <x>0.0</x>
        <y>231.04846845100292</y>
      </position>
      <bundle>
        <artifact>kylo-nifi-core-v1.2-nar</artifact>
        <group>default</group>
        <version>unversioned</version>
      </bundle>
      <config>
        <bulletinLevel>WARN</bulletinLevel>
        <comments></comments>
        <concurrentlySchedulableTaskCount>1</concurrentlySchedulableTaskCount>
        <descriptors>
          <entry>
            <key>System feed category</key>
            <value>
              <name>System feed category</name>
            </value>
          </entry>
          <entry>
            <key>High-Water Mark</key>
            <value>
              <name>High-Water Mark</name>
            </value>
          </entry>
          <entry>
            <key>Max Yield Count Strategy</key>
            <value>
              <name>Max Yield Count Strategy</name>
            </value>
          </entry>
          <entry>
            <key>Max Yield Count</key>
            <value>
              <name>Max Yield Count</name>
            </value>
          </entry>
          <entry>
            <key>Initial Value</key>
            <value>
              <name>Initial Value</name>
            </value>
          </entry>
          <entry>
            <key>System feed name</key>
            <value>
              <name>System feed name</name>
            </value>
          </entry>
          <entry>
            <key>Metadata Service</key>
            <value>
              <identifiesControllerService>com.thinkbiganalytics.nifi.core.api.metadata.MetadataProviderService</identifiesControllerService>
              <name>Metadata Service</name>
            </value>
          </entry>
          <entry>
            <key>High-Water Mark Value Property Name</key>
            <value>
              <name>High-Water Mark Value Property Name</name>
            </value>
          </entry>
          <entry>
            <key>Active Water Mark Strategy</key>
            <value>
              <name>Active Water Mark Strategy</name>
            </value>
          </entry>
        </descriptors>
        <executionNode>ALL</executionNode>
        <lossTolerant>false</lossTolerant>
        <penaltyDuration>30 sec</penaltyDuration>
        <properties>
          <entry>
            <key>System feed category</key>
            <value>${metadata.category.systemName}</value>
          </entry>
          <entry>
            <key>High-Water Mark</key>
            <value>highWaterMark</value>
          </entry>
          <entry>
            <key>Max Yield Count Strategy</key>
            <value>CANCEL_PREVIOUS</value>
          </entry>
          <entry>
            <key>Max Yield Count</key>
            <value>20</value>
          </entry>
          <entry>
            <key>Initial Value</key>
            <value>1970-01-01T00:00:00</value>
          </entry>
          <entry>
            <key>System feed name</key>
            <value>${metadata.systemFeedName}</value>
          </entry>
          <entry>
            <key>Metadata Service</key>
            <value>358d6b7b-2e72-3c7c-0000-000000000000</value>
          </entry>
          <entry>
            <key>High-Water Mark Value Property Name</key>
            <value>water.mark</value>
          </entry>
          <entry>
            <key>Active Water Mark Strategy</key>
            <value>YIELD</value>
          </entry>
        </properties>
        <runDurationMillis>0</runDurationMillis>
        <schedulingPeriod>0 sec</schedulingPeriod>
        <schedulingStrategy>TIMER_DRIVEN</schedulingStrategy>
        <yieldDuration>30 sec</yieldDuration>
      </config>
      <name>Database</name>
      <relationships>
        <autoTerminate>true</autoTerminate>
        <name>activeFailure</name>
      </relationships>
      <relationships>
        <autoTerminate>true</autoTerminate>
        <name>failure</name>
      </relationships>
      <relationships>
        <autoTerminate>false</autoTerminate>
        <name>success</name>
      </relationships>
      <style></style>
      <type>com.thinkbiganalytics.nifi.v2.core.watermark.LoadHighWaterMark</type>
    </processors>
    <processors>
      <id>b9b9a3e4-4a20-3824-0000-000000000000</id>
      <parentGroupId>a0f6b739-39c8-3cdb-0000-000000000000</parentGroupId>
      <position>
        <x>7.784637451171875</x>
        <y>459.91565942237776</y>
      </position>
      <bundle>
        <artifact>nifi-standard-nar</artifact>
        <group>org.apache.nifi</group>
        <version>1.3.0</version>
      </bundle>
      <config>
        <bulletinLevel>WARN</bulletinLevel>
        <comments></comments>
        <concurrentlySchedulableTaskCount>1</concurrentlySchedulableTaskCount>
        <descriptors>
          <entry>
            <key>Keep Source File</key>
            <value>
              <name>Keep Source File</name>
            </value>
          </entry>
          <entry>
            <key>Minimum File Age</key>
            <value>
              <name>Minimum File Age</name>
            </value>
          </entry>
          <entry>
            <key>Polling Interval</key>
            <value>
              <name>Polling Interval</name>
            </value>
          </entry>
          <entry>
            <key>Input Directory</key>
            <value>
              <name>Input Directory</name>
            </value>
          </entry>
          <entry>
            <key>Maximum File Age</key>
            <value>
              <name>Maximum File Age</name>
            </value>
          </entry>
          <entry>
            <key>Batch Size</key>
            <value>
              <name>Batch Size</name>
            </value>
          </entry>
          <entry>
            <key>Maximum File Size</key>
            <value>
              <name>Maximum File Size</name>
            </value>
          </entry>
          <entry>
            <key>Minimum File Size</key>
            <value>
              <name>Minimum File Size</name>
            </value>
          </entry>
          <entry>
            <key>Ignore Hidden Files</key>
            <value>
              <name>Ignore Hidden Files</name>
            </value>
          </entry>
          <entry>
            <key>Recurse Subdirectories</key>
            <value>
              <name>Recurse Subdirectories</name>
            </value>
          </entry>
          <entry>
            <key>File Filter</key>
            <value>
              <name>File Filter</name>
            </value>
          </entry>
          <entry>
            <key>Path Filter</key>
            <value>
              <name>Path Filter</name>
            </value>
          </entry>
        </descriptors>
        <executionNode>ALL</executionNode>
        <lossTolerant>false</lossTolerant>
        <penaltyDuration>30 sec</penaltyDuration>
        <properties>
          <entry>
            <key>Keep Source File</key>
            <value>false</value>
          </entry>
          <entry>
            <key>Minimum File Age</key>
            <value>0 sec</value>
          </entry>
          <entry>
            <key>Polling Interval</key>
            <value>0 sec</value>
          </entry>
          <entry>
            <key>Input Directory</key>
            <value>/var/dropzone</value>
          </entry>
          <entry>
            <key>Maximum File Age</key>
          </entry>
          <entry>
            <key>Batch Size</key>
            <value>100</value>
          </entry>
          <entry>
            <key>Maximum File Size</key>
          </entry>
          <entry>
            <key>Minimum File Size</key>
            <value>0 B</value>
          </entry>
          <entry>
            <key>Ignore Hidden Files</key>
            <value>true</value>
          </entry>
          <entry>
            <key>Recurse Subdirectories</key>
            <value>false</value>
          </entry>
          <entry>
            <key>File Filter</key>
            <value>mydata\d{1,3}.csv</value>
          </entry>
          <entry>
            <key>Path Filter</key>
          </entry>
        </properties>
        <runDurationMillis>0</runDurationMillis>
        <schedulingPeriod>15 sec</schedulingPeriod>
        <schedulingStrategy>TIMER_DRIVEN</schedulingStrategy>
        <yieldDuration>1 sec</yieldDuration>
      </config>
      <name>Filesystem</name>
      <relationships>
        <autoTerminate>false</autoTerminate>
        <name>success</name>
      </relationships>
      <style>
        <entry>
          <key>background-color</key>
          <value>#11f237</value>
        </entry>
      </style>
      <type>org.apache.nifi.processors.standard.GetFile</type>
    </processors>
    <processors>
      <id>e8d95aed-6cf5-32ce-0000-000000000000</id>
      <parentGroupId>a0f6b739-39c8-3cdb-0000-000000000000</parentGroupId>
      <position>
        <x>656.4847164154054</x>
        <y>463.91699544380117</y>
      </position>
      <bundle>
        <artifact>nifi-update-attribute-nar</artifact>
        <group>org.apache.nifi</group>
        <version>1.3.0</version>
      </bundle>
      <config>
        <bulletinLevel>WARN</bulletinLevel>
        <comments></comments>
        <concurrentlySchedulableTaskCount>1</concurrentlySchedulableTaskCount>
        <descriptors>
          <entry>
            <key>Teradata Export Batch Size</key>
            <value>
              <name>Teradata Export Batch Size</name>
            </value>
          </entry>
          <entry>
            <key>hive.profile.root</key>
            <value>
              <name>hive.profile.root</name>
            </value>
          </entry>
          <entry>
            <key>Teradata Export Truncate Strings</key>
            <value>
              <name>Teradata Export Truncate Strings</name>
            </value>
          </entry>
          <entry>
            <key>Store State</key>
            <value>
              <name>Store State</name>
            </value>
          </entry>
          <entry>
            <key>spark.input_folder</key>
            <value>
              <name>spark.input_folder</name>
            </value>
          </entry>
          <entry>
            <key>Target Database</key>
            <value>
              <name>Target Database</name>
            </value>
          </entry>
          <entry>
            <key>Teradata Table Default Column Definition</key>
            <value>
              <name>Teradata Table Default Column Definition</name>
            </value>
          </entry>
          <entry>
            <key>Teradata Export Query Band</key>
            <value>
              <name>Teradata Export Query Band</name>
            </value>
          </entry>
          <entry>
            <key>archiveId</key>
            <value>
              <name>archiveId</name>
            </value>
          </entry>
          <entry>
            <key>Teradata Export Method</key>
            <value>
              <name>Teradata Export Method</name>
            </value>
          </entry>
          <entry>
            <key>metadata.table.fieldPoliciesJson</key>
            <value>
              <name>metadata.table.fieldPoliciesJson</name>
            </value>
          </entry>
          <entry>
            <key>Teradata Export Number of Mappers</key>
            <value>
              <name>Teradata Export Number of Mappers</name>
            </value>
          </entry>
          <entry>
            <key>hdfs.archive.root</key>
            <value>
              <name>hdfs.archive.root</name>
            </value>
          </entry>
          <entry>
            <key>Delete Attributes Expression</key>
            <value>
              <name>Delete Attributes Expression</name>
            </value>
          </entry>
          <entry>
            <key>metadata.table.targetTblProperties</key>
            <value>
              <name>metadata.table.targetTblProperties</name>
            </value>
          </entry>
          <entry>
            <key>Teradata Database Create Options</key>
            <value>
              <name>Teradata Database Create Options</name>
            </value>
          </entry>
          <entry>
            <key>kylo.tmp.baseFolder</key>
            <value>
              <name>kylo.tmp.baseFolder</name>
            </value>
          </entry>
          <entry>
            <key>metadata.table.feedFieldStructure</key>
            <value>
              <name>metadata.table.feedFieldStructure</name>
            </value>
          </entry>
          <entry>
            <key>metadata.table.partitionStructure</key>
            <value>
              <name>metadata.table.partitionStructure</name>
            </value>
          </entry>
          <entry>
            <key>hive.ingest.root</key>
            <value>
              <name>hive.ingest.root</name>
            </value>
          </entry>
          <entry>
            <key>hive.master.root</key>
            <value>
              <name>hive.master.root</name>
            </value>
          </entry>
          <entry>
            <key>metadata.table.fieldIndexString</key>
            <value>
              <name>metadata.table.fieldIndexString</name>
            </value>
          </entry>
          <entry>
            <key>Teradata Merge Strategy</key>
            <value>
              <name>Teradata Merge Strategy</name>
            </value>
          </entry>
          <entry>
            <key>metadata.table.targetFormat</key>
            <value>
              <name>metadata.table.targetFormat</name>
            </value>
          </entry>
          <entry>
            <key>Teradata Export Use XViews</key>
            <value>
              <name>Teradata Export Use XViews</name>
            </value>
          </entry>
          <entry>
            <key>metadata.table.fieldStructure</key>
            <value>
              <name>metadata.table.fieldStructure</name>
            </value>
          </entry>
          <entry>
            <key>nifi.home</key>
            <value>
              <name>nifi.home</name>
            </value>
          </entry>
          <entry>
            <key>skipHeader</key>
            <value>
              <name>skipHeader</name>
            </value>
          </entry>
          <entry>
            <key>Stateful Variables Initial Value</key>
            <value>
              <name>Stateful Variables Initial Value</name>
            </value>
          </entry>
          <entry>
            <key>Teradata Table Create Options</key>
            <value>
              <name>Teradata Table Create Options</name>
            </value>
          </entry>
          <entry>
            <key>metadata.table.partitionSpecs</key>
            <value>
              <name>metadata.table.partitionSpecs</name>
            </value>
          </entry>
          <entry>
            <key>Teradata Export Utility</key>
            <value>
              <name>Teradata Export Utility</name>
            </value>
          </entry>
          <entry>
            <key>feed</key>
            <value>
              <name>feed</name>
            </value>
          </entry>
          <entry>
            <key>hdfs.ingest.root</key>
            <value>
              <name>hdfs.ingest.root</name>
            </value>
          </entry>
          <entry>
            <key>nifi.kylo.applicationJarDirectory</key>
            <value>
              <name>nifi.kylo.applicationJarDirectory</name>
            </value>
          </entry>
          <entry>
            <key>Teradata Export Force Staging</key>
            <value>
              <name>Teradata Export Force Staging</name>
            </value>
          </entry>
          <entry>
            <key>category</key>
            <value>
              <name>category</name>
            </value>
          </entry>
          <entry>
            <key>metadata.table.targetMergeStrategy</key>
            <value>
              <name>metadata.table.targetMergeStrategy</name>
            </value>
          </entry>
          <entry>
            <key>metadata.table.feedFormat</key>
            <value>
              <name>metadata.table.feedFormat</name>
            </value>
          </entry>
        </descriptors>
        <executionNode>ALL</executionNode>
        <lossTolerant>false</lossTolerant>
        <penaltyDuration>30 sec</penaltyDuration>
        <properties>
          <entry>
            <key>Teradata Export Batch Size</key>
            <value>10000</value>
          </entry>
          <entry>
            <key>hive.profile.root</key>
            <value>${config.hive.profile.root}</value>
          </entry>
          <entry>
            <key>Teradata Export Truncate Strings</key>
            <value>true</value>
          </entry>
          <entry>
            <key>Store State</key>
            <value>Store state locally</value>
          </entry>
          <entry>
            <key>spark.input_folder</key>
            <value>/tmp/kylo-nifi/spark</value>
          </entry>
          <entry>
            <key>Target Database</key>
            <value>Teradata</value>
          </entry>
          <entry>
            <key>Teradata Table Default Column Definition</key>
            <value>VARCHAR(5000)</value>
          </entry>
          <entry>
            <key>Teradata Export Query Band</key>
            <value> </value>
          </entry>
          <entry>
            <key>archiveId</key>
            <value>${now():format('yyyyMMddHHmmss')}_${UUID()}</value>
          </entry>
          <entry>
            <key>Teradata Export Method</key>
            <value>batch.insert</value>
          </entry>
          <entry>
            <key>metadata.table.fieldPoliciesJson</key>
            <value>${metadata.table.fieldPoliciesJson}</value>
          </entry>
          <entry>
            <key>Teradata Export Number of Mappers</key>
            <value>4</value>
          </entry>
          <entry>
            <key>hdfs.archive.root</key>
            <value>${config.hdfs.archive.root}</value>
          </entry>
          <entry>
            <key>Delete Attributes Expression</key>
          </entry>
          <entry>
            <key>metadata.table.targetTblProperties</key>
            <value>${metadata.table.targetTblProperties}</value>
          </entry>
          <entry>
            <key>Teradata Database Create Options</key>
            <value>FROM dbc AS PERMANENT = 60000000, SPOOL = 120000000</value>
          </entry>
          <entry>
            <key>kylo.tmp.baseFolder</key>
            <value>/tmp/kylo-nifi</value>
          </entry>
          <entry>
            <key>metadata.table.feedFieldStructure</key>
            <value>${metadata.table.feedFieldStructure}</value>
          </entry>
          <entry>
            <key>metadata.table.partitionStructure</key>
            <value>${metadata.table.partitionStructure}</value>
          </entry>
          <entry>
            <key>hive.ingest.root</key>
            <value>${config.hive.ingest.root}</value>
          </entry>
          <entry>
            <key>hive.master.root</key>
            <value>${config.hive.master.root}</value>
          </entry>
          <entry>
            <key>metadata.table.fieldIndexString</key>
            <value>${metadata.table.fieldIndexString}</value>
          </entry>
          <entry>
            <key>Teradata Merge Strategy</key>
            <value>SYNC</value>
          </entry>
          <entry>
            <key>metadata.table.targetFormat</key>
            <value>${metadata.table.targetFormat}</value>
          </entry>
          <entry>
            <key>Teradata Export Use XViews</key>
            <value>false</value>
          </entry>
          <entry>
            <key>metadata.table.fieldStructure</key>
            <value>${metadata.table.fieldStructure}</value>
          </entry>
          <entry>
            <key>nifi.home</key>
            <value>${config.nifi.home}</value>
          </entry>
          <entry>
            <key>skipHeader</key>
            <value>${metadata.options.skipHeader}</value>
          </entry>
          <entry>
            <key>Stateful Variables Initial Value</key>
            <value></value>
          </entry>
          <entry>
            <key>Teradata Table Create Options</key>
            <value>NO PRIMARY INDEX</value>
          </entry>
          <entry>
            <key>metadata.table.partitionSpecs</key>
            <value>${metadata.table.partitionSpecs}</value>
          </entry>
          <entry>
            <key>Teradata Export Utility</key>
            <value>TDCH</value>
          </entry>
          <entry>
            <key>feed</key>
            <value>${metadata.systemFeedName}</value>
          </entry>
          <entry>
            <key>hdfs.ingest.root</key>
            <value>${config.hdfs.ingest.root}</value>
          </entry>
          <entry>
            <key>nifi.kylo.applicationJarDirectory</key>
            <value>${config.nifi.kylo.applicationJarDirectory}</value>
          </entry>
          <entry>
            <key>Teradata Export Force Staging</key>
            <value>false</value>
          </entry>
          <entry>
            <key>category</key>
            <value>${metadata.category.systemName}</value>
          </entry>
          <entry>
            <key>metadata.table.targetMergeStrategy</key>
            <value>${metadata.table.targetMergeStrategy}</value>
          </entry>
          <entry>
            <key>metadata.table.feedFormat</key>
            <value>${metadata.table.feedFormat}</value>
          </entry>
        </properties>
        <runDurationMillis>0</runDurationMillis>
        <schedulingPeriod>0 sec</schedulingPeriod>
        <schedulingStrategy>TIMER_DRIVEN</schedulingStrategy>
        <yieldDuration>1 sec</yieldDuration>
      </config>
      <name>Initialize Teradata Feed Parameters</name>
      <relationships>
        <autoTerminate>true</autoTerminate>
        <name>set state fail</name>
      </relationships>
      <relationships>
        <autoTerminate>false</autoTerminate>
        <name>success</name>
      </relationships>
      <style>
        <entry>
          <key>background-color</key>
          <value>#11f237</value>
        </entry>
      </style>
      <type>org.apache.nifi.processors.attributes.UpdateAttribute</type>
    </processors>
    <processors>
      <id>f515e742-7a39-3105-0000-000000000000</id>
      <parentGroupId>a0f6b739-39c8-3cdb-0000-000000000000</parentGroupId>
      <position>
        <x>1258.107416043942</x>
        <y>466.262245496152</y>
      </position>
      <bundle>
        <artifact>nifi-standard-nar</artifact>
        <group>org.apache.nifi</group>
        <version>1.3.0</version>
      </bundle>
      <config>
        <bulletinLevel>WARN</bulletinLevel>
        <comments></comments>
        <concurrentlySchedulableTaskCount>1</concurrentlySchedulableTaskCount>
        <descriptors>
          <entry>
            <key>Routing Strategy</key>
            <value>
              <name>Routing Strategy</name>
            </value>
          </entry>
          <entry>
            <key>table-avro</key>
            <value>
              <name>table-avro</name>
            </value>
          </entry>
        </descriptors>
        <executionNode>ALL</executionNode>
        <lossTolerant>false</lossTolerant>
        <penaltyDuration>30 sec</penaltyDuration>
        <properties>
          <entry>
            <key>Routing Strategy</key>
            <value>Route to Property name</value>
          </entry>
          <entry>
            <key>table-avro</key>
            <value>${db.table.output.format:equals('AVRO')}</value>
          </entry>
        </properties>
        <runDurationMillis>0</runDurationMillis>
        <schedulingPeriod>0 sec</schedulingPeriod>
        <schedulingStrategy>TIMER_DRIVEN</schedulingStrategy>
        <yieldDuration>1 sec</yieldDuration>
      </config>
      <name>Detect DB Avro Ingest</name>
      <relationships>
        <autoTerminate>false</autoTerminate>
        <name>table-avro</name>
      </relationships>
      <relationships>
        <autoTerminate>false</autoTerminate>
        <name>unmatched</name>
      </relationships>
      <style></style>
      <type>org.apache.nifi.processors.standard.RouteOnAttribute</type>
    </processors>
    <processors>
      <id>1e388138-79b0-31a0-0000-000000000000</id>
      <parentGroupId>a0f6b739-39c8-3cdb-0000-000000000000</parentGroupId>
      <position>
        <x>631.0420883893968</x>
        <y>926.1943391938012</y>
      </position>
      <bundle>
        <artifact>nifi-update-attribute-nar</artifact>
        <group>org.apache.nifi</group>
        <version>1.3.0</version>
      </bundle>
      <config>
        <bulletinLevel>WARN</bulletinLevel>
        <comments></comments>
        <concurrentlySchedulableTaskCount>1</concurrentlySchedulableTaskCount>
        <descriptors>
          <entry>
            <key>feed</key>
            <value>
              <name>feed</name>
            </value>
          </entry>
          <entry>
            <key>hive.profile.root</key>
            <value>
              <name>hive.profile.root</name>
            </value>
          </entry>
          <entry>
            <key>hdfs.ingest.root</key>
            <value>
              <name>hdfs.ingest.root</name>
            </value>
          </entry>
          <entry>
            <key>Delete Attributes Expression</key>
            <value>
              <name>Delete Attributes Expression</name>
            </value>
          </entry>
          <entry>
            <key>Store State</key>
            <value>
              <name>Store State</name>
            </value>
          </entry>
          <entry>
            <key>Stateful Variables Initial Value</key>
            <value>
              <name>Stateful Variables Initial Value</name>
            </value>
          </entry>
          <entry>
            <key>category</key>
            <value>
              <name>category</name>
            </value>
          </entry>
          <entry>
            <key>hive.ingest.root</key>
            <value>
              <name>hive.ingest.root</name>
            </value>
          </entry>
          <entry>
            <key>hive.master.root</key>
            <value>
              <name>hive.master.root</name>
            </value>
          </entry>
        </descriptors>
        <executionNode>ALL</executionNode>
        <lossTolerant>false</lossTolerant>
        <penaltyDuration>30 sec</penaltyDuration>
        <properties>
          <entry>
            <key>feed</key>
            <value>${metadata.systemFeedName}</value>
          </entry>
          <entry>
            <key>hive.profile.root</key>
            <value>${config.hive.profile.root}</value>
          </entry>
          <entry>
            <key>hdfs.ingest.root</key>
            <value>${config.hdfs.ingest.root}</value>
          </entry>
          <entry>
            <key>Delete Attributes Expression</key>
          </entry>
          <entry>
            <key>Store State</key>
            <value>Store state locally</value>
          </entry>
          <entry>
            <key>Stateful Variables Initial Value</key>
            <value></value>
          </entry>
          <entry>
            <key>category</key>
            <value>${metadata.category.systemName}</value>
          </entry>
          <entry>
            <key>hive.ingest.root</key>
            <value>${config.hive.ingest.root}</value>
          </entry>
          <entry>
            <key>hive.master.root</key>
            <value>${config.hive.master.root}</value>
          </entry>
        </properties>
        <runDurationMillis>0</runDurationMillis>
        <schedulingPeriod>0 sec</schedulingPeriod>
        <schedulingStrategy>TIMER_DRIVEN</schedulingStrategy>
        <yieldDuration>1 sec</yieldDuration>
      </config>
      <name>Initialize Cleanup Parameters</name>
      <relationships>
        <autoTerminate>true</autoTerminate>
        <name>set state fail</name>
      </relationships>
      <relationships>
        <autoTerminate>false</autoTerminate>
        <name>success</name>
      </relationships>
      <style>
        <entry>
          <key>background-color</key>
          <value>#11f237</value>
        </entry>
      </style>
      <type>org.apache.nifi.processors.attributes.UpdateAttribute</type>
    </processors>
    <processors>
      <id>21746e3e-c01c-36bb-0000-000000000000</id>
      <parentGroupId>a0f6b739-39c8-3cdb-0000-000000000000</parentGroupId>
      <position>
        <x>54.50888623599167</x>
        <y>929.8286793618263</y>
      </position>
      <bundle>
        <artifact>kylo-nifi-core-v1.2-nar</artifact>
        <group>default</group>
        <version>unversioned</version>
      </bundle>
      <config>
        <bulletinLevel>WARN</bulletinLevel>
        <comments></comments>
        <concurrentlySchedulableTaskCount>1</concurrentlySchedulableTaskCount>
        <descriptors>
          <entry>
            <key>Metadata Provider Service</key>
            <value>
              <identifiesControllerService>com.thinkbiganalytics.nifi.core.api.metadata.MetadataProviderService</identifiesControllerService>
              <name>Metadata Provider Service</name>
            </value>
          </entry>
          <entry>
            <key>System feed category</key>
            <value>
              <name>System feed category</name>
            </value>
          </entry>
          <entry>
            <key>Feed Cleanup Event Service</key>
            <value>
              <identifiesControllerService>com.thinkbiganalytics.nifi.core.api.cleanup.CleanupEventService</identifiesControllerService>
              <name>Feed Cleanup Event Service</name>
            </value>
          </entry>
          <entry>
            <key>System feed name</key>
            <value>
              <name>System feed name</name>
            </value>
          </entry>
        </descriptors>
        <executionNode>ALL</executionNode>
        <lossTolerant>false</lossTolerant>
        <penaltyDuration>30 sec</penaltyDuration>
        <properties>
          <entry>
            <key>Metadata Provider Service</key>
            <value>358d6b7b-2e72-3c7c-0000-000000000000</value>
          </entry>
          <entry>
            <key>System feed category</key>
            <value>${metadata.category.systemName}</value>
          </entry>
          <entry>
            <key>Feed Cleanup Event Service</key>
            <value>789ad24e-ebba-30d5-0000-000000000000</value>
          </entry>
          <entry>
            <key>System feed name</key>
            <value>${metadata.systemFeedName}</value>
          </entry>
        </properties>
        <runDurationMillis>0</runDurationMillis>
        <schedulingPeriod>0 sec</schedulingPeriod>
        <schedulingStrategy>TIMER_DRIVEN</schedulingStrategy>
        <yieldDuration>1 sec</yieldDuration>
      </config>
      <name>TriggerCleanup</name>
      <relationships>
        <autoTerminate>false</autoTerminate>
        <name>Success</name>
      </relationships>
      <style>
        <entry>
          <key>background-color</key>
          <value>#ff9900</value>
        </entry>
      </style>
      <type>com.thinkbiganalytics.nifi.v2.metadata.TriggerCleanup</type>
    </processors>
    <processors>
      <id>22910b20-b88a-35bd-0000-000000000000</id>
      <parentGroupId>a0f6b739-39c8-3cdb-0000-000000000000</parentGroupId>
      <position>
        <x>654.245321072107</x>
        <y>230.3673019148746</y>
      </position>
      <bundle>
        <artifact>kylo-nifi-core-v1.2-nar</artifact>
        <group>default</group>
        <version>unversioned</version>
      </bundle>
      <config>
        <bulletinLevel>WARN</bulletinLevel>
        <comments></comments>
        <concurrentlySchedulableTaskCount>1</concurrentlySchedulableTaskCount>
        <descriptors>
          <entry>
            <key>Source Fields</key>
            <value>
              <name>Source Fields</name>
            </value>
          </entry>
          <entry>
            <key>Max Wait Time</key>
            <value>
              <name>Max Wait Time</name>
            </value>
          </entry>
          <entry>
            <key>Output Type</key>
            <value>
              <name>Output Type</name>
            </value>
          </entry>
          <entry>
            <key>High-Water Mark Property Name</key>
            <value>
              <name>High-Water Mark Property Name</name>
            </value>
          </entry>
          <entry>
            <key>Output Delimiter</key>
            <value>
              <name>Output Delimiter</name>
            </value>
          </entry>
          <entry>
            <key>Minimum Time Unit</key>
            <value>
              <name>Minimum Time Unit</name>
            </value>
          </entry>
          <entry>
            <key>System feed name</key>
            <value>
              <name>System feed name</name>
            </value>
          </entry>
          <entry>
            <key>Load Strategy</key>
            <value>
              <name>Load Strategy</name>
            </value>
          </entry>
          <entry>
            <key>Source Database Connection</key>
            <value>
              <identifiesControllerService>org.apache.nifi.dbcp.DBCPService</identifiesControllerService>
              <name>Source Database Connection</name>
            </value>
          </entry>
          <entry>
            <key>System feed category</key>
            <value>
              <name>System feed category</name>
            </value>
          </entry>
          <entry>
            <key>Source Table</key>
            <value>
              <name>Source Table</name>
            </value>
          </entry>
          <entry>
            <key>Backoff Period</key>
            <value>
              <name>Backoff Period</name>
            </value>
          </entry>
          <entry>
            <key>Overlap Period</key>
            <value>
              <name>Overlap Period</name>
            </value>
          </entry>
          <entry>
            <key>Date Field</key>
            <value>
              <name>Date Field</name>
            </value>
          </entry>
          <entry>
            <key>Metadata Service</key>
            <value>
              <identifiesControllerService>com.thinkbiganalytics.nifi.core.api.metadata.MetadataProviderService</identifiesControllerService>
              <name>Metadata Service</name>
            </value>
          </entry>
        </descriptors>
        <executionNode>ALL</executionNode>
        <lossTolerant>false</lossTolerant>
        <penaltyDuration>30 sec</penaltyDuration>
        <properties>
          <entry>
            <key>Source Fields</key>
            <value>${metadata.table.sourceFields}</value>
          </entry>
          <entry>
            <key>Max Wait Time</key>
            <value>0 seconds</value>
          </entry>
          <entry>
            <key>Output Type</key>
            <value>DELIMITED</value>
          </entry>
          <entry>
            <key>High-Water Mark Property Name</key>
            <value>water.mark</value>
          </entry>
          <entry>
            <key>Output Delimiter</key>
            <value>,</value>
          </entry>
          <entry>
            <key>Minimum Time Unit</key>
            <value>NONE</value>
          </entry>
          <entry>
            <key>System feed name</key>
            <value>${metadata.systemFeedName}</value>
          </entry>
          <entry>
            <key>Load Strategy</key>
            <value>FULL_LOAD</value>
          </entry>
          <entry>
            <key>Source Database Connection</key>
            <value>043e7e80-39f3-3d60-0000-000000000000</value>
          </entry>
          <entry>
            <key>System feed category</key>
            <value>${metadata.category.systemName}</value>
          </entry>
          <entry>
            <key>Source Table</key>
            <value>${metadata.table.sourceTableSchema.name}</value>
          </entry>
          <entry>
            <key>Backoff Period</key>
            <value>300 seconds</value>
          </entry>
          <entry>
            <key>Overlap Period</key>
            <value>300 seconds</value>
          </entry>
          <entry>
            <key>Date Field</key>
          </entry>
          <entry>
            <key>Metadata Service</key>
            <value>358d6b7b-2e72-3c7c-0000-000000000000</value>
          </entry>
        </properties>
        <runDurationMillis>0</runDurationMillis>
        <schedulingPeriod>1 sec</schedulingPeriod>
        <schedulingStrategy>TIMER_DRIVEN</schedulingStrategy>
        <yieldDuration>1 sec</yieldDuration>
      </config>
      <name>Fetch RDBMS Data</name>
      <relationships>
        <autoTerminate>false</autoTerminate>
        <name>failure</name>
      </relationships>
      <relationships>
        <autoTerminate>false</autoTerminate>
        <name>nodata</name>
      </relationships>
      <relationships>
        <autoTerminate>false</autoTerminate>
        <name>success</name>
      </relationships>
      <style>
        <entry>
          <key>background-color</key>
          <value>#3cff00</value>
        </entry>
      </style>
      <type>com.thinkbiganalytics.nifi.v2.ingest.GetTableData</type>
    </processors>
    <processors>
      <id>45cd30a9-2b6f-30b9-0000-000000000000</id>
      <parentGroupId>a0f6b739-39c8-3cdb-0000-000000000000</parentGroupId>
      <position>
        <x>651.5392054866608</x>
        <y>0.0</y>
      </position>
      <bundle>
        <artifact>kylo-nifi-core-v1.2-nar</artifact>
        <group>default</group>
        <version>unversioned</version>
      </bundle>
      <config>
        <bulletinLevel>WARN</bulletinLevel>
        <comments></comments>
        <concurrentlySchedulableTaskCount>1</concurrentlySchedulableTaskCount>
        <descriptors>
          <entry>
            <key>Release All</key>
            <value>
              <name>Release All</name>
            </value>
          </entry>
          <entry>
            <key>System feed category</key>
            <value>
              <name>System feed category</name>
            </value>
          </entry>
          <entry>
            <key>High-Water Mark</key>
            <value>
              <name>High-Water Mark</name>
            </value>
          </entry>
          <entry>
            <key>Mode</key>
            <value>
              <name>Mode</name>
            </value>
          </entry>
          <entry>
            <key>System feed name</key>
            <value>
              <name>System feed name</name>
            </value>
          </entry>
          <entry>
            <key>Metadata Service</key>
            <value>
              <identifiesControllerService>com.thinkbiganalytics.nifi.core.api.metadata.MetadataProviderService</identifiesControllerService>
              <name>Metadata Service</name>
            </value>
          </entry>
          <entry>
            <key>High-Water Mark Value Property Name</key>
            <value>
              <name>High-Water Mark Value Property Name</name>
            </value>
          </entry>
        </descriptors>
        <executionNode>ALL</executionNode>
        <lossTolerant>false</lossTolerant>
        <penaltyDuration>30 sec</penaltyDuration>
        <properties>
          <entry>
            <key>Release All</key>
            <value>true</value>
          </entry>
          <entry>
            <key>System feed category</key>
            <value>${metadata.category.systemName}</value>
          </entry>
          <entry>
            <key>High-Water Mark</key>
            <value>highWaterMark</value>
          </entry>
          <entry>
            <key>Mode</key>
            <value>REJECT</value>
          </entry>
          <entry>
            <key>System feed name</key>
            <value>${metadata.systemFeedName}</value>
          </entry>
          <entry>
            <key>Metadata Service</key>
            <value>358d6b7b-2e72-3c7c-0000-000000000000</value>
          </entry>
          <entry>
            <key>High-Water Mark Value Property Name</key>
            <value>water.mark</value>
          </entry>
        </properties>
        <runDurationMillis>0</runDurationMillis>
        <schedulingPeriod>0 sec</schedulingPeriod>
        <schedulingStrategy>TIMER_DRIVEN</schedulingStrategy>
        <yieldDuration>1 sec</yieldDuration>
      </config>
      <name>Failed - Release Highwater Mark</name>
      <relationships>
        <autoTerminate>true</autoTerminate>
        <name>cancelledWaterMark</name>
      </relationships>
      <relationships>
        <autoTerminate>true</autoTerminate>
        <name>failure</name>
      </relationships>
      <relationships>
        <autoTerminate>true</autoTerminate>
        <name>success</name>
      </relationships>
      <style>
        <entry>
          <key>background-color</key>
          <value>#f21308</value>
        </entry>
      </style>
      <type>com.thinkbiganalytics.nifi.v2.core.watermark.ReleaseHighWaterMark</type>
    </processors>
    <processors>
      <id>7ea1669a-6c0c-3842-0000-000000000000</id>
      <parentGroupId>a0f6b739-39c8-3cdb-0000-000000000000</parentGroupId>
      <position>
        <x>1862.863337094237</x>
        <y>463.18458733308034</y>
      </position>
      <bundle>
        <artifact>nifi-update-attribute-nar</artifact>
        <group>org.apache.nifi</group>
        <version>1.3.0</version>
      </bundle>
      <config>
        <bulletinLevel>WARN</bulletinLevel>
        <comments></comments>
        <concurrentlySchedulableTaskCount>1</concurrentlySchedulableTaskCount>
        <descriptors>
          <entry>
            <key>Delete Attributes Expression</key>
            <value>
              <name>Delete Attributes Expression</name>
            </value>
          </entry>
          <entry>
            <key>Store State</key>
            <value>
              <name>Store State</name>
            </value>
          </entry>
          <entry>
            <key>metadata.table.feedFieldStructure</key>
            <value>
              <name>metadata.table.feedFieldStructure</name>
            </value>
          </entry>
          <entry>
            <key>skipHeader</key>
            <value>
              <name>skipHeader</name>
            </value>
          </entry>
          <entry>
            <key>Stateful Variables Initial Value</key>
            <value>
              <name>Stateful Variables Initial Value</name>
            </value>
          </entry>
        </descriptors>
        <executionNode>ALL</executionNode>
        <lossTolerant>false</lossTolerant>
        <penaltyDuration>30 sec</penaltyDuration>
        <properties>
          <entry>
            <key>Delete Attributes Expression</key>
          </entry>
          <entry>
            <key>Store State</key>
            <value>Store state locally</value>
          </entry>
          <entry>
            <key>metadata.table.feedFieldStructure</key>
            <value>${db.table.avro.schema}</value>
          </entry>
          <entry>
            <key>skipHeader</key>
            <value>false</value>
          </entry>
          <entry>
            <key>Stateful Variables Initial Value</key>
            <value></value>
          </entry>
        </properties>
        <runDurationMillis>0</runDurationMillis>
        <schedulingPeriod>0 sec</schedulingPeriod>
        <schedulingStrategy>TIMER_DRIVEN</schedulingStrategy>
        <yieldDuration>1 sec</yieldDuration>
      </config>
      <name>DB Avro Ingest Parameters</name>
      <relationships>
        <autoTerminate>true</autoTerminate>
        <name>set state fail</name>
      </relationships>
      <relationships>
        <autoTerminate>false</autoTerminate>
        <name>success</name>
      </relationships>
      <style></style>
      <type>org.apache.nifi.processors.attributes.UpdateAttribute</type>
    </processors>
  </snippet>
  <timestamp>05/03/2018 18:36:56 UTC</timestamp>
</template>