<?xml version="1.0" ?>
<template encoding-version="1.1">
  <description>Kylo Reusable Template - Ingest to Teradata DB</description>
  <groupId>2afb0f05-015e-1000-1754-6d235a2c59d2</groupId>
  <name>teradata-ingest</name>
  <snippet>
    <connections>
      <id>89c912cf-b1a3-3f2c-0000-000000000000</id>
      <parentGroupId>a0f6b739-39c8-3cdb-0000-000000000000</parentGroupId>
      <backPressureDataSizeThreshold>1 GB</backPressureDataSizeThreshold>
      <backPressureObjectThreshold>10000</backPressureObjectThreshold>
      <destination>
        <groupId>a0f6b739-39c8-3cdb-0000-000000000000</groupId>
        <id>4e3d3f0c-519b-3027-0000-000000000000</id>
        <type>PROCESSOR</type>
      </destination>
      <flowFileExpiration>0 sec</flowFileExpiration>
      <labelIndex>1</labelIndex>
      <name></name>
      <selectedRelationships>success</selectedRelationships>
      <source>
        <groupId>a0f6b739-39c8-3cdb-0000-000000000000</groupId>
        <id>f4e858aa-0201-3755-0000-000000000000</id>
        <type>PROCESSOR</type>
      </source>
      <zIndex>0</zIndex>
    </connections>
    <connections>
      <id>904dad5a-39c8-3f25-0000-000000000000</id>
      <parentGroupId>a0f6b739-39c8-3cdb-0000-000000000000</parentGroupId>
      <backPressureDataSizeThreshold>1 GB</backPressureDataSizeThreshold>
      <backPressureObjectThreshold>10000</backPressureObjectThreshold>
      <destination>
        <groupId>a0f6b739-39c8-3cdb-0000-000000000000</groupId>
        <id>45a7d89d-579f-3d58-0000-000000000000</id>
        <type>PROCESSOR</type>
      </destination>
      <flowFileExpiration>0 sec</flowFileExpiration>
      <labelIndex>1</labelIndex>
      <name></name>
      <selectedRelationships>failure</selectedRelationships>
      <source>
        <groupId>a0f6b739-39c8-3cdb-0000-000000000000</groupId>
        <id>316d9027-af43-3fca-0000-000000000000</id>
        <type>PROCESSOR</type>
      </source>
      <zIndex>0</zIndex>
    </connections>
    <connections>
      <id>9c046fc6-f819-377c-0000-000000000000</id>
      <parentGroupId>a0f6b739-39c8-3cdb-0000-000000000000</parentGroupId>
      <backPressureDataSizeThreshold>1 GB</backPressureDataSizeThreshold>
      <backPressureObjectThreshold>10000</backPressureObjectThreshold>
      <destination>
        <groupId>a0f6b739-39c8-3cdb-0000-000000000000</groupId>
        <id>1b787c82-3e93-3851-0000-000000000000</id>
        <type>PROCESSOR</type>
      </destination>
      <flowFileExpiration>0 sec</flowFileExpiration>
      <labelIndex>1</labelIndex>
      <name></name>
      <selectedRelationships>teradata_db_does_not_exist</selectedRelationships>
      <source>
        <groupId>a0f6b739-39c8-3cdb-0000-000000000000</groupId>
        <id>b93eefd9-5495-3570-0000-000000000000</id>
        <type>PROCESSOR</type>
      </source>
      <zIndex>0</zIndex>
    </connections>
    <connections>
      <id>9cb2e561-e112-393c-0000-000000000000</id>
      <parentGroupId>a0f6b739-39c8-3cdb-0000-000000000000</parentGroupId>
      <backPressureDataSizeThreshold>1 GB</backPressureDataSizeThreshold>
      <backPressureObjectThreshold>10000</backPressureObjectThreshold>
      <destination>
        <groupId>a0f6b739-39c8-3cdb-0000-000000000000</groupId>
        <id>45a7d89d-579f-3d58-0000-000000000000</id>
        <type>PROCESSOR</type>
      </destination>
      <flowFileExpiration>0 sec</flowFileExpiration>
      <labelIndex>1</labelIndex>
      <name></name>
      <selectedRelationships>failure</selectedRelationships>
      <source>
        <groupId>a0f6b739-39c8-3cdb-0000-000000000000</groupId>
        <id>9b32186a-c3ac-395b-0000-000000000000</id>
        <type>PROCESSOR</type>
      </source>
      <zIndex>0</zIndex>
    </connections>
    <connections>
      <id>a34a47b0-4b59-3bd9-0000-000000000000</id>
      <parentGroupId>a0f6b739-39c8-3cdb-0000-000000000000</parentGroupId>
      <backPressureDataSizeThreshold>1 GB</backPressureDataSizeThreshold>
      <backPressureObjectThreshold>10000</backPressureObjectThreshold>
      <destination>
        <groupId>a0f6b739-39c8-3cdb-0000-000000000000</groupId>
        <id>3b96452e-c6d9-3b52-0000-000000000000</id>
        <type>PROCESSOR</type>
      </destination>
      <flowFileExpiration>0 sec</flowFileExpiration>
      <labelIndex>1</labelIndex>
      <name></name>
      <selectedRelationships>failure</selectedRelationships>
      <selectedRelationships>unmatched</selectedRelationships>
      <source>
        <groupId>a0f6b739-39c8-3cdb-0000-000000000000</groupId>
        <id>4e3d3f0c-519b-3027-0000-000000000000</id>
        <type>PROCESSOR</type>
      </source>
      <zIndex>0</zIndex>
    </connections>
    <connections>
      <id>a96b4290-b13f-385a-0000-000000000000</id>
      <parentGroupId>a0f6b739-39c8-3cdb-0000-000000000000</parentGroupId>
      <backPressureDataSizeThreshold>1 GB</backPressureDataSizeThreshold>
      <backPressureObjectThreshold>10000</backPressureObjectThreshold>
      <destination>
        <groupId>a0f6b739-39c8-3cdb-0000-000000000000</groupId>
        <id>4bba7384-76a2-32ed-0000-000000000000</id>
        <type>PROCESSOR</type>
      </destination>
      <flowFileExpiration>0 sec</flowFileExpiration>
      <labelIndex>1</labelIndex>
      <name></name>
      <source>
        <groupId>a0f6b739-39c8-3cdb-0000-000000000000</groupId>
        <id>37f5bb9b-5c11-37d9-0000-000000000000</id>
        <type>INPUT_PORT</type>
      </source>
      <zIndex>0</zIndex>
    </connections>
    <connections>
      <id>a9df90ab-4e25-33f7-0000-000000000000</id>
      <parentGroupId>a0f6b739-39c8-3cdb-0000-000000000000</parentGroupId>
      <backPressureDataSizeThreshold>1 GB</backPressureDataSizeThreshold>
      <backPressureObjectThreshold>10000</backPressureObjectThreshold>
      <destination>
        <groupId>a0f6b739-39c8-3cdb-0000-000000000000</groupId>
        <id>7b587c8a-39fc-3a91-0000-000000000000</id>
        <type>PROCESSOR</type>
      </destination>
      <flowFileExpiration>0 sec</flowFileExpiration>
      <labelIndex>1</labelIndex>
      <name>load failure</name>
      <selectedRelationships>success</selectedRelationships>
      <source>
        <groupId>a0f6b739-39c8-3cdb-0000-000000000000</groupId>
        <id>3b96452e-c6d9-3b52-0000-000000000000</id>
        <type>PROCESSOR</type>
      </source>
      <zIndex>0</zIndex>
    </connections>
    <connections>
      <id>ae94b64d-c82b-3b41-0000-000000000000</id>
      <parentGroupId>a0f6b739-39c8-3cdb-0000-000000000000</parentGroupId>
      <backPressureDataSizeThreshold>1 GB</backPressureDataSizeThreshold>
      <backPressureObjectThreshold>10000</backPressureObjectThreshold>
      <destination>
        <groupId>a0f6b739-39c8-3cdb-0000-000000000000</groupId>
        <id>59fc8569-d946-3315-0000-000000000000</id>
        <type>PROCESSOR</type>
      </destination>
      <flowFileExpiration>0 sec</flowFileExpiration>
      <labelIndex>1</labelIndex>
      <name></name>
      <selectedRelationships>success</selectedRelationships>
      <source>
        <groupId>a0f6b739-39c8-3cdb-0000-000000000000</groupId>
        <id>9149cad5-9347-3683-0000-000000000000</id>
        <type>PROCESSOR</type>
      </source>
      <zIndex>0</zIndex>
    </connections>
    <connections>
      <id>badbabc9-d48a-3bbf-0000-000000000000</id>
      <parentGroupId>a0f6b739-39c8-3cdb-0000-000000000000</parentGroupId>
      <backPressureDataSizeThreshold>1 GB</backPressureDataSizeThreshold>
      <backPressureObjectThreshold>10000</backPressureObjectThreshold>
      <destination>
        <groupId>a0f6b739-39c8-3cdb-0000-000000000000</groupId>
        <id>fc295059-8bda-3cd3-0000-000000000000</id>
        <type>PROCESSOR</type>
      </destination>
      <flowFileExpiration>0 sec</flowFileExpiration>
      <labelIndex>1</labelIndex>
      <name></name>
      <selectedRelationships>success</selectedRelationships>
      <source>
        <groupId>a0f6b739-39c8-3cdb-0000-000000000000</groupId>
        <id>27644c04-6934-304e-0000-000000000000</id>
        <type>PROCESSOR</type>
      </source>
      <zIndex>0</zIndex>
    </connections>
    <connections>
      <id>bb339180-320f-30df-0000-000000000000</id>
      <parentGroupId>a0f6b739-39c8-3cdb-0000-000000000000</parentGroupId>
      <backPressureDataSizeThreshold>1 GB</backPressureDataSizeThreshold>
      <backPressureObjectThreshold>10000</backPressureObjectThreshold>
      <destination>
        <groupId>a0f6b739-39c8-3cdb-0000-000000000000</groupId>
        <id>b93eefd9-5495-3570-0000-000000000000</id>
        <type>PROCESSOR</type>
      </destination>
      <flowFileExpiration>0 sec</flowFileExpiration>
      <labelIndex>1</labelIndex>
      <name></name>
      <selectedRelationships>matched</selectedRelationships>
      <source>
        <groupId>a0f6b739-39c8-3cdb-0000-000000000000</groupId>
        <id>4e3d3f0c-519b-3027-0000-000000000000</id>
        <type>PROCESSOR</type>
      </source>
      <zIndex>0</zIndex>
    </connections>
    <connections>
      <id>c7c6a88e-afdd-319e-0000-000000000000</id>
      <parentGroupId>a0f6b739-39c8-3cdb-0000-000000000000</parentGroupId>
      <backPressureDataSizeThreshold>1 GB</backPressureDataSizeThreshold>
      <backPressureObjectThreshold>10000</backPressureObjectThreshold>
      <destination>
        <groupId>a0f6b739-39c8-3cdb-0000-000000000000</groupId>
        <id>9149cad5-9347-3683-0000-000000000000</id>
        <type>PROCESSOR</type>
      </destination>
      <flowFileExpiration>0 sec</flowFileExpiration>
      <labelIndex>1</labelIndex>
      <name></name>
      <selectedRelationships>teradata_tbl_exists</selectedRelationships>
      <source>
        <groupId>a0f6b739-39c8-3cdb-0000-000000000000</groupId>
        <id>cd684e8c-9970-3d88-0000-000000000000</id>
        <type>PROCESSOR</type>
      </source>
      <zIndex>0</zIndex>
    </connections>
    <connections>
      <id>cf08b3e3-6061-3c68-0000-000000000000</id>
      <parentGroupId>a0f6b739-39c8-3cdb-0000-000000000000</parentGroupId>
      <backPressureDataSizeThreshold>1 GB</backPressureDataSizeThreshold>
      <backPressureObjectThreshold>10000</backPressureObjectThreshold>
      <destination>
        <groupId>a0f6b739-39c8-3cdb-0000-000000000000</groupId>
        <id>3b96452e-c6d9-3b52-0000-000000000000</id>
        <type>PROCESSOR</type>
      </destination>
      <flowFileExpiration>0 sec</flowFileExpiration>
      <labelIndex>1</labelIndex>
      <name></name>
      <selectedRelationships>failure</selectedRelationships>
      <source>
        <groupId>a0f6b739-39c8-3cdb-0000-000000000000</groupId>
        <id>1b787c82-3e93-3851-0000-000000000000</id>
        <type>PROCESSOR</type>
      </source>
      <zIndex>0</zIndex>
    </connections>
    <connections>
      <id>dc881e9f-4411-3f84-0000-000000000000</id>
      <parentGroupId>a0f6b739-39c8-3cdb-0000-000000000000</parentGroupId>
      <backPressureDataSizeThreshold>1 GB</backPressureDataSizeThreshold>
      <backPressureObjectThreshold>10000</backPressureObjectThreshold>
      <destination>
        <groupId>a0f6b739-39c8-3cdb-0000-000000000000</groupId>
        <id>f4e858aa-0201-3755-0000-000000000000</id>
        <type>PROCESSOR</type>
      </destination>
      <flowFileExpiration>0 sec</flowFileExpiration>
      <labelIndex>1</labelIndex>
      <name></name>
      <selectedRelationships>success</selectedRelationships>
      <source>
        <groupId>a0f6b739-39c8-3cdb-0000-000000000000</groupId>
        <id>fc295059-8bda-3cd3-0000-000000000000</id>
        <type>PROCESSOR</type>
      </source>
      <zIndex>0</zIndex>
    </connections>
    <connections>
      <id>ea8235eb-8828-34d5-0000-000000000000</id>
      <parentGroupId>a0f6b739-39c8-3cdb-0000-000000000000</parentGroupId>
      <backPressureDataSizeThreshold>1 GB</backPressureDataSizeThreshold>
      <backPressureObjectThreshold>10000</backPressureObjectThreshold>
      <destination>
        <groupId>a0f6b739-39c8-3cdb-0000-000000000000</groupId>
        <id>45a7d89d-579f-3d58-0000-000000000000</id>
        <type>PROCESSOR</type>
      </destination>
      <flowFileExpiration>0 sec</flowFileExpiration>
      <labelIndex>1</labelIndex>
      <name></name>
      <selectedRelationships>failure</selectedRelationships>
      <source>
        <groupId>a0f6b739-39c8-3cdb-0000-000000000000</groupId>
        <id>d5278824-94fd-3e07-0000-000000000000</id>
        <type>PROCESSOR</type>
      </source>
      <zIndex>0</zIndex>
    </connections>
    <connections>
      <id>ebb6a3f7-766a-3827-0000-000000000000</id>
      <parentGroupId>a0f6b739-39c8-3cdb-0000-000000000000</parentGroupId>
      <backPressureDataSizeThreshold>1 GB</backPressureDataSizeThreshold>
      <backPressureObjectThreshold>10000</backPressureObjectThreshold>
      <destination>
        <groupId>a0f6b739-39c8-3cdb-0000-000000000000</groupId>
        <id>9b32186a-c3ac-395b-0000-000000000000</id>
        <type>PROCESSOR</type>
      </destination>
      <flowFileExpiration>0 sec</flowFileExpiration>
      <labelIndex>1</labelIndex>
      <name></name>
      <selectedRelationships>success</selectedRelationships>
      <source>
        <groupId>a0f6b739-39c8-3cdb-0000-000000000000</groupId>
        <id>d5278824-94fd-3e07-0000-000000000000</id>
        <type>PROCESSOR</type>
      </source>
      <zIndex>0</zIndex>
    </connections>
    <connections>
      <id>ebe55f70-b7ad-3b2b-0000-000000000000</id>
      <parentGroupId>a0f6b739-39c8-3cdb-0000-000000000000</parentGroupId>
      <backPressureDataSizeThreshold>1 GB</backPressureDataSizeThreshold>
      <backPressureObjectThreshold>10000</backPressureObjectThreshold>
      <destination>
        <groupId>a0f6b739-39c8-3cdb-0000-000000000000</groupId>
        <id>45a7d89d-579f-3d58-0000-000000000000</id>
        <type>PROCESSOR</type>
      </destination>
      <flowFileExpiration>0 sec</flowFileExpiration>
      <labelIndex>1</labelIndex>
      <name></name>
      <selectedRelationships>unmatched</selectedRelationships>
      <source>
        <groupId>a0f6b739-39c8-3cdb-0000-000000000000</groupId>
        <id>cd684e8c-9970-3d88-0000-000000000000</id>
        <type>PROCESSOR</type>
      </source>
      <zIndex>0</zIndex>
    </connections>
    <connections>
      <id>fb907908-a4d6-3fd6-0000-000000000000</id>
      <parentGroupId>a0f6b739-39c8-3cdb-0000-000000000000</parentGroupId>
      <backPressureDataSizeThreshold>1 GB</backPressureDataSizeThreshold>
      <backPressureObjectThreshold>10000</backPressureObjectThreshold>
      <destination>
        <groupId>a0f6b739-39c8-3cdb-0000-000000000000</groupId>
        <id>7b587c8a-39fc-3a91-0000-000000000000</id>
        <type>PROCESSOR</type>
      </destination>
      <flowFileExpiration>0 sec</flowFileExpiration>
      <labelIndex>1</labelIndex>
      <name>load failure</name>
      <selectedRelationships>failure</selectedRelationships>
      <source>
        <groupId>a0f6b739-39c8-3cdb-0000-000000000000</groupId>
        <id>9149cad5-9347-3683-0000-000000000000</id>
        <type>PROCESSOR</type>
      </source>
      <zIndex>0</zIndex>
    </connections>
    <connections>
      <id>00379977-134c-3b9c-0000-000000000000</id>
      <parentGroupId>a0f6b739-39c8-3cdb-0000-000000000000</parentGroupId>
      <backPressureDataSizeThreshold>1 GB</backPressureDataSizeThreshold>
      <backPressureObjectThreshold>10000</backPressureObjectThreshold>
      <destination>
        <groupId>a0f6b739-39c8-3cdb-0000-000000000000</groupId>
        <id>45a7d89d-579f-3d58-0000-000000000000</id>
        <type>PROCESSOR</type>
      </destination>
      <flowFileExpiration>0 sec</flowFileExpiration>
      <labelIndex>1</labelIndex>
      <name></name>
      <selectedRelationships>failure</selectedRelationships>
      <selectedRelationships>unmatched</selectedRelationships>
      <source>
        <groupId>a0f6b739-39c8-3cdb-0000-000000000000</groupId>
        <id>ec8771df-ffb0-32d6-0000-000000000000</id>
        <type>PROCESSOR</type>
      </source>
      <zIndex>0</zIndex>
    </connections>
    <connections>
      <id>043c5797-2e05-3e7d-0000-000000000000</id>
      <parentGroupId>a0f6b739-39c8-3cdb-0000-000000000000</parentGroupId>
      <backPressureDataSizeThreshold>1 GB</backPressureDataSizeThreshold>
      <backPressureObjectThreshold>10000</backPressureObjectThreshold>
      <destination>
        <groupId>a0f6b739-39c8-3cdb-0000-000000000000</groupId>
        <id>cd684e8c-9970-3d88-0000-000000000000</id>
        <type>PROCESSOR</type>
      </destination>
      <flowFileExpiration>0 sec</flowFileExpiration>
      <labelIndex>1</labelIndex>
      <name></name>
      <selectedRelationships>matched</selectedRelationships>
      <source>
        <groupId>a0f6b739-39c8-3cdb-0000-000000000000</groupId>
        <id>ec8771df-ffb0-32d6-0000-000000000000</id>
        <type>PROCESSOR</type>
      </source>
      <zIndex>0</zIndex>
    </connections>
    <connections>
      <id>1878cb1a-d216-396c-0000-000000000000</id>
      <parentGroupId>a0f6b739-39c8-3cdb-0000-000000000000</parentGroupId>
      <backPressureDataSizeThreshold>1 GB</backPressureDataSizeThreshold>
      <backPressureObjectThreshold>10000</backPressureObjectThreshold>
      <destination>
        <groupId>a0f6b739-39c8-3cdb-0000-000000000000</groupId>
        <id>7b587c8a-39fc-3a91-0000-000000000000</id>
        <type>PROCESSOR</type>
      </destination>
      <flowFileExpiration>0 sec</flowFileExpiration>
      <labelIndex>1</labelIndex>
      <name>load failure</name>
      <selectedRelationships>success</selectedRelationships>
      <source>
        <groupId>a0f6b739-39c8-3cdb-0000-000000000000</groupId>
        <id>45a7d89d-579f-3d58-0000-000000000000</id>
        <type>PROCESSOR</type>
      </source>
      <zIndex>0</zIndex>
    </connections>
    <connections>
      <id>2d01ae98-c5da-3784-0000-000000000000</id>
      <parentGroupId>a0f6b739-39c8-3cdb-0000-000000000000</parentGroupId>
      <backPressureDataSizeThreshold>1 GB</backPressureDataSizeThreshold>
      <backPressureObjectThreshold>10000</backPressureObjectThreshold>
      <destination>
        <groupId>a0f6b739-39c8-3cdb-0000-000000000000</groupId>
        <id>3b96452e-c6d9-3b52-0000-000000000000</id>
        <type>PROCESSOR</type>
      </destination>
      <flowFileExpiration>0 sec</flowFileExpiration>
      <labelIndex>1</labelIndex>
      <name></name>
      <selectedRelationships>failure</selectedRelationships>
      <source>
        <groupId>a0f6b739-39c8-3cdb-0000-000000000000</groupId>
        <id>fc295059-8bda-3cd3-0000-000000000000</id>
        <type>PROCESSOR</type>
      </source>
      <zIndex>0</zIndex>
    </connections>
    <connections>
      <id>2eb8695b-d9c1-3e9d-0000-000000000000</id>
      <parentGroupId>a0f6b739-39c8-3cdb-0000-000000000000</parentGroupId>
      <backPressureDataSizeThreshold>1 GB</backPressureDataSizeThreshold>
      <backPressureObjectThreshold>10000</backPressureObjectThreshold>
      <destination>
        <groupId>a0f6b739-39c8-3cdb-0000-000000000000</groupId>
        <id>7b587c8a-39fc-3a91-0000-000000000000</id>
        <type>PROCESSOR</type>
      </destination>
      <flowFileExpiration>0 sec</flowFileExpiration>
      <labelIndex>1</labelIndex>
      <name>load failure</name>
      <selectedRelationships>failure</selectedRelationships>
      <source>
        <groupId>a0f6b739-39c8-3cdb-0000-000000000000</groupId>
        <id>27644c04-6934-304e-0000-000000000000</id>
        <type>PROCESSOR</type>
      </source>
      <zIndex>0</zIndex>
    </connections>
    <connections>
      <id>49c3963b-1ceb-3b74-0000-000000000000</id>
      <parentGroupId>a0f6b739-39c8-3cdb-0000-000000000000</parentGroupId>
      <backPressureDataSizeThreshold>1 GB</backPressureDataSizeThreshold>
      <backPressureObjectThreshold>10000</backPressureObjectThreshold>
      <destination>
        <groupId>a0f6b739-39c8-3cdb-0000-000000000000</groupId>
        <id>d5278824-94fd-3e07-0000-000000000000</id>
        <type>PROCESSOR</type>
      </destination>
      <flowFileExpiration>0 sec</flowFileExpiration>
      <labelIndex>1</labelIndex>
      <name></name>
      <selectedRelationships>teradata_db_exists</selectedRelationships>
      <source>
        <groupId>a0f6b739-39c8-3cdb-0000-000000000000</groupId>
        <id>b93eefd9-5495-3570-0000-000000000000</id>
        <type>PROCESSOR</type>
      </source>
      <zIndex>0</zIndex>
    </connections>
    <connections>
      <id>4bf9d1cd-fc2c-32cc-0000-000000000000</id>
      <parentGroupId>a0f6b739-39c8-3cdb-0000-000000000000</parentGroupId>
      <backPressureDataSizeThreshold>1 GB</backPressureDataSizeThreshold>
      <backPressureObjectThreshold>10000</backPressureObjectThreshold>
      <destination>
        <groupId>a0f6b739-39c8-3cdb-0000-000000000000</groupId>
        <id>27644c04-6934-304e-0000-000000000000</id>
        <type>PROCESSOR</type>
      </destination>
      <flowFileExpiration>0 sec</flowFileExpiration>
      <labelIndex>1</labelIndex>
      <name></name>
      <selectedRelationships>success</selectedRelationships>
      <source>
        <groupId>a0f6b739-39c8-3cdb-0000-000000000000</groupId>
        <id>4bba7384-76a2-32ed-0000-000000000000</id>
        <type>PROCESSOR</type>
      </source>
      <zIndex>0</zIndex>
    </connections>
    <connections>
      <id>4ee42a17-2895-3e88-0000-000000000000</id>
      <parentGroupId>a0f6b739-39c8-3cdb-0000-000000000000</parentGroupId>
      <backPressureDataSizeThreshold>1 GB</backPressureDataSizeThreshold>
      <backPressureObjectThreshold>10000</backPressureObjectThreshold>
      <destination>
        <groupId>a0f6b739-39c8-3cdb-0000-000000000000</groupId>
        <id>9149cad5-9347-3683-0000-000000000000</id>
        <type>PROCESSOR</type>
      </destination>
      <flowFileExpiration>0 sec</flowFileExpiration>
      <labelIndex>1</labelIndex>
      <name></name>
      <selectedRelationships>success</selectedRelationships>
      <source>
        <groupId>a0f6b739-39c8-3cdb-0000-000000000000</groupId>
        <id>316d9027-af43-3fca-0000-000000000000</id>
        <type>PROCESSOR</type>
      </source>
      <zIndex>0</zIndex>
    </connections>
    <connections>
      <id>538eba9b-4ee5-3698-0000-000000000000</id>
      <parentGroupId>a0f6b739-39c8-3cdb-0000-000000000000</parentGroupId>
      <backPressureDataSizeThreshold>1 GB</backPressureDataSizeThreshold>
      <backPressureObjectThreshold>10000</backPressureObjectThreshold>
      <destination>
        <groupId>a0f6b739-39c8-3cdb-0000-000000000000</groupId>
        <id>ec8771df-ffb0-32d6-0000-000000000000</id>
        <type>PROCESSOR</type>
      </destination>
      <flowFileExpiration>0 sec</flowFileExpiration>
      <labelIndex>1</labelIndex>
      <name></name>
      <selectedRelationships>success</selectedRelationships>
      <source>
        <groupId>a0f6b739-39c8-3cdb-0000-000000000000</groupId>
        <id>9b32186a-c3ac-395b-0000-000000000000</id>
        <type>PROCESSOR</type>
      </source>
      <zIndex>0</zIndex>
    </connections>
    <connections>
      <id>60b5b5fd-ab4c-37f2-0000-000000000000</id>
      <parentGroupId>a0f6b739-39c8-3cdb-0000-000000000000</parentGroupId>
      <backPressureDataSizeThreshold>1 GB</backPressureDataSizeThreshold>
      <backPressureObjectThreshold>10000</backPressureObjectThreshold>
      <destination>
        <groupId>a0f6b739-39c8-3cdb-0000-000000000000</groupId>
        <id>d5278824-94fd-3e07-0000-000000000000</id>
        <type>PROCESSOR</type>
      </destination>
      <flowFileExpiration>0 sec</flowFileExpiration>
      <labelIndex>1</labelIndex>
      <name></name>
      <selectedRelationships>success</selectedRelationships>
      <source>
        <groupId>a0f6b739-39c8-3cdb-0000-000000000000</groupId>
        <id>1b787c82-3e93-3851-0000-000000000000</id>
        <type>PROCESSOR</type>
      </source>
      <zIndex>0</zIndex>
    </connections>
    <connections>
      <id>668ea7cd-97c4-34d7-0000-000000000000</id>
      <parentGroupId>a0f6b739-39c8-3cdb-0000-000000000000</parentGroupId>
      <backPressureDataSizeThreshold>1 GB</backPressureDataSizeThreshold>
      <backPressureObjectThreshold>10000</backPressureObjectThreshold>
      <destination>
        <groupId>a0f6b739-39c8-3cdb-0000-000000000000</groupId>
        <id>316d9027-af43-3fca-0000-000000000000</id>
        <type>PROCESSOR</type>
      </destination>
      <flowFileExpiration>0 sec</flowFileExpiration>
      <labelIndex>1</labelIndex>
      <name></name>
      <selectedRelationships>teradata_tbl_does_not_exist</selectedRelationships>
      <source>
        <groupId>a0f6b739-39c8-3cdb-0000-000000000000</groupId>
        <id>cd684e8c-9970-3d88-0000-000000000000</id>
        <type>PROCESSOR</type>
      </source>
      <zIndex>0</zIndex>
    </connections>
    <connections>
      <id>6ef7e85e-d342-3b2a-0000-000000000000</id>
      <parentGroupId>a0f6b739-39c8-3cdb-0000-000000000000</parentGroupId>
      <backPressureDataSizeThreshold>1 GB</backPressureDataSizeThreshold>
      <backPressureObjectThreshold>10000</backPressureObjectThreshold>
      <destination>
        <groupId>a0f6b739-39c8-3cdb-0000-000000000000</groupId>
        <id>3b96452e-c6d9-3b52-0000-000000000000</id>
        <type>PROCESSOR</type>
      </destination>
      <flowFileExpiration>0 sec</flowFileExpiration>
      <labelIndex>1</labelIndex>
      <name></name>
      <selectedRelationships>failure</selectedRelationships>
      <source>
        <groupId>a0f6b739-39c8-3cdb-0000-000000000000</groupId>
        <id>f4e858aa-0201-3755-0000-000000000000</id>
        <type>PROCESSOR</type>
      </source>
      <zIndex>0</zIndex>
    </connections>
    <connections>
      <id>706638ff-4f62-3ab2-0000-000000000000</id>
      <parentGroupId>a0f6b739-39c8-3cdb-0000-000000000000</parentGroupId>
      <backPressureDataSizeThreshold>1 GB</backPressureDataSizeThreshold>
      <backPressureObjectThreshold>10000</backPressureObjectThreshold>
      <destination>
        <groupId>a0f6b739-39c8-3cdb-0000-000000000000</groupId>
        <id>3b96452e-c6d9-3b52-0000-000000000000</id>
        <type>PROCESSOR</type>
      </destination>
      <flowFileExpiration>0 sec</flowFileExpiration>
      <labelIndex>1</labelIndex>
      <name></name>
      <selectedRelationships>unmatched</selectedRelationships>
      <source>
        <groupId>a0f6b739-39c8-3cdb-0000-000000000000</groupId>
        <id>b93eefd9-5495-3570-0000-000000000000</id>
        <type>PROCESSOR</type>
      </source>
      <zIndex>0</zIndex>
    </connections>
    <controllerServices>
      <id>8957feb5-a49c-36ec-0000-000000000000</id>
      <parentGroupId>a0f6b739-39c8-3cdb-0000-000000000000</parentGroupId>
      <bundle>
        <artifact>kylo-nifi-teradata-tdch-nar</artifact>
        <group>default</group>
        <version>unversioned</version>
      </bundle>
      <comments></comments>
      <descriptors>
        <entry>
          <key>JDBC Driver Class</key>
          <value>
            <name>JDBC Driver Class</name>
          </value>
        </entry>
        <entry>
          <key>TDCH jar path</key>
          <value>
            <name>TDCH jar path</name>
          </value>
        </entry>
        <entry>
          <key>Hive conf path</key>
          <value>
            <name>Hive conf path</name>
          </value>
        </entry>
        <entry>
          <key>Username</key>
          <value>
            <name>Username</name>
          </value>
        </entry>
        <entry>
          <key>JDBC Connection URL</key>
          <value>
            <name>JDBC Connection URL</name>
          </value>
        </entry>
        <entry>
          <key>Hive lib path</key>
          <value>
            <name>Hive lib path</name>
          </value>
        </entry>
        <entry>
          <key>Password</key>
          <value>
            <name>Password</name>
          </value>
        </entry>
      </descriptors>
      <name>StandardTdchConnectionService</name>
      <persistsState>false</persistsState>
      <properties>
        <entry>
          <key>JDBC Driver Class</key>
          <value>com.teradata.jdbc.TeraDriver</value>
        </entry>
        <entry>
          <key>TDCH jar path</key>
          <value>/usr/lib/tdch/1.5/lib/teradata-connector-1.5.4.jar</value>
        </entry>
        <entry>
          <key>Hive conf path</key>
          <value>/usr/hdp/current/hive-client/conf</value>
        </entry>
        <entry>
          <key>Username</key>
          <value>dbc</value>
        </entry>
        <entry>
          <key>JDBC Connection URL</key>
          <value>jdbc:teradata://localhost</value>
        </entry>
        <entry>
          <key>Hive lib path</key>
          <value>/usr/hdp/current/hive-client/lib</value>
        </entry>
        <entry>
          <key>Password</key>
        </entry>
      </properties>
      <state>ENABLED</state>
      <type>com.thinkbiganalytics.kylo.nifi.teradata.tdch.core.controllerservice.StandardTdchConnectionService</type>
    </controllerServices>
    <controllerServices>
      <id>043e7e80-39f3-3d60-0000-000000000000</id>
      <parentGroupId>a0f6b739-39c8-3cdb-0000-000000000000</parentGroupId>
      <bundle>
        <artifact>nifi-dbcp-service-nar</artifact>
        <group>org.apache.nifi</group>
        <version>1.3.0</version>
      </bundle>
      <comments></comments>
      <descriptors>
        <entry>
          <key>Validation-query</key>
          <value>
            <name>Validation-query</name>
          </value>
        </entry>
        <entry>
          <key>Database Connection URL</key>
          <value>
            <name>Database Connection URL</name>
          </value>
        </entry>
        <entry>
          <key>Max Wait Time</key>
          <value>
            <name>Max Wait Time</name>
          </value>
        </entry>
        <entry>
          <key>Database Driver Class Name</key>
          <value>
            <name>Database Driver Class Name</name>
          </value>
        </entry>
        <entry>
          <key>Database User</key>
          <value>
            <name>Database User</name>
          </value>
        </entry>
        <entry>
          <key>database-driver-locations</key>
          <value>
            <name>database-driver-locations</name>
          </value>
        </entry>
        <entry>
          <key>Max Total Connections</key>
          <value>
            <name>Max Total Connections</name>
          </value>
        </entry>
        <entry>
          <key>Password</key>
          <value>
            <name>Password</name>
          </value>
        </entry>
      </descriptors>
      <name>Kylo-Teradata-DBC</name>
      <persistsState>false</persistsState>
      <properties>
        <entry>
          <key>Validation-query</key>
          <value>select 1</value>
        </entry>
        <entry>
          <key>Database Connection URL</key>
          <value>jdbc:teradata://localhost</value>
        </entry>
        <entry>
          <key>Max Wait Time</key>
          <value>500 millis</value>
        </entry>
        <entry>
          <key>Database Driver Class Name</key>
          <value>com.teradata.jdbc.TeraDriver</value>
        </entry>
        <entry>
          <key>Database User</key>
          <value>dbc</value>
        </entry>
        <entry>
          <key>database-driver-locations</key>
          <value>file:///opt/nifi/teradata/terajdbc4.jar,file:///opt/nifi/teradata/tdgssconfig.jar</value>
        </entry>
        <entry>
          <key>Max Total Connections</key>
          <value>8</value>
        </entry>
        <entry>
          <key>Password</key>
        </entry>
      </properties>
      <state>ENABLED</state>
      <type>org.apache.nifi.dbcp.DBCPConnectionPool</type>
    </controllerServices>
    <inputPorts>
      <id>37f5bb9b-5c11-37d9-0000-000000000000</id>
      <parentGroupId>a0f6b739-39c8-3cdb-0000-000000000000</parentGroupId>
      <position>
        <x>2300.5385079461266</x>
        <y>0.0</y>
      </position>
      <comments></comments>
      <concurrentlySchedulableTaskCount>1</concurrentlySchedulableTaskCount>
      <name>in.teradata.export</name>
      <state>STOPPED</state>
      <transmitting>false</transmitting>
      <type>INPUT_PORT</type>
    </inputPorts>
    <labels>
      <id>cd742c6d-d662-3282-0000-000000000000</id>
      <parentGroupId>a0f6b739-39c8-3cdb-0000-000000000000</parentGroupId>
      <position>
        <x>1438.539995872401</x>
        <y>877.1030835425977</y>
      </position>
      <height>1324.609375</height>
      <label>Ensure Teradata Database Exists</label>
      <style>
        <entry>
          <key>background-color</key>
          <value>#e9ffd6</value>
        </entry>
        <entry>
          <key>font-size</key>
          <value>18px</value>
        </entry>
      </style>
      <width>1380.222412109375</width>
    </labels>
    <labels>
      <id>e54bb2c0-4b62-39fb-0000-000000000000</id>
      <parentGroupId>a0f6b739-39c8-3cdb-0000-000000000000</parentGroupId>
      <position>
        <x>2146.2673568076425</x>
        <y>3438.2422295275455</y>
      </position>
      <height>451.2725830078125</height>
      <label>Load Teradata via TDCH
</label>
      <style>
        <entry>
          <key>background-color</key>
          <value>#ffe0d6</value>
        </entry>
        <entry>
          <key>font-size</key>
          <value>18px</value>
        </entry>
      </style>
      <width>687.30029296875</width>
    </labels>
    <labels>
      <id>1b8fde81-ae6f-3194-0000-000000000000</id>
      <parentGroupId>a0f6b739-39c8-3cdb-0000-000000000000</parentGroupId>
      <position>
        <x>0.0</x>
        <y>2217.2256653243344</y>
      </position>
      <height>226.16949462890625</height>
      <label>Teradata Load Failed</label>
      <style>
        <entry>
          <key>background-color</key>
          <value>#f5c4c4</value>
        </entry>
        <entry>
          <key>font-size</key>
          <value>18px</value>
        </entry>
      </style>
      <width>416.6876525878906</width>
    </labels>
    <labels>
      <id>6b073e1f-aa29-38c6-0000-000000000000</id>
      <parentGroupId>a0f6b739-39c8-3cdb-0000-000000000000</parentGroupId>
      <position>
        <x>2131.700709901721</x>
        <y>117.40710970370219</y>
      </position>
      <height>740.2273559570312</height>
      <label>Initialization 
Export To Teradata</label>
      <style>
        <entry>
          <key>background-color</key>
          <value>#d4ddff</value>
        </entry>
        <entry>
          <key>font-size</key>
          <value>18px</value>
        </entry>
      </style>
      <width>686.0738525390625</width>
    </labels>
    <labels>
      <id>7df0b0fe-15b5-3e26-0000-000000000000</id>
      <parentGroupId>a0f6b739-39c8-3cdb-0000-000000000000</parentGroupId>
      <position>
        <x>1454.5138038321602</x>
        <y>2232.869317628219</y>
      </position>
      <height>1159.3546142578125</height>
      <label>Ensure Teradata Table Exists</label>
      <style>
        <entry>
          <key>background-color</key>
          <value>#d4f9ff</value>
        </entry>
        <entry>
          <key>font-size</key>
          <value>18px</value>
        </entry>
      </style>
      <width>1377.5693359375</width>
    </labels>
    <processors>
      <id>9149cad5-9347-3683-0000-000000000000</id>
      <parentGroupId>a0f6b739-39c8-3cdb-0000-000000000000</parentGroupId>
      <position>
        <x>2292.1945571494143</x>
        <y>3488.592355328007</y>
      </position>
      <bundle>
        <artifact>kylo-nifi-teradata-tdch-nar</artifact>
        <group>default</group>
        <version>unversioned</version>
      </bundle>
      <config>
        <bulletinLevel>WARN</bulletinLevel>
        <comments></comments>
        <concurrentlySchedulableTaskCount>1</concurrentlySchedulableTaskCount>
        <descriptors>
          <entry>
            <key>Export tool file format</key>
            <value>
              <name>Export tool file format</name>
            </value>
          </entry>
          <entry>
            <key>[Teradata] Batch size (rows)</key>
            <value>
              <name>[Teradata] Batch size (rows)</name>
            </value>
          </entry>
          <entry>
            <key>[Cluster] Throttle mappers?</key>
            <value>
              <name>[Cluster] Throttle mappers?</name>
            </value>
          </entry>
          <entry>
            <key>Target date format</key>
            <value>
              <name>Target date format</name>
            </value>
          </entry>
          <entry>
            <key>[Teradata] TDCH connection service</key>
            <value>
              <identifiesControllerService>com.thinkbiganalytics.kylo.nifi.teradata.tdch.api.TdchConnectionService</identifiesControllerService>
              <name>[Teradata] TDCH connection service</name>
            </value>
          </entry>
          <entry>
            <key>[Cluster] Minimum mappers</key>
            <value>
              <name>[Cluster] Minimum mappers</name>
            </value>
          </entry>
          <entry>
            <key>[Hive] Field separator</key>
            <value>
              <name>[Hive] Field separator</name>
            </value>
          </entry>
          <entry>
            <key>[Hive] Database</key>
            <value>
              <name>[Hive] Database</name>
            </value>
          </entry>
          <entry>
            <key>[Teradata] Field names</key>
            <value>
              <name>[Teradata] Field names</name>
            </value>
          </entry>
          <entry>
            <key>[Teradata] Force staging?</key>
            <value>
              <name>[Teradata] Force staging?</name>
            </value>
          </entry>
          <entry>
            <key>[Teradata] Staging database</key>
            <value>
              <name>[Teradata] Staging database</name>
            </value>
          </entry>
          <entry>
            <key>Target timestamp format</key>
            <value>
              <name>Target timestamp format</name>
            </value>
          </entry>
          <entry>
            <key>Kerberos Keytab</key>
            <value>
              <name>Kerberos Keytab</name>
            </value>
          </entry>
          <entry>
            <key>Target time format</key>
            <value>
              <name>Target time format</name>
            </value>
          </entry>
          <entry>
            <key>Export tool job type</key>
            <value>
              <name>Export tool job type</name>
            </value>
          </entry>
          <entry>
            <key>Kerberos Principal</key>
            <value>
              <name>Kerberos Principal</name>
            </value>
          </entry>
          <entry>
            <key>[Cluster] Number of mappers</key>
            <value>
              <name>[Cluster] Number of mappers</name>
            </value>
          </entry>
          <entry>
            <key>[Hive] Field names</key>
            <value>
              <name>[Hive] Field names</name>
            </value>
          </entry>
          <entry>
            <key>[Teradata] Error database</key>
            <value>
              <name>[Teradata] Error database</name>
            </value>
          </entry>
          <entry>
            <key>Target timezone</key>
            <value>
              <name>Target timezone</name>
            </value>
          </entry>
          <entry>
            <key>[Teradata] Query band</key>
            <value>
              <name>[Teradata] Query band</name>
            </value>
          </entry>
          <entry>
            <key>[Hive] Config file path in HDFS</key>
            <value>
              <name>[Hive] Config file path in HDFS</name>
            </value>
          </entry>
          <entry>
            <key>[Teradata] Use XViews?</key>
            <value>
              <name>[Teradata] Use XViews?</name>
            </value>
          </entry>
          <entry>
            <key>[Hive] Table</key>
            <value>
              <name>[Hive] Table</name>
            </value>
          </entry>
          <entry>
            <key>Source time format</key>
            <value>
              <name>Source time format</name>
            </value>
          </entry>
          <entry>
            <key>[Hive] Line separator</key>
            <value>
              <name>[Hive] Line separator</name>
            </value>
          </entry>
          <entry>
            <key>Source date format</key>
            <value>
              <name>Source date format</name>
            </value>
          </entry>
          <entry>
            <key>[Teradata] Error table</key>
            <value>
              <name>[Teradata] Error table</name>
            </value>
          </entry>
          <entry>
            <key>[Teradata] Truncate table?</key>
            <value>
              <name>[Teradata] Truncate table?</name>
            </value>
          </entry>
          <entry>
            <key>Truncate strings?</key>
            <value>
              <name>Truncate strings?</name>
            </value>
          </entry>
          <entry>
            <key>Export tool method</key>
            <value>
              <name>Export tool method</name>
            </value>
          </entry>
          <entry>
            <key>[Teradata] Staging table</key>
            <value>
              <name>[Teradata] Staging table</name>
            </value>
          </entry>
          <entry>
            <key>[Teradata] Database.Table</key>
            <value>
              <name>[Teradata] Database.Table</name>
            </value>
          </entry>
          <entry>
            <key>Source timestamp format</key>
            <value>
              <name>Source timestamp format</name>
            </value>
          </entry>
          <entry>
            <key>Source timezone</key>
            <value>
              <name>Source timezone</name>
            </value>
          </entry>
          <entry>
            <key>[Teradata] Keep staging table?</key>
            <value>
              <name>[Teradata] Keep staging table?</name>
            </value>
          </entry>
        </descriptors>
        <executionNode>ALL</executionNode>
        <lossTolerant>false</lossTolerant>
        <penaltyDuration>30 sec</penaltyDuration>
        <properties>
          <entry>
            <key>Export tool file format</key>
            <value>${tdch.export.tool.file.format}</value>
          </entry>
          <entry>
            <key>[Teradata] Batch size (rows)</key>
            <value>${tdch.config.teradata.batchsize}</value>
          </entry>
          <entry>
            <key>[Cluster] Throttle mappers?</key>
            <value>false</value>
          </entry>
          <entry>
            <key>Target date format</key>
            <value>${tdch.config.internal.empty.value}</value>
          </entry>
          <entry>
            <key>[Teradata] TDCH connection service</key>
            <value>8957feb5-a49c-36ec-0000-000000000000</value>
          </entry>
          <entry>
            <key>[Cluster] Minimum mappers</key>
          </entry>
          <entry>
            <key>[Hive] Field separator</key>
          </entry>
          <entry>
            <key>[Hive] Database</key>
            <value>${category}</value>
          </entry>
          <entry>
            <key>[Teradata] Field names</key>
            <value>${external.target.and.hive.column.list}</value>
          </entry>
          <entry>
            <key>[Teradata] Force staging?</key>
            <value>${tdch.config.teradata.force.staging}</value>
          </entry>
          <entry>
            <key>[Teradata] Staging database</key>
          </entry>
          <entry>
            <key>Target timestamp format</key>
            <value>${tdch.config.internal.empty.value}</value>
          </entry>
          <entry>
            <key>Kerberos Keytab</key>
          </entry>
          <entry>
            <key>Target time format</key>
            <value>${tdch.config.internal.empty.value}</value>
          </entry>
          <entry>
            <key>Export tool job type</key>
            <value>hive</value>
          </entry>
          <entry>
            <key>Kerberos Principal</key>
          </entry>
          <entry>
            <key>[Cluster] Number of mappers</key>
            <value>${tdch.config.cluster.num.mappers}</value>
          </entry>
          <entry>
            <key>[Hive] Field names</key>
            <value>${external.target.and.hive.column.list}</value>
          </entry>
          <entry>
            <key>[Teradata] Error database</key>
          </entry>
          <entry>
            <key>Target timezone</key>
          </entry>
          <entry>
            <key>[Teradata] Query band</key>
            <value>${tdch.config.teradata.query.band}</value>
          </entry>
          <entry>
            <key>[Hive] Config file path in HDFS</key>
          </entry>
          <entry>
            <key>[Teradata] Use XViews?</key>
            <value>${tdch.config.teradata.use.xviews}</value>
          </entry>
          <entry>
            <key>[Hive] Table</key>
            <value>${feed}</value>
          </entry>
          <entry>
            <key>Source time format</key>
            <value>${tdch.config.internal.empty.value}</value>
          </entry>
          <entry>
            <key>[Hive] Line separator</key>
          </entry>
          <entry>
            <key>Source date format</key>
            <value>${tdch.config.internal.empty.value}</value>
          </entry>
          <entry>
            <key>[Teradata] Error table</key>
          </entry>
          <entry>
            <key>[Teradata] Truncate table?</key>
            <value>${tdch.config.teradata.truncate.table}</value>
          </entry>
          <entry>
            <key>Truncate strings?</key>
            <value>${tdch.config.cluster.truncate.strings}</value>
          </entry>
          <entry>
            <key>Export tool method</key>
            <value>${tdch.export.tool.method}</value>
          </entry>
          <entry>
            <key>[Teradata] Staging table</key>
          </entry>
          <entry>
            <key>[Teradata] Database.Table</key>
            <value>${category}.${feed}</value>
          </entry>
          <entry>
            <key>Source timestamp format</key>
            <value>${tdch.config.internal.empty.value}</value>
          </entry>
          <entry>
            <key>Source timezone</key>
          </entry>
          <entry>
            <key>[Teradata] Keep staging table?</key>
            <value>false</value>
          </entry>
        </properties>
        <runDurationMillis>0</runDurationMillis>
        <schedulingPeriod>10 sec</schedulingPeriod>
        <schedulingStrategy>TIMER_DRIVEN</schedulingStrategy>
        <yieldDuration>1 sec</yieldDuration>
      </config>
      <name>Export Hive To Teradata (TDCH)</name>
      <relationships>
        <autoTerminate>false</autoTerminate>
        <name>failure</name>
      </relationships>
      <relationships>
        <autoTerminate>false</autoTerminate>
        <name>success</name>
      </relationships>
      <style></style>
      <type>com.thinkbiganalytics.kylo.nifi.teradata.tdch.core.processor.export.main.TdchExportHiveToTeradata</type>
    </processors>
    <processors>
      <id>9b32186a-c3ac-395b-0000-000000000000</id>
      <parentGroupId>a0f6b739-39c8-3cdb-0000-000000000000</parentGroupId>
      <position>
        <x>2276.3091816193337</x>
        <y>2522.0473618032042</y>
      </position>
      <bundle>
        <artifact>nifi-avro-nar</artifact>
        <group>org.apache.nifi</group>
        <version>1.3.0</version>
      </bundle>
      <config>
        <bulletinLevel>WARN</bulletinLevel>
        <comments></comments>
        <concurrentlySchedulableTaskCount>1</concurrentlySchedulableTaskCount>
        <descriptors>
          <entry>
            <key>JSON container options</key>
            <value>
              <name>JSON container options</name>
            </value>
          </entry>
          <entry>
            <key>Wrap Single Record</key>
            <value>
              <name>Wrap Single Record</name>
            </value>
          </entry>
          <entry>
            <key>Avro schema</key>
            <value>
              <name>Avro schema</name>
            </value>
          </entry>
        </descriptors>
        <executionNode>ALL</executionNode>
        <lossTolerant>false</lossTolerant>
        <penaltyDuration>30 sec</penaltyDuration>
        <properties>
          <entry>
            <key>JSON container options</key>
            <value>array</value>
          </entry>
          <entry>
            <key>Wrap Single Record</key>
            <value>false</value>
          </entry>
          <entry>
            <key>Avro schema</key>
          </entry>
        </properties>
        <runDurationMillis>0</runDurationMillis>
        <schedulingPeriod>0 sec</schedulingPeriod>
        <schedulingStrategy>TIMER_DRIVEN</schedulingStrategy>
        <yieldDuration>1 sec</yieldDuration>
      </config>
      <name>Convert Table Count To JSON</name>
      <relationships>
        <autoTerminate>false</autoTerminate>
        <name>failure</name>
      </relationships>
      <relationships>
        <autoTerminate>false</autoTerminate>
        <name>success</name>
      </relationships>
      <style></style>
      <type>org.apache.nifi.processors.avro.ConvertAvroToJSON</type>
    </processors>
    <processors>
      <id>b93eefd9-5495-3570-0000-000000000000</id>
      <parentGroupId>a0f6b739-39c8-3cdb-0000-000000000000</parentGroupId>
      <position>
        <x>2270.678347859117</x>
        <y>1915.6981756719865</y>
      </position>
      <bundle>
        <artifact>nifi-standard-nar</artifact>
        <group>org.apache.nifi</group>
        <version>1.3.0</version>
      </bundle>
      <config>
        <bulletinLevel>WARN</bulletinLevel>
        <comments></comments>
        <concurrentlySchedulableTaskCount>1</concurrentlySchedulableTaskCount>
        <descriptors>
          <entry>
            <key>Routing Strategy</key>
            <value>
              <name>Routing Strategy</name>
            </value>
          </entry>
          <entry>
            <key>teradata_db_does_not_exist</key>
            <value>
              <name>teradata_db_does_not_exist</name>
            </value>
          </entry>
          <entry>
            <key>teradata_db_exists</key>
            <value>
              <name>teradata_db_exists</name>
            </value>
          </entry>
        </descriptors>
        <executionNode>ALL</executionNode>
        <lossTolerant>false</lossTolerant>
        <penaltyDuration>30 sec</penaltyDuration>
        <properties>
          <entry>
            <key>Routing Strategy</key>
            <value>Route to Property name</value>
          </entry>
          <entry>
            <key>teradata_db_does_not_exist</key>
            <value>${db_count:equals(0)}</value>
          </entry>
          <entry>
            <key>teradata_db_exists</key>
            <value>${db_count:equals(1)}</value>
          </entry>
        </properties>
        <runDurationMillis>0</runDurationMillis>
        <schedulingPeriod>0 sec</schedulingPeriod>
        <schedulingStrategy>TIMER_DRIVEN</schedulingStrategy>
        <yieldDuration>1 sec</yieldDuration>
      </config>
      <name>Evaluate DB Count</name>
      <relationships>
        <autoTerminate>false</autoTerminate>
        <name>teradata_db_does_not_exist</name>
      </relationships>
      <relationships>
        <autoTerminate>false</autoTerminate>
        <name>teradata_db_exists</name>
      </relationships>
      <relationships>
        <autoTerminate>false</autoTerminate>
        <name>unmatched</name>
      </relationships>
      <style></style>
      <type>org.apache.nifi.processors.standard.RouteOnAttribute</type>
    </processors>
    <processors>
      <id>cd684e8c-9970-3d88-0000-000000000000</id>
      <parentGroupId>a0f6b739-39c8-3cdb-0000-000000000000</parentGroupId>
      <position>
        <x>2280.943240437242</x>
        <y>3104.984308484486</y>
      </position>
      <bundle>
        <artifact>nifi-standard-nar</artifact>
        <group>org.apache.nifi</group>
        <version>1.3.0</version>
      </bundle>
      <config>
        <bulletinLevel>WARN</bulletinLevel>
        <comments></comments>
        <concurrentlySchedulableTaskCount>1</concurrentlySchedulableTaskCount>
        <descriptors>
          <entry>
            <key>Routing Strategy</key>
            <value>
              <name>Routing Strategy</name>
            </value>
          </entry>
          <entry>
            <key>teradata_tbl_does_not_exist</key>
            <value>
              <name>teradata_tbl_does_not_exist</name>
            </value>
          </entry>
          <entry>
            <key>teradata_tbl_exists</key>
            <value>
              <name>teradata_tbl_exists</name>
            </value>
          </entry>
        </descriptors>
        <executionNode>ALL</executionNode>
        <lossTolerant>false</lossTolerant>
        <penaltyDuration>30 sec</penaltyDuration>
        <properties>
          <entry>
            <key>Routing Strategy</key>
            <value>Route to Property name</value>
          </entry>
          <entry>
            <key>teradata_tbl_does_not_exist</key>
            <value>${tbl_count:equals(0)}</value>
          </entry>
          <entry>
            <key>teradata_tbl_exists</key>
            <value>${tbl_count:equals(1)}</value>
          </entry>
        </properties>
        <runDurationMillis>0</runDurationMillis>
        <schedulingPeriod>0 sec</schedulingPeriod>
        <schedulingStrategy>TIMER_DRIVEN</schedulingStrategy>
        <yieldDuration>1 sec</yieldDuration>
      </config>
      <name>Evaluate Table Count</name>
      <relationships>
        <autoTerminate>false</autoTerminate>
        <name>teradata_tbl_does_not_exist</name>
      </relationships>
      <relationships>
        <autoTerminate>false</autoTerminate>
        <name>teradata_tbl_exists</name>
      </relationships>
      <relationships>
        <autoTerminate>false</autoTerminate>
        <name>unmatched</name>
      </relationships>
      <style></style>
      <type>org.apache.nifi.processors.standard.RouteOnAttribute</type>
    </processors>
    <processors>
      <id>d5278824-94fd-3e07-0000-000000000000</id>
      <parentGroupId>a0f6b739-39c8-3cdb-0000-000000000000</parentGroupId>
      <position>
        <x>2273.205464776205</x>
        <y>2278.415453775305</y>
      </position>
      <bundle>
        <artifact>nifi-standard-nar</artifact>
        <group>org.apache.nifi</group>
        <version>1.3.0</version>
      </bundle>
      <config>
        <bulletinLevel>WARN</bulletinLevel>
        <comments></comments>
        <concurrentlySchedulableTaskCount>1</concurrentlySchedulableTaskCount>
        <descriptors>
          <entry>
            <key>SQL select query</key>
            <value>
              <name>SQL select query</name>
            </value>
          </entry>
          <entry>
            <key>dbf-default-precision</key>
            <value>
              <name>dbf-default-precision</name>
            </value>
          </entry>
          <entry>
            <key>Max Wait Time</key>
            <value>
              <name>Max Wait Time</name>
            </value>
          </entry>
          <entry>
            <key>Database Connection Pooling Service</key>
            <value>
              <identifiesControllerService>org.apache.nifi.dbcp.DBCPService</identifiesControllerService>
              <name>Database Connection Pooling Service</name>
            </value>
          </entry>
          <entry>
            <key>dbf-normalize</key>
            <value>
              <name>dbf-normalize</name>
            </value>
          </entry>
          <entry>
            <key>dbf-user-logical-types</key>
            <value>
              <name>dbf-user-logical-types</name>
            </value>
          </entry>
          <entry>
            <key>dbf-default-scale</key>
            <value>
              <name>dbf-default-scale</name>
            </value>
          </entry>
        </descriptors>
        <executionNode>ALL</executionNode>
        <lossTolerant>false</lossTolerant>
        <penaltyDuration>30 sec</penaltyDuration>
        <properties>
          <entry>
            <key>SQL select query</key>
            <value>select count(*) as tbl_count from dbc.tablesV where DatabaseName = '${category}' and TableName = '${feed}'</value>
          </entry>
          <entry>
            <key>dbf-default-precision</key>
            <value>10</value>
          </entry>
          <entry>
            <key>Max Wait Time</key>
            <value>0 seconds</value>
          </entry>
          <entry>
            <key>Database Connection Pooling Service</key>
            <value>043e7e80-39f3-3d60-0000-000000000000</value>
          </entry>
          <entry>
            <key>dbf-normalize</key>
            <value>false</value>
          </entry>
          <entry>
            <key>dbf-user-logical-types</key>
            <value>false</value>
          </entry>
          <entry>
            <key>dbf-default-scale</key>
            <value>0</value>
          </entry>
        </properties>
        <runDurationMillis>0</runDurationMillis>
        <schedulingPeriod>0 sec</schedulingPeriod>
        <schedulingStrategy>TIMER_DRIVEN</schedulingStrategy>
        <yieldDuration>1 sec</yieldDuration>
      </config>
      <name>Get Teradata Table Count</name>
      <relationships>
        <autoTerminate>false</autoTerminate>
        <name>failure</name>
      </relationships>
      <relationships>
        <autoTerminate>false</autoTerminate>
        <name>success</name>
      </relationships>
      <style></style>
      <type>org.apache.nifi.processors.standard.ExecuteSQL</type>
    </processors>
    <processors>
      <id>ec8771df-ffb0-32d6-0000-000000000000</id>
      <parentGroupId>a0f6b739-39c8-3cdb-0000-000000000000</parentGroupId>
      <position>
        <x>2277.679474236793</x>
        <y>2786.942243552866</y>
      </position>
      <bundle>
        <artifact>nifi-standard-nar</artifact>
        <group>org.apache.nifi</group>
        <version>1.3.0</version>
      </bundle>
      <config>
        <bulletinLevel>WARN</bulletinLevel>
        <comments></comments>
        <concurrentlySchedulableTaskCount>1</concurrentlySchedulableTaskCount>
        <descriptors>
          <entry>
            <key>Destination</key>
            <value>
              <name>Destination</name>
            </value>
          </entry>
          <entry>
            <key>tbl_count</key>
            <value>
              <name>tbl_count</name>
            </value>
          </entry>
          <entry>
            <key>Return Type</key>
            <value>
              <name>Return Type</name>
            </value>
          </entry>
          <entry>
            <key>Null Value Representation</key>
            <value>
              <name>Null Value Representation</name>
            </value>
          </entry>
          <entry>
            <key>Path Not Found Behavior</key>
            <value>
              <name>Path Not Found Behavior</name>
            </value>
          </entry>
        </descriptors>
        <executionNode>ALL</executionNode>
        <lossTolerant>false</lossTolerant>
        <penaltyDuration>30 sec</penaltyDuration>
        <properties>
          <entry>
            <key>Destination</key>
            <value>flowfile-attribute</value>
          </entry>
          <entry>
            <key>tbl_count</key>
            <value>$.tbl_count</value>
          </entry>
          <entry>
            <key>Return Type</key>
            <value>auto-detect</value>
          </entry>
          <entry>
            <key>Null Value Representation</key>
            <value>empty string</value>
          </entry>
          <entry>
            <key>Path Not Found Behavior</key>
            <value>warn</value>
          </entry>
        </properties>
        <runDurationMillis>0</runDurationMillis>
        <schedulingPeriod>0 sec</schedulingPeriod>
        <schedulingStrategy>TIMER_DRIVEN</schedulingStrategy>
        <yieldDuration>1 sec</yieldDuration>
      </config>
      <name>Extract Table Count For Evaluation</name>
      <relationships>
        <autoTerminate>false</autoTerminate>
        <name>failure</name>
      </relationships>
      <relationships>
        <autoTerminate>false</autoTerminate>
        <name>matched</name>
      </relationships>
      <relationships>
        <autoTerminate>false</autoTerminate>
        <name>unmatched</name>
      </relationships>
      <style></style>
      <type>org.apache.nifi.processors.standard.EvaluateJsonPath</type>
    </processors>
    <processors>
      <id>f4e858aa-0201-3755-0000-000000000000</id>
      <parentGroupId>a0f6b739-39c8-3cdb-0000-000000000000</parentGroupId>
      <position>
        <x>2264.6250995880837</x>
        <y>1151.7062973500792</y>
      </position>
      <bundle>
        <artifact>nifi-avro-nar</artifact>
        <group>org.apache.nifi</group>
        <version>1.3.0</version>
      </bundle>
      <config>
        <bulletinLevel>WARN</bulletinLevel>
        <comments></comments>
        <concurrentlySchedulableTaskCount>1</concurrentlySchedulableTaskCount>
        <descriptors>
          <entry>
            <key>JSON container options</key>
            <value>
              <name>JSON container options</name>
            </value>
          </entry>
          <entry>
            <key>Wrap Single Record</key>
            <value>
              <name>Wrap Single Record</name>
            </value>
          </entry>
          <entry>
            <key>Avro schema</key>
            <value>
              <name>Avro schema</name>
            </value>
          </entry>
        </descriptors>
        <executionNode>ALL</executionNode>
        <lossTolerant>false</lossTolerant>
        <penaltyDuration>30 sec</penaltyDuration>
        <properties>
          <entry>
            <key>JSON container options</key>
            <value>array</value>
          </entry>
          <entry>
            <key>Wrap Single Record</key>
            <value>false</value>
          </entry>
          <entry>
            <key>Avro schema</key>
          </entry>
        </properties>
        <runDurationMillis>0</runDurationMillis>
        <schedulingPeriod>0 sec</schedulingPeriod>
        <schedulingStrategy>TIMER_DRIVEN</schedulingStrategy>
        <yieldDuration>1 sec</yieldDuration>
      </config>
      <name>Convert DB Count To JSON</name>
      <relationships>
        <autoTerminate>false</autoTerminate>
        <name>failure</name>
      </relationships>
      <relationships>
        <autoTerminate>false</autoTerminate>
        <name>success</name>
      </relationships>
      <style></style>
      <type>org.apache.nifi.processors.avro.ConvertAvroToJSON</type>
    </processors>
    <processors>
      <id>fc295059-8bda-3cd3-0000-000000000000</id>
      <parentGroupId>a0f6b739-39c8-3cdb-0000-000000000000</parentGroupId>
      <position>
        <x>2254.392174787841</x>
        <y>890.1336524710728</y>
      </position>
      <bundle>
        <artifact>nifi-standard-nar</artifact>
        <group>org.apache.nifi</group>
        <version>1.3.0</version>
      </bundle>
      <config>
        <bulletinLevel>WARN</bulletinLevel>
        <comments></comments>
        <concurrentlySchedulableTaskCount>1</concurrentlySchedulableTaskCount>
        <descriptors>
          <entry>
            <key>SQL select query</key>
            <value>
              <name>SQL select query</name>
            </value>
          </entry>
          <entry>
            <key>dbf-default-precision</key>
            <value>
              <name>dbf-default-precision</name>
            </value>
          </entry>
          <entry>
            <key>Max Wait Time</key>
            <value>
              <name>Max Wait Time</name>
            </value>
          </entry>
          <entry>
            <key>Database Connection Pooling Service</key>
            <value>
              <identifiesControllerService>org.apache.nifi.dbcp.DBCPService</identifiesControllerService>
              <name>Database Connection Pooling Service</name>
            </value>
          </entry>
          <entry>
            <key>dbf-normalize</key>
            <value>
              <name>dbf-normalize</name>
            </value>
          </entry>
          <entry>
            <key>dbf-user-logical-types</key>
            <value>
              <name>dbf-user-logical-types</name>
            </value>
          </entry>
          <entry>
            <key>dbf-default-scale</key>
            <value>
              <name>dbf-default-scale</name>
            </value>
          </entry>
        </descriptors>
        <executionNode>ALL</executionNode>
        <lossTolerant>false</lossTolerant>
        <penaltyDuration>30 sec</penaltyDuration>
        <properties>
          <entry>
            <key>SQL select query</key>
            <value>select count(*) as db_count from dbc.DatabasesV where DatabaseName = '${category}'</value>
          </entry>
          <entry>
            <key>dbf-default-precision</key>
            <value>10</value>
          </entry>
          <entry>
            <key>Max Wait Time</key>
            <value>0 seconds</value>
          </entry>
          <entry>
            <key>Database Connection Pooling Service</key>
            <value>043e7e80-39f3-3d60-0000-000000000000</value>
          </entry>
          <entry>
            <key>dbf-normalize</key>
            <value>false</value>
          </entry>
          <entry>
            <key>dbf-user-logical-types</key>
            <value>false</value>
          </entry>
          <entry>
            <key>dbf-default-scale</key>
            <value>0</value>
          </entry>
        </properties>
        <runDurationMillis>0</runDurationMillis>
        <schedulingPeriod>0 sec</schedulingPeriod>
        <schedulingStrategy>TIMER_DRIVEN</schedulingStrategy>
        <yieldDuration>1 sec</yieldDuration>
      </config>
      <name>Get Teradata DB Count</name>
      <relationships>
        <autoTerminate>false</autoTerminate>
        <name>failure</name>
      </relationships>
      <relationships>
        <autoTerminate>false</autoTerminate>
        <name>success</name>
      </relationships>
      <style></style>
      <type>org.apache.nifi.processors.standard.ExecuteSQL</type>
    </processors>
    <processors>
      <id>1b787c82-3e93-3851-0000-000000000000</id>
      <parentGroupId>a0f6b739-39c8-3cdb-0000-000000000000</parentGroupId>
      <position>
        <x>1487.7373542378773</x>
        <y>1921.5246213313617</y>
      </position>
      <bundle>
        <artifact>nifi-standard-nar</artifact>
        <group>org.apache.nifi</group>
        <version>1.3.0</version>
      </bundle>
      <config>
        <bulletinLevel>WARN</bulletinLevel>
        <comments></comments>
        <concurrentlySchedulableTaskCount>1</concurrentlySchedulableTaskCount>
        <descriptors>
          <entry>
            <key>SQL select query</key>
            <value>
              <name>SQL select query</name>
            </value>
          </entry>
          <entry>
            <key>dbf-default-precision</key>
            <value>
              <name>dbf-default-precision</name>
            </value>
          </entry>
          <entry>
            <key>Max Wait Time</key>
            <value>
              <name>Max Wait Time</name>
            </value>
          </entry>
          <entry>
            <key>Database Connection Pooling Service</key>
            <value>
              <identifiesControllerService>org.apache.nifi.dbcp.DBCPService</identifiesControllerService>
              <name>Database Connection Pooling Service</name>
            </value>
          </entry>
          <entry>
            <key>dbf-normalize</key>
            <value>
              <name>dbf-normalize</name>
            </value>
          </entry>
          <entry>
            <key>dbf-user-logical-types</key>
            <value>
              <name>dbf-user-logical-types</name>
            </value>
          </entry>
          <entry>
            <key>dbf-default-scale</key>
            <value>
              <name>dbf-default-scale</name>
            </value>
          </entry>
        </descriptors>
        <executionNode>ALL</executionNode>
        <lossTolerant>false</lossTolerant>
        <penaltyDuration>30 sec</penaltyDuration>
        <properties>
          <entry>
            <key>SQL select query</key>
            <value>CREATE DATABASE "${category}" ${external.target.system.db.options}</value>
          </entry>
          <entry>
            <key>dbf-default-precision</key>
            <value>10</value>
          </entry>
          <entry>
            <key>Max Wait Time</key>
            <value>0 seconds</value>
          </entry>
          <entry>
            <key>Database Connection Pooling Service</key>
            <value>043e7e80-39f3-3d60-0000-000000000000</value>
          </entry>
          <entry>
            <key>dbf-normalize</key>
            <value>false</value>
          </entry>
          <entry>
            <key>dbf-user-logical-types</key>
            <value>false</value>
          </entry>
          <entry>
            <key>dbf-default-scale</key>
            <value>0</value>
          </entry>
        </properties>
        <runDurationMillis>0</runDurationMillis>
        <schedulingPeriod>0 sec</schedulingPeriod>
        <schedulingStrategy>TIMER_DRIVEN</schedulingStrategy>
        <yieldDuration>1 sec</yieldDuration>
      </config>
      <name>Create Teradata DB</name>
      <relationships>
        <autoTerminate>false</autoTerminate>
        <name>failure</name>
      </relationships>
      <relationships>
        <autoTerminate>false</autoTerminate>
        <name>success</name>
      </relationships>
      <style></style>
      <type>org.apache.nifi.processors.standard.ExecuteSQL</type>
    </processors>
    <processors>
      <id>27644c04-6934-304e-0000-000000000000</id>
      <parentGroupId>a0f6b739-39c8-3cdb-0000-000000000000</parentGroupId>
      <position>
        <x>2249.1305093265473</x>
        <y>605.015725718014</y>
      </position>
      <bundle>
        <artifact>nifi-scripting-nar</artifact>
        <group>org.apache.nifi</group>
        <version>1.3.0</version>
      </bundle>
      <config>
        <bulletinLevel>WARN</bulletinLevel>
        <comments></comments>
        <concurrentlySchedulableTaskCount>1</concurrentlySchedulableTaskCount>
        <descriptors>
          <entry>
            <key>Script File</key>
            <value>
              <name>Script File</name>
            </value>
          </entry>
          <entry>
            <key>Script Engine</key>
            <value>
              <name>Script Engine</name>
            </value>
          </entry>
          <entry>
            <key>Script Body</key>
            <value>
              <name>Script Body</name>
            </value>
          </entry>
          <entry>
            <key>Module Directory</key>
            <value>
              <name>Module Directory</name>
            </value>
          </entry>
        </descriptors>
        <executionNode>ALL</executionNode>
        <lossTolerant>false</lossTolerant>
        <penaltyDuration>30 sec</penaltyDuration>
        <properties>
          <entry>
            <key>Script File</key>
          </entry>
          <entry>
            <key>Script Engine</key>
            <value>Groovy</value>
          </entry>
          <entry>
            <key>Script Body</key>
            <value> // Get flow file
def flowFile = session.get()
if (!flowFile) return

// Create column specs
List&lt;String&gt; columnList = new ArrayList()
List&lt;String&gt; columnListWithoutTypes = new ArrayList()
String[] fields = flowFile.getAttribute("metadata.table.fieldStructure").split("\n")
String defaultColumnTypeDef = flowFile.getAttribute("external.target.system.default.column.typedef")
for (String field : fields) {
    String[] parts = field.split("\\|")
	 def teradataType
	 //defaulting all to a general type
	 teradataType = defaultColumnTypeDef
     columnList.add(parts[0] + " " + teradataType)
     columnListWithoutTypes.add(parts[0])
 }

//Detect format of Hive table
String hiveTableFormatSpec =flowFile.getAttribute("metadata.table.targetFormat").toLowerCase()
def tdchExportToolFileFormat
def detectionSuccess = true
if (!hiveTableFormatSpec.trim()) {
     tdchExportToolFileFormat = 'orcfile'
} else if (hiveTableFormatSpec.contains("parquet")) {
    tdchExportToolFileFormat = 'parquet'
} else if (hiveTableFormatSpec.contains("text")) {
    tdchExportToolFileFormat = 'textfile'
} else if (hiveTableFormatSpec.contains("csv")) {
    tdchExportToolFileFormat = 'textfile'
} else if (hiveTableFormatSpec.contains("orc")) {
    tdchExportToolFileFormat = 'orcfile'
} else if (hiveTableFormatSpec.contains("sequencefile")) {
    tdchExportToolFileFormat = 'sequencefile'
} else if (hiveTableFormatSpec.contains("rcfile")) {
    tdchExportToolFileFormat = 'rcfile'
} else {
    tdchExportToolFileFormat ='unable_to_detect_hive_data_format'
    detectionSuccess = false
}

// Update flow file
flowFile = session.putAttribute(flowFile, "external.target.system.schema", columnList.join(","))
flowFile = session.putAttribute(flowFile, "external.target.and.hive.column.list", columnListWithoutTypes.join(","))
flowFile = session.putAttribute(flowFile, "tdch.export.tool.file.format", tdchExportToolFileFormat)
if (detectionSuccess) {
   session.transfer(flowFile, REL_SUCCESS)
} else {
      session.transfer(flowFile, REL_FAILURE)
}
</value>
          </entry>
          <entry>
            <key>Module Directory</key>
          </entry>
        </properties>
        <runDurationMillis>0</runDurationMillis>
        <schedulingPeriod>60 sec</schedulingPeriod>
        <schedulingStrategy>TIMER_DRIVEN</schedulingStrategy>
        <yieldDuration>1 sec</yieldDuration>
      </config>
      <name>Detect Hive Format, Generate Schema Def</name>
      <relationships>
        <autoTerminate>false</autoTerminate>
        <name>failure</name>
      </relationships>
      <relationships>
        <autoTerminate>false</autoTerminate>
        <name>success</name>
      </relationships>
      <style></style>
      <type>org.apache.nifi.processors.script.ExecuteScript</type>
    </processors>
    <processors>
      <id>316d9027-af43-3fca-0000-000000000000</id>
      <parentGroupId>a0f6b739-39c8-3cdb-0000-000000000000</parentGroupId>
      <position>
        <x>1514.7267931680108</x>
        <y>2787.5497492583736</y>
      </position>
      <bundle>
        <artifact>nifi-standard-nar</artifact>
        <group>org.apache.nifi</group>
        <version>1.3.0</version>
      </bundle>
      <config>
        <bulletinLevel>WARN</bulletinLevel>
        <comments></comments>
        <concurrentlySchedulableTaskCount>1</concurrentlySchedulableTaskCount>
        <descriptors>
          <entry>
            <key>SQL select query</key>
            <value>
              <name>SQL select query</name>
            </value>
          </entry>
          <entry>
            <key>dbf-default-precision</key>
            <value>
              <name>dbf-default-precision</name>
            </value>
          </entry>
          <entry>
            <key>Max Wait Time</key>
            <value>
              <name>Max Wait Time</name>
            </value>
          </entry>
          <entry>
            <key>Database Connection Pooling Service</key>
            <value>
              <identifiesControllerService>org.apache.nifi.dbcp.DBCPService</identifiesControllerService>
              <name>Database Connection Pooling Service</name>
            </value>
          </entry>
          <entry>
            <key>dbf-normalize</key>
            <value>
              <name>dbf-normalize</name>
            </value>
          </entry>
          <entry>
            <key>dbf-user-logical-types</key>
            <value>
              <name>dbf-user-logical-types</name>
            </value>
          </entry>
          <entry>
            <key>dbf-default-scale</key>
            <value>
              <name>dbf-default-scale</name>
            </value>
          </entry>
        </descriptors>
        <executionNode>ALL</executionNode>
        <lossTolerant>false</lossTolerant>
        <penaltyDuration>30 sec</penaltyDuration>
        <properties>
          <entry>
            <key>SQL select query</key>
            <value>CREATE MULTISET TABLE "${category}"."${feed}" (
	${external.target.system.schema}
)${external.target.system.schema.options}</value>
          </entry>
          <entry>
            <key>dbf-default-precision</key>
            <value>10</value>
          </entry>
          <entry>
            <key>Max Wait Time</key>
            <value>0 seconds</value>
          </entry>
          <entry>
            <key>Database Connection Pooling Service</key>
            <value>043e7e80-39f3-3d60-0000-000000000000</value>
          </entry>
          <entry>
            <key>dbf-normalize</key>
            <value>false</value>
          </entry>
          <entry>
            <key>dbf-user-logical-types</key>
            <value>false</value>
          </entry>
          <entry>
            <key>dbf-default-scale</key>
            <value>0</value>
          </entry>
        </properties>
        <runDurationMillis>0</runDurationMillis>
        <schedulingPeriod>0 sec</schedulingPeriod>
        <schedulingStrategy>TIMER_DRIVEN</schedulingStrategy>
        <yieldDuration>1 sec</yieldDuration>
      </config>
      <name>Create Teradata Table</name>
      <relationships>
        <autoTerminate>false</autoTerminate>
        <name>failure</name>
      </relationships>
      <relationships>
        <autoTerminate>false</autoTerminate>
        <name>success</name>
      </relationships>
      <style></style>
      <type>org.apache.nifi.processors.standard.ExecuteSQL</type>
    </processors>
    <processors>
      <id>3b96452e-c6d9-3b52-0000-000000000000</id>
      <parentGroupId>a0f6b739-39c8-3cdb-0000-000000000000</parentGroupId>
      <position>
        <x>1495.0785921019851</x>
        <y>1460.5331139608766</y>
      </position>
      <bundle>
        <artifact>nifi-standard-nar</artifact>
        <group>org.apache.nifi</group>
        <version>1.3.0</version>
      </bundle>
      <config>
        <bulletinLevel>INFO</bulletinLevel>
        <comments></comments>
        <concurrentlySchedulableTaskCount>1</concurrentlySchedulableTaskCount>
        <descriptors>
          <entry>
            <key>Log prefix</key>
            <value>
              <name>Log prefix</name>
            </value>
          </entry>
          <entry>
            <key>Log Level</key>
            <value>
              <name>Log Level</name>
            </value>
          </entry>
          <entry>
            <key>Attributes to Ignore</key>
            <value>
              <name>Attributes to Ignore</name>
            </value>
          </entry>
          <entry>
            <key>Attributes to Log</key>
            <value>
              <name>Attributes to Log</name>
            </value>
          </entry>
          <entry>
            <key>Log Payload</key>
            <value>
              <name>Log Payload</name>
            </value>
          </entry>
        </descriptors>
        <executionNode>ALL</executionNode>
        <lossTolerant>false</lossTolerant>
        <penaltyDuration>30 sec</penaltyDuration>
        <properties>
          <entry>
            <key>Log prefix</key>
          </entry>
          <entry>
            <key>Log Level</key>
            <value>info</value>
          </entry>
          <entry>
            <key>Attributes to Ignore</key>
          </entry>
          <entry>
            <key>Attributes to Log</key>
          </entry>
          <entry>
            <key>Log Payload</key>
            <value>false</value>
          </entry>
        </properties>
        <runDurationMillis>0</runDurationMillis>
        <schedulingPeriod>0 sec</schedulingPeriod>
        <schedulingStrategy>TIMER_DRIVEN</schedulingStrategy>
        <yieldDuration>1 sec</yieldDuration>
      </config>
      <name>Failure-Teradata DB Validation</name>
      <relationships>
        <autoTerminate>false</autoTerminate>
        <name>success</name>
      </relationships>
      <style></style>
      <type>org.apache.nifi.processors.standard.LogAttribute</type>
    </processors>
    <processors>
      <id>45a7d89d-579f-3d58-0000-000000000000</id>
      <parentGroupId>a0f6b739-39c8-3cdb-0000-000000000000</parentGroupId>
      <position>
        <x>1504.3898713988601</x>
        <y>2271.206087593689</y>
      </position>
      <bundle>
        <artifact>nifi-standard-nar</artifact>
        <group>org.apache.nifi</group>
        <version>1.3.0</version>
      </bundle>
      <config>
        <bulletinLevel>INFO</bulletinLevel>
        <comments></comments>
        <concurrentlySchedulableTaskCount>1</concurrentlySchedulableTaskCount>
        <descriptors>
          <entry>
            <key>Log prefix</key>
            <value>
              <name>Log prefix</name>
            </value>
          </entry>
          <entry>
            <key>Log Level</key>
            <value>
              <name>Log Level</name>
            </value>
          </entry>
          <entry>
            <key>Attributes to Ignore</key>
            <value>
              <name>Attributes to Ignore</name>
            </value>
          </entry>
          <entry>
            <key>Attributes to Log</key>
            <value>
              <name>Attributes to Log</name>
            </value>
          </entry>
          <entry>
            <key>Log Payload</key>
            <value>
              <name>Log Payload</name>
            </value>
          </entry>
        </descriptors>
        <executionNode>ALL</executionNode>
        <lossTolerant>false</lossTolerant>
        <penaltyDuration>30 sec</penaltyDuration>
        <properties>
          <entry>
            <key>Log prefix</key>
          </entry>
          <entry>
            <key>Log Level</key>
            <value>info</value>
          </entry>
          <entry>
            <key>Attributes to Ignore</key>
          </entry>
          <entry>
            <key>Attributes to Log</key>
          </entry>
          <entry>
            <key>Log Payload</key>
            <value>false</value>
          </entry>
        </properties>
        <runDurationMillis>0</runDurationMillis>
        <schedulingPeriod>0 sec</schedulingPeriod>
        <schedulingStrategy>TIMER_DRIVEN</schedulingStrategy>
        <yieldDuration>1 sec</yieldDuration>
      </config>
      <name>Failure-Teradata Table Validation</name>
      <relationships>
        <autoTerminate>false</autoTerminate>
        <name>success</name>
      </relationships>
      <style></style>
      <type>org.apache.nifi.processors.standard.LogAttribute</type>
    </processors>
    <processors>
      <id>4bba7384-76a2-32ed-0000-000000000000</id>
      <parentGroupId>a0f6b739-39c8-3cdb-0000-000000000000</parentGroupId>
      <position>
        <x>2248.884829840674</x>
        <y>332.8228954208698</y>
      </position>
      <bundle>
        <artifact>nifi-update-attribute-nar</artifact>
        <group>org.apache.nifi</group>
        <version>1.3.0</version>
      </bundle>
      <config>
        <bulletinLevel>WARN</bulletinLevel>
        <comments></comments>
        <concurrentlySchedulableTaskCount>1</concurrentlySchedulableTaskCount>
        <descriptors>
          <entry>
            <key>tdch.config.teradata.truncate.table</key>
            <value>
              <name>tdch.config.teradata.truncate.table</name>
            </value>
          </entry>
          <entry>
            <key>Store State</key>
            <value>
              <name>Store State</name>
            </value>
          </entry>
          <entry>
            <key>tdch.export.tool.method</key>
            <value>
              <name>tdch.export.tool.method</name>
            </value>
          </entry>
          <entry>
            <key>external.target.system.default.column.typedef</key>
            <value>
              <name>external.target.system.default.column.typedef</name>
            </value>
          </entry>
          <entry>
            <key>tdch.config.teradata.force.staging</key>
            <value>
              <name>tdch.config.teradata.force.staging</name>
            </value>
          </entry>
          <entry>
            <key>tdch.config.teradata.query.band</key>
            <value>
              <name>tdch.config.teradata.query.band</name>
            </value>
          </entry>
          <entry>
            <key>Stateful Variables Initial Value</key>
            <value>
              <name>Stateful Variables Initial Value</name>
            </value>
          </entry>
          <entry>
            <key>external.target.system.schema.options</key>
            <value>
              <name>external.target.system.schema.options</name>
            </value>
          </entry>
          <entry>
            <key>tdch.config.teradata.use.xviews</key>
            <value>
              <name>tdch.config.teradata.use.xviews</name>
            </value>
          </entry>
          <entry>
            <key>Delete Attributes Expression</key>
            <value>
              <name>Delete Attributes Expression</name>
            </value>
          </entry>
          <entry>
            <key>external.target.system.db.options</key>
            <value>
              <name>external.target.system.db.options</name>
            </value>
          </entry>
          <entry>
            <key>tdch.config.cluster.num.mappers</key>
            <value>
              <name>tdch.config.cluster.num.mappers</name>
            </value>
          </entry>
          <entry>
            <key>tdch.config.cluster.truncate.strings</key>
            <value>
              <name>tdch.config.cluster.truncate.strings</name>
            </value>
          </entry>
          <entry>
            <key>tdch.config.teradata.batchsize</key>
            <value>
              <name>tdch.config.teradata.batchsize</name>
            </value>
          </entry>
        </descriptors>
        <executionNode>ALL</executionNode>
        <lossTolerant>false</lossTolerant>
        <penaltyDuration>30 sec</penaltyDuration>
        <properties>
          <entry>
            <key>tdch.config.teradata.truncate.table</key>
            <value>${'Teradata Merge Strategy':equalsIgnoreCase('APPEND'):ifElse('false','true')}</value>
          </entry>
          <entry>
            <key>Store State</key>
            <value>Do not store state</value>
          </entry>
          <entry>
            <key>tdch.export.tool.method</key>
            <value>${'Teradata Export Method':replaceEmpty('batch.insert')}</value>
          </entry>
          <entry>
            <key>external.target.system.default.column.typedef</key>
            <value>${'Teradata Table Default Column Definition':replaceEmpty('VARCHAR(5000)')}</value>
          </entry>
          <entry>
            <key>tdch.config.teradata.force.staging</key>
            <value>${'Teradata Export Force Staging':replaceEmpty('false')}</value>
          </entry>
          <entry>
            <key>tdch.config.teradata.query.band</key>
            <value>${'Teradata Export Query Band':trim()}</value>
          </entry>
          <entry>
            <key>Stateful Variables Initial Value</key>
          </entry>
          <entry>
            <key>external.target.system.schema.options</key>
            <value>${'Teradata Table Create Options':replaceEmpty('NO PRIMARY INDEX')}</value>
          </entry>
          <entry>
            <key>tdch.config.teradata.use.xviews</key>
            <value>${'Teradata Export Use XViews':replaceEmpty('false')}</value>
          </entry>
          <entry>
            <key>Delete Attributes Expression</key>
          </entry>
          <entry>
            <key>external.target.system.db.options</key>
            <value>${'Teradata Database Create Options':replaceEmpty('FROM dbc AS PERMANENT = 60000000, SPOOL = 120000000')}</value>
          </entry>
          <entry>
            <key>tdch.config.cluster.num.mappers</key>
            <value>${'Teradata Export Number of Mappers':replaceEmpty('4')}</value>
          </entry>
          <entry>
            <key>tdch.config.cluster.truncate.strings</key>
            <value>${'Teradata Export Truncate Strings':replaceEmpty('true')}</value>
          </entry>
          <entry>
            <key>tdch.config.teradata.batchsize</key>
            <value>${'Teradata Export Batch Size':replaceEmpty('10000')}</value>
          </entry>
        </properties>
        <runDurationMillis>0</runDurationMillis>
        <schedulingPeriod>0 sec</schedulingPeriod>
        <schedulingStrategy>TIMER_DRIVEN</schedulingStrategy>
        <yieldDuration>1 sec</yieldDuration>
      </config>
      <name>Set Teradata Export Defaults</name>
      <relationships>
        <autoTerminate>false</autoTerminate>
        <name>success</name>
      </relationships>
      <style></style>
      <type>org.apache.nifi.processors.attributes.UpdateAttribute</type>
    </processors>
    <processors>
      <id>4e3d3f0c-519b-3027-0000-000000000000</id>
      <parentGroupId>a0f6b739-39c8-3cdb-0000-000000000000</parentGroupId>
      <position>
        <x>2268.660919549293</x>
        <y>1459.7407054669288</y>
      </position>
      <bundle>
        <artifact>nifi-standard-nar</artifact>
        <group>org.apache.nifi</group>
        <version>1.3.0</version>
      </bundle>
      <config>
        <bulletinLevel>WARN</bulletinLevel>
        <comments></comments>
        <concurrentlySchedulableTaskCount>1</concurrentlySchedulableTaskCount>
        <descriptors>
          <entry>
            <key>Destination</key>
            <value>
              <name>Destination</name>
            </value>
          </entry>
          <entry>
            <key>db_count</key>
            <value>
              <name>db_count</name>
            </value>
          </entry>
          <entry>
            <key>Return Type</key>
            <value>
              <name>Return Type</name>
            </value>
          </entry>
          <entry>
            <key>Null Value Representation</key>
            <value>
              <name>Null Value Representation</name>
            </value>
          </entry>
          <entry>
            <key>Path Not Found Behavior</key>
            <value>
              <name>Path Not Found Behavior</name>
            </value>
          </entry>
        </descriptors>
        <executionNode>ALL</executionNode>
        <lossTolerant>false</lossTolerant>
        <penaltyDuration>30 sec</penaltyDuration>
        <properties>
          <entry>
            <key>Destination</key>
            <value>flowfile-attribute</value>
          </entry>
          <entry>
            <key>db_count</key>
            <value>$.db_count</value>
          </entry>
          <entry>
            <key>Return Type</key>
            <value>auto-detect</value>
          </entry>
          <entry>
            <key>Null Value Representation</key>
            <value>empty string</value>
          </entry>
          <entry>
            <key>Path Not Found Behavior</key>
            <value>warn</value>
          </entry>
        </properties>
        <runDurationMillis>0</runDurationMillis>
        <schedulingPeriod>0 sec</schedulingPeriod>
        <schedulingStrategy>TIMER_DRIVEN</schedulingStrategy>
        <yieldDuration>1 sec</yieldDuration>
      </config>
      <name>Extract DB Count For Evaluation</name>
      <relationships>
        <autoTerminate>false</autoTerminate>
        <name>failure</name>
      </relationships>
      <relationships>
        <autoTerminate>false</autoTerminate>
        <name>matched</name>
      </relationships>
      <relationships>
        <autoTerminate>false</autoTerminate>
        <name>unmatched</name>
      </relationships>
      <style></style>
      <type>org.apache.nifi.processors.standard.EvaluateJsonPath</type>
    </processors>
    <processors>
      <id>59fc8569-d946-3315-0000-000000000000</id>
      <parentGroupId>a0f6b739-39c8-3cdb-0000-000000000000</parentGroupId>
      <position>
        <x>2293.66721514886</x>
        <y>3716.721834664001</y>
      </position>
      <bundle>
        <artifact>nifi-standard-nar</artifact>
        <group>org.apache.nifi</group>
        <version>1.3.0</version>
      </bundle>
      <config>
        <bulletinLevel>INFO</bulletinLevel>
        <comments></comments>
        <concurrentlySchedulableTaskCount>1</concurrentlySchedulableTaskCount>
        <descriptors>
          <entry>
            <key>Log prefix</key>
            <value>
              <name>Log prefix</name>
            </value>
          </entry>
          <entry>
            <key>Log Level</key>
            <value>
              <name>Log Level</name>
            </value>
          </entry>
          <entry>
            <key>Attributes to Ignore</key>
            <value>
              <name>Attributes to Ignore</name>
            </value>
          </entry>
          <entry>
            <key>Attributes to Log</key>
            <value>
              <name>Attributes to Log</name>
            </value>
          </entry>
          <entry>
            <key>Log Payload</key>
            <value>
              <name>Log Payload</name>
            </value>
          </entry>
        </descriptors>
        <executionNode>ALL</executionNode>
        <lossTolerant>false</lossTolerant>
        <penaltyDuration>30 sec</penaltyDuration>
        <properties>
          <entry>
            <key>Log prefix</key>
          </entry>
          <entry>
            <key>Log Level</key>
            <value>info</value>
          </entry>
          <entry>
            <key>Attributes to Ignore</key>
          </entry>
          <entry>
            <key>Attributes to Log</key>
          </entry>
          <entry>
            <key>Log Payload</key>
            <value>false</value>
          </entry>
        </properties>
        <runDurationMillis>0</runDurationMillis>
        <schedulingPeriod>0 sec</schedulingPeriod>
        <schedulingStrategy>TIMER_DRIVEN</schedulingStrategy>
        <yieldDuration>1 sec</yieldDuration>
      </config>
      <name>Success-Load to Teradata</name>
      <relationships>
        <autoTerminate>true</autoTerminate>
        <name>success</name>
      </relationships>
      <style></style>
      <type>org.apache.nifi.processors.standard.LogAttribute</type>
    </processors>
    <processors>
      <id>7b587c8a-39fc-3a91-0000-000000000000</id>
      <parentGroupId>a0f6b739-39c8-3cdb-0000-000000000000</parentGroupId>
      <position>
        <x>39.147165100032</x>
        <y>2270.402620796814</y>
      </position>
      <bundle>
        <artifact>nifi-standard-nar</artifact>
        <group>org.apache.nifi</group>
        <version>1.3.0</version>
      </bundle>
      <config>
        <bulletinLevel>INFO</bulletinLevel>
        <comments></comments>
        <concurrentlySchedulableTaskCount>1</concurrentlySchedulableTaskCount>
        <descriptors>
          <entry>
            <key>Log prefix</key>
            <value>
              <name>Log prefix</name>
            </value>
          </entry>
          <entry>
            <key>Log Level</key>
            <value>
              <name>Log Level</name>
            </value>
          </entry>
          <entry>
            <key>Attributes to Ignore</key>
            <value>
              <name>Attributes to Ignore</name>
            </value>
          </entry>
          <entry>
            <key>Attributes to Log</key>
            <value>
              <name>Attributes to Log</name>
            </value>
          </entry>
          <entry>
            <key>Log Payload</key>
            <value>
              <name>Log Payload</name>
            </value>
          </entry>
        </descriptors>
        <executionNode>ALL</executionNode>
        <lossTolerant>false</lossTolerant>
        <penaltyDuration>30 sec</penaltyDuration>
        <properties>
          <entry>
            <key>Log prefix</key>
          </entry>
          <entry>
            <key>Log Level</key>
            <value>info</value>
          </entry>
          <entry>
            <key>Attributes to Ignore</key>
          </entry>
          <entry>
            <key>Attributes to Log</key>
          </entry>
          <entry>
            <key>Log Payload</key>
            <value>false</value>
          </entry>
        </properties>
        <runDurationMillis>0</runDurationMillis>
        <schedulingPeriod>0 sec</schedulingPeriod>
        <schedulingStrategy>TIMER_DRIVEN</schedulingStrategy>
        <yieldDuration>1 sec</yieldDuration>
      </config>
      <name>Failure-Load to Teradata</name>
      <relationships>
        <autoTerminate>true</autoTerminate>
        <name>success</name>
      </relationships>
      <style></style>
      <type>org.apache.nifi.processors.standard.LogAttribute</type>
    </processors>
  </snippet>
  <timestamp>05/04/2018 14:59:43 UTC</timestamp>
</template>