{"owner":{"displayName":"Data Lake Administrator","email":null,"enabled":true,"groups":["admin","user"],"systemName":"dladmin"},"allowedActions":{"actions":[{"systemName":"accessFeed","actions":[{"systemName":"editFeedSummary"},{"systemName":"accessFeedDetails","actions":[{"systemName":"editFeedDetails"},{"systemName":"deleteFeed"},{"systemName":"enableFeed"},{"systemName":"exportFeed"}]},{"systemName":"accessFeedOperations"},{"systemName":"changeFeedPermissions"}]}]},"id":"daeadd2f-9fbf-4b61-96c6-4308fa696c3f","feedId":"daeadd2f-9fbf-4b61-96c6-4308fa696c3f","templateId":"1a7248b3-4012-4dc0-9743-0f55c73012bb","inputProcessorType":"org.apache.nifi.processors.standard.GenerateFlowFile","inputProcessorName":"Do feed reindexing check","templateName":"History Reindex Text Service","properties":[{"processGroupName":"NiFi Flow","processorName":"Wait for indexed feed data deletion","processorId":"9a125c03-3b1c-3cbb-0000-000000000000","processGroupId":"a0f6b739-39c8-3cdb-0000-000000000000","processorType":"org.apache.nifi.processors.standard.Wait","key":"expiration-duration","value":"15 min","expressionProperties":null,"propertyDescriptor":{"name":"expiration-duration","displayName":"Expiration Duration","description":"Indicates the duration after which waiting FlowFiles will be routed to the 'expired' relationship","defaultValue":"10 min","allowableValues":null,"required":true,"sensitive":false,"dynamic":false,"supportsEl":false,"identifiesControllerService":null},"templateValue":null,"userEditable":true,"renderType":"text","renderOptions":null,"selected":false,"inputProperty":false,"containsConfigurationVariables":false,"sensitive":false,"required":true,"templateProperty":null,"nameKey":"NiFi Flow-Wait for indexed feed data deletion-expiration-duration","idKey":"a0f6b739-39c8-3cdb-0000-000000000000-9a125c03-3b1c-3cbb-0000-000000000000-expiration-duration","processorNameTypeKey":"Wait for indexed feed data deletion-org.apache.nifi.processors.standard.Wait-expiration-duration"},{"processGroupName":"NiFi Flow","processorName":"Wait for all partitions","processorId":"77ff6dea-26d1-3b7b-0000-000000000000","processGroupId":"a0f6b739-39c8-3cdb-0000-000000000000","processorType":"org.apache.nifi.processors.standard.Wait","key":"expiration-duration","value":"180 min","expressionProperties":null,"propertyDescriptor":{"name":"expiration-duration","displayName":"Expiration Duration","description":"Indicates the duration after which waiting FlowFiles will be routed to the 'expired' relationship","defaultValue":"10 min","allowableValues":null,"required":true,"sensitive":false,"dynamic":false,"supportsEl":false,"identifiesControllerService":null},"templateValue":null,"userEditable":true,"renderType":"text","renderOptions":null,"selected":false,"inputProperty":false,"containsConfigurationVariables":false,"sensitive":false,"required":true,"templateProperty":null,"nameKey":"NiFi Flow-Wait for all partitions-expiration-duration","idKey":"a0f6b739-39c8-3cdb-0000-000000000000-77ff6dea-26d1-3b7b-0000-000000000000-expiration-duration","processorNameTypeKey":"Wait for all partitions-org.apache.nifi.processors.standard.Wait-expiration-duration"}],"schedule":{"processorId":null,"schedulingPeriod":"10 min","schedulingStrategy":"TIMER_DRIVEN","concurrentTasks":1,"executionNode":null,"preconditions":null},"feedName":"History Reindex Text Service","systemFeedName":"history_reindex_text_service","description":"Reindex historical data for a feed - v1","tags":[{"name":"search"},{"name":"kylo"},{"name":"reindex"},{"name":"index"},{"name":"historical processing"},{"name":"history"}],"dataOwner":"kylo","category":{"owner":null,"allowedActions":null,"roleMemberships":[],"feedRoleMemberships":[],"id":"0e078d2c-1afd-426a-951c-6d557b437b6c","name":"System","systemName":"system","icon":"cloud","iconColor":"#FFCA28","description":"System Data","allowIndexing":false,"securityGroups":null,"userFields":null,"userProperties":null,"relatedFeeds":0,"createDate":1512427952431,"updateDate":1518834424644},"table":{"fieldStructure":"","existingTableName":null,"tableSchema":{"name":"history_reindex_text_service","description":null,"charset":null,"properties":{},"fields":[],"schemaName":null,"databaseName":null,"id":null},"sourceTableSchema":{"name":"NA","description":null,"charset":null,"properties":{},"fields":[],"schemaName":null,"databaseName":null,"id":null},"feedTableSchema":{"name":null,"description":null,"charset":null,"properties":{},"fields":[],"schemaName":null,"databaseName":null,"id":null},"method":"SAMPLE_FILE","description":"","fieldPolicies":[],"partitions":[],"tableType":null,"incrementalDateField":null,"sourceTableIncrementalDateField":null,"options":{"compress":false,"auditLogging":true,"encrypt":false,"trackHistory":false,"compressionFormat":null},"feedFormat":"ROW FORMAT SERDE 'org.apache.hadoop.hive.serde2.OpenCSVSerde' WITH SERDEPROPERTIES ( 'separatorChar' = ',' ,'escapeChar' = '\\\\' ,'quoteChar' = '\"') STORED AS TEXTFILE","targetFormat":null,"targetTblProperties":"","targetMergeStrategy":"DEDUPE_AND_MERGE","fieldPoliciesJson":"[]","fieldIndexString":"","partitionStructure":"","partitionSpecs":"","fieldsString":"","sourceFields":"NA","sourceFieldsCommaString":"NA","feedFieldStructure":"","nullableFields":"","primaryKeyFields":"","sourceTargetFieldMap":{},"targetSourceFieldMap":{}},"createDate":1518834424644,"updateDate":1518834424644,"dataTransformation":{"chartViewModel":null,"datasourceIds":null,"dataTransformScript":null,"sql":null,"states":[]},"active":true,"state":"ENABLED","nifiProcessGroupId":"a19b5bad-0161-1000-65ef-7bcc8537397c","options":{"skipHeader":false},"registeredTemplate":{"owner":{"displayName":"Data Lake Administrator","email":null,"enabled":true,"groups":["admin","user"],"systemName":"dladmin"},"allowedActions":{"actions":[{"systemName":"accessTemplate","actions":[{"systemName":"editTemplate"},{"systemName":"deleteTemplate"},{"systemName":"exportTemplate"},{"systemName":"createFeedFromTemplate"},{"systemName":"changeTemplatePermissions"}]}]},"roleMemberships":[],"feedRoleMemberships":[],"properties":[{"processGroupName":"NiFi Flow","processorName":"Get configured search engine","processorId":"afcfa386-9027-3c31-6a68-65d26e8931fd","processGroupId":"a18fce1a-0161-1000-ce39-2780cfebd216","processorType":"org.apache.nifi.processors.attributes.UpdateAttribute","key":"searchengine","value":"${config.search.engine}","expressionProperties":null,"propertyDescriptor":{"name":"searchengine","displayName":"searchengine","description":"","defaultValue":null,"allowableValues":null,"required":false,"sensitive":false,"dynamic":true,"supportsEl":true,"identifiesControllerService":null},"templateValue":"${config.search.engine}","userEditable":false,"renderType":"text","renderOptions":{},"selected":true,"inputProperty":false,"containsConfigurationVariables":false,"sensitive":false,"required":false,"templateProperty":null,"nameKey":"NiFi Flow-Get configured search engine-searchengine","idKey":"a18fce1a-0161-1000-ce39-2780cfebd216-afcfa386-9027-3c31-6a68-65d26e8931fd-searchengine","processorNameTypeKey":"Get configured search engine-org.apache.nifi.processors.attributes.UpdateAttribute-searchengine"},{"processGroupName":"NiFi Flow","processorName":"Wait for all partitions","processorId":"77ff6dea-26d1-3b7b-b4b5-31f94735352f","processGroupId":"a18fce1a-0161-1000-ce39-2780cfebd216","processorType":"org.apache.nifi.processors.standard.Wait","key":"expiration-duration","value":"180 min","expressionProperties":null,"propertyDescriptor":{"name":"expiration-duration","displayName":"Expiration Duration","description":"Indicates the duration after which waiting FlowFiles will be routed to the 'expired' relationship","defaultValue":"10 min","allowableValues":null,"required":true,"sensitive":false,"dynamic":false,"supportsEl":false,"identifiesControllerService":null},"templateValue":"180 min","userEditable":true,"renderType":"text","renderOptions":{},"selected":true,"inputProperty":false,"containsConfigurationVariables":false,"sensitive":false,"required":true,"templateProperty":null,"nameKey":"NiFi Flow-Wait for all partitions-expiration-duration","idKey":"a18fce1a-0161-1000-ce39-2780cfebd216-77ff6dea-26d1-3b7b-b4b5-31f94735352f-expiration-duration","processorNameTypeKey":"Wait for all partitions-org.apache.nifi.processors.standard.Wait-expiration-duration"},{"processGroupName":"NiFi Flow","processorName":"Wait for indexed feed data deletion","processorId":"9a125c03-3b1c-3cbb-855e-adbc431f86d1","processGroupId":"a18fce1a-0161-1000-ce39-2780cfebd216","processorType":"org.apache.nifi.processors.standard.Wait","key":"expiration-duration","value":"15 min","expressionProperties":null,"propertyDescriptor":{"name":"expiration-duration","displayName":"Expiration Duration","description":"Indicates the duration after which waiting FlowFiles will be routed to the 'expired' relationship","defaultValue":"10 min","allowableValues":null,"required":true,"sensitive":false,"dynamic":false,"supportsEl":false,"identifiesControllerService":null},"templateValue":"15 min","userEditable":true,"renderType":"text","renderOptions":{},"selected":true,"inputProperty":false,"containsConfigurationVariables":false,"sensitive":false,"required":true,"templateProperty":null,"nameKey":"NiFi Flow-Wait for indexed feed data deletion-expiration-duration","idKey":"a18fce1a-0161-1000-ce39-2780cfebd216-9a125c03-3b1c-3cbb-855e-adbc431f86d1-expiration-duration","processorNameTypeKey":"Wait for indexed feed data deletion-org.apache.nifi.processors.standard.Wait-expiration-duration"},{"processGroupName":"NiFi Flow","processorName":"[ES] Set indexed feed data deletion parameters","processorId":"4786fcd9-0505-35f5-34ad-4e4ee4816b40","processGroupId":"a18fce1a-0161-1000-ce39-2780cfebd216","processorType":"org.apache.nifi.processors.attributes.UpdateAttribute","key":"es.remote.url","value":"${config.search.es.rest.url}/kylo-data/_delete_by_query","expressionProperties":null,"propertyDescriptor":{"name":"es.remote.url","displayName":"es.remote.url","description":"","defaultValue":null,"allowableValues":null,"required":false,"sensitive":false,"dynamic":true,"supportsEl":true,"identifiesControllerService":null},"templateValue":"${config.search.es.rest.url}/kylo-data/_delete_by_query","userEditable":false,"renderType":"text","renderOptions":{},"selected":true,"inputProperty":false,"containsConfigurationVariables":false,"sensitive":false,"required":false,"templateProperty":null,"nameKey":"NiFi Flow-[ES] Set indexed feed data deletion parameters-es.remote.url","idKey":"a18fce1a-0161-1000-ce39-2780cfebd216-4786fcd9-0505-35f5-34ad-4e4ee4816b40-es.remote.url","processorNameTypeKey":"[ES] Set indexed feed data deletion parameters-org.apache.nifi.processors.attributes.UpdateAttribute-es.remote.url"},{"processGroupName":"NiFi Flow","processorName":"[Solr] Set indexed feed data deletion parameters","processorId":"dec5ea19-9d75-3546-8e27-fb3d39be5271","processGroupId":"a18fce1a-0161-1000-ce39-2780cfebd216","processorType":"org.apache.nifi.processors.attributes.UpdateAttribute","key":"solr.remote.url","value":"${config.http.solr.url}/solr/kylo-data/update?stream.body=<delete><query>kylo_schema:${category}</query><query>kylo_table:${feed}</query><query>kylo_collection=kylo-data</query></delete>&commit=true","expressionProperties":null,"propertyDescriptor":{"name":"solr.remote.url","displayName":"solr.remote.url","description":"","defaultValue":null,"allowableValues":null,"required":false,"sensitive":false,"dynamic":true,"supportsEl":true,"identifiesControllerService":null},"templateValue":"${config.http.solr.url}/solr/kylo-data/update?stream.body=<delete><query>kylo_schema:${category}</query><query>kylo_table:${feed}</query><query>kylo_collection=kylo-data</query></delete>&commit=true","userEditable":false,"renderType":"text","renderOptions":{},"selected":true,"inputProperty":false,"containsConfigurationVariables":false,"sensitive":false,"required":false,"templateProperty":null,"nameKey":"NiFi Flow-[Solr] Set indexed feed data deletion parameters-solr.remote.url","idKey":"a18fce1a-0161-1000-ce39-2780cfebd216-dec5ea19-9d75-3546-8e27-fb3d39be5271-solr.remote.url","processorNameTypeKey":"[Solr] Set indexed feed data deletion parameters-org.apache.nifi.processors.attributes.UpdateAttribute-solr.remote.url"}],"nonInputProcessors":null,"inputProcessors":[{"properties":[],"type":"org.apache.nifi.processors.standard.GenerateFlowFile","name":"Do feed reindexing check","id":"7df83195-799f-36ee-0000-000000000000","groupName":null,"groupId":"a0f6b739-39c8-3cdb-0000-000000000000","inputProcessor":true,"userDefinedInputProcessor":false}],"id":"1a7248b3-4012-4dc0-9743-0f55c73012bb","nifiTemplateId":"0b479ba4-5df8-4c2d-ba3f-e6eb3b83ac22","templateName":"History Reindex Text Service","updateDate":1518834424644,"createDate":1518834235680,"icon":"alarm","iconColor":"#FF8A65","description":"History Reindex Text Service","state":"ENABLED","defineTable":false,"reusableTemplate":false,"reusableTemplateConnections":[],"registeredDatasourceDefinitions":[],"order":4,"templateOrder":null,"feedsCount":1,"templateTableOption":"NO_TABLE","timeBetweenStartingBatchJobs":1000,"stream":false,"allowPreconditions":false,"dataTransformation":false,"isStream":false},"userProperties":[{"description":null,"displayName":null,"order":null,"required":null,"systemName":"kylo-history-reindex-support","locked":false,"value":"true"}],"allowIndexing":true,"historyReindexingStatus":"NEVER_RUN","new":false,"categoryId":"0e078d2c-1afd-426a-951c-6d557b437b6c","categoryName":"System","categoryAndFeedDisplayName":"System.History Reindex Text Service","systemCategoryName":"system","categoryIcon":"cloud","categoryIconColor":"#FFCA28","reusableFeed":false}