{"owner":{"displayName":"Data Lake Administrator","email":null,"enabled":true,"groups":["admin","user"],"systemName":"dladmin"},"allowedActions":{"actions":[{"systemName":"accessTemplate","actions":[{"systemName":"editTemplate"},{"systemName":"deleteTemplate"},{"systemName":"exportTemplate"},{"systemName":"createFeedFromTemplate"},{"systemName":"changeTemplatePermissions"}]}]},"roleMemberships":[],"feedRoleMemberships":[],"properties":[{"processGroupName":"NiFi Flow","processorName":"Get configured search engine","processorId":"afcfa386-9027-3c31-6a68-65d26e8931fd","processGroupId":"a18fce1a-0161-1000-ce39-2780cfebd216","processorType":"org.apache.nifi.processors.attributes.UpdateAttribute","key":"searchengine","value":"${config.search.engine}","expressionProperties":null,"propertyDescriptor":{"name":"searchengine","displayName":"searchengine","description":"","defaultValue":null,"allowableValues":null,"required":false,"sensitive":false,"dynamic":true,"supportsEl":true,"identifiesControllerService":null},"templateValue":"${config.search.engine}","userEditable":false,"renderType":"text","renderOptions":{},"selected":true,"inputProperty":false,"containsConfigurationVariables":false,"sensitive":false,"required":false,"templateProperty":null,"nameKey":"NiFi Flow-Get configured search engine-searchengine","idKey":"a18fce1a-0161-1000-ce39-2780cfebd216-afcfa386-9027-3c31-6a68-65d26e8931fd-searchengine","processorNameTypeKey":"Get configured search engine-org.apache.nifi.processors.attributes.UpdateAttribute-searchengine"},{"processGroupName":"NiFi Flow","processorName":"Wait for all partitions","processorId":"77ff6dea-26d1-3b7b-b4b5-31f94735352f","processGroupId":"a18fce1a-0161-1000-ce39-2780cfebd216","processorType":"org.apache.nifi.processors.standard.Wait","key":"expiration-duration","value":"180 min","expressionProperties":null,"propertyDescriptor":{"name":"expiration-duration","displayName":"Expiration Duration","description":"Indicates the duration after which waiting FlowFiles will be routed to the 'expired' relationship","defaultValue":"10 min","allowableValues":null,"required":true,"sensitive":false,"dynamic":false,"supportsEl":false,"identifiesControllerService":null},"templateValue":"180 min","userEditable":true,"renderType":"text","renderOptions":{},"selected":true,"inputProperty":false,"containsConfigurationVariables":false,"sensitive":false,"required":true,"templateProperty":null,"nameKey":"NiFi Flow-Wait for all partitions-expiration-duration","idKey":"a18fce1a-0161-1000-ce39-2780cfebd216-77ff6dea-26d1-3b7b-b4b5-31f94735352f-expiration-duration","processorNameTypeKey":"Wait for all partitions-org.apache.nifi.processors.standard.Wait-expiration-duration"},{"processGroupName":"NiFi Flow","processorName":"Wait for indexed feed data deletion","processorId":"9a125c03-3b1c-3cbb-855e-adbc431f86d1","processGroupId":"a18fce1a-0161-1000-ce39-2780cfebd216","processorType":"org.apache.nifi.processors.standard.Wait","key":"expiration-duration","value":"15 min","expressionProperties":null,"propertyDescriptor":{"name":"expiration-duration","displayName":"Expiration Duration","description":"Indicates the duration after which waiting FlowFiles will be routed to the 'expired' relationship","defaultValue":"10 min","allowableValues":null,"required":true,"sensitive":false,"dynamic":false,"supportsEl":false,"identifiesControllerService":null},"templateValue":"15 min","userEditable":true,"renderType":"text","renderOptions":{},"selected":true,"inputProperty":false,"containsConfigurationVariables":false,"sensitive":false,"required":true,"templateProperty":null,"nameKey":"NiFi Flow-Wait for indexed feed data deletion-expiration-duration","idKey":"a18fce1a-0161-1000-ce39-2780cfebd216-9a125c03-3b1c-3cbb-855e-adbc431f86d1-expiration-duration","processorNameTypeKey":"Wait for indexed feed data deletion-org.apache.nifi.processors.standard.Wait-expiration-duration"},{"processGroupName":"NiFi Flow","processorName":"[ES] Set indexed feed data deletion parameters","processorId":"4786fcd9-0505-35f5-34ad-4e4ee4816b40","processGroupId":"a18fce1a-0161-1000-ce39-2780cfebd216","processorType":"org.apache.nifi.processors.attributes.UpdateAttribute","key":"es.remote.url","value":"${config.search.es.rest.url}/kylo-data/_delete_by_query","expressionProperties":null,"propertyDescriptor":{"name":"es.remote.url","displayName":"es.remote.url","description":"","defaultValue":null,"allowableValues":null,"required":false,"sensitive":false,"dynamic":true,"supportsEl":true,"identifiesControllerService":null},"templateValue":"${config.search.es.rest.url}/kylo-data/_delete_by_query","userEditable":false,"renderType":"text","renderOptions":{},"selected":true,"inputProperty":false,"containsConfigurationVariables":false,"sensitive":false,"required":false,"templateProperty":null,"nameKey":"NiFi Flow-[ES] Set indexed feed data deletion parameters-es.remote.url","idKey":"a18fce1a-0161-1000-ce39-2780cfebd216-4786fcd9-0505-35f5-34ad-4e4ee4816b40-es.remote.url","processorNameTypeKey":"[ES] Set indexed feed data deletion parameters-org.apache.nifi.processors.attributes.UpdateAttribute-es.remote.url"},{"processGroupName":"NiFi Flow","processorName":"[Solr] Set indexed feed data deletion parameters","processorId":"dec5ea19-9d75-3546-8e27-fb3d39be5271","processGroupId":"a18fce1a-0161-1000-ce39-2780cfebd216","processorType":"org.apache.nifi.processors.attributes.UpdateAttribute","key":"solr.remote.url","value":"${config.http.solr.url}/solr/kylo-data/update?stream.body=<delete><query>kylo_schema:${category}</query><query>kylo_table:${feed}</query><query>kylo_collection=kylo-data</query></delete>&commit=true","expressionProperties":null,"propertyDescriptor":{"name":"solr.remote.url","displayName":"solr.remote.url","description":"","defaultValue":null,"allowableValues":null,"required":false,"sensitive":false,"dynamic":true,"supportsEl":true,"identifiesControllerService":null},"templateValue":"${config.http.solr.url}/solr/kylo-data/update?stream.body=<delete><query>kylo_schema:${category}</query><query>kylo_table:${feed}</query><query>kylo_collection=kylo-data</query></delete>&commit=true","userEditable":false,"renderType":"text","renderOptions":{},"selected":true,"inputProperty":false,"containsConfigurationVariables":false,"sensitive":false,"required":false,"templateProperty":null,"nameKey":"NiFi Flow-[Solr] Set indexed feed data deletion parameters-solr.remote.url","idKey":"a18fce1a-0161-1000-ce39-2780cfebd216-dec5ea19-9d75-3546-8e27-fb3d39be5271-solr.remote.url","processorNameTypeKey":"[Solr] Set indexed feed data deletion parameters-org.apache.nifi.processors.attributes.UpdateAttribute-solr.remote.url"}],"nonInputProcessors":[{"properties":[{"processGroupName":"NiFi Flow","processorName":"[Solr] Set indexed feed data deletion parameters","processorId":"dec5ea19-9d75-3546-8e27-fb3d39be5271","processGroupId":"a18fce1a-0161-1000-ce39-2780cfebd216","processorType":"org.apache.nifi.processors.attributes.UpdateAttribute","key":"solr.remote.url","value":"${config.http.solr.url}/solr/kylo-data/update?stream.body=<delete><query>kylo_schema:${category}</query><query>kylo_table:${feed}</query><query>kylo_collection=kylo-data</query></delete>&commit=true","expressionProperties":null,"propertyDescriptor":{"name":"solr.remote.url","displayName":"solr.remote.url","description":"","defaultValue":null,"allowableValues":null,"required":false,"sensitive":false,"dynamic":true,"supportsEl":true,"identifiesControllerService":null},"templateValue":"${config.http.solr.url}/solr/kylo-data/update?stream.body=<delete><query>kylo_schema:${category}</query><query>kylo_table:${feed}</query><query>kylo_collection=kylo-data</query></delete>&commit=true","userEditable":false,"renderType":"text","renderOptions":{},"selected":true,"inputProperty":false,"containsConfigurationVariables":false,"sensitive":false,"required":false,"templateProperty":null,"nameKey":"NiFi Flow-[Solr] Set indexed feed data deletion parameters-solr.remote.url","idKey":"a18fce1a-0161-1000-ce39-2780cfebd216-dec5ea19-9d75-3546-8e27-fb3d39be5271-solr.remote.url","processorNameTypeKey":"[Solr] Set indexed feed data deletion parameters-org.apache.nifi.processors.attributes.UpdateAttribute-solr.remote.url"}],"type":"org.apache.nifi.processors.attributes.UpdateAttribute","name":"[Solr] Set indexed feed data deletion parameters","id":"dec5ea19-9d75-3546-8e27-fb3d39be5271","groupName":"NiFi Flow","groupId":"a18fce1a-0161-1000-ce39-2780cfebd216","inputProcessor":false,"userDefinedInputProcessor":false},{"properties":[{"processGroupName":"NiFi Flow","processorName":"Wait for all partitions","processorId":"77ff6dea-26d1-3b7b-b4b5-31f94735352f","processGroupId":"a18fce1a-0161-1000-ce39-2780cfebd216","processorType":"org.apache.nifi.processors.standard.Wait","key":"expiration-duration","value":"180 min","expressionProperties":null,"propertyDescriptor":{"name":"expiration-duration","displayName":"Expiration Duration","description":"Indicates the duration after which waiting FlowFiles will be routed to the 'expired' relationship","defaultValue":"10 min","allowableValues":null,"required":true,"sensitive":false,"dynamic":false,"supportsEl":false,"identifiesControllerService":null},"templateValue":"180 min","userEditable":true,"renderType":"text","renderOptions":{},"selected":true,"inputProperty":false,"containsConfigurationVariables":false,"sensitive":false,"required":true,"templateProperty":null,"nameKey":"NiFi Flow-Wait for all partitions-expiration-duration","idKey":"a18fce1a-0161-1000-ce39-2780cfebd216-77ff6dea-26d1-3b7b-b4b5-31f94735352f-expiration-duration","processorNameTypeKey":"Wait for all partitions-org.apache.nifi.processors.standard.Wait-expiration-duration"}],"type":"org.apache.nifi.processors.standard.Wait","name":"Wait for all partitions","id":"77ff6dea-26d1-3b7b-b4b5-31f94735352f","groupName":"NiFi Flow","groupId":"a18fce1a-0161-1000-ce39-2780cfebd216","inputProcessor":false,"userDefinedInputProcessor":false},{"properties":[{"processGroupName":"NiFi Flow","processorName":"Get configured search engine","processorId":"afcfa386-9027-3c31-6a68-65d26e8931fd","processGroupId":"a18fce1a-0161-1000-ce39-2780cfebd216","processorType":"org.apache.nifi.processors.attributes.UpdateAttribute","key":"searchengine","value":"${config.search.engine}","expressionProperties":null,"propertyDescriptor":{"name":"searchengine","displayName":"searchengine","description":"","defaultValue":null,"allowableValues":null,"required":false,"sensitive":false,"dynamic":true,"supportsEl":true,"identifiesControllerService":null},"templateValue":"${config.search.engine}","userEditable":false,"renderType":"text","renderOptions":{},"selected":true,"inputProperty":false,"containsConfigurationVariables":false,"sensitive":false,"required":false,"templateProperty":null,"nameKey":"NiFi Flow-Get configured search engine-searchengine","idKey":"a18fce1a-0161-1000-ce39-2780cfebd216-afcfa386-9027-3c31-6a68-65d26e8931fd-searchengine","processorNameTypeKey":"Get configured search engine-org.apache.nifi.processors.attributes.UpdateAttribute-searchengine"}],"type":"org.apache.nifi.processors.attributes.UpdateAttribute","name":"Get configured search engine","id":"afcfa386-9027-3c31-6a68-65d26e8931fd","groupName":"NiFi Flow","groupId":"a18fce1a-0161-1000-ce39-2780cfebd216","inputProcessor":false,"userDefinedInputProcessor":false},{"properties":[{"processGroupName":"NiFi Flow","processorName":"[ES] Set indexed feed data deletion parameters","processorId":"4786fcd9-0505-35f5-34ad-4e4ee4816b40","processGroupId":"a18fce1a-0161-1000-ce39-2780cfebd216","processorType":"org.apache.nifi.processors.attributes.UpdateAttribute","key":"es.remote.url","value":"${config.search.es.rest.url}/kylo-data/_delete_by_query","expressionProperties":null,"propertyDescriptor":{"name":"es.remote.url","displayName":"es.remote.url","description":"","defaultValue":null,"allowableValues":null,"required":false,"sensitive":false,"dynamic":true,"supportsEl":true,"identifiesControllerService":null},"templateValue":"${config.search.es.rest.url}/kylo-data/_delete_by_query","userEditable":false,"renderType":"text","renderOptions":{},"selected":true,"inputProperty":false,"containsConfigurationVariables":false,"sensitive":false,"required":false,"templateProperty":null,"nameKey":"NiFi Flow-[ES] Set indexed feed data deletion parameters-es.remote.url","idKey":"a18fce1a-0161-1000-ce39-2780cfebd216-4786fcd9-0505-35f5-34ad-4e4ee4816b40-es.remote.url","processorNameTypeKey":"[ES] Set indexed feed data deletion parameters-org.apache.nifi.processors.attributes.UpdateAttribute-es.remote.url"}],"type":"org.apache.nifi.processors.attributes.UpdateAttribute","name":"[ES] Set indexed feed data deletion parameters","id":"4786fcd9-0505-35f5-34ad-4e4ee4816b40","groupName":"NiFi Flow","groupId":"a18fce1a-0161-1000-ce39-2780cfebd216","inputProcessor":false,"userDefinedInputProcessor":false},{"properties":[{"processGroupName":"NiFi Flow","processorName":"Wait for indexed feed data deletion","processorId":"9a125c03-3b1c-3cbb-855e-adbc431f86d1","processGroupId":"a18fce1a-0161-1000-ce39-2780cfebd216","processorType":"org.apache.nifi.processors.standard.Wait","key":"expiration-duration","value":"15 min","expressionProperties":null,"propertyDescriptor":{"name":"expiration-duration","displayName":"Expiration Duration","description":"Indicates the duration after which waiting FlowFiles will be routed to the 'expired' relationship","defaultValue":"10 min","allowableValues":null,"required":true,"sensitive":false,"dynamic":false,"supportsEl":false,"identifiesControllerService":null},"templateValue":"15 min","userEditable":true,"renderType":"text","renderOptions":{},"selected":true,"inputProperty":false,"containsConfigurationVariables":false,"sensitive":false,"required":true,"templateProperty":null,"nameKey":"NiFi Flow-Wait for indexed feed data deletion-expiration-duration","idKey":"a18fce1a-0161-1000-ce39-2780cfebd216-9a125c03-3b1c-3cbb-855e-adbc431f86d1-expiration-duration","processorNameTypeKey":"Wait for indexed feed data deletion-org.apache.nifi.processors.standard.Wait-expiration-duration"}],"type":"org.apache.nifi.processors.standard.Wait","name":"Wait for indexed feed data deletion","id":"9a125c03-3b1c-3cbb-855e-adbc431f86d1","groupName":"NiFi Flow","groupId":"a18fce1a-0161-1000-ce39-2780cfebd216","inputProcessor":false,"userDefinedInputProcessor":false}],"inputProcessors":[],"id":"1a7248b3-4012-4dc0-9743-0f55c73012bb","nifiTemplateId":"0b479ba4-5df8-4c2d-ba3f-e6eb3b83ac22","templateName":"History Reindex Text Service","updateDate":1518834424644,"createDate":1518834235680,"icon":"alarm","iconColor":"#FF8A65","description":"History Reindex Text Service","state":"ENABLED","defineTable":false,"reusableTemplate":false,"reusableTemplateConnections":[],"registeredDatasourceDefinitions":[],"order":4,"templateOrder":null,"feedsCount":1,"templateTableOption":"NO_TABLE","timeBetweenStartingBatchJobs":1000,"stream":false,"allowPreconditions":false,"dataTransformation":false,"isStream":false}