<?xml version="1.0" encoding="UTF-8" standalone="yes"?><template><description></description><name>Data Transformation</name><snippet><connections><id>d1b98a34-a035-415c-a271-73b7e61d20fd</id><parentGroupId>293ccfca-7d1e-4466-a1d4-3967bd8915f9</parentGroupId><backPressureDataSizeThreshold>0 MB</backPressureDataSizeThreshold><backPressureObjectThreshold>0</backPressureObjectThreshold><destination><groupId>293ccfca-7d1e-4466-a1d4-3967bd8915f9</groupId><id>eecd3997-dde8-41f8-b8f7-c8315308d06b</id><type>PROCESSOR</type></destination><flowFileExpiration>0 sec</flowFileExpiration><labelIndex>1</labelIndex><name></name><selectedRelationships>success</selectedRelationships><source><groupId>293ccfca-7d1e-4466-a1d4-3967bd8915f9</groupId><id>a531f469-7267-4572-83d7-67deb1b60a22</id><type>PROCESSOR</type></source><zIndex>0</zIndex></connections><connections><id>db95203a-14b1-44d0-a227-d0bb4595d017</id><parentGroupId>293ccfca-7d1e-4466-a1d4-3967bd8915f9</parentGroupId><backPressureDataSizeThreshold>0 MB</backPressureDataSizeThreshold><backPressureObjectThreshold>0</backPressureObjectThreshold><destination><groupId>293ccfca-7d1e-4466-a1d4-3967bd8915f9</groupId><id>319afa05-bc6d-4ebd-b77a-286156d3664f</id><type>PROCESSOR</type></destination><flowFileExpiration>0 sec</flowFileExpiration><labelIndex>1</labelIndex><name></name><selectedRelationships>success</selectedRelationships><source><groupId>293ccfca-7d1e-4466-a1d4-3967bd8915f9</groupId><id>89da77d7-bf37-452f-a8e5-98a903f66683</id><type>PROCESSOR</type></source><zIndex>0</zIndex></connections><connections><id>229d864b-3367-44db-9cc9-083edf11a6f9</id><parentGroupId>293ccfca-7d1e-4466-a1d4-3967bd8915f9</parentGroupId><backPressureDataSizeThreshold>0 MB</backPressureDataSizeThreshold><backPressureObjectThreshold>0</backPressureObjectThreshold><destination><groupId>293ccfca-7d1e-4466-a1d4-3967bd8915f9</groupId><id>19c54a88-0cb4-451a-b63c-2dce2eecede0</id><type>PROCESSOR</type></destination><flowFileExpiration>0 sec</flowFileExpiration><labelIndex>1</labelIndex><name></name><selectedRelationships>success</selectedRelationships><source><groupId>293ccfca-7d1e-4466-a1d4-3967bd8915f9</groupId><id>79f03010-652b-4f67-a2e0-06eb079e77f2</id><type>PROCESSOR</type></source><zIndex>0</zIndex></connections><connections><id>f93bb7ab-1f55-4db9-a954-e1df73469d48</id><parentGroupId>293ccfca-7d1e-4466-a1d4-3967bd8915f9</parentGroupId><backPressureDataSizeThreshold>0 MB</backPressureDataSizeThreshold><backPressureObjectThreshold>0</backPressureObjectThreshold><destination><groupId>293ccfca-7d1e-4466-a1d4-3967bd8915f9</groupId><id>79f03010-652b-4f67-a2e0-06eb079e77f2</id><type>PROCESSOR</type></destination><flowFileExpiration>0 sec</flowFileExpiration><labelIndex>1</labelIndex><name></name><selectedRelationships>success</selectedRelationships><source><groupId>293ccfca-7d1e-4466-a1d4-3967bd8915f9</groupId><id>f148de1d-83f3-4229-bae6-0c5f4f824905</id><type>PROCESSOR</type></source><zIndex>0</zIndex></connections><connections><id>122c14ba-1b53-4caa-af36-dba6cd8489ba</id><parentGroupId>293ccfca-7d1e-4466-a1d4-3967bd8915f9</parentGroupId><backPressureDataSizeThreshold>0 MB</backPressureDataSizeThreshold><backPressureObjectThreshold>0</backPressureObjectThreshold><destination><groupId>293ccfca-7d1e-4466-a1d4-3967bd8915f9</groupId><id>319afa05-bc6d-4ebd-b77a-286156d3664f</id><type>PROCESSOR</type></destination><flowFileExpiration>0 sec</flowFileExpiration><labelIndex>1</labelIndex><name></name><selectedRelationships>success</selectedRelationships><source><groupId>293ccfca-7d1e-4466-a1d4-3967bd8915f9</groupId><id>19c54a88-0cb4-451a-b63c-2dce2eecede0</id><type>PROCESSOR</type></source><zIndex>0</zIndex></connections><connections><id>e04ca6bf-b007-4fe1-8a14-1707dc2c8b01</id><parentGroupId>293ccfca-7d1e-4466-a1d4-3967bd8915f9</parentGroupId><backPressureDataSizeThreshold>0 MB</backPressureDataSizeThreshold><backPressureObjectThreshold>0</backPressureObjectThreshold><destination><groupId>293ccfca-7d1e-4466-a1d4-3967bd8915f9</groupId><id>19e6ad62-625f-4aa3-a0af-8a320b76df50</id><type>PROCESSOR</type></destination><flowFileExpiration>0 sec</flowFileExpiration><labelIndex>1</labelIndex><name></name><selectedRelationships>success</selectedRelationships><source><groupId>293ccfca-7d1e-4466-a1d4-3967bd8915f9</groupId><id>319afa05-bc6d-4ebd-b77a-286156d3664f</id><type>PROCESSOR</type></source><zIndex>0</zIndex></connections><connections><id>84ab3767-2ac9-473a-a403-9b13c9a25a1d</id><parentGroupId>293ccfca-7d1e-4466-a1d4-3967bd8915f9</parentGroupId><backPressureDataSizeThreshold>0 MB</backPressureDataSizeThreshold><backPressureObjectThreshold>0</backPressureObjectThreshold><destination><groupId>293ccfca-7d1e-4466-a1d4-3967bd8915f9</groupId><id>a531f469-7267-4572-83d7-67deb1b60a22</id><type>PROCESSOR</type></destination><flowFileExpiration>0 sec</flowFileExpiration><labelIndex>1</labelIndex><name></name><selectedRelationships>registration_required</selectedRelationships><source><groupId>293ccfca-7d1e-4466-a1d4-3967bd8915f9</groupId><id>19c54a88-0cb4-451a-b63c-2dce2eecede0</id><type>PROCESSOR</type></source><zIndex>0</zIndex></connections><connections><id>751da99e-1fc7-4a67-90b6-663e71299472</id><parentGroupId>293ccfca-7d1e-4466-a1d4-3967bd8915f9</parentGroupId><backPressureDataSizeThreshold>0 MB</backPressureDataSizeThreshold><backPressureObjectThreshold>0</backPressureObjectThreshold><destination><groupId>293ccfca-7d1e-4466-a1d4-3967bd8915f9</groupId><id>f99db9c6-7fbc-4e0c-822b-9cd8ce3e1db1</id><type>PROCESSOR</type></destination><flowFileExpiration>0 sec</flowFileExpiration><labelIndex>1</labelIndex><name></name><selectedRelationships>failure</selectedRelationships><source><groupId>293ccfca-7d1e-4466-a1d4-3967bd8915f9</groupId><id>eecd3997-dde8-41f8-b8f7-c8315308d06b</id><type>PROCESSOR</type></source><zIndex>0</zIndex></connections><connections><id>b9dfbda5-241d-4d8c-bd02-5b8d92a6c153</id><parentGroupId>293ccfca-7d1e-4466-a1d4-3967bd8915f9</parentGroupId><backPressureDataSizeThreshold>0 MB</backPressureDataSizeThreshold><backPressureObjectThreshold>0</backPressureObjectThreshold><destination><groupId>293ccfca-7d1e-4466-a1d4-3967bd8915f9</groupId><id>f99db9c6-7fbc-4e0c-822b-9cd8ce3e1db1</id><type>PROCESSOR</type></destination><flowFileExpiration>0 sec</flowFileExpiration><labelIndex>1</labelIndex><name></name><selectedRelationships>failure</selectedRelationships><source><groupId>293ccfca-7d1e-4466-a1d4-3967bd8915f9</groupId><id>a531f469-7267-4572-83d7-67deb1b60a22</id><type>PROCESSOR</type></source><zIndex>0</zIndex></connections><connections><id>13170f4c-51f9-4085-838a-bbdc34cf1cac</id><parentGroupId>293ccfca-7d1e-4466-a1d4-3967bd8915f9</parentGroupId><backPressureDataSizeThreshold>0 MB</backPressureDataSizeThreshold><backPressureObjectThreshold>0</backPressureObjectThreshold><destination><groupId>293ccfca-7d1e-4466-a1d4-3967bd8915f9</groupId><id>89da77d7-bf37-452f-a8e5-98a903f66683</id><type>PROCESSOR</type></destination><flowFileExpiration>0 sec</flowFileExpiration><labelIndex>1</labelIndex><name></name><selectedRelationships>success</selectedRelationships><source><groupId>293ccfca-7d1e-4466-a1d4-3967bd8915f9</groupId><id>eecd3997-dde8-41f8-b8f7-c8315308d06b</id><type>PROCESSOR</type></source><zIndex>0</zIndex></connections><controllerServices><id>57915bab-a087-40ab-ac25-d4058864719d</id><comments></comments><descriptors><entry><key>Implementation</key><value><allowableValues><description>An implemenation that stores metadata locally in memory (for development-only)</description><displayName>Local, In-memory storage</displayName><value>LOCAL</value></allowableValues><allowableValues><description>An implemenation that accesses metadata via the metadata service REST API</description><displayName>REST API</displayName><value>REMOTE</value></allowableValues><defaultValue>REMOTE</defaultValue><description>Specifies which implementation of the metadata providers should be used</description><displayName>Implementation</displayName><dynamic>false</dynamic><name>Implementation</name><required>true</required><sensitive>false</sensitive><supportsEl>false</supportsEl></value></entry><entry><key>rest-client-url</key><value><defaultValue>http://localhost:8077/api/metadata</defaultValue><description>The base URL to the metadata server when the REST API client implementation is chosen.</description><displayName>REST Client URL</displayName><dynamic>false</dynamic><name>rest-client-url</name><required>false</required><sensitive>false</sensitive><supportsEl>false</supportsEl></value></entry></descriptors><name>Think Big Metadata Service</name><properties><entry><key>Implementation</key><value>REMOTE</value></entry><entry><key>rest-client-url</key><value>http://localhost:8077/api/metadata</value></entry></properties><referencingComponents><activeThreadCount>0</activeThreadCount><descriptors><entry><key>Metadata Service</key><value><allowableValues><displayName>Think Big Metadata Service</displayName><value>12bd211a-9ec1-4cf8-ba19-9417b73bd6ab</value></allowableValues><allowableValues><displayName>Think Big Metadata Service</displayName><value>6a836be3-4fe3-4599-b629-173ff422a861</value></allowableValues><allowableValues><displayName>Think Big Metadata Service</displayName><value>57915bab-a087-40ab-ac25-d4058864719d</value></allowableValues><description>Think Big metadata service</description><displayName>Metadata Service</displayName><dynamic>false</dynamic><identifiesControllerService>com.thinkbiganalytics.nifi.core.api.metadata.MetadataProviderService</identifiesControllerService><name>Metadata Service</name><required>true</required><sensitive>false</sensitive><supportsEl>false</supportsEl></value></entry><entry><key>System feed category</key><value><defaultValue>${category}</defaultValue><description>System category of feed this processor supports</description><displayName>System feed category</displayName><dynamic>false</dynamic><name>System feed category</name><required>true</required><sensitive>false</sensitive><supportsEl>true</supportsEl></value></entry><entry><key>System feed name</key><value><defaultValue>${feed}</defaultValue><description>Name of feed this processor supports</description><displayName>System feed name</displayName><dynamic>false</dynamic><name>System feed name</name><required>true</required><sensitive>false</sensitive><supportsEl>true</supportsEl></value></entry><entry><key>Result</key><value><allowableValues><displayName>success</displayName><value>success</value></allowableValues><allowableValues><displayName>fail</displayName><value>fail</value></allowableValues><defaultValue>success</defaultValue><description>Indicates what should happen when a file with the same name already exists in the output directory</description><displayName>Result</displayName><dynamic>false</dynamic><name>Result</name><required>true</required><sensitive>false</sensitive><supportsEl>false</supportsEl></value></entry></descriptors><groupId>293ccfca-7d1e-4466-a1d4-3967bd8915f9</groupId><id>89da77d7-bf37-452f-a8e5-98a903f66683</id><name>Record Registration</name><properties><entry><key>Metadata Service</key><value>57915bab-a087-40ab-ac25-d4058864719d</value></entry><entry><key>System feed category</key></entry><entry><key>System feed name</key></entry><entry><key>Result</key><value>success</value></entry></properties><referenceType>Processor</referenceType><state>STOPPED</state><type>com.thinkbiganalytics.nifi.v2.ingest.UpdateRegistration</type><validationErrors>'Metadata Service' validated against 'Think Big Metadata Service' is invalid because Controller Service MetadataProviderSelectorService[id=57915bab-a087-40ab-ac25-d4058864719d] is disabled</validationErrors></referencingComponents><referencingComponents><activeThreadCount>0</activeThreadCount><descriptors><entry><key>Metadata Service</key><value><allowableValues><displayName>Think Big Metadata Service</displayName><value>12bd211a-9ec1-4cf8-ba19-9417b73bd6ab</value></allowableValues><allowableValues><displayName>Think Big Metadata Service</displayName><value>6a836be3-4fe3-4599-b629-173ff422a861</value></allowableValues><allowableValues><displayName>Think Big Metadata Service</displayName><value>57915bab-a087-40ab-ac25-d4058864719d</value></allowableValues><description>Think Big metadata service</description><displayName>Metadata Service</displayName><dynamic>false</dynamic><identifiesControllerService>com.thinkbiganalytics.nifi.core.api.metadata.MetadataProviderService</identifiesControllerService><name>Metadata Service</name><required>true</required><sensitive>false</sensitive><supportsEl>false</supportsEl></value></entry><entry><key>System feed category</key><value><defaultValue>${category}</defaultValue><description>System category of feed this processor supports</description><displayName>System feed category</displayName><dynamic>false</dynamic><name>System feed category</name><required>true</required><sensitive>false</sensitive><supportsEl>true</supportsEl></value></entry><entry><key>System feed name</key><value><defaultValue>${feed}</defaultValue><description>Name of feed this processor supports</description><displayName>System feed name</displayName><dynamic>false</dynamic><name>System feed name</name><required>true</required><sensitive>false</sensitive><supportsEl>true</supportsEl></value></entry></descriptors><groupId>293ccfca-7d1e-4466-a1d4-3967bd8915f9</groupId><id>19c54a88-0cb4-451a-b63c-2dce2eecede0</id><name>Route for Registration?</name><properties><entry><key>Metadata Service</key><value>57915bab-a087-40ab-ac25-d4058864719d</value></entry><entry><key>System feed category</key></entry><entry><key>System feed name</key></entry></properties><referenceType>Processor</referenceType><state>STOPPED</state><type>com.thinkbiganalytics.nifi.v2.ingest.RouteOnRegistration</type><validationErrors>'Metadata Service' validated against 'Think Big Metadata Service' is invalid because Controller Service MetadataProviderSelectorService[id=57915bab-a087-40ab-ac25-d4058864719d] is disabled</validationErrors></referencingComponents><state>DISABLED</state><type>com.thinkbiganalytics.nifi.v2.core.metadata.MetadataProviderSelectorService</type></controllerServices><controllerServices><id>05538ab1-9342-49f0-a557-2e5899423069</id><comments></comments><descriptors><entry><key>Database Connection URL</key><value><description>A database connection URL used to connect to a database. May contain database system name, host, port, database name and some parameters. The exact syntax of a database connection URL is specified by your DBMS.</description><displayName>Database Connection URL</displayName><dynamic>false</dynamic><name>Database Connection URL</name><required>true</required><sensitive>false</sensitive><supportsEl>false</supportsEl></value></entry><entry><key>Database Driver Class Name</key><value><description>Database driver class name</description><displayName>Database Driver Class Name</displayName><dynamic>false</dynamic><name>Database Driver Class Name</name><required>true</required><sensitive>false</sensitive><supportsEl>false</supportsEl></value></entry><entry><key>Database Driver Jar Url</key><value><description>Optional database driver jar file path url. For example 'file:///var/tmp/mariadb-java-client-1.1.7.jar'</description><displayName>Database Driver Jar Url</displayName><dynamic>false</dynamic><name>Database Driver Jar Url</name><required>false</required><sensitive>false</sensitive><supportsEl>false</supportsEl></value></entry><entry><key>Database User</key><value><description>Database user name</description><displayName>Database User</displayName><dynamic>false</dynamic><name>Database User</name><required>false</required><sensitive>false</sensitive><supportsEl>false</supportsEl></value></entry><entry><key>Password</key><value><description>The password for the database user</description><displayName>Password</displayName><dynamic>false</dynamic><name>Password</name><required>false</required><sensitive>true</sensitive><supportsEl>false</supportsEl></value></entry><entry><key>Max Wait Time</key><value><defaultValue>500 millis</defaultValue><description>The maximum amount of time that the pool will wait (when there are no available connections)  for a connection to be returned before failing, or -1 to wait indefinitely. </description><displayName>Max Wait Time</displayName><dynamic>false</dynamic><name>Max Wait Time</name><required>true</required><sensitive>false</sensitive><supportsEl>false</supportsEl></value></entry><entry><key>Max Total Connections</key><value><defaultValue>8</defaultValue><description>The maximum number of active connections that can be allocated from this pool at the same time,  or negative for no limit.</description><displayName>Max Total Connections</displayName><dynamic>false</dynamic><name>Max Total Connections</name><required>true</required><sensitive>false</sensitive><supportsEl>false</supportsEl></value></entry><entry><key>Hadoop Configuration Resources</key><value><description>A file or comma separated list of files which contains the Hadoop file system configuration. Without this, Hadoop will search the classpath for a 'core-site.xml' and 'hdfs-site.xml' file or will revert to a default configuration.</description><displayName>Hadoop Configuration Resources</displayName><dynamic>false</dynamic><name>Hadoop Configuration Resources</name><required>false</required><sensitive>false</sensitive><supportsEl>false</supportsEl></value></entry><entry><key>Kerberos Principal</key><value><description>Kerberos principal to authenticate as. Requires nifi.kerberos.krb5.file to be set in your nifi.properties</description><displayName>Kerberos Principal</displayName><dynamic>false</dynamic><name>Kerberos Principal</name><required>false</required><sensitive>false</sensitive><supportsEl>false</supportsEl></value></entry><entry><key>Kerberos Keytab</key><value><description>Kerberos keytab associated with the principal. Requires nifi.kerberos.krb5.file to be set in your nifi.properties</description><displayName>Kerberos Keytab</displayName><dynamic>false</dynamic><name>Kerberos Keytab</name><required>false</required><sensitive>false</sensitive><supportsEl>false</supportsEl></value></entry></descriptors><name>Hive Thrift Service</name><properties><entry><key>Database Connection URL</key><value>jdbc:hive2://localhost:10000/default</value></entry><entry><key>Database Driver Class Name</key><value>org.apache.hive.jdbc.HiveDriver</value></entry><entry><key>Database Driver Jar Url</key></entry><entry><key>Database User</key><value>nifi</value></entry><entry><key>Password</key></entry><entry><key>Max Wait Time</key><value>500 millis</value></entry><entry><key>Max Total Connections</key><value>8</value></entry><entry><key>Hadoop Configuration Resources</key></entry><entry><key>Kerberos Principal</key></entry><entry><key>Kerberos Keytab</key></entry></properties><referencingComponents><activeThreadCount>0</activeThreadCount><descriptors><entry><key>Database Connection Pooling Service</key><value><allowableValues><displayName>Hive Thrift Service</displayName><value>84562676-c75f-4aa8-85fe-f2e5f1b2ad01</value></allowableValues><allowableValues><displayName>Hive Thrift Service</displayName><value>05538ab1-9342-49f0-a557-2e5899423069</value></allowableValues><allowableValues><displayName>Hive Thrift Service</displayName><value>3f3f6ef0-77c0-4d80-8cef-5e86ddd9b955</value></allowableValues><description>The Controller Service that is used to obtain connection to database</description><displayName>Database Connection Pooling Service</displayName><dynamic>false</dynamic><identifiesControllerService>com.thinkbiganalytics.nifi.v2.thrift.ThriftService</identifiesControllerService><name>Database Connection Pooling Service</name><required>true</required><sensitive>false</sensitive><supportsEl>false</supportsEl></value></entry><entry><key>System feed category</key><value><defaultValue>${category}</defaultValue><description>System category of feed this processor supports</description><displayName>System feed category</displayName><dynamic>false</dynamic><name>System feed category</name><required>true</required><sensitive>false</sensitive><supportsEl>true</supportsEl></value></entry><entry><key>System feed name</key><value><defaultValue>${feed}</defaultValue><description>Name of feed this processor supports</description><displayName>System feed name</displayName><dynamic>false</dynamic><name>System feed name</name><required>true</required><sensitive>false</sensitive><supportsEl>true</supportsEl></value></entry><entry><key>Table Type</key><value><allowableValues><displayName>FEED</displayName><value>FEED</value></allowableValues><allowableValues><displayName>VALID</displayName><value>VALID</value></allowableValues><allowableValues><displayName>INVALID</displayName><value>INVALID</value></allowableValues><allowableValues><displayName>PROFILE</displayName><value>PROFILE</value></allowableValues><allowableValues><displayName>MASTER</displayName><value>MASTER</value></allowableValues><allowableValues><displayName>ALL</displayName><value>ALL</value></allowableValues><defaultValue>ALL</defaultValue><description>Specifies the standard table type to create or ALL for standard set.</description><displayName>Table Type</displayName><dynamic>false</dynamic><name>Table Type</name><required>true</required><sensitive>false</sensitive><supportsEl>false</supportsEl></value></entry><entry><key>Field specification</key><value><defaultValue>${metadata.table.fieldStructure}</defaultValue><description>Pipe-delim format with the specifications for the fields (column name|data type|comment</description><displayName>Field specification</displayName><dynamic>false</dynamic><name>Field specification</name><required>true</required><sensitive>false</sensitive><supportsEl>true</supportsEl></value></entry><entry><key>Partition specification</key><value><defaultValue>${metadata.table.partitionStructure}</defaultValue><description>Provide list of partition columns column-delimited</description><displayName>Partition specification</displayName><dynamic>false</dynamic><name>Partition specification</name><required>false</required><sensitive>false</sensitive><supportsEl>true</supportsEl></value></entry><entry><key>Feed Table Storage Format</key><value><defaultValue>${metadata.table.feedFormat}</defaultValue><description>Provide format and delimiter specification. This is the full clause starting with the INPUTFORMAT such as: INPUTFORMAT 'org.apache.hadoop.mapred.TextInputFormat' OUTPUTFORMAT 'org.apache.hadoop.hive.ql.io.HiveIgnoreKeyTextOutputFormat' </description><displayName>Feed Table Storage Format</displayName><dynamic>false</dynamic><name>Feed Table Storage Format</name><required>true</required><sensitive>false</sensitive><supportsEl>true</supportsEl></value></entry><entry><key>Target Table Format</key><value><defaultValue>${metadata.table.targetFormat}</defaultValue><description>Provide storage format specification for the target tables</description><displayName>Target Table Format</displayName><dynamic>false</dynamic><name>Target Table Format</name><required>true</required><sensitive>false</sensitive><supportsEl>true</supportsEl></value></entry><entry><key>Target Table Properties</key><value><defaultValue>${metadata.table.targetTblProperties}</defaultValue><description>TblProperties clause generally specificying the compression option</description><displayName>Target Table Properties</displayName><dynamic>false</dynamic><name>Target Table Properties</name><required>false</required><sensitive>false</sensitive><supportsEl>true</supportsEl></value></entry></descriptors><groupId>293ccfca-7d1e-4466-a1d4-3967bd8915f9</groupId><id>eecd3997-dde8-41f8-b8f7-c8315308d06b</id><name>Register Tables</name><properties><entry><key>Database Connection Pooling Service</key><value>05538ab1-9342-49f0-a557-2e5899423069</value></entry><entry><key>System feed category</key></entry><entry><key>System feed name</key></entry><entry><key>Table Type</key></entry><entry><key>Field specification</key></entry><entry><key>Partition specification</key><value>${metadata.table.partitionStructure}</value></entry><entry><key>Feed Table Storage Format</key></entry><entry><key>Target Table Format</key></entry><entry><key>Target Table Properties</key></entry></properties><referenceType>Processor</referenceType><state>STOPPED</state><type>com.thinkbiganalytics.nifi.v2.ingest.RegisterFeedTables</type><validationErrors>'Database Connection Pooling Service' validated against 'Hive Thrift Service' is invalid because Controller Service ThriftConnectionPool[id=05538ab1-9342-49f0-a557-2e5899423069] is disabled</validationErrors></referencingComponents><state>DISABLED</state><type>com.thinkbiganalytics.nifi.v2.thrift.ThriftConnectionPool</type></controllerServices><processors><id>19e6ad62-625f-4aa3-a0af-8a320b76df50</id><parentGroupId>293ccfca-7d1e-4466-a1d4-3967bd8915f9</parentGroupId><position><x>835.9999999999999</x><y>873.7636413574219</y></position><config><bulletinLevel>WARN</bulletinLevel><comments></comments><concurrentlySchedulableTaskCount>1</concurrentlySchedulableTaskCount><defaultConcurrentTasks><entry><key>TIMER_DRIVEN</key><value>1</value></entry><entry><key>EVENT_DRIVEN</key><value>0</value></entry><entry><key>CRON_DRIVEN</key><value>1</value></entry></defaultConcurrentTasks><defaultSchedulingPeriod><entry><key>TIMER_DRIVEN</key><value>0 sec</value></entry><entry><key>CRON_DRIVEN</key><value>* * * * * ?</value></entry></defaultSchedulingPeriod><descriptors><entry><key>ApplicationJAR</key><value><description>Path to the JAR file containing the Spark job application</description><displayName>ApplicationJAR</displayName><dynamic>false</dynamic><name>ApplicationJAR</name><required>true</required><sensitive>false</sensitive><supportsEl>true</supportsEl></value></entry><entry><key>MainClass</key><value><description>Qualified classname of the Spark job application class</description><displayName>MainClass</displayName><dynamic>false</dynamic><name>MainClass</name><required>true</required><sensitive>false</sensitive><supportsEl>true</supportsEl></value></entry><entry><key>MainArgs</key><value><description>Comma separated arguments to be passed into the main as args</description><displayName>MainArgs</displayName><dynamic>false</dynamic><name>MainArgs</name><required>true</required><sensitive>false</sensitive><supportsEl>true</supportsEl></value></entry><entry><key>SparkMaster</key><value><defaultValue>local</defaultValue><description>The Spark master</description><displayName>SparkMaster</displayName><dynamic>false</dynamic><name>SparkMaster</name><required>true</required><sensitive>false</sensitive><supportsEl>true</supportsEl></value></entry><entry><key>SparkHome</key><value><defaultValue>/usr/hdp/current/spark-client/</defaultValue><description>Qualified classname of the Spark job application class</description><displayName>SparkHome</displayName><dynamic>false</dynamic><name>SparkHome</name><required>true</required><sensitive>false</sensitive><supportsEl>true</supportsEl></value></entry><entry><key>Max Wait Time</key><value><defaultValue>0 seconds</defaultValue><description>The maximum amount of time allowed for a running SQL select query  , zero means there is no limit. Max time less than 1 second will be equal to zero.</description><displayName>Max Wait Time</displayName><dynamic>false</dynamic><name>Max Wait Time</name><required>true</required><sensitive>false</sensitive><supportsEl>false</supportsEl></value></entry><entry><key>Driver Memory</key><value><defaultValue>512m</defaultValue><description>How much RAM to allocate to the driver</description><displayName>Driver Memory</displayName><dynamic>false</dynamic><name>Driver Memory</name><required>true</required><sensitive>false</sensitive><supportsEl>true</supportsEl></value></entry><entry><key>Executor Memory</key><value><defaultValue>512m</defaultValue><description>How much RAM to allocate to the executor</description><displayName>Executor Memory</displayName><dynamic>false</dynamic><name>Executor Memory</name><required>true</required><sensitive>false</sensitive><supportsEl>true</supportsEl></value></entry><entry><key>Number of Executors</key><value><defaultValue>1</defaultValue><description>The number of exectors to be used</description><displayName>Number of Executors</displayName><dynamic>false</dynamic><name>Number of Executors</name><required>true</required><sensitive>false</sensitive><supportsEl>true</supportsEl></value></entry><entry><key>Spark Application Name</key><value><description>The name of the spark application</description><displayName>Spark Application Name</displayName><dynamic>false</dynamic><name>Spark Application Name</name><required>true</required><sensitive>false</sensitive><supportsEl>true</supportsEl></value></entry><entry><key>Executor Cores</key><value><defaultValue>1</defaultValue><description>The number of executor cores to be used</description><displayName>Executor Cores</displayName><dynamic>false</dynamic><name>Executor Cores</name><required>true</required><sensitive>false</sensitive><supportsEl>true</supportsEl></value></entry><entry><key>Network Timeout</key><value><defaultValue>120s</defaultValue><description>Default timeout for all network interactions. This config will be used in place of spark.core.connection.ack.wait.timeout, spark.akka.timeout, spark.storage.blockManagerSlaveTimeoutMs, spark.shuffle.io.connectionTimeout, spark.rpc.askTimeout or spark.rpc.lookupTimeout if they are not configured.</description><displayName>Network Timeout</displayName><dynamic>false</dynamic><name>Network Timeout</name><required>true</required><sensitive>false</sensitive><supportsEl>true</supportsEl></value></entry><entry><key>Hadoop Configuration Resources</key><value><description>A file or comma separated list of files which contains the Hadoop file system configuration. Without this, Hadoop will search the classpath for a 'core-site.xml' and 'hdfs-site.xml' file or will revert to a default configuration.</description><displayName>Hadoop Configuration Resources</displayName><dynamic>false</dynamic><name>Hadoop Configuration Resources</name><required>false</required><sensitive>false</sensitive><supportsEl>false</supportsEl></value></entry><entry><key>Kerberos Principal</key><value><description>Kerberos principal to authenticate as. Requires nifi.kerberos.krb5.file to be set in your nifi.properties</description><displayName>Kerberos Principal</displayName><dynamic>false</dynamic><name>Kerberos Principal</name><required>false</required><sensitive>false</sensitive><supportsEl>false</supportsEl></value></entry><entry><key>Kerberos Keytab</key><value><description>Kerberos keytab associated with the principal. Requires nifi.kerberos.krb5.file to be set in your nifi.properties</description><displayName>Kerberos Keytab</displayName><dynamic>false</dynamic><name>Kerberos Keytab</name><required>false</required><sensitive>false</sensitive><supportsEl>false</supportsEl></value></entry></descriptors><lossTolerant>false</lossTolerant><penaltyDuration>30 sec</penaltyDuration><properties><entry><key>ApplicationJAR</key><value>/opt/nifi/current/lib/app/thinkbig-spark-interpreter-jar-with-dependencies.jar</value></entry><entry><key>MainClass</key><value>com.thinkbiganalytics.spark.interpreter.App</value></entry><entry><key>MainArgs</key><value>${transform_script_file}</value></entry><entry><key>SparkMaster</key><value>local</value></entry><entry><key>SparkHome</key><value>/usr/hdp/current/spark-client/</value></entry><entry><key>Max Wait Time</key><value>0 seconds</value></entry><entry><key>Driver Memory</key><value>512m</value></entry><entry><key>Executor Memory</key><value>512m</value></entry><entry><key>Number of Executors</key><value>1</value></entry><entry><key>Spark Application Name</key><value>TransformApp</value></entry><entry><key>Executor Cores</key><value>1</value></entry><entry><key>Network Timeout</key><value>120s</value></entry><entry><key>Hadoop Configuration Resources</key></entry><entry><key>Kerberos Principal</key></entry><entry><key>Kerberos Keytab</key></entry></properties><runDurationMillis>0</runDurationMillis><schedulingPeriod>0 sec</schedulingPeriod><schedulingStrategy>TIMER_DRIVEN</schedulingStrategy><yieldDuration>1 sec</yieldDuration></config><name>Execute Script</name><relationships><autoTerminate>true</autoTerminate><description>Spark execution failed. Incoming FlowFile will be penalized and routed to this relationship</description><name>failure</name></relationships><relationships><autoTerminate>true</autoTerminate><description>Successful result.</description><name>success</name></relationships><state>STOPPED</state><style/><supportsEventDriven>true</supportsEventDriven><supportsParallelProcessing>true</supportsParallelProcessing><type>com.thinkbiganalytics.nifi.v2.spark.ExecuteSparkJob</type></processors><processors><id>19c54a88-0cb4-451a-b63c-2dce2eecede0</id><parentGroupId>293ccfca-7d1e-4466-a1d4-3967bd8915f9</parentGroupId><position><x>833.6167940389778</x><y>354.8222264510307</y></position><config><bulletinLevel>WARN</bulletinLevel><comments></comments><concurrentlySchedulableTaskCount>10</concurrentlySchedulableTaskCount><defaultConcurrentTasks><entry><key>TIMER_DRIVEN</key><value>1</value></entry><entry><key>EVENT_DRIVEN</key><value>0</value></entry><entry><key>CRON_DRIVEN</key><value>1</value></entry></defaultConcurrentTasks><defaultSchedulingPeriod><entry><key>TIMER_DRIVEN</key><value>0 sec</value></entry><entry><key>CRON_DRIVEN</key><value>* * * * * ?</value></entry></defaultSchedulingPeriod><descriptors><entry><key>Metadata Service</key><value><allowableValues><displayName>Think Big Metadata Service</displayName><value>12bd211a-9ec1-4cf8-ba19-9417b73bd6ab</value></allowableValues><allowableValues><displayName>Think Big Metadata Service</displayName><value>6a836be3-4fe3-4599-b629-173ff422a861</value></allowableValues><allowableValues><displayName>Think Big Metadata Service</displayName><value>57915bab-a087-40ab-ac25-d4058864719d</value></allowableValues><description>Think Big metadata service</description><displayName>Metadata Service</displayName><dynamic>false</dynamic><identifiesControllerService>com.thinkbiganalytics.nifi.core.api.metadata.MetadataProviderService</identifiesControllerService><name>Metadata Service</name><required>true</required><sensitive>false</sensitive><supportsEl>false</supportsEl></value></entry><entry><key>System feed category</key><value><defaultValue>${category}</defaultValue><description>System category of feed this processor supports</description><displayName>System feed category</displayName><dynamic>false</dynamic><name>System feed category</name><required>true</required><sensitive>false</sensitive><supportsEl>true</supportsEl></value></entry><entry><key>System feed name</key><value><defaultValue>${feed}</defaultValue><description>Name of feed this processor supports</description><displayName>System feed name</displayName><dynamic>false</dynamic><name>System feed name</name><required>true</required><sensitive>false</sensitive><supportsEl>true</supportsEl></value></entry></descriptors><lossTolerant>false</lossTolerant><penaltyDuration>30 sec</penaltyDuration><properties><entry><key>Metadata Service</key><value>57915bab-a087-40ab-ac25-d4058864719d</value></entry><entry><key>System feed category</key></entry><entry><key>System feed name</key></entry></properties><runDurationMillis>0</runDurationMillis><schedulingPeriod>0 sec</schedulingPeriod><schedulingStrategy>TIMER_DRIVEN</schedulingStrategy><yieldDuration>1 sec</yieldDuration></config><name>Route for Registration?</name><relationships><autoTerminate>false</autoTerminate><description>Registration is required.</description><name>registration_required</name></relationships><relationships><autoTerminate>false</autoTerminate><description>Successfully created FlowFile from .</description><name>success</name></relationships><state>STOPPED</state><style><entry><key>background-color</key><value>#11f237</value></entry></style><supportsEventDriven>true</supportsEventDriven><supportsParallelProcessing>true</supportsParallelProcessing><type>com.thinkbiganalytics.nifi.v2.ingest.RouteOnRegistration</type></processors><processors><id>79f03010-652b-4f67-a2e0-06eb079e77f2</id><parentGroupId>293ccfca-7d1e-4466-a1d4-3967bd8915f9</parentGroupId><position><x>831.3611755371098</x><y>182.0</y></position><config><bulletinLevel>WARN</bulletinLevel><comments></comments><concurrentlySchedulableTaskCount>1</concurrentlySchedulableTaskCount><defaultConcurrentTasks><entry><key>TIMER_DRIVEN</key><value>1</value></entry><entry><key>EVENT_DRIVEN</key><value>0</value></entry><entry><key>CRON_DRIVEN</key><value>1</value></entry></defaultConcurrentTasks><defaultSchedulingPeriod><entry><key>TIMER_DRIVEN</key><value>0 sec</value></entry><entry><key>CRON_DRIVEN</key><value>* * * * * ?</value></entry></defaultSchedulingPeriod><descriptors><entry><key>Delete Attributes Expression</key><value><description>Regular expression for attributes to be deleted from flowfiles.</description><displayName>Delete Attributes Expression</displayName><dynamic>false</dynamic><name>Delete Attributes Expression</name><required>false</required><sensitive>false</sensitive><supportsEl>true</supportsEl></value></entry><entry><key>category</key><value><description></description><displayName>category</displayName><dynamic>true</dynamic><name>category</name><required>false</required><sensitive>false</sensitive><supportsEl>true</supportsEl></value></entry><entry><key>feed</key><value><description></description><displayName>feed</displayName><dynamic>true</dynamic><name>feed</name><required>false</required><sensitive>false</sensitive><supportsEl>true</supportsEl></value></entry><entry><key>feedts</key><value><description></description><displayName>feedts</displayName><dynamic>true</dynamic><name>feedts</name><required>false</required><sensitive>false</sensitive><supportsEl>true</supportsEl></value></entry><entry><key>metadata.table.fieldIndexString</key><value><description></description><displayName>metadata.table.fieldIndexString</displayName><dynamic>true</dynamic><name>metadata.table.fieldIndexString</name><required>false</required><sensitive>false</sensitive><supportsEl>true</supportsEl></value></entry><entry><key>metadata.table.fieldPoliciesJson</key><value><description></description><displayName>metadata.table.fieldPoliciesJson</displayName><dynamic>true</dynamic><name>metadata.table.fieldPoliciesJson</name><required>false</required><sensitive>false</sensitive><supportsEl>true</supportsEl></value></entry><entry><key>metadata.table.fieldStructure</key><value><description></description><displayName>metadata.table.fieldStructure</displayName><dynamic>true</dynamic><name>metadata.table.fieldStructure</name><required>false</required><sensitive>false</sensitive><supportsEl>true</supportsEl></value></entry><entry><key>metadata.table.format</key><value><description></description><displayName>metadata.table.format</displayName><dynamic>true</dynamic><name>metadata.table.format</name><required>false</required><sensitive>false</sensitive><supportsEl>true</supportsEl></value></entry><entry><key>metadata.table.partitionSpecs</key><value><description></description><displayName>metadata.table.partitionSpecs</displayName><dynamic>true</dynamic><name>metadata.table.partitionSpecs</name><required>false</required><sensitive>false</sensitive><supportsEl>true</supportsEl></value></entry><entry><key>metadata.table.partitionStructure</key><value><description></description><displayName>metadata.table.partitionStructure</displayName><dynamic>true</dynamic><name>metadata.table.partitionStructure</name><required>false</required><sensitive>false</sensitive><supportsEl>true</supportsEl></value></entry><entry><key>spark.input_folder</key><value><description></description><displayName>spark.input_folder</displayName><dynamic>true</dynamic><name>spark.input_folder</name><required>false</required><sensitive>false</sensitive><supportsEl>true</supportsEl></value></entry><entry><key>transform_script</key><value><description></description><displayName>transform_script</displayName><dynamic>true</dynamic><name>transform_script</name><required>false</required><sensitive>false</sensitive><supportsEl>true</supportsEl></value></entry></descriptors><lossTolerant>false</lossTolerant><penaltyDuration>30 sec</penaltyDuration><properties><entry><key>Delete Attributes Expression</key></entry><entry><key>category</key><value>${category}</value></entry><entry><key>feed</key><value>${feed}</value></entry><entry><key>feedts</key><value>${now():format('yyyyMMddHHmmss')}</value></entry><entry><key>metadata.table.fieldIndexString</key><value>${metadata.table.fieldIndexString}</value></entry><entry><key>metadata.table.fieldPoliciesJson</key><value>${metadata.table.fieldPoliciesJson}</value></entry><entry><key>metadata.table.fieldStructure</key><value>${metadata.table.fieldStructure}</value></entry><entry><key>metadata.table.format</key><value>ROW FORMAT DELIMITED FIELDS TERMINATED BY ',' LINES TERMINATED BY '\n' STORED AS
    TEXTFILE
</value></entry><entry><key>metadata.table.partitionSpecs</key><value>${metadata.table.partitionSpecs}</value></entry><entry><key>metadata.table.partitionStructure</key><value>${metadata.table.partitionStructure}</value></entry><entry><key>spark.input_folder</key><value>/tmp</value></entry><entry><key>transform_script</key><value>${metadata.dataTransformation.dataTransformScript}</value></entry></properties><runDurationMillis>0</runDurationMillis><schedulingPeriod>0 sec</schedulingPeriod><schedulingStrategy>TIMER_DRIVEN</schedulingStrategy><yieldDuration>1 sec</yieldDuration></config><name>Update flow parameters</name><relationships><autoTerminate>false</autoTerminate><description>All FlowFiles are routed to this relationship</description><name>success</name></relationships><state>STOPPED</state><style><entry><key>background-color</key><value>#11f237</value></entry></style><supportsEventDriven>true</supportsEventDriven><supportsParallelProcessing>true</supportsParallelProcessing><type>org.apache.nifi.processors.attributes.UpdateAttribute</type></processors><processors><id>319afa05-bc6d-4ebd-b77a-286156d3664f</id><parentGroupId>293ccfca-7d1e-4466-a1d4-3967bd8915f9</parentGroupId><position><x>833.9999999999999</x><y>691.7636413574219</y></position><config><bulletinLevel>WARN</bulletinLevel><comments></comments><concurrentlySchedulableTaskCount>1</concurrentlySchedulableTaskCount><defaultConcurrentTasks><entry><key>TIMER_DRIVEN</key><value>1</value></entry><entry><key>EVENT_DRIVEN</key><value>0</value></entry><entry><key>CRON_DRIVEN</key><value>1</value></entry></defaultConcurrentTasks><defaultSchedulingPeriod><entry><key>TIMER_DRIVEN</key><value>0 sec</value></entry><entry><key>CRON_DRIVEN</key><value>* * * * * ?</value></entry></defaultSchedulingPeriod><descriptors><entry><key>Script Engine</key><value><allowableValues><displayName>ECMAScript</displayName><value>ECMAScript</value></allowableValues><allowableValues><displayName>Groovy</displayName><value>Groovy</value></allowableValues><allowableValues><displayName>lua</displayName><value>lua</value></allowableValues><allowableValues><displayName>python</displayName><value>python</value></allowableValues><allowableValues><displayName>ruby</displayName><value>ruby</value></allowableValues><defaultValue>ECMAScript</defaultValue><description>The engine to execute scripts</description><displayName>Script Engine</displayName><dynamic>false</dynamic><name>Script Engine</name><required>true</required><sensitive>false</sensitive><supportsEl>false</supportsEl></value></entry><entry><key>Script File</key><value><description>Path to script file to execute. Only one of Script File or Script Body may be used</description><displayName>Script File</displayName><dynamic>false</dynamic><name>Script File</name><required>false</required><sensitive>false</sensitive><supportsEl>true</supportsEl></value></entry><entry><key>Script Body</key><value><description>Body of script to execute. Only one of Script File or Script Body may be used</description><displayName>Script Body</displayName><dynamic>false</dynamic><name>Script Body</name><required>false</required><sensitive>false</sensitive><supportsEl>false</supportsEl></value></entry><entry><key>Module Directory</key><value><description>Comma-separated list of paths to files and/or directories which contain modules required by the script.</description><displayName>Module Directory</displayName><dynamic>false</dynamic><name>Module Directory</name><required>false</required><sensitive>false</sensitive><supportsEl>false</supportsEl></value></entry></descriptors><lossTolerant>false</lossTolerant><penaltyDuration>30 sec</penaltyDuration><properties><entry><key>Script Engine</key><value>Groovy</value></entry><entry><key>Script File</key></entry><entry><key>Script Body</key><value>// Get flow file
def flowFile = session.get()
if (!flowFile) return
// Create output directory
def inputFolder = flowFile.getAttribute(&quot;spark.input_folder&quot;)
def folder = new File(inputFolder)
if (!folder.exists()) folder.mkdirs()
// Write script
def script = flowFile.getAttribute(&quot;transform_script&quot;)
def category = flowFile.getAttribute(&quot;category&quot;)
def feed = flowFile.getAttribute(&quot;feed&quot;)
def tableName = category+&quot;.&quot;+feed;
def scalaFile = new File(folder, &quot;transform_script.scala&quot;)
scalaFile.write(script + &quot;.write.mode(SaveMode.Overwrite).insertInto(\&quot;&quot; + tableName + &quot;\&quot;)&quot;)
// Output file path
flowFile = session.putAttribute(flowFile, &quot;transform_script_file&quot;, scalaFile.getCanonicalPath())
session.transfer(flowFile, REL_SUCCESS)
</value></entry><entry><key>Module Directory</key></entry></properties><runDurationMillis>0</runDurationMillis><schedulingPeriod>0 sec</schedulingPeriod><schedulingStrategy>TIMER_DRIVEN</schedulingStrategy><yieldDuration>1 sec</yieldDuration></config><name>Prepare Script</name><relationships><autoTerminate>true</autoTerminate><description>FlowFiles that failed to be processed</description><name>failure</name></relationships><relationships><autoTerminate>false</autoTerminate><description>FlowFiles that were successfully processed</description><name>success</name></relationships><state>STOPPED</state><style/><supportsEventDriven>false</supportsEventDriven><supportsParallelProcessing>false</supportsParallelProcessing><type>org.apache.nifi.processors.script.ExecuteScript</type></processors><processors><id>eecd3997-dde8-41f8-b8f7-c8315308d06b</id><parentGroupId>293ccfca-7d1e-4466-a1d4-3967bd8915f9</parentGroupId><position><x>1394.874800923908</x><y>529.0223683956615</y></position><config><bulletinLevel>WARN</bulletinLevel><comments></comments><concurrentlySchedulableTaskCount>10</concurrentlySchedulableTaskCount><defaultConcurrentTasks><entry><key>TIMER_DRIVEN</key><value>1</value></entry><entry><key>EVENT_DRIVEN</key><value>0</value></entry><entry><key>CRON_DRIVEN</key><value>1</value></entry></defaultConcurrentTasks><defaultSchedulingPeriod><entry><key>TIMER_DRIVEN</key><value>0 sec</value></entry><entry><key>CRON_DRIVEN</key><value>* * * * * ?</value></entry></defaultSchedulingPeriod><descriptors><entry><key>Database Connection Pooling Service</key><value><allowableValues><displayName>Hive Thrift Service</displayName><value>84562676-c75f-4aa8-85fe-f2e5f1b2ad01</value></allowableValues><allowableValues><displayName>Hive Thrift Service</displayName><value>05538ab1-9342-49f0-a557-2e5899423069</value></allowableValues><allowableValues><displayName>Hive Thrift Service</displayName><value>3f3f6ef0-77c0-4d80-8cef-5e86ddd9b955</value></allowableValues><description>The Controller Service that is used to obtain connection to database</description><displayName>Database Connection Pooling Service</displayName><dynamic>false</dynamic><identifiesControllerService>com.thinkbiganalytics.nifi.v2.thrift.ThriftService</identifiesControllerService><name>Database Connection Pooling Service</name><required>true</required><sensitive>false</sensitive><supportsEl>false</supportsEl></value></entry><entry><key>System feed category</key><value><defaultValue>${category}</defaultValue><description>System category of feed this processor supports</description><displayName>System feed category</displayName><dynamic>false</dynamic><name>System feed category</name><required>true</required><sensitive>false</sensitive><supportsEl>true</supportsEl></value></entry><entry><key>System feed name</key><value><defaultValue>${feed}</defaultValue><description>Name of feed this processor supports</description><displayName>System feed name</displayName><dynamic>false</dynamic><name>System feed name</name><required>true</required><sensitive>false</sensitive><supportsEl>true</supportsEl></value></entry><entry><key>Table Type</key><value><allowableValues><displayName>FEED</displayName><value>FEED</value></allowableValues><allowableValues><displayName>VALID</displayName><value>VALID</value></allowableValues><allowableValues><displayName>INVALID</displayName><value>INVALID</value></allowableValues><allowableValues><displayName>PROFILE</displayName><value>PROFILE</value></allowableValues><allowableValues><displayName>MASTER</displayName><value>MASTER</value></allowableValues><allowableValues><displayName>ALL</displayName><value>ALL</value></allowableValues><defaultValue>ALL</defaultValue><description>Specifies the standard table type to create or ALL for standard set.</description><displayName>Table Type</displayName><dynamic>false</dynamic><name>Table Type</name><required>true</required><sensitive>false</sensitive><supportsEl>false</supportsEl></value></entry><entry><key>Field specification</key><value><defaultValue>${metadata.table.fieldStructure}</defaultValue><description>Pipe-delim format with the specifications for the fields (column name|data type|comment</description><displayName>Field specification</displayName><dynamic>false</dynamic><name>Field specification</name><required>true</required><sensitive>false</sensitive><supportsEl>true</supportsEl></value></entry><entry><key>Partition specification</key><value><defaultValue>${metadata.table.partitionStructure}</defaultValue><description>Provide list of partition columns column-delimited</description><displayName>Partition specification</displayName><dynamic>false</dynamic><name>Partition specification</name><required>false</required><sensitive>false</sensitive><supportsEl>true</supportsEl></value></entry><entry><key>Feed Table Storage Format</key><value><defaultValue>${metadata.table.feedFormat}</defaultValue><description>Provide format and delimiter specification. This is the full clause starting with the INPUTFORMAT such as: INPUTFORMAT 'org.apache.hadoop.mapred.TextInputFormat' OUTPUTFORMAT 'org.apache.hadoop.hive.ql.io.HiveIgnoreKeyTextOutputFormat' </description><displayName>Feed Table Storage Format</displayName><dynamic>false</dynamic><name>Feed Table Storage Format</name><required>true</required><sensitive>false</sensitive><supportsEl>true</supportsEl></value></entry><entry><key>Target Table Format</key><value><defaultValue>${metadata.table.targetFormat}</defaultValue><description>Provide storage format specification for the target tables</description><displayName>Target Table Format</displayName><dynamic>false</dynamic><name>Target Table Format</name><required>true</required><sensitive>false</sensitive><supportsEl>true</supportsEl></value></entry><entry><key>Target Table Properties</key><value><defaultValue>${metadata.table.targetTblProperties}</defaultValue><description>TblProperties clause generally specificying the compression option</description><displayName>Target Table Properties</displayName><dynamic>false</dynamic><name>Target Table Properties</name><required>false</required><sensitive>false</sensitive><supportsEl>true</supportsEl></value></entry></descriptors><lossTolerant>false</lossTolerant><penaltyDuration>30 sec</penaltyDuration><properties><entry><key>Database Connection Pooling Service</key><value>05538ab1-9342-49f0-a557-2e5899423069</value></entry><entry><key>System feed category</key></entry><entry><key>System feed name</key></entry><entry><key>Table Type</key></entry><entry><key>Field specification</key></entry><entry><key>Partition specification</key><value>${metadata.table.partitionStructure}</value></entry><entry><key>Feed Table Storage Format</key></entry><entry><key>Target Table Format</key></entry><entry><key>Target Table Properties</key></entry></properties><runDurationMillis>0</runDurationMillis><schedulingPeriod>0 sec</schedulingPeriod><schedulingStrategy>TIMER_DRIVEN</schedulingStrategy><yieldDuration>1 sec</yieldDuration></config><name>Register Tables</name><relationships><autoTerminate>false</autoTerminate><description>SQL query execution failed. Incoming FlowFile will be penalized and routed to this relationship</description><name>failure</name></relationships><relationships><autoTerminate>false</autoTerminate><description>Successfully created FlowFile from .</description><name>success</name></relationships><state>STOPPED</state><style><entry><key>background-color</key><value>#da05ff</value></entry></style><supportsEventDriven>true</supportsEventDriven><supportsParallelProcessing>true</supportsParallelProcessing><type>com.thinkbiganalytics.nifi.v2.ingest.RegisterFeedTables</type></processors><processors><id>89da77d7-bf37-452f-a8e5-98a903f66683</id><parentGroupId>293ccfca-7d1e-4466-a1d4-3967bd8915f9</parentGroupId><position><x>1395.8399789816158</x><y>692.3051073472998</y></position><config><bulletinLevel>WARN</bulletinLevel><comments></comments><concurrentlySchedulableTaskCount>1</concurrentlySchedulableTaskCount><defaultConcurrentTasks><entry><key>TIMER_DRIVEN</key><value>1</value></entry><entry><key>EVENT_DRIVEN</key><value>0</value></entry><entry><key>CRON_DRIVEN</key><value>1</value></entry></defaultConcurrentTasks><defaultSchedulingPeriod><entry><key>TIMER_DRIVEN</key><value>0 sec</value></entry><entry><key>CRON_DRIVEN</key><value>* * * * * ?</value></entry></defaultSchedulingPeriod><descriptors><entry><key>Metadata Service</key><value><allowableValues><displayName>Think Big Metadata Service</displayName><value>12bd211a-9ec1-4cf8-ba19-9417b73bd6ab</value></allowableValues><allowableValues><displayName>Think Big Metadata Service</displayName><value>6a836be3-4fe3-4599-b629-173ff422a861</value></allowableValues><allowableValues><displayName>Think Big Metadata Service</displayName><value>57915bab-a087-40ab-ac25-d4058864719d</value></allowableValues><description>Think Big metadata service</description><displayName>Metadata Service</displayName><dynamic>false</dynamic><identifiesControllerService>com.thinkbiganalytics.nifi.core.api.metadata.MetadataProviderService</identifiesControllerService><name>Metadata Service</name><required>true</required><sensitive>false</sensitive><supportsEl>false</supportsEl></value></entry><entry><key>System feed category</key><value><defaultValue>${category}</defaultValue><description>System category of feed this processor supports</description><displayName>System feed category</displayName><dynamic>false</dynamic><name>System feed category</name><required>true</required><sensitive>false</sensitive><supportsEl>true</supportsEl></value></entry><entry><key>System feed name</key><value><defaultValue>${feed}</defaultValue><description>Name of feed this processor supports</description><displayName>System feed name</displayName><dynamic>false</dynamic><name>System feed name</name><required>true</required><sensitive>false</sensitive><supportsEl>true</supportsEl></value></entry><entry><key>Result</key><value><allowableValues><displayName>success</displayName><value>success</value></allowableValues><allowableValues><displayName>fail</displayName><value>fail</value></allowableValues><defaultValue>success</defaultValue><description>Indicates what should happen when a file with the same name already exists in the output directory</description><displayName>Result</displayName><dynamic>false</dynamic><name>Result</name><required>true</required><sensitive>false</sensitive><supportsEl>false</supportsEl></value></entry></descriptors><lossTolerant>false</lossTolerant><penaltyDuration>30 sec</penaltyDuration><properties><entry><key>Metadata Service</key><value>57915bab-a087-40ab-ac25-d4058864719d</value></entry><entry><key>System feed category</key></entry><entry><key>System feed name</key></entry><entry><key>Result</key><value>success</value></entry></properties><runDurationMillis>0</runDurationMillis><schedulingPeriod>0 sec</schedulingPeriod><schedulingStrategy>TIMER_DRIVEN</schedulingStrategy><yieldDuration>1 sec</yieldDuration></config><name>Record Registration</name><relationships><autoTerminate>false</autoTerminate><description>Successfully created FlowFile from .</description><name>success</name></relationships><state>STOPPED</state><style><entry><key>background-color</key><value>#da05ff</value></entry></style><supportsEventDriven>true</supportsEventDriven><supportsParallelProcessing>true</supportsParallelProcessing><type>com.thinkbiganalytics.nifi.v2.ingest.UpdateRegistration</type></processors><processors><id>a531f469-7267-4572-83d7-67deb1b60a22</id><parentGroupId>293ccfca-7d1e-4466-a1d4-3967bd8915f9</parentGroupId><position><x>1392.2054254882846</x><y>371.0153785799746</y></position><config><bulletinLevel>WARN</bulletinLevel><comments></comments><concurrentlySchedulableTaskCount>10</concurrentlySchedulableTaskCount><defaultConcurrentTasks><entry><key>TIMER_DRIVEN</key><value>1</value></entry><entry><key>EVENT_DRIVEN</key><value>0</value></entry><entry><key>CRON_DRIVEN</key><value>1</value></entry></defaultConcurrentTasks><defaultSchedulingPeriod><entry><key>TIMER_DRIVEN</key><value>0 sec</value></entry><entry><key>CRON_DRIVEN</key><value>* * * * * ?</value></entry></defaultSchedulingPeriod><descriptors><entry><key>Hadoop Configuration Resources</key><value><description>A file or comma separated list of files which contains the Hadoop file system configuration. Without this, Hadoop will search the classpath for a 'core-site.xml' and 'hdfs-site.xml' file or will revert to a default configuration.</description><displayName>Hadoop Configuration Resources</displayName><dynamic>false</dynamic><name>Hadoop Configuration Resources</name><required>false</required><sensitive>false</sensitive><supportsEl>false</supportsEl></value></entry><entry><key>Kerberos Principal</key><value><description>Kerberos principal to authenticate as. Requires nifi.kerberos.krb5.file to be set in your nifi.properties</description><displayName>Kerberos Principal</displayName><dynamic>false</dynamic><name>Kerberos Principal</name><required>false</required><sensitive>false</sensitive><supportsEl>false</supportsEl></value></entry><entry><key>Kerberos Keytab</key><value><description>Kerberos keytab associated with the principal. Requires nifi.kerberos.krb5.file to be set in your nifi.properties</description><displayName>Kerberos Keytab</displayName><dynamic>false</dynamic><name>Kerberos Keytab</name><required>false</required><sensitive>false</sensitive><supportsEl>false</supportsEl></value></entry><entry><key>Kerberos Relogin Period</key><value><defaultValue>4 hours</defaultValue><description>Period of time which should pass before attempting a kerberos relogin</description><displayName>Kerberos Relogin Period</displayName><dynamic>false</dynamic><name>Kerberos Relogin Period</name><required>false</required><sensitive>false</sensitive><supportsEl>false</supportsEl></value></entry><entry><key>Directory</key><value><description>The full HDFS directory(s) to create separated by newline</description><displayName>Directory</displayName><dynamic>false</dynamic><name>Directory</name><required>true</required><sensitive>false</sensitive><supportsEl>true</supportsEl></value></entry><entry><key>Permissions umask</key><value><description>A umask represented as an octal number which determines the permissions of files written to HDFS. This overrides the Hadoop Configuration dfs.umaskmode</description><displayName>Permissions umask</displayName><dynamic>false</dynamic><name>Permissions umask</name><required>false</required><sensitive>false</sensitive><supportsEl>false</supportsEl></value></entry><entry><key>Remote Owner</key><value><description>Changes the owner of the HDFS file to this value after it is written. This only works if NiFi is running as a user that has HDFS super user privilege to change owner</description><displayName>Remote Owner</displayName><dynamic>false</dynamic><name>Remote Owner</name><required>false</required><sensitive>false</sensitive><supportsEl>true</supportsEl></value></entry><entry><key>Remote Group</key><value><description>Changes the group of the HDFS file to this value after it is written. This only works if NiFi is running as a user that has HDFS super user privilege to change group</description><displayName>Remote Group</displayName><dynamic>false</dynamic><name>Remote Group</name><required>false</required><sensitive>false</sensitive><supportsEl>true</supportsEl></value></entry></descriptors><lossTolerant>false</lossTolerant><penaltyDuration>30 sec</penaltyDuration><properties><entry><key>Hadoop Configuration Resources</key><value>/etc/hadoop/conf/core-site.xml,/etc/hadoop/conf/hdfs-site.xml</value></entry><entry><key>Kerberos Principal</key></entry><entry><key>Kerberos Keytab</key></entry><entry><key>Kerberos Relogin Period</key><value>4 hours</value></entry><entry><key>Directory</key><value>/model.db/${category}
    /model.db/${category}/${feed}
    /model.db/${category}/${feed}/feed
    /model.db/${category}/${feed}/valid
    /model.db/${category}/${feed}/invalid
    /model.db/${category}/${feed}/profile
    /app/warehouse/${category}/
    /app/warehouse/${category}/${feed}
    /etl/${category}
    /etl/${category}/${feed}
</value></entry><entry><key>Permissions umask</key><value>777</value></entry><entry><key>Remote Owner</key><value>nifi</value></entry><entry><key>Remote Group</key></entry></properties><runDurationMillis>0</runDurationMillis><schedulingPeriod>30 sec</schedulingPeriod><schedulingStrategy>TIMER_DRIVEN</schedulingStrategy><yieldDuration>1 sec</yieldDuration></config><name>Register HDFS Folders</name><relationships><autoTerminate>false</autoTerminate><description>Files that could not be written to HDFS for some reason are transferred to this relationship</description><name>failure</name></relationships><relationships><autoTerminate>false</autoTerminate><description>Files that have been successfully written to HDFS are transferred to this relationship</description><name>success</name></relationships><state>STOPPED</state><style><entry><key>background-color</key><value>#da05ff</value></entry></style><supportsEventDriven>true</supportsEventDriven><supportsParallelProcessing>true</supportsParallelProcessing><type>com.thinkbiganalytics.nifi.v2.hdfs.CreateHDFSFolder</type></processors><processors><id>f148de1d-83f3-4229-bae6-0c5f4f824905</id><parentGroupId>293ccfca-7d1e-4466-a1d4-3967bd8915f9</parentGroupId><position><x>303.0</x><y>193.76364135742188</y></position><config><bulletinLevel>WARN</bulletinLevel><comments></comments><concurrentlySchedulableTaskCount>1</concurrentlySchedulableTaskCount><defaultConcurrentTasks><entry><key>TIMER_DRIVEN</key><value>1</value></entry><entry><key>EVENT_DRIVEN</key><value>0</value></entry><entry><key>CRON_DRIVEN</key><value>1</value></entry></defaultConcurrentTasks><defaultSchedulingPeriod><entry><key>TIMER_DRIVEN</key><value>0 sec</value></entry><entry><key>CRON_DRIVEN</key><value>* * * * * ?</value></entry></defaultSchedulingPeriod><descriptors><entry><key>File Size</key><value><description>The size of the file that will be used</description><displayName>File Size</displayName><dynamic>false</dynamic><name>File Size</name><required>true</required><sensitive>false</sensitive><supportsEl>false</supportsEl></value></entry><entry><key>Batch Size</key><value><defaultValue>1</defaultValue><description>The number of FlowFiles to be transferred in each invocation</description><displayName>Batch Size</displayName><dynamic>false</dynamic><name>Batch Size</name><required>true</required><sensitive>false</sensitive><supportsEl>false</supportsEl></value></entry><entry><key>Data Format</key><value><allowableValues><displayName>Binary</displayName><value>Binary</value></allowableValues><allowableValues><displayName>Text</displayName><value>Text</value></allowableValues><defaultValue>Binary</defaultValue><description>Specifies whether the data should be Text or Binary</description><displayName>Data Format</displayName><dynamic>false</dynamic><name>Data Format</name><required>true</required><sensitive>false</sensitive><supportsEl>false</supportsEl></value></entry><entry><key>Unique FlowFiles</key><value><allowableValues><displayName>true</displayName><value>true</value></allowableValues><allowableValues><displayName>false</displayName><value>false</value></allowableValues><defaultValue>false</defaultValue><description>If true, each FlowFile that is generated will be unique. If false, a random value will be generated and all FlowFiles will get the same content but this offers much higher throughput</description><displayName>Unique FlowFiles</displayName><dynamic>false</dynamic><name>Unique FlowFiles</name><required>true</required><sensitive>false</sensitive><supportsEl>false</supportsEl></value></entry></descriptors><lossTolerant>false</lossTolerant><penaltyDuration>30 sec</penaltyDuration><properties><entry><key>File Size</key><value>0 B</value></entry><entry><key>Batch Size</key></entry><entry><key>Data Format</key></entry><entry><key>Unique FlowFiles</key></entry></properties><runDurationMillis>0</runDurationMillis><schedulingPeriod>1 hr</schedulingPeriod><schedulingStrategy>TIMER_DRIVEN</schedulingStrategy><yieldDuration>1 sec</yieldDuration></config><name>GenerateFlowFile</name><relationships><autoTerminate>false</autoTerminate><description></description><name>success</name></relationships><state>STOPPED</state><style/><supportsEventDriven>false</supportsEventDriven><supportsParallelProcessing>true</supportsParallelProcessing><type>org.apache.nifi.processors.standard.GenerateFlowFile</type></processors><processors><id>f99db9c6-7fbc-4e0c-822b-9cd8ce3e1db1</id><parentGroupId>293ccfca-7d1e-4466-a1d4-3967bd8915f9</parentGroupId><position><x>1925.4519960534367</x><y>457.23738580224176</y></position><config><bulletinLevel>WARN</bulletinLevel><comments></comments><concurrentlySchedulableTaskCount>10</concurrentlySchedulableTaskCount><defaultConcurrentTasks><entry><key>TIMER_DRIVEN</key><value>1</value></entry><entry><key>EVENT_DRIVEN</key><value>0</value></entry><entry><key>CRON_DRIVEN</key><value>1</value></entry></defaultConcurrentTasks><defaultSchedulingPeriod><entry><key>TIMER_DRIVEN</key><value>0 sec</value></entry><entry><key>CRON_DRIVEN</key><value>* * * * * ?</value></entry></defaultSchedulingPeriod><descriptors><entry><key>Directory</key><value><description>The directory to which files should be written. You may use expression language such as /aa/bb/${path}</description><displayName>Directory</displayName><dynamic>false</dynamic><name>Directory</name><required>true</required><sensitive>false</sensitive><supportsEl>true</supportsEl></value></entry><entry><key>Conflict Resolution Strategy</key><value><allowableValues><displayName>replace</displayName><value>replace</value></allowableValues><allowableValues><displayName>ignore</displayName><value>ignore</value></allowableValues><allowableValues><displayName>fail</displayName><value>fail</value></allowableValues><defaultValue>fail</defaultValue><description>Indicates what should happen when a file with the same name already exists in the output directory</description><displayName>Conflict Resolution Strategy</displayName><dynamic>false</dynamic><name>Conflict Resolution Strategy</name><required>true</required><sensitive>false</sensitive><supportsEl>false</supportsEl></value></entry><entry><key>Create Missing Directories</key><value><allowableValues><displayName>true</displayName><value>true</value></allowableValues><allowableValues><displayName>false</displayName><value>false</value></allowableValues><defaultValue>true</defaultValue><description>If true, then missing destination directories will be created. If false, flowfiles are penalized and sent to failure.</description><displayName>Create Missing Directories</displayName><dynamic>false</dynamic><name>Create Missing Directories</name><required>true</required><sensitive>false</sensitive><supportsEl>false</supportsEl></value></entry><entry><key>Maximum File Count</key><value><description>Specifies the maximum number of files that can exist in the output directory</description><displayName>Maximum File Count</displayName><dynamic>false</dynamic><name>Maximum File Count</name><required>false</required><sensitive>false</sensitive><supportsEl>false</supportsEl></value></entry><entry><key>Last Modified Time</key><value><description>Sets the lastModifiedTime on the output file to the value of this attribute.  Format must be yyyy-MM-dd'T'HH:mm:ssZ.  You may also use expression language such as ${file.lastModifiedTime}.</description><displayName>Last Modified Time</displayName><dynamic>false</dynamic><name>Last Modified Time</name><required>false</required><sensitive>false</sensitive><supportsEl>true</supportsEl></value></entry><entry><key>Permissions</key><value><description>Sets the permissions on the output file to the value of this attribute.  Format must be either UNIX rwxrwxrwx with a - in place of denied permissions (e.g. rw-r--r--) or an octal number (e.g. 644).  You may also use expression language such as ${file.permissions}.</description><displayName>Permissions</displayName><dynamic>false</dynamic><name>Permissions</name><required>false</required><sensitive>false</sensitive><supportsEl>true</supportsEl></value></entry><entry><key>Owner</key><value><description>Sets the owner on the output file to the value of this attribute.  You may also use expression language such as ${file.owner}.</description><displayName>Owner</displayName><dynamic>false</dynamic><name>Owner</name><required>false</required><sensitive>false</sensitive><supportsEl>true</supportsEl></value></entry><entry><key>Group</key><value><description>Sets the group on the output file to the value of this attribute.  You may also use expression language such as ${file.group}.</description><displayName>Group</displayName><dynamic>false</dynamic><name>Group</name><required>false</required><sensitive>false</sensitive><supportsEl>true</supportsEl></value></entry></descriptors><lossTolerant>false</lossTolerant><penaltyDuration>30 sec</penaltyDuration><properties><entry><key>Directory</key><value>/tmp/${category}/${feed}/${feedts}/abandoned</value></entry><entry><key>Conflict Resolution Strategy</key><value>replace</value></entry><entry><key>Create Missing Directories</key><value>true</value></entry><entry><key>Maximum File Count</key></entry><entry><key>Last Modified Time</key></entry><entry><key>Permissions</key></entry><entry><key>Owner</key></entry><entry><key>Group</key></entry></properties><runDurationMillis>0</runDurationMillis><schedulingPeriod>0 sec</schedulingPeriod><schedulingStrategy>TIMER_DRIVEN</schedulingStrategy><yieldDuration>1 sec</yieldDuration></config><name>Aborted Registration</name><relationships><autoTerminate>true</autoTerminate><description>Files that could not be written to the output directory for some reason are transferred to this relationship</description><name>failure</name></relationships><relationships><autoTerminate>true</autoTerminate><description>Files that have been successfully written to the output directory are transferred to this relationship</description><name>success</name></relationships><state>STOPPED</state><style><entry><key>background-color</key><value>#fa0a1a</value></entry></style><supportsEventDriven>false</supportsEventDriven><supportsParallelProcessing>true</supportsParallelProcessing><type>org.apache.nifi.processors.standard.PutFile</type></processors></snippet><timestamp>07/11/2016 16:39:17 UTC</timestamp></template>