{"properties":[{"processGroupName":"NiFi Flow","processorName":"Update flow parameters","processorId":"0a73a762-892b-48be-bab7-8b96a4905ab3","processGroupId":"10585f10-f732-4d26-8d32-ea9cc1e4720a","processorType":"org.apache.nifi.processors.attributes.UpdateAttribute","key":"category","value":"${metadata.category.systemName}","templateValue":"${metadata.category.systemName}","userEditable":false,"expressionProperties":null,"propertyDescriptor":{"name":"category","displayName":"category","description":"","defaultValue":null,"allowableValues":null,"required":false,"sensitive":false,"dynamic":true,"supportsEl":true,"identifiesControllerService":null},"renderType":"text","selected":true,"inputProperty":false,"templateProperty":null,"idKey":"10585f10-f732-4d26-8d32-ea9cc1e4720a-0a73a762-892b-48be-bab7-8b96a4905ab3-category","nameKey":"NiFi Flow-Update flow parameters-category"},{"processGroupName":"NiFi Flow","processorName":"Update flow parameters","processorId":"0a73a762-892b-48be-bab7-8b96a4905ab3","processGroupId":"10585f10-f732-4d26-8d32-ea9cc1e4720a","processorType":"org.apache.nifi.processors.attributes.UpdateAttribute","key":"feed","value":"${metadata.systemFeedName}","templateValue":"${metadata.systemFeedName}","userEditable":false,"expressionProperties":null,"propertyDescriptor":{"name":"feed","displayName":"feed","description":"","defaultValue":null,"allowableValues":null,"required":false,"sensitive":false,"dynamic":true,"supportsEl":true,"identifiesControllerService":null},"renderType":"text","selected":true,"inputProperty":false,"templateProperty":null,"idKey":"10585f10-f732-4d26-8d32-ea9cc1e4720a-0a73a762-892b-48be-bab7-8b96a4905ab3-feed","nameKey":"NiFi Flow-Update flow parameters-feed"},{"processGroupName":"NiFi Flow","processorName":"Update flow parameters","processorId":"0a73a762-892b-48be-bab7-8b96a4905ab3","processGroupId":"10585f10-f732-4d26-8d32-ea9cc1e4720a","processorType":"org.apache.nifi.processors.attributes.UpdateAttribute","key":"metadata.table.fieldIndexString","value":"${metadata.table.fieldIndexString}","templateValue":"${metadata.table.fieldIndexString}","userEditable":false,"expressionProperties":null,"propertyDescriptor":{"name":"metadata.table.fieldIndexString","displayName":"metadata.table.fieldIndexString","description":"","defaultValue":null,"allowableValues":null,"required":false,"sensitive":false,"dynamic":true,"supportsEl":true,"identifiesControllerService":null},"renderType":"text","selected":true,"inputProperty":false,"templateProperty":null,"idKey":"10585f10-f732-4d26-8d32-ea9cc1e4720a-0a73a762-892b-48be-bab7-8b96a4905ab3-metadata.table.fieldIndexString","nameKey":"NiFi Flow-Update flow parameters-metadata.table.fieldIndexString"},{"processGroupName":"NiFi Flow","processorName":"Update flow parameters","processorId":"0a73a762-892b-48be-bab7-8b96a4905ab3","processGroupId":"10585f10-f732-4d26-8d32-ea9cc1e4720a","processorType":"org.apache.nifi.processors.attributes.UpdateAttribute","key":"metadata.table.fieldPoliciesJson","value":"${metadata.table.fieldPoliciesJson}","templateValue":"${metadata.table.fieldPoliciesJson}","userEditable":false,"expressionProperties":null,"propertyDescriptor":{"name":"metadata.table.fieldPoliciesJson","displayName":"metadata.table.fieldPoliciesJson","description":"","defaultValue":null,"allowableValues":null,"required":false,"sensitive":false,"dynamic":true,"supportsEl":true,"identifiesControllerService":null},"renderType":"text","selected":true,"inputProperty":false,"templateProperty":null,"idKey":"10585f10-f732-4d26-8d32-ea9cc1e4720a-0a73a762-892b-48be-bab7-8b96a4905ab3-metadata.table.fieldPoliciesJson","nameKey":"NiFi Flow-Update flow parameters-metadata.table.fieldPoliciesJson"},{"processGroupName":"NiFi Flow","processorName":"Update flow parameters","processorId":"0a73a762-892b-48be-bab7-8b96a4905ab3","processGroupId":"10585f10-f732-4d26-8d32-ea9cc1e4720a","processorType":"org.apache.nifi.processors.attributes.UpdateAttribute","key":"metadata.table.fieldStructure","value":"${metadata.table.fieldStructure}","templateValue":"${metadata.table.fieldStructure}","userEditable":false,"expressionProperties":null,"propertyDescriptor":{"name":"metadata.table.fieldStructure","displayName":"metadata.table.fieldStructure","description":"","defaultValue":null,"allowableValues":null,"required":false,"sensitive":false,"dynamic":true,"supportsEl":true,"identifiesControllerService":null},"renderType":"text","selected":true,"inputProperty":false,"templateProperty":null,"idKey":"10585f10-f732-4d26-8d32-ea9cc1e4720a-0a73a762-892b-48be-bab7-8b96a4905ab3-metadata.table.fieldStructure","nameKey":"NiFi Flow-Update flow parameters-metadata.table.fieldStructure"},{"processGroupName":"NiFi Flow","processorName":"Update flow parameters","processorId":"0a73a762-892b-48be-bab7-8b96a4905ab3","processGroupId":"10585f10-f732-4d26-8d32-ea9cc1e4720a","processorType":"org.apache.nifi.processors.attributes.UpdateAttribute","key":"metadata.table.partitionSpecs","value":"${metadata.table.partitionSpecs}","templateValue":"${metadata.table.partitionSpecs}","userEditable":false,"expressionProperties":null,"propertyDescriptor":{"name":"metadata.table.partitionSpecs","displayName":"metadata.table.partitionSpecs","description":"","defaultValue":null,"allowableValues":null,"required":false,"sensitive":false,"dynamic":true,"supportsEl":true,"identifiesControllerService":null},"renderType":"text","selected":true,"inputProperty":false,"templateProperty":null,"idKey":"10585f10-f732-4d26-8d32-ea9cc1e4720a-0a73a762-892b-48be-bab7-8b96a4905ab3-metadata.table.partitionSpecs","nameKey":"NiFi Flow-Update flow parameters-metadata.table.partitionSpecs"},{"processGroupName":"NiFi Flow","processorName":"Update flow parameters","processorId":"0a73a762-892b-48be-bab7-8b96a4905ab3","processGroupId":"10585f10-f732-4d26-8d32-ea9cc1e4720a","processorType":"org.apache.nifi.processors.attributes.UpdateAttribute","key":"metadata.table.partitionStructure","value":"${metadata.table.partitionStructure}","templateValue":"${metadata.table.partitionStructure}","userEditable":false,"expressionProperties":null,"propertyDescriptor":{"name":"metadata.table.partitionStructure","displayName":"metadata.table.partitionStructure","description":"","defaultValue":null,"allowableValues":null,"required":false,"sensitive":false,"dynamic":true,"supportsEl":true,"identifiesControllerService":null},"renderType":"text","selected":true,"inputProperty":false,"templateProperty":null,"idKey":"10585f10-f732-4d26-8d32-ea9cc1e4720a-0a73a762-892b-48be-bab7-8b96a4905ab3-metadata.table.partitionStructure","nameKey":"NiFi Flow-Update flow parameters-metadata.table.partitionStructure"},{"processGroupName":"NiFi Flow","processorName":"Update flow parameters","processorId":"0a73a762-892b-48be-bab7-8b96a4905ab3","processGroupId":"10585f10-f732-4d26-8d32-ea9cc1e4720a","processorType":"org.apache.nifi.processors.attributes.UpdateAttribute","key":"transform_script","value":"${metadata.dataTransformation.dataTransformScript}","templateValue":"${metadata.dataTransformation.dataTransformScript}","userEditable":false,"expressionProperties":null,"propertyDescriptor":{"name":"transform_script","displayName":"transform_script","description":"","defaultValue":null,"allowableValues":null,"required":false,"sensitive":false,"dynamic":true,"supportsEl":true,"identifiesControllerService":null},"renderType":"text","selected":true,"inputProperty":false,"templateProperty":null,"idKey":"10585f10-f732-4d26-8d32-ea9cc1e4720a-0a73a762-892b-48be-bab7-8b96a4905ab3-transform_script","nameKey":"NiFi Flow-Update flow parameters-transform_script"}],"id":"626863e9-4224-461e-a316-9a20732b5d82","nifiTemplateId":"6c8dbf27-7ec1-489a-9ef8-28dc840e385e","templateName":"Data Transformation","updateDate":1467728511032,"createDate":1466548826018,"icon":"merge_type","iconColor":"#FFCA28","description":"Data Transformation","defineTable":false,"reusableTemplate":false,"reusableTemplateConnections":[],"allowPreconditions":true,"dataTransformation":true}