{"properties":[{"processGroupName":"NiFi Flow","processorName":"TriggerCleanup","processorId":"dc07d3f9-ca98-4796-9d74-68edcaae4932","processGroupId":"520a4efe-35ba-4ae9-910b-3d392b118d06","processorType":"com.thinkbiganalytics.nifi.v2.metadata.TriggerCleanup","key":"System feed category","value":"${metadata.category.systemName}","templateValue":"${metadata.category.systemName}","userEditable":false,"expressionProperties":null,"propertyDescriptor":{"name":"System feed category","displayName":"System feed category","description":"The category name of this feed. The default is to have this name automatically set when the feed is created. Normally you do not need to change the default value.","defaultValue":"${metadata.category.systemName}","allowableValues":null,"required":true,"sensitive":false,"dynamic":false,"supportsEl":false,"identifiesControllerService":null},"renderType":"text","selected":true,"inputProperty":true,"templateProperty":null,"nameKey":"NiFi Flow-TriggerCleanup-System feed category","idKey":"520a4efe-35ba-4ae9-910b-3d392b118d06-dc07d3f9-ca98-4796-9d74-68edcaae4932-System feed category"},{"processGroupName":"NiFi Flow","processorName":"TriggerCleanup","processorId":"dc07d3f9-ca98-4796-9d74-68edcaae4932","processGroupId":"520a4efe-35ba-4ae9-910b-3d392b118d06","processorType":"com.thinkbiganalytics.nifi.v2.metadata.TriggerCleanup","key":"System feed name","value":"${metadata.systemFeedName}","templateValue":"${metadata.systemFeedName}","userEditable":false,"expressionProperties":null,"propertyDescriptor":{"name":"System feed name","displayName":"System feed name","description":"The system name of this feed. The default is to have this name automatically set when the feed is created. Normally you do not need to change the default value.","defaultValue":"${metadata.systemFeedName}","allowableValues":null,"required":true,"sensitive":false,"dynamic":false,"supportsEl":false,"identifiesControllerService":null},"renderType":"text","selected":true,"inputProperty":true,"templateProperty":null,"nameKey":"NiFi Flow-TriggerCleanup-System feed name","idKey":"520a4efe-35ba-4ae9-910b-3d392b118d06-dc07d3f9-ca98-4796-9d74-68edcaae4932-System feed name"},{"processGroupName":"NiFi Flow","processorName":"PostHTTP","processorId":"255a9c74-8b61-42fe-953a-95ed7f3a188b","processGroupId":"520a4efe-35ba-4ae9-910b-3d392b118d06","processorType":"org.apache.nifi.processors.standard.PostHTTP","key":"Password","value":"thinkbig","templateValue":"thinkbig","userEditable":false,"expressionProperties":null,"propertyDescriptor":{"name":"Password","displayName":"Password","description":"Password required to access the URL","defaultValue":null,"allowableValues":null,"required":false,"sensitive":true,"dynamic":false,"supportsEl":false,"identifiesControllerService":null},"renderType":"text","selected":true,"inputProperty":false,"templateProperty":null,"nameKey":"NiFi Flow-PostHTTP-Password","idKey":"520a4efe-35ba-4ae9-910b-3d392b118d06-255a9c74-8b61-42fe-953a-95ed7f3a188b-Password"},{"processGroupName":"NiFi Flow","processorName":"Update flow parameters","processorId":"d2b40f8d-60a1-45d2-99ed-1df979a71430","processGroupId":"520a4efe-35ba-4ae9-910b-3d392b118d06","processorType":"org.apache.nifi.processors.attributes.UpdateAttribute","key":"category","value":"${metadata.category.systemName}","templateValue":"${metadata.category.systemName}","userEditable":false,"expressionProperties":null,"propertyDescriptor":{"name":"category","displayName":"category","description":"","defaultValue":null,"allowableValues":null,"required":false,"sensitive":false,"dynamic":true,"supportsEl":true,"identifiesControllerService":null},"renderType":"text","selected":true,"inputProperty":false,"templateProperty":null,"nameKey":"NiFi Flow-Update flow parameters-category","idKey":"520a4efe-35ba-4ae9-910b-3d392b118d06-d2b40f8d-60a1-45d2-99ed-1df979a71430-category"},{"processGroupName":"NiFi Flow","processorName":"Update flow parameters","processorId":"d2b40f8d-60a1-45d2-99ed-1df979a71430","processGroupId":"520a4efe-35ba-4ae9-910b-3d392b118d06","processorType":"org.apache.nifi.processors.attributes.UpdateAttribute","key":"feed","value":"${metadata.systemFeedName}","templateValue":"${metadata.systemFeedName}","userEditable":false,"expressionProperties":null,"propertyDescriptor":{"name":"feed","displayName":"feed","description":"","defaultValue":null,"allowableValues":null,"required":false,"sensitive":false,"dynamic":true,"supportsEl":true,"identifiesControllerService":null},"renderType":"text","selected":true,"inputProperty":false,"templateProperty":null,"nameKey":"NiFi Flow-Update flow parameters-feed","idKey":"520a4efe-35ba-4ae9-910b-3d392b118d06-d2b40f8d-60a1-45d2-99ed-1df979a71430-feed"},{"processGroupName":"NiFi Flow","processorName":"Update flow parameters","processorId":"d2b40f8d-60a1-45d2-99ed-1df979a71430","processGroupId":"520a4efe-35ba-4ae9-910b-3d392b118d06","processorType":"org.apache.nifi.processors.attributes.UpdateAttribute","key":"metadata.table.fieldStructure","value":"${metadata.table.fieldStructure}","templateValue":"${metadata.table.fieldStructure}","userEditable":false,"expressionProperties":null,"propertyDescriptor":{"name":"metadata.table.fieldStructure","displayName":"metadata.table.fieldStructure","description":"","defaultValue":null,"allowableValues":null,"required":false,"sensitive":false,"dynamic":true,"supportsEl":true,"identifiesControllerService":null},"renderType":"text","selected":true,"inputProperty":false,"templateProperty":null,"nameKey":"NiFi Flow-Update flow parameters-metadata.table.fieldStructure","idKey":"520a4efe-35ba-4ae9-910b-3d392b118d06-d2b40f8d-60a1-45d2-99ed-1df979a71430-metadata.table.fieldStructure"},{"processGroupName":"NiFi Flow","processorName":"Update flow parameters","processorId":"d2b40f8d-60a1-45d2-99ed-1df979a71430","processGroupId":"520a4efe-35ba-4ae9-910b-3d392b118d06","processorType":"org.apache.nifi.processors.attributes.UpdateAttribute","key":"metadata.table.partitionStructure","value":"${metadata.table.partitionStructure}","templateValue":"${metadata.table.partitionStructure}","userEditable":false,"expressionProperties":null,"propertyDescriptor":{"name":"metadata.table.partitionStructure","displayName":"metadata.table.partitionStructure","description":"","defaultValue":null,"allowableValues":null,"required":false,"sensitive":false,"dynamic":true,"supportsEl":true,"identifiesControllerService":null},"renderType":"text","selected":true,"inputProperty":false,"templateProperty":null,"nameKey":"NiFi Flow-Update flow parameters-metadata.table.partitionStructure","idKey":"520a4efe-35ba-4ae9-910b-3d392b118d06-d2b40f8d-60a1-45d2-99ed-1df979a71430-metadata.table.partitionStructure"},{"processGroupName":"NiFi Flow","processorName":"Update flow parameters","processorId":"d2b40f8d-60a1-45d2-99ed-1df979a71430","processGroupId":"520a4efe-35ba-4ae9-910b-3d392b118d06","processorType":"org.apache.nifi.processors.attributes.UpdateAttribute","key":"metadata.table.targetFormat","value":"${metadata.table.targetFormat}","templateValue":"${metadata.table.targetFormat}","userEditable":false,"expressionProperties":null,"propertyDescriptor":{"name":"metadata.table.targetFormat","displayName":"metadata.table.targetFormat","description":"","defaultValue":null,"allowableValues":null,"required":false,"sensitive":false,"dynamic":true,"supportsEl":true,"identifiesControllerService":null},"renderType":"text","selected":true,"inputProperty":false,"templateProperty":null,"nameKey":"NiFi Flow-Update flow parameters-metadata.table.targetFormat","idKey":"520a4efe-35ba-4ae9-910b-3d392b118d06-d2b40f8d-60a1-45d2-99ed-1df979a71430-metadata.table.targetFormat"},{"processGroupName":"NiFi Flow","processorName":"Update flow parameters","processorId":"d2b40f8d-60a1-45d2-99ed-1df979a71430","processGroupId":"520a4efe-35ba-4ae9-910b-3d392b118d06","processorType":"org.apache.nifi.processors.attributes.UpdateAttribute","key":"metadata.table.targetTblProperties","value":"${metadata.table.targetTblProperties}","templateValue":"${metadata.table.targetTblProperties}","userEditable":false,"expressionProperties":null,"propertyDescriptor":{"name":"metadata.table.targetTblProperties","displayName":"metadata.table.targetTblProperties","description":"","defaultValue":null,"allowableValues":null,"required":false,"sensitive":false,"dynamic":true,"supportsEl":true,"identifiesControllerService":null},"renderType":"text","selected":true,"inputProperty":false,"templateProperty":null,"nameKey":"NiFi Flow-Update flow parameters-metadata.table.targetTblProperties","idKey":"520a4efe-35ba-4ae9-910b-3d392b118d06-d2b40f8d-60a1-45d2-99ed-1df979a71430-metadata.table.targetTblProperties"},{"processGroupName":"NiFi Flow","processorName":"Update flow parameters","processorId":"d2b40f8d-60a1-45d2-99ed-1df979a71430","processGroupId":"520a4efe-35ba-4ae9-910b-3d392b118d06","processorType":"org.apache.nifi.processors.attributes.UpdateAttribute","key":"transform_script","value":"${metadata.dataTransformation.dataTransformScript}","templateValue":"${metadata.dataTransformation.dataTransformScript}","userEditable":false,"expressionProperties":null,"propertyDescriptor":{"name":"transform_script","displayName":"transform_script","description":"","defaultValue":null,"allowableValues":null,"required":false,"sensitive":false,"dynamic":true,"supportsEl":true,"identifiesControllerService":null},"renderType":"text","selected":true,"inputProperty":false,"templateProperty":null,"nameKey":"NiFi Flow-Update flow parameters-transform_script","idKey":"520a4efe-35ba-4ae9-910b-3d392b118d06-d2b40f8d-60a1-45d2-99ed-1df979a71430-transform_script"}],"id":"3ed1be05-cc27-4474-b95a-c83a1aa9bf89","nifiTemplateId":"e9aaad34-2221-4477-8d8d-36735a1a574e","templateName":"Data Transformation","updateDate":1471981484035,"createDate":1466629796656,"icon":"merge_type","iconColor":"#FFCA28","description":"Data Transformation","defineTable":false,"reusableTemplate":false,"reusableTemplateConnections":[],"allowPreconditions":false,"dataTransformation":true}