{"properties":[{"processGroupName":"NiFi Flow","processorName":"TriggerCleanup","processorId":"f0fe133f-1e42-42e5-bd03-3e9ade21c7f3","processGroupId":"32ba45ae-edb4-49eb-8c78-a66f59e13bb7","processorType":"com.thinkbiganalytics.nifi.v2.metadata.TriggerCleanup","key":"System feed category","value":"${metadata.category.systemName}","templateValue":"${metadata.category.systemName}","userEditable":false,"expressionProperties":null,"propertyDescriptor":{"name":"System feed category","displayName":"System feed category","description":"The category name of this feed. The default is to have this name automatically set when the feed is created. Normally you do not need to change the default value.","defaultValue":"${metadata.category.systemName}","allowableValues":null,"required":true,"sensitive":false,"dynamic":false,"supportsEl":false,"identifiesControllerService":null},"renderType":"text","selected":true,"inputProperty":true,"templateProperty":null,"idKey":"32ba45ae-edb4-49eb-8c78-a66f59e13bb7-f0fe133f-1e42-42e5-bd03-3e9ade21c7f3-System feed category","nameKey":"NiFi Flow-TriggerCleanup-System feed category"},{"processGroupName":"NiFi Flow","processorName":"TriggerCleanup","processorId":"f0fe133f-1e42-42e5-bd03-3e9ade21c7f3","processGroupId":"32ba45ae-edb4-49eb-8c78-a66f59e13bb7","processorType":"com.thinkbiganalytics.nifi.v2.metadata.TriggerCleanup","key":"System feed name","value":"${metadata.systemFeedName}","templateValue":"${metadata.systemFeedName}","userEditable":false,"expressionProperties":null,"propertyDescriptor":{"name":"System feed name","displayName":"System feed name","description":"The system name of this feed. The default is to have this name automatically set when the feed is created. Normally you do not need to change the default value.","defaultValue":"${metadata.systemFeedName}","allowableValues":null,"required":true,"sensitive":false,"dynamic":false,"supportsEl":false,"identifiesControllerService":null},"renderType":"text","selected":true,"inputProperty":true,"templateProperty":null,"idKey":"32ba45ae-edb4-49eb-8c78-a66f59e13bb7-f0fe133f-1e42-42e5-bd03-3e9ade21c7f3-System feed name","nameKey":"NiFi Flow-TriggerCleanup-System feed name"},{"processGroupName":"NiFi Flow","processorName":"Update flow parameters","processorId":"06d747eb-f97f-49db-93ca-b2dcb32a12d5","processGroupId":"32ba45ae-edb4-49eb-8c78-a66f59e13bb7","processorType":"org.apache.nifi.processors.attributes.UpdateAttribute","key":"category","value":"${metadata.category.systemName}","templateValue":"${metadata.category.systemName}","userEditable":false,"expressionProperties":null,"propertyDescriptor":{"name":"category","displayName":"category","description":"","defaultValue":null,"allowableValues":null,"required":false,"sensitive":false,"dynamic":true,"supportsEl":true,"identifiesControllerService":null},"renderType":"text","selected":true,"inputProperty":false,"templateProperty":null,"idKey":"32ba45ae-edb4-49eb-8c78-a66f59e13bb7-06d747eb-f97f-49db-93ca-b2dcb32a12d5-category","nameKey":"NiFi Flow-Update flow parameters-category"},{"processGroupName":"NiFi Flow","processorName":"Update flow parameters","processorId":"06d747eb-f97f-49db-93ca-b2dcb32a12d5","processGroupId":"32ba45ae-edb4-49eb-8c78-a66f59e13bb7","processorType":"org.apache.nifi.processors.attributes.UpdateAttribute","key":"feed","value":"${metadata.systemFeedName}","templateValue":"${metadata.systemFeedName}","userEditable":false,"expressionProperties":null,"propertyDescriptor":{"name":"feed","displayName":"feed","description":"","defaultValue":null,"allowableValues":null,"required":false,"sensitive":false,"dynamic":true,"supportsEl":true,"identifiesControllerService":null},"renderType":"text","selected":true,"inputProperty":false,"templateProperty":null,"idKey":"32ba45ae-edb4-49eb-8c78-a66f59e13bb7-06d747eb-f97f-49db-93ca-b2dcb32a12d5-feed","nameKey":"NiFi Flow-Update flow parameters-feed"},{"processGroupName":"NiFi Flow","processorName":"Update flow parameters","processorId":"06d747eb-f97f-49db-93ca-b2dcb32a12d5","processGroupId":"32ba45ae-edb4-49eb-8c78-a66f59e13bb7","processorType":"org.apache.nifi.processors.attributes.UpdateAttribute","key":"metadata.table.fieldStructure","value":"${metadata.table.fieldStructure}","templateValue":"${metadata.table.fieldStructure}","userEditable":false,"expressionProperties":null,"propertyDescriptor":{"name":"metadata.table.fieldStructure","displayName":"metadata.table.fieldStructure","description":"","defaultValue":null,"allowableValues":null,"required":false,"sensitive":false,"dynamic":true,"supportsEl":true,"identifiesControllerService":null},"renderType":"text","selected":true,"inputProperty":false,"templateProperty":null,"idKey":"32ba45ae-edb4-49eb-8c78-a66f59e13bb7-06d747eb-f97f-49db-93ca-b2dcb32a12d5-metadata.table.fieldStructure","nameKey":"NiFi Flow-Update flow parameters-metadata.table.fieldStructure"},{"processGroupName":"NiFi Flow","processorName":"Update flow parameters","processorId":"06d747eb-f97f-49db-93ca-b2dcb32a12d5","processGroupId":"32ba45ae-edb4-49eb-8c78-a66f59e13bb7","processorType":"org.apache.nifi.processors.attributes.UpdateAttribute","key":"metadata.table.partitionStructure","value":"${metadata.table.partitionStructure}","templateValue":"${metadata.table.partitionStructure}","userEditable":false,"expressionProperties":null,"propertyDescriptor":{"name":"metadata.table.partitionStructure","displayName":"metadata.table.partitionStructure","description":"","defaultValue":null,"allowableValues":null,"required":false,"sensitive":false,"dynamic":true,"supportsEl":true,"identifiesControllerService":null},"renderType":"text","selected":true,"inputProperty":false,"templateProperty":null,"idKey":"32ba45ae-edb4-49eb-8c78-a66f59e13bb7-06d747eb-f97f-49db-93ca-b2dcb32a12d5-metadata.table.partitionStructure","nameKey":"NiFi Flow-Update flow parameters-metadata.table.partitionStructure"},{"processGroupName":"NiFi Flow","processorName":"Update flow parameters","processorId":"06d747eb-f97f-49db-93ca-b2dcb32a12d5","processGroupId":"32ba45ae-edb4-49eb-8c78-a66f59e13bb7","processorType":"org.apache.nifi.processors.attributes.UpdateAttribute","key":"metadata.table.targetFormat","value":"${metadata.table.targetFormat}","templateValue":"${metadata.table.targetFormat}","userEditable":false,"expressionProperties":null,"propertyDescriptor":{"name":"metadata.table.targetFormat","displayName":"metadata.table.targetFormat","description":"","defaultValue":null,"allowableValues":null,"required":false,"sensitive":false,"dynamic":true,"supportsEl":true,"identifiesControllerService":null},"renderType":"text","selected":true,"inputProperty":false,"templateProperty":null,"idKey":"32ba45ae-edb4-49eb-8c78-a66f59e13bb7-06d747eb-f97f-49db-93ca-b2dcb32a12d5-metadata.table.targetFormat","nameKey":"NiFi Flow-Update flow parameters-metadata.table.targetFormat"},{"processGroupName":"NiFi Flow","processorName":"Update flow parameters","processorId":"06d747eb-f97f-49db-93ca-b2dcb32a12d5","processGroupId":"32ba45ae-edb4-49eb-8c78-a66f59e13bb7","processorType":"org.apache.nifi.processors.attributes.UpdateAttribute","key":"metadata.table.targetTblProperties","value":"${metadata.table.targetTblProperties}","templateValue":"${metadata.table.targetTblProperties}","userEditable":false,"expressionProperties":null,"propertyDescriptor":{"name":"metadata.table.targetTblProperties","displayName":"metadata.table.targetTblProperties","description":"","defaultValue":null,"allowableValues":null,"required":false,"sensitive":false,"dynamic":true,"supportsEl":true,"identifiesControllerService":null},"renderType":"text","selected":true,"inputProperty":false,"templateProperty":null,"idKey":"32ba45ae-edb4-49eb-8c78-a66f59e13bb7-06d747eb-f97f-49db-93ca-b2dcb32a12d5-metadata.table.targetTblProperties","nameKey":"NiFi Flow-Update flow parameters-metadata.table.targetTblProperties"},{"processGroupName":"NiFi Flow","processorName":"Update flow parameters","processorId":"06d747eb-f97f-49db-93ca-b2dcb32a12d5","processGroupId":"32ba45ae-edb4-49eb-8c78-a66f59e13bb7","processorType":"org.apache.nifi.processors.attributes.UpdateAttribute","key":"transform_script","value":"${metadata.dataTransformation.dataTransformScript}","templateValue":"${metadata.dataTransformation.dataTransformScript}","userEditable":false,"expressionProperties":null,"propertyDescriptor":{"name":"transform_script","displayName":"transform_script","description":"","defaultValue":null,"allowableValues":null,"required":false,"sensitive":false,"dynamic":true,"supportsEl":true,"identifiesControllerService":null},"renderType":"text","selected":true,"inputProperty":false,"templateProperty":null,"idKey":"32ba45ae-edb4-49eb-8c78-a66f59e13bb7-06d747eb-f97f-49db-93ca-b2dcb32a12d5-transform_script","nameKey":"NiFi Flow-Update flow parameters-transform_script"}],"id":"0c5bbca9-4f75-489b-a0aa-8d027ead1196","nifiTemplateId":"d2f7160b-7a36-482f-ba05-fb99e739f32c","templateName":"Data Transformation","updateDate":1475770771195,"createDate":1475708902334,"icon":"merge_type","iconColor":"#FFCA28","description":"Data Transformation","defineTable":false,"reusableTemplate":false,"reusableTemplateConnections":[],"allowPreconditions":false,"dataTransformation":true}