{"properties":[{"processGroupName":"NiFi Flow","processorName":"GenerateFlowFile","processorId":"c3c8c6c0-b079-47ac-85cf-50044856de75","processGroupId":"8b6e0342-e21d-4328-8ee1-21d95801e26b","processorType":"org.apache.nifi.processors.standard.GenerateFlowFile","key":"Batch Size","value":null,"templateValue":null,"userEditable":false,"expressionProperties":null,"propertyDescriptor":{"name":"Batch Size","displayName":"Batch Size","description":"The number of FlowFiles to be transferred in each invocation","defaultValue":"1","allowableValues":null,"required":true,"sensitive":false,"dynamic":false,"supportsEl":false,"identifiesControllerService":null},"renderType":"text","selected":true,"inputProperty":true,"templateProperty":null,"nameKey":"NiFi Flow-GenerateFlowFile-Batch Size","idKey":"8b6e0342-e21d-4328-8ee1-21d95801e26b-c3c8c6c0-b079-47ac-85cf-50044856de75-Batch Size"},{"processGroupName":"NiFi Flow","processorName":"GenerateFlowFile","processorId":"c3c8c6c0-b079-47ac-85cf-50044856de75","processGroupId":"8b6e0342-e21d-4328-8ee1-21d95801e26b","processorType":"org.apache.nifi.processors.standard.GenerateFlowFile","key":"Data Format","value":null,"templateValue":null,"userEditable":false,"expressionProperties":null,"propertyDescriptor":{"name":"Data Format","displayName":"Data Format","description":"Specifies whether the data should be Text or Binary","defaultValue":"Binary","allowableValues":[{"displayName":"Binary","value":"Binary","description":null},{"displayName":"Text","value":"Text","description":null}],"required":true,"sensitive":false,"dynamic":false,"supportsEl":false,"identifiesControllerService":null},"renderType":"select","selected":true,"inputProperty":true,"templateProperty":null,"nameKey":"NiFi Flow-GenerateFlowFile-Data Format","idKey":"8b6e0342-e21d-4328-8ee1-21d95801e26b-c3c8c6c0-b079-47ac-85cf-50044856de75-Data Format"},{"processGroupName":"NiFi Flow","processorName":"GenerateFlowFile","processorId":"c3c8c6c0-b079-47ac-85cf-50044856de75","processGroupId":"8b6e0342-e21d-4328-8ee1-21d95801e26b","processorType":"org.apache.nifi.processors.standard.GenerateFlowFile","key":"Unique FlowFiles","value":null,"templateValue":null,"userEditable":false,"expressionProperties":null,"propertyDescriptor":{"name":"Unique FlowFiles","displayName":"Unique FlowFiles","description":"If true, each FlowFile that is generated will be unique. If false, a random value will be generated and all FlowFiles will get the same content but this offers much higher throughput","defaultValue":"false","allowableValues":[{"displayName":"true","value":"true","description":null},{"displayName":"false","value":"false","description":null}],"required":true,"sensitive":false,"dynamic":false,"supportsEl":false,"identifiesControllerService":null},"renderType":"select","selected":true,"inputProperty":true,"templateProperty":null,"nameKey":"NiFi Flow-GenerateFlowFile-Unique FlowFiles","idKey":"8b6e0342-e21d-4328-8ee1-21d95801e26b-c3c8c6c0-b079-47ac-85cf-50044856de75-Unique FlowFiles"},{"processGroupName":"NiFi Flow","processorName":"Update flow parameters","processorId":"82ce9e9c-b30d-46d7-9d49-a5f83db91114","processGroupId":"8b6e0342-e21d-4328-8ee1-21d95801e26b","processorType":"org.apache.nifi.processors.attributes.UpdateAttribute","key":"category","value":"${metadata.category.systemName}","templateValue":"${metadata.category.systemName}","userEditable":false,"expressionProperties":null,"propertyDescriptor":{"name":"category","displayName":"category","description":"","defaultValue":null,"allowableValues":null,"required":false,"sensitive":false,"dynamic":true,"supportsEl":true,"identifiesControllerService":null},"renderType":"text","selected":true,"inputProperty":false,"templateProperty":null,"nameKey":"NiFi Flow-Update flow parameters-category","idKey":"8b6e0342-e21d-4328-8ee1-21d95801e26b-82ce9e9c-b30d-46d7-9d49-a5f83db91114-category"},{"processGroupName":"NiFi Flow","processorName":"Update flow parameters","processorId":"82ce9e9c-b30d-46d7-9d49-a5f83db91114","processGroupId":"8b6e0342-e21d-4328-8ee1-21d95801e26b","processorType":"org.apache.nifi.processors.attributes.UpdateAttribute","key":"feed","value":"${metadata.systemFeedName}","templateValue":"${metadata.systemFeedName}","userEditable":false,"expressionProperties":null,"propertyDescriptor":{"name":"feed","displayName":"feed","description":"","defaultValue":null,"allowableValues":null,"required":false,"sensitive":false,"dynamic":true,"supportsEl":true,"identifiesControllerService":null},"renderType":"text","selected":true,"inputProperty":false,"templateProperty":null,"nameKey":"NiFi Flow-Update flow parameters-feed","idKey":"8b6e0342-e21d-4328-8ee1-21d95801e26b-82ce9e9c-b30d-46d7-9d49-a5f83db91114-feed"},{"processGroupName":"NiFi Flow","processorName":"Update flow parameters","processorId":"82ce9e9c-b30d-46d7-9d49-a5f83db91114","processGroupId":"8b6e0342-e21d-4328-8ee1-21d95801e26b","processorType":"org.apache.nifi.processors.attributes.UpdateAttribute","key":"metadata.table.fieldIndexString","value":"${metadata.table.fieldIndexString}","templateValue":"${metadata.table.fieldIndexString}","userEditable":false,"expressionProperties":null,"propertyDescriptor":{"name":"metadata.table.fieldIndexString","displayName":"metadata.table.fieldIndexString","description":"","defaultValue":null,"allowableValues":null,"required":false,"sensitive":false,"dynamic":true,"supportsEl":true,"identifiesControllerService":null},"renderType":"text","selected":true,"inputProperty":false,"templateProperty":null,"nameKey":"NiFi Flow-Update flow parameters-metadata.table.fieldIndexString","idKey":"8b6e0342-e21d-4328-8ee1-21d95801e26b-82ce9e9c-b30d-46d7-9d49-a5f83db91114-metadata.table.fieldIndexString"},{"processGroupName":"NiFi Flow","processorName":"Update flow parameters","processorId":"82ce9e9c-b30d-46d7-9d49-a5f83db91114","processGroupId":"8b6e0342-e21d-4328-8ee1-21d95801e26b","processorType":"org.apache.nifi.processors.attributes.UpdateAttribute","key":"metadata.table.fieldPoliciesJson","value":"${metadata.table.fieldPoliciesJson}","templateValue":"${metadata.table.fieldPoliciesJson}","userEditable":false,"expressionProperties":null,"propertyDescriptor":{"name":"metadata.table.fieldPoliciesJson","displayName":"metadata.table.fieldPoliciesJson","description":"","defaultValue":null,"allowableValues":null,"required":false,"sensitive":false,"dynamic":true,"supportsEl":true,"identifiesControllerService":null},"renderType":"text","selected":true,"inputProperty":false,"templateProperty":null,"nameKey":"NiFi Flow-Update flow parameters-metadata.table.fieldPoliciesJson","idKey":"8b6e0342-e21d-4328-8ee1-21d95801e26b-82ce9e9c-b30d-46d7-9d49-a5f83db91114-metadata.table.fieldPoliciesJson"},{"processGroupName":"NiFi Flow","processorName":"Update flow parameters","processorId":"82ce9e9c-b30d-46d7-9d49-a5f83db91114","processGroupId":"8b6e0342-e21d-4328-8ee1-21d95801e26b","processorType":"org.apache.nifi.processors.attributes.UpdateAttribute","key":"metadata.table.fieldStructure","value":"${metadata.table.fieldStructure}","templateValue":"${metadata.table.fieldStructure}","userEditable":false,"expressionProperties":null,"propertyDescriptor":{"name":"metadata.table.fieldStructure","displayName":"metadata.table.fieldStructure","description":"","defaultValue":null,"allowableValues":null,"required":false,"sensitive":false,"dynamic":true,"supportsEl":true,"identifiesControllerService":null},"renderType":"text","selected":true,"inputProperty":false,"templateProperty":null,"nameKey":"NiFi Flow-Update flow parameters-metadata.table.fieldStructure","idKey":"8b6e0342-e21d-4328-8ee1-21d95801e26b-82ce9e9c-b30d-46d7-9d49-a5f83db91114-metadata.table.fieldStructure"},{"processGroupName":"NiFi Flow","processorName":"Update flow parameters","processorId":"82ce9e9c-b30d-46d7-9d49-a5f83db91114","processGroupId":"8b6e0342-e21d-4328-8ee1-21d95801e26b","processorType":"org.apache.nifi.processors.attributes.UpdateAttribute","key":"metadata.table.partitionSpecs","value":"${metadata.table.partitionSpecs}","templateValue":"${metadata.table.partitionSpecs}","userEditable":false,"expressionProperties":null,"propertyDescriptor":{"name":"metadata.table.partitionSpecs","displayName":"metadata.table.partitionSpecs","description":"","defaultValue":null,"allowableValues":null,"required":false,"sensitive":false,"dynamic":true,"supportsEl":true,"identifiesControllerService":null},"renderType":"text","selected":true,"inputProperty":false,"templateProperty":null,"nameKey":"NiFi Flow-Update flow parameters-metadata.table.partitionSpecs","idKey":"8b6e0342-e21d-4328-8ee1-21d95801e26b-82ce9e9c-b30d-46d7-9d49-a5f83db91114-metadata.table.partitionSpecs"},{"processGroupName":"NiFi Flow","processorName":"Update flow parameters","processorId":"82ce9e9c-b30d-46d7-9d49-a5f83db91114","processGroupId":"8b6e0342-e21d-4328-8ee1-21d95801e26b","processorType":"org.apache.nifi.processors.attributes.UpdateAttribute","key":"metadata.table.partitionStructure","value":"${metadata.table.partitionStructure}","templateValue":"${metadata.table.partitionStructure}","userEditable":false,"expressionProperties":null,"propertyDescriptor":{"name":"metadata.table.partitionStructure","displayName":"metadata.table.partitionStructure","description":"","defaultValue":null,"allowableValues":null,"required":false,"sensitive":false,"dynamic":true,"supportsEl":true,"identifiesControllerService":null},"renderType":"text","selected":true,"inputProperty":false,"templateProperty":null,"nameKey":"NiFi Flow-Update flow parameters-metadata.table.partitionStructure","idKey":"8b6e0342-e21d-4328-8ee1-21d95801e26b-82ce9e9c-b30d-46d7-9d49-a5f83db91114-metadata.table.partitionStructure"},{"processGroupName":"NiFi Flow","processorName":"Update flow parameters","processorId":"82ce9e9c-b30d-46d7-9d49-a5f83db91114","processGroupId":"8b6e0342-e21d-4328-8ee1-21d95801e26b","processorType":"org.apache.nifi.processors.attributes.UpdateAttribute","key":"transform_script","value":"${metadata.dataTransformation.dataTransformScript}","templateValue":"${metadata.dataTransformation.dataTransformScript}","userEditable":false,"expressionProperties":null,"propertyDescriptor":{"name":"transform_script","displayName":"transform_script","description":"","defaultValue":null,"allowableValues":null,"required":false,"sensitive":false,"dynamic":true,"supportsEl":true,"identifiesControllerService":null},"renderType":"text","selected":true,"inputProperty":false,"templateProperty":null,"nameKey":"NiFi Flow-Update flow parameters-transform_script","idKey":"8b6e0342-e21d-4328-8ee1-21d95801e26b-82ce9e9c-b30d-46d7-9d49-a5f83db91114-transform_script"}],"id":"c19d2892-d3db-4538-bfec-40503dac6483","nifiTemplateId":"a2700f75-84e8-42b4-89a1-8995f43c8ae1","templateName":"Data Transformation","updateDate":1463616245000,"createDate":1463616245000,"icon":"merge_type","iconColor":"#FFCA28","description":"Data Transformation","defineTable":false,"reusableTemplate":false,"reusableTemplateConnections":[],"allowPreconditions":true,"dataTransformation":true}