{"owner":{"displayName":"Data Lake Administrator","email":null,"enabled":true,"groups":["admin","user"],"systemName":"dladmin"},"allowedActions":{"actions":[{"systemName":"accessTemplate","actions":[{"systemName":"editTemplate"},{"systemName":"deleteTemplate"},{"systemName":"exportTemplate"},{"systemName":"createFeedFromTemplate"},{"systemName":"changeTemplatePermissions"}]}]},"roleMemberships":[],"feedRoleMemberships":[],"properties":[{"processGroupName":"NiFi Flow","processorName":"Trigger Cleanup","processorId":"ed104b39-5a4f-34b8-9108-ef8fe86033f5","processGroupId":"7086adac-0163-1000-df0b-a9626acb04a6","processorType":"com.thinkbiganalytics.nifi.v2.metadata.TriggerCleanup","key":"System feed category","value":"${metadata.category.systemName}","expressionProperties":null,"propertyDescriptor":{"name":"System feed category","displayName":null,"description":null,"defaultValue":null,"allowableValues":null,"required":null,"sensitive":null,"dynamic":null,"supportsEl":null,"identifiesControllerService":null,"hidden":false},"templateValue":"${metadata.category.systemName}","userEditable":false,"renderType":"text","renderOptions":{},"selected":true,"inputProperty":true,"containsConfigurationVariables":false,"sensitive":false,"required":false,"templateProperty":null,"hidden":false,"idKey":"7086adac-0163-1000-df0b-a9626acb04a6-ed104b39-5a4f-34b8-9108-ef8fe86033f5-System feed category","processorNameTypeKey":"Trigger Cleanup-com.thinkbiganalytics.nifi.v2.metadata.TriggerCleanup-System feed category","remoteProcessGroupProperty":false,"nameKey":"NiFi Flow-Trigger Cleanup-System feed category"},{"processGroupName":"NiFi Flow","processorName":"Trigger Cleanup","processorId":"ed104b39-5a4f-34b8-9108-ef8fe86033f5","processGroupId":"7086adac-0163-1000-df0b-a9626acb04a6","processorType":"com.thinkbiganalytics.nifi.v2.metadata.TriggerCleanup","key":"System feed name","value":"${metadata.systemFeedName}","expressionProperties":null,"propertyDescriptor":{"name":"System feed name","displayName":null,"description":null,"defaultValue":null,"allowableValues":null,"required":null,"sensitive":null,"dynamic":null,"supportsEl":null,"identifiesControllerService":null,"hidden":false},"templateValue":"${metadata.systemFeedName}","userEditable":false,"renderType":"text","renderOptions":{},"selected":true,"inputProperty":true,"containsConfigurationVariables":false,"sensitive":false,"required":false,"templateProperty":null,"hidden":false,"idKey":"7086adac-0163-1000-df0b-a9626acb04a6-ed104b39-5a4f-34b8-9108-ef8fe86033f5-System feed name","processorNameTypeKey":"Trigger Cleanup-com.thinkbiganalytics.nifi.v2.metadata.TriggerCleanup-System feed name","remoteProcessGroupProperty":false,"nameKey":"NiFi Flow-Trigger Cleanup-System feed name"},{"processGroupName":"NiFi Flow","processorName":"Update flow parameters","processorId":"55bf8fbf-583d-3948-fa01-fe32877e5106","processGroupId":"7086adac-0163-1000-df0b-a9626acb04a6","processorType":"false","key":"category","value":"${metadata.category.systemName}","expressionProperties":null,"propertyDescriptor":{"name":"category","displayName":null,"description":null,"defaultValue":null,"allowableValues":null,"required":null,"sensitive":null,"dynamic":null,"supportsEl":null,"identifiesControllerService":null,"hidden":false},"templateValue":"${metadata.category.systemName}","userEditable":false,"renderType":"text","renderOptions":{},"selected":true,"inputProperty":false,"containsConfigurationVariables":false,"sensitive":false,"required":false,"templateProperty":null,"hidden":false,"idKey":"7086adac-0163-1000-df0b-a9626acb04a6-55bf8fbf-583d-3948-fa01-fe32877e5106-category","processorNameTypeKey":"Update flow parameters-false-category","remoteProcessGroupProperty":false,"nameKey":"NiFi Flow-Update flow parameters-category"},{"processGroupName":"NiFi Flow","processorName":"Update flow parameters","processorId":"55bf8fbf-583d-3948-fa01-fe32877e5106","processGroupId":"7086adac-0163-1000-df0b-a9626acb04a6","processorType":"false","key":"feed","value":"${metadata.systemFeedName}","expressionProperties":null,"propertyDescriptor":{"name":"feed","displayName":null,"description":null,"defaultValue":null,"allowableValues":null,"required":null,"sensitive":null,"dynamic":null,"supportsEl":null,"identifiesControllerService":null,"hidden":false},"templateValue":"${metadata.systemFeedName}","userEditable":false,"renderType":"text","renderOptions":{},"selected":true,"inputProperty":false,"containsConfigurationVariables":false,"sensitive":false,"required":false,"templateProperty":null,"hidden":false,"idKey":"7086adac-0163-1000-df0b-a9626acb04a6-55bf8fbf-583d-3948-fa01-fe32877e5106-feed","processorNameTypeKey":"Update flow parameters-false-feed","remoteProcessGroupProperty":false,"nameKey":"NiFi Flow-Update flow parameters-feed"},{"processGroupName":"NiFi Flow","processorName":"Update flow parameters","processorId":"55bf8fbf-583d-3948-fa01-fe32877e5106","processGroupId":"7086adac-0163-1000-df0b-a9626acb04a6","processorType":"false","key":"hdfs.ingest.root","value":"${config.hdfs.ingest.root}","expressionProperties":null,"propertyDescriptor":{"name":"hdfs.ingest.root","displayName":null,"description":null,"defaultValue":null,"allowableValues":null,"required":null,"sensitive":null,"dynamic":null,"supportsEl":null,"identifiesControllerService":null,"hidden":false},"templateValue":"${config.hdfs.ingest.root}","userEditable":false,"renderType":"text","renderOptions":{},"selected":true,"inputProperty":false,"containsConfigurationVariables":false,"sensitive":false,"required":false,"templateProperty":null,"hidden":false,"idKey":"7086adac-0163-1000-df0b-a9626acb04a6-55bf8fbf-583d-3948-fa01-fe32877e5106-hdfs.ingest.root","processorNameTypeKey":"Update flow parameters-false-hdfs.ingest.root","remoteProcessGroupProperty":false,"nameKey":"NiFi Flow-Update flow parameters-hdfs.ingest.root"},{"processGroupName":"NiFi Flow","processorName":"Update flow parameters","processorId":"55bf8fbf-583d-3948-fa01-fe32877e5106","processGroupId":"7086adac-0163-1000-df0b-a9626acb04a6","processorType":"false","key":"hive.ingest.root","value":"${config.hive.ingest.root}","expressionProperties":null,"propertyDescriptor":{"name":"hive.ingest.root","displayName":null,"description":null,"defaultValue":null,"allowableValues":null,"required":null,"sensitive":null,"dynamic":null,"supportsEl":null,"identifiesControllerService":null,"hidden":false},"templateValue":"${config.hive.ingest.root}","userEditable":false,"renderType":"text","renderOptions":{},"selected":true,"inputProperty":false,"containsConfigurationVariables":false,"sensitive":false,"required":false,"templateProperty":null,"hidden":false,"idKey":"7086adac-0163-1000-df0b-a9626acb04a6-55bf8fbf-583d-3948-fa01-fe32877e5106-hive.ingest.root","processorNameTypeKey":"Update flow parameters-false-hive.ingest.root","remoteProcessGroupProperty":false,"nameKey":"NiFi Flow-Update flow parameters-hive.ingest.root"},{"processGroupName":"NiFi Flow","processorName":"Update flow parameters","processorId":"55bf8fbf-583d-3948-fa01-fe32877e5106","processGroupId":"7086adac-0163-1000-df0b-a9626acb04a6","processorType":"false","key":"hive.master.root","value":"${config.hive.master.root}","expressionProperties":null,"propertyDescriptor":{"name":"hive.master.root","displayName":null,"description":null,"defaultValue":null,"allowableValues":null,"required":null,"sensitive":null,"dynamic":null,"supportsEl":null,"identifiesControllerService":null,"hidden":false},"templateValue":"${config.hive.master.root}","userEditable":false,"renderType":"text","renderOptions":{},"selected":true,"inputProperty":false,"containsConfigurationVariables":false,"sensitive":false,"required":false,"templateProperty":null,"hidden":false,"idKey":"7086adac-0163-1000-df0b-a9626acb04a6-55bf8fbf-583d-3948-fa01-fe32877e5106-hive.master.root","processorNameTypeKey":"Update flow parameters-false-hive.master.root","remoteProcessGroupProperty":false,"nameKey":"NiFi Flow-Update flow parameters-hive.master.root"},{"processGroupName":"NiFi Flow","processorName":"Update flow parameters","processorId":"55bf8fbf-583d-3948-fa01-fe32877e5106","processGroupId":"7086adac-0163-1000-df0b-a9626acb04a6","processorType":"false","key":"metadata.dataTransformation.dataTransformScript","value":"${metadata.dataTransformation.dataTransformScript}","expressionProperties":null,"propertyDescriptor":{"name":"metadata.dataTransformation.dataTransformScript","displayName":"metadata.dataTransformation.dataTransformScript","description":"","defaultValue":null,"allowableValues":null,"required":false,"sensitive":false,"dynamic":true,"supportsEl":true,"identifiesControllerService":null,"hidden":false},"templateValue":"${metadata.dataTransformation.dataTransformScript}","userEditable":false,"renderType":"text","renderOptions":{},"selected":true,"inputProperty":false,"containsConfigurationVariables":false,"sensitive":false,"required":false,"templateProperty":null,"hidden":false,"idKey":"7086adac-0163-1000-df0b-a9626acb04a6-55bf8fbf-583d-3948-fa01-fe32877e5106-metadata.dataTransformation.dataTransformScript","processorNameTypeKey":"Update flow parameters-false-metadata.dataTransformation.dataTransformScript","remoteProcessGroupProperty":false,"nameKey":"NiFi Flow-Update flow parameters-metadata.dataTransformation.dataTransformScript"},{"processGroupName":"NiFi Flow","processorName":"Update flow parameters","processorId":"55bf8fbf-583d-3948-fa01-fe32877e5106","processGroupId":"7086adac-0163-1000-df0b-a9626acb04a6","processorType":"false","key":"metadata.dataTransformation.datasourceIds","value":"${metadata.dataTransformation.datasourceIds}","expressionProperties":null,"propertyDescriptor":{"name":"metadata.dataTransformation.datasourceIds","displayName":"metadata.dataTransformation.datasourceIds","description":"","defaultValue":null,"allowableValues":null,"required":false,"sensitive":false,"dynamic":true,"supportsEl":true,"identifiesControllerService":null,"hidden":false},"templateValue":"${metadata.dataTransformation.datasourceIds}","userEditable":false,"renderType":"text","renderOptions":{},"selected":true,"inputProperty":false,"containsConfigurationVariables":false,"sensitive":false,"required":false,"templateProperty":null,"hidden":false,"idKey":"7086adac-0163-1000-df0b-a9626acb04a6-55bf8fbf-583d-3948-fa01-fe32877e5106-metadata.dataTransformation.datasourceIds","processorNameTypeKey":"Update flow parameters-false-metadata.dataTransformation.datasourceIds","remoteProcessGroupProperty":false,"nameKey":"NiFi Flow-Update flow parameters-metadata.dataTransformation.datasourceIds"},{"processGroupName":"NiFi Flow","processorName":"Update flow parameters","processorId":"55bf8fbf-583d-3948-fa01-fe32877e5106","processGroupId":"7086adac-0163-1000-df0b-a9626acb04a6","processorType":"false","key":"metadata.table.feedFieldStructure","value":"${metadata.table.feedFieldStructure}","expressionProperties":null,"propertyDescriptor":{"name":"metadata.table.feedFieldStructure","displayName":"metadata.table.feedFieldStructure","description":"","defaultValue":null,"allowableValues":null,"required":false,"sensitive":false,"dynamic":true,"supportsEl":true,"identifiesControllerService":null,"hidden":false},"templateValue":"${metadata.table.feedFieldStructure}","userEditable":false,"renderType":"text","renderOptions":{},"selected":true,"inputProperty":false,"containsConfigurationVariables":false,"sensitive":false,"required":false,"templateProperty":null,"hidden":false,"idKey":"7086adac-0163-1000-df0b-a9626acb04a6-55bf8fbf-583d-3948-fa01-fe32877e5106-metadata.table.feedFieldStructure","processorNameTypeKey":"Update flow parameters-false-metadata.table.feedFieldStructure","remoteProcessGroupProperty":false,"nameKey":"NiFi Flow-Update flow parameters-metadata.table.feedFieldStructure"},{"processGroupName":"NiFi Flow","processorName":"Update flow parameters","processorId":"55bf8fbf-583d-3948-fa01-fe32877e5106","processGroupId":"7086adac-0163-1000-df0b-a9626acb04a6","processorType":"false","key":"metadata.table.fieldIndexString","value":"${metadata.table.fieldIndexString}","expressionProperties":null,"propertyDescriptor":{"name":"metadata.table.fieldIndexString","displayName":"metadata.table.fieldIndexString","description":"","defaultValue":null,"allowableValues":null,"required":false,"sensitive":false,"dynamic":true,"supportsEl":true,"identifiesControllerService":null,"hidden":false},"templateValue":"${metadata.table.fieldIndexString}","userEditable":false,"renderType":"text","renderOptions":{},"selected":true,"inputProperty":false,"containsConfigurationVariables":false,"sensitive":false,"required":false,"templateProperty":null,"hidden":false,"idKey":"7086adac-0163-1000-df0b-a9626acb04a6-55bf8fbf-583d-3948-fa01-fe32877e5106-metadata.table.fieldIndexString","processorNameTypeKey":"Update flow parameters-false-metadata.table.fieldIndexString","remoteProcessGroupProperty":false,"nameKey":"NiFi Flow-Update flow parameters-metadata.table.fieldIndexString"},{"processGroupName":"NiFi Flow","processorName":"Update flow parameters","processorId":"55bf8fbf-583d-3948-fa01-fe32877e5106","processGroupId":"7086adac-0163-1000-df0b-a9626acb04a6","processorType":"false","key":"metadata.table.fieldPoliciesJson","value":"${metadata.table.fieldPoliciesJson}","expressionProperties":null,"propertyDescriptor":{"name":"metadata.table.fieldPoliciesJson","displayName":"metadata.table.fieldPoliciesJson","description":"","defaultValue":null,"allowableValues":null,"required":false,"sensitive":false,"dynamic":true,"supportsEl":true,"identifiesControllerService":null,"hidden":false},"templateValue":"${metadata.table.fieldPoliciesJson}","userEditable":false,"renderType":"text","renderOptions":{},"selected":true,"inputProperty":false,"containsConfigurationVariables":false,"sensitive":false,"required":false,"templateProperty":null,"hidden":false,"idKey":"7086adac-0163-1000-df0b-a9626acb04a6-55bf8fbf-583d-3948-fa01-fe32877e5106-metadata.table.fieldPoliciesJson","processorNameTypeKey":"Update flow parameters-false-metadata.table.fieldPoliciesJson","remoteProcessGroupProperty":false,"nameKey":"NiFi Flow-Update flow parameters-metadata.table.fieldPoliciesJson"},{"processGroupName":"NiFi Flow","processorName":"Update flow parameters","processorId":"55bf8fbf-583d-3948-fa01-fe32877e5106","processGroupId":"7086adac-0163-1000-df0b-a9626acb04a6","processorType":"false","key":"metadata.table.fieldStructure","value":"${metadata.table.fieldStructure}","expressionProperties":null,"propertyDescriptor":{"name":"metadata.table.fieldStructure","displayName":null,"description":null,"defaultValue":null,"allowableValues":null,"required":null,"sensitive":null,"dynamic":null,"supportsEl":null,"identifiesControllerService":null,"hidden":false},"templateValue":"${metadata.table.fieldStructure}","userEditable":false,"renderType":"text","renderOptions":{},"selected":true,"inputProperty":false,"containsConfigurationVariables":false,"sensitive":false,"required":false,"templateProperty":null,"hidden":false,"idKey":"7086adac-0163-1000-df0b-a9626acb04a6-55bf8fbf-583d-3948-fa01-fe32877e5106-metadata.table.fieldStructure","processorNameTypeKey":"Update flow parameters-false-metadata.table.fieldStructure","remoteProcessGroupProperty":false,"nameKey":"NiFi Flow-Update flow parameters-metadata.table.fieldStructure"},{"processGroupName":"NiFi Flow","processorName":"Update flow parameters","processorId":"55bf8fbf-583d-3948-fa01-fe32877e5106","processGroupId":"7086adac-0163-1000-df0b-a9626acb04a6","processorType":"false","key":"metadata.table.partitionSpecs","value":"${metadata.table.partitionSpecs}","expressionProperties":null,"propertyDescriptor":{"name":"metadata.table.partitionSpecs","displayName":"metadata.table.partitionSpecs","description":"","defaultValue":null,"allowableValues":null,"required":false,"sensitive":false,"dynamic":true,"supportsEl":true,"identifiesControllerService":null,"hidden":false},"templateValue":"${metadata.table.partitionSpecs}","userEditable":false,"renderType":"text","renderOptions":{},"selected":true,"inputProperty":false,"containsConfigurationVariables":false,"sensitive":false,"required":false,"templateProperty":null,"hidden":false,"idKey":"7086adac-0163-1000-df0b-a9626acb04a6-55bf8fbf-583d-3948-fa01-fe32877e5106-metadata.table.partitionSpecs","processorNameTypeKey":"Update flow parameters-false-metadata.table.partitionSpecs","remoteProcessGroupProperty":false,"nameKey":"NiFi Flow-Update flow parameters-metadata.table.partitionSpecs"},{"processGroupName":"NiFi Flow","processorName":"Update flow parameters","processorId":"55bf8fbf-583d-3948-fa01-fe32877e5106","processGroupId":"7086adac-0163-1000-df0b-a9626acb04a6","processorType":"false","key":"metadata.table.partitionStructure","value":"${metadata.table.partitionStructure}","expressionProperties":null,"propertyDescriptor":{"name":"metadata.table.partitionStructure","displayName":null,"description":null,"defaultValue":null,"allowableValues":null,"required":null,"sensitive":null,"dynamic":null,"supportsEl":null,"identifiesControllerService":null,"hidden":false},"templateValue":"${metadata.table.partitionStructure}","userEditable":false,"renderType":"text","renderOptions":{},"selected":true,"inputProperty":false,"containsConfigurationVariables":false,"sensitive":false,"required":false,"templateProperty":null,"hidden":false,"idKey":"7086adac-0163-1000-df0b-a9626acb04a6-55bf8fbf-583d-3948-fa01-fe32877e5106-metadata.table.partitionStructure","processorNameTypeKey":"Update flow parameters-false-metadata.table.partitionStructure","remoteProcessGroupProperty":false,"nameKey":"NiFi Flow-Update flow parameters-metadata.table.partitionStructure"},{"processGroupName":"NiFi Flow","processorName":"Update flow parameters","processorId":"55bf8fbf-583d-3948-fa01-fe32877e5106","processGroupId":"7086adac-0163-1000-df0b-a9626acb04a6","processorType":"false","key":"metadata.table.targetFormat","value":"${metadata.table.targetFormat}","expressionProperties":null,"propertyDescriptor":{"name":"metadata.table.targetFormat","displayName":null,"description":null,"defaultValue":null,"allowableValues":null,"required":null,"sensitive":null,"dynamic":null,"supportsEl":null,"identifiesControllerService":null,"hidden":false},"templateValue":"${metadata.table.targetFormat}","userEditable":false,"renderType":"text","renderOptions":{},"selected":true,"inputProperty":false,"containsConfigurationVariables":false,"sensitive":false,"required":false,"templateProperty":null,"hidden":false,"idKey":"7086adac-0163-1000-df0b-a9626acb04a6-55bf8fbf-583d-3948-fa01-fe32877e5106-metadata.table.targetFormat","processorNameTypeKey":"Update flow parameters-false-metadata.table.targetFormat","remoteProcessGroupProperty":false,"nameKey":"NiFi Flow-Update flow parameters-metadata.table.targetFormat"},{"processGroupName":"NiFi Flow","processorName":"Update flow parameters","processorId":"55bf8fbf-583d-3948-fa01-fe32877e5106","processGroupId":"7086adac-0163-1000-df0b-a9626acb04a6","processorType":"false","key":"metadata.table.targetMergeStrategy","value":"${metadata.table.targetMergeStrategy}","expressionProperties":null,"propertyDescriptor":{"name":"metadata.table.targetMergeStrategy","displayName":"metadata.table.targetMergeStrategy","description":"","defaultValue":null,"allowableValues":null,"required":false,"sensitive":false,"dynamic":true,"supportsEl":true,"identifiesControllerService":null,"hidden":false},"templateValue":"${metadata.table.targetMergeStrategy}","userEditable":false,"renderType":"text","renderOptions":{},"selected":true,"inputProperty":false,"containsConfigurationVariables":false,"sensitive":false,"required":false,"templateProperty":null,"hidden":false,"idKey":"7086adac-0163-1000-df0b-a9626acb04a6-55bf8fbf-583d-3948-fa01-fe32877e5106-metadata.table.targetMergeStrategy","processorNameTypeKey":"Update flow parameters-false-metadata.table.targetMergeStrategy","remoteProcessGroupProperty":false,"nameKey":"NiFi Flow-Update flow parameters-metadata.table.targetMergeStrategy"},{"processGroupName":"NiFi Flow","processorName":"Update flow parameters","processorId":"55bf8fbf-583d-3948-fa01-fe32877e5106","processGroupId":"7086adac-0163-1000-df0b-a9626acb04a6","processorType":"false","key":"metadata.table.targetTblProperties","value":"${metadata.table.targetTblProperties}","expressionProperties":null,"propertyDescriptor":{"name":"metadata.table.targetTblProperties","displayName":"metadata.table.targetTblProperties","description":"","defaultValue":null,"allowableValues":null,"required":false,"sensitive":false,"dynamic":true,"supportsEl":true,"identifiesControllerService":null,"hidden":false},"templateValue":"${metadata.table.targetTblProperties}","userEditable":false,"renderType":"text","renderOptions":{},"selected":true,"inputProperty":false,"containsConfigurationVariables":false,"sensitive":false,"required":false,"templateProperty":null,"hidden":false,"idKey":"7086adac-0163-1000-df0b-a9626acb04a6-55bf8fbf-583d-3948-fa01-fe32877e5106-metadata.table.targetTblProperties","processorNameTypeKey":"Update flow parameters-false-metadata.table.targetTblProperties","remoteProcessGroupProperty":false,"nameKey":"NiFi Flow-Update flow parameters-metadata.table.targetTblProperties"},{"processGroupName":"NiFi Flow","processorName":"Update flow parameters","processorId":"55bf8fbf-583d-3948-fa01-fe32877e5106","processGroupId":"7086adac-0163-1000-df0b-a9626acb04a6","processorType":"false","key":"nifi.home","value":"${config.nifi.home}","expressionProperties":null,"propertyDescriptor":{"name":"nifi.home","displayName":"nifi.home","description":"","defaultValue":null,"allowableValues":null,"required":false,"sensitive":false,"dynamic":true,"supportsEl":true,"identifiesControllerService":null,"hidden":false},"templateValue":"${config.nifi.home}","userEditable":false,"renderType":"text","renderOptions":{},"selected":true,"inputProperty":false,"containsConfigurationVariables":false,"sensitive":false,"required":false,"templateProperty":null,"hidden":false,"idKey":"7086adac-0163-1000-df0b-a9626acb04a6-55bf8fbf-583d-3948-fa01-fe32877e5106-nifi.home","processorNameTypeKey":"Update flow parameters-false-nifi.home","remoteProcessGroupProperty":false,"nameKey":"NiFi Flow-Update flow parameters-nifi.home"},{"processGroupName":"NiFi Flow","processorName":"Update flow parameters","processorId":"55bf8fbf-583d-3948-fa01-fe32877e5106","processGroupId":"7086adac-0163-1000-df0b-a9626acb04a6","processorType":"false","key":"spark.version","value":"${config.spark.version}","expressionProperties":null,"propertyDescriptor":{"name":"spark.version","displayName":"spark.version","description":"","defaultValue":null,"allowableValues":null,"required":false,"sensitive":false,"dynamic":true,"supportsEl":true,"identifiesControllerService":null,"hidden":false},"templateValue":"${config.spark.version}","userEditable":false,"renderType":"text","renderOptions":{},"selected":true,"inputProperty":false,"containsConfigurationVariables":false,"sensitive":false,"required":false,"templateProperty":null,"hidden":false,"idKey":"7086adac-0163-1000-df0b-a9626acb04a6-55bf8fbf-583d-3948-fa01-fe32877e5106-spark.version","processorNameTypeKey":"Update flow parameters-false-spark.version","remoteProcessGroupProperty":false,"nameKey":"NiFi Flow-Update flow parameters-spark.version"}],"nonInputProcessors":[{"properties":[{"processGroupName":"NiFi Flow","processorName":"Update flow parameters","processorId":"55bf8fbf-583d-3948-fa01-fe32877e5106","processGroupId":"7086adac-0163-1000-df0b-a9626acb04a6","processorType":"false","key":"category","value":"${metadata.category.systemName}","expressionProperties":null,"propertyDescriptor":{"name":"category","displayName":null,"description":null,"defaultValue":null,"allowableValues":null,"required":null,"sensitive":null,"dynamic":null,"supportsEl":null,"identifiesControllerService":null,"hidden":false},"templateValue":"${metadata.category.systemName}","userEditable":false,"renderType":"text","renderOptions":{},"selected":true,"inputProperty":false,"containsConfigurationVariables":false,"sensitive":false,"required":false,"templateProperty":null,"hidden":false,"idKey":"7086adac-0163-1000-df0b-a9626acb04a6-55bf8fbf-583d-3948-fa01-fe32877e5106-category","processorNameTypeKey":"Update flow parameters-false-category","remoteProcessGroupProperty":false,"nameKey":"NiFi Flow-Update flow parameters-category"},{"processGroupName":"NiFi Flow","processorName":"Update flow parameters","processorId":"55bf8fbf-583d-3948-fa01-fe32877e5106","processGroupId":"7086adac-0163-1000-df0b-a9626acb04a6","processorType":"false","key":"feed","value":"${metadata.systemFeedName}","expressionProperties":null,"propertyDescriptor":{"name":"feed","displayName":null,"description":null,"defaultValue":null,"allowableValues":null,"required":null,"sensitive":null,"dynamic":null,"supportsEl":null,"identifiesControllerService":null,"hidden":false},"templateValue":"${metadata.systemFeedName}","userEditable":false,"renderType":"text","renderOptions":{},"selected":true,"inputProperty":false,"containsConfigurationVariables":false,"sensitive":false,"required":false,"templateProperty":null,"hidden":false,"idKey":"7086adac-0163-1000-df0b-a9626acb04a6-55bf8fbf-583d-3948-fa01-fe32877e5106-feed","processorNameTypeKey":"Update flow parameters-false-feed","remoteProcessGroupProperty":false,"nameKey":"NiFi Flow-Update flow parameters-feed"},{"processGroupName":"NiFi Flow","processorName":"Update flow parameters","processorId":"55bf8fbf-583d-3948-fa01-fe32877e5106","processGroupId":"7086adac-0163-1000-df0b-a9626acb04a6","processorType":"false","key":"hdfs.ingest.root","value":"${config.hdfs.ingest.root}","expressionProperties":null,"propertyDescriptor":{"name":"hdfs.ingest.root","displayName":null,"description":null,"defaultValue":null,"allowableValues":null,"required":null,"sensitive":null,"dynamic":null,"supportsEl":null,"identifiesControllerService":null,"hidden":false},"templateValue":"${config.hdfs.ingest.root}","userEditable":false,"renderType":"text","renderOptions":{},"selected":true,"inputProperty":false,"containsConfigurationVariables":false,"sensitive":false,"required":false,"templateProperty":null,"hidden":false,"idKey":"7086adac-0163-1000-df0b-a9626acb04a6-55bf8fbf-583d-3948-fa01-fe32877e5106-hdfs.ingest.root","processorNameTypeKey":"Update flow parameters-false-hdfs.ingest.root","remoteProcessGroupProperty":false,"nameKey":"NiFi Flow-Update flow parameters-hdfs.ingest.root"},{"processGroupName":"NiFi Flow","processorName":"Update flow parameters","processorId":"55bf8fbf-583d-3948-fa01-fe32877e5106","processGroupId":"7086adac-0163-1000-df0b-a9626acb04a6","processorType":"false","key":"hive.ingest.root","value":"${config.hive.ingest.root}","expressionProperties":null,"propertyDescriptor":{"name":"hive.ingest.root","displayName":null,"description":null,"defaultValue":null,"allowableValues":null,"required":null,"sensitive":null,"dynamic":null,"supportsEl":null,"identifiesControllerService":null,"hidden":false},"templateValue":"${config.hive.ingest.root}","userEditable":false,"renderType":"text","renderOptions":{},"selected":true,"inputProperty":false,"containsConfigurationVariables":false,"sensitive":false,"required":false,"templateProperty":null,"hidden":false,"idKey":"7086adac-0163-1000-df0b-a9626acb04a6-55bf8fbf-583d-3948-fa01-fe32877e5106-hive.ingest.root","processorNameTypeKey":"Update flow parameters-false-hive.ingest.root","remoteProcessGroupProperty":false,"nameKey":"NiFi Flow-Update flow parameters-hive.ingest.root"},{"processGroupName":"NiFi Flow","processorName":"Update flow parameters","processorId":"55bf8fbf-583d-3948-fa01-fe32877e5106","processGroupId":"7086adac-0163-1000-df0b-a9626acb04a6","processorType":"false","key":"hive.master.root","value":"${config.hive.master.root}","expressionProperties":null,"propertyDescriptor":{"name":"hive.master.root","displayName":null,"description":null,"defaultValue":null,"allowableValues":null,"required":null,"sensitive":null,"dynamic":null,"supportsEl":null,"identifiesControllerService":null,"hidden":false},"templateValue":"${config.hive.master.root}","userEditable":false,"renderType":"text","renderOptions":{},"selected":true,"inputProperty":false,"containsConfigurationVariables":false,"sensitive":false,"required":false,"templateProperty":null,"hidden":false,"idKey":"7086adac-0163-1000-df0b-a9626acb04a6-55bf8fbf-583d-3948-fa01-fe32877e5106-hive.master.root","processorNameTypeKey":"Update flow parameters-false-hive.master.root","remoteProcessGroupProperty":false,"nameKey":"NiFi Flow-Update flow parameters-hive.master.root"},{"processGroupName":"NiFi Flow","processorName":"Update flow parameters","processorId":"55bf8fbf-583d-3948-fa01-fe32877e5106","processGroupId":"7086adac-0163-1000-df0b-a9626acb04a6","processorType":"false","key":"metadata.dataTransformation.dataTransformScript","value":"${metadata.dataTransformation.dataTransformScript}","expressionProperties":null,"propertyDescriptor":{"name":"metadata.dataTransformation.dataTransformScript","displayName":"metadata.dataTransformation.dataTransformScript","description":"","defaultValue":null,"allowableValues":null,"required":false,"sensitive":false,"dynamic":true,"supportsEl":true,"identifiesControllerService":null,"hidden":false},"templateValue":"${metadata.dataTransformation.dataTransformScript}","userEditable":false,"renderType":"text","renderOptions":{},"selected":true,"inputProperty":false,"containsConfigurationVariables":false,"sensitive":false,"required":false,"templateProperty":null,"hidden":false,"idKey":"7086adac-0163-1000-df0b-a9626acb04a6-55bf8fbf-583d-3948-fa01-fe32877e5106-metadata.dataTransformation.dataTransformScript","processorNameTypeKey":"Update flow parameters-false-metadata.dataTransformation.dataTransformScript","remoteProcessGroupProperty":false,"nameKey":"NiFi Flow-Update flow parameters-metadata.dataTransformation.dataTransformScript"},{"processGroupName":"NiFi Flow","processorName":"Update flow parameters","processorId":"55bf8fbf-583d-3948-fa01-fe32877e5106","processGroupId":"7086adac-0163-1000-df0b-a9626acb04a6","processorType":"false","key":"metadata.dataTransformation.datasourceIds","value":"${metadata.dataTransformation.datasourceIds}","expressionProperties":null,"propertyDescriptor":{"name":"metadata.dataTransformation.datasourceIds","displayName":"metadata.dataTransformation.datasourceIds","description":"","defaultValue":null,"allowableValues":null,"required":false,"sensitive":false,"dynamic":true,"supportsEl":true,"identifiesControllerService":null,"hidden":false},"templateValue":"${metadata.dataTransformation.datasourceIds}","userEditable":false,"renderType":"text","renderOptions":{},"selected":true,"inputProperty":false,"containsConfigurationVariables":false,"sensitive":false,"required":false,"templateProperty":null,"hidden":false,"idKey":"7086adac-0163-1000-df0b-a9626acb04a6-55bf8fbf-583d-3948-fa01-fe32877e5106-metadata.dataTransformation.datasourceIds","processorNameTypeKey":"Update flow parameters-false-metadata.dataTransformation.datasourceIds","remoteProcessGroupProperty":false,"nameKey":"NiFi Flow-Update flow parameters-metadata.dataTransformation.datasourceIds"},{"processGroupName":"NiFi Flow","processorName":"Update flow parameters","processorId":"55bf8fbf-583d-3948-fa01-fe32877e5106","processGroupId":"7086adac-0163-1000-df0b-a9626acb04a6","processorType":"false","key":"metadata.table.feedFieldStructure","value":"${metadata.table.feedFieldStructure}","expressionProperties":null,"propertyDescriptor":{"name":"metadata.table.feedFieldStructure","displayName":"metadata.table.feedFieldStructure","description":"","defaultValue":null,"allowableValues":null,"required":false,"sensitive":false,"dynamic":true,"supportsEl":true,"identifiesControllerService":null,"hidden":false},"templateValue":"${metadata.table.feedFieldStructure}","userEditable":false,"renderType":"text","renderOptions":{},"selected":true,"inputProperty":false,"containsConfigurationVariables":false,"sensitive":false,"required":false,"templateProperty":null,"hidden":false,"idKey":"7086adac-0163-1000-df0b-a9626acb04a6-55bf8fbf-583d-3948-fa01-fe32877e5106-metadata.table.feedFieldStructure","processorNameTypeKey":"Update flow parameters-false-metadata.table.feedFieldStructure","remoteProcessGroupProperty":false,"nameKey":"NiFi Flow-Update flow parameters-metadata.table.feedFieldStructure"},{"processGroupName":"NiFi Flow","processorName":"Update flow parameters","processorId":"55bf8fbf-583d-3948-fa01-fe32877e5106","processGroupId":"7086adac-0163-1000-df0b-a9626acb04a6","processorType":"false","key":"metadata.table.fieldIndexString","value":"${metadata.table.fieldIndexString}","expressionProperties":null,"propertyDescriptor":{"name":"metadata.table.fieldIndexString","displayName":"metadata.table.fieldIndexString","description":"","defaultValue":null,"allowableValues":null,"required":false,"sensitive":false,"dynamic":true,"supportsEl":true,"identifiesControllerService":null,"hidden":false},"templateValue":"${metadata.table.fieldIndexString}","userEditable":false,"renderType":"text","renderOptions":{},"selected":true,"inputProperty":false,"containsConfigurationVariables":false,"sensitive":false,"required":false,"templateProperty":null,"hidden":false,"idKey":"7086adac-0163-1000-df0b-a9626acb04a6-55bf8fbf-583d-3948-fa01-fe32877e5106-metadata.table.fieldIndexString","processorNameTypeKey":"Update flow parameters-false-metadata.table.fieldIndexString","remoteProcessGroupProperty":false,"nameKey":"NiFi Flow-Update flow parameters-metadata.table.fieldIndexString"},{"processGroupName":"NiFi Flow","processorName":"Update flow parameters","processorId":"55bf8fbf-583d-3948-fa01-fe32877e5106","processGroupId":"7086adac-0163-1000-df0b-a9626acb04a6","processorType":"false","key":"metadata.table.fieldPoliciesJson","value":"${metadata.table.fieldPoliciesJson}","expressionProperties":null,"propertyDescriptor":{"name":"metadata.table.fieldPoliciesJson","displayName":"metadata.table.fieldPoliciesJson","description":"","defaultValue":null,"allowableValues":null,"required":false,"sensitive":false,"dynamic":true,"supportsEl":true,"identifiesControllerService":null,"hidden":false},"templateValue":"${metadata.table.fieldPoliciesJson}","userEditable":false,"renderType":"text","renderOptions":{},"selected":true,"inputProperty":false,"containsConfigurationVariables":false,"sensitive":false,"required":false,"templateProperty":null,"hidden":false,"idKey":"7086adac-0163-1000-df0b-a9626acb04a6-55bf8fbf-583d-3948-fa01-fe32877e5106-metadata.table.fieldPoliciesJson","processorNameTypeKey":"Update flow parameters-false-metadata.table.fieldPoliciesJson","remoteProcessGroupProperty":false,"nameKey":"NiFi Flow-Update flow parameters-metadata.table.fieldPoliciesJson"},{"processGroupName":"NiFi Flow","processorName":"Update flow parameters","processorId":"55bf8fbf-583d-3948-fa01-fe32877e5106","processGroupId":"7086adac-0163-1000-df0b-a9626acb04a6","processorType":"false","key":"metadata.table.fieldStructure","value":"${metadata.table.fieldStructure}","expressionProperties":null,"propertyDescriptor":{"name":"metadata.table.fieldStructure","displayName":null,"description":null,"defaultValue":null,"allowableValues":null,"required":null,"sensitive":null,"dynamic":null,"supportsEl":null,"identifiesControllerService":null,"hidden":false},"templateValue":"${metadata.table.fieldStructure}","userEditable":false,"renderType":"text","renderOptions":{},"selected":true,"inputProperty":false,"containsConfigurationVariables":false,"sensitive":false,"required":false,"templateProperty":null,"hidden":false,"idKey":"7086adac-0163-1000-df0b-a9626acb04a6-55bf8fbf-583d-3948-fa01-fe32877e5106-metadata.table.fieldStructure","processorNameTypeKey":"Update flow parameters-false-metadata.table.fieldStructure","remoteProcessGroupProperty":false,"nameKey":"NiFi Flow-Update flow parameters-metadata.table.fieldStructure"},{"processGroupName":"NiFi Flow","processorName":"Update flow parameters","processorId":"55bf8fbf-583d-3948-fa01-fe32877e5106","processGroupId":"7086adac-0163-1000-df0b-a9626acb04a6","processorType":"false","key":"metadata.table.partitionSpecs","value":"${metadata.table.partitionSpecs}","expressionProperties":null,"propertyDescriptor":{"name":"metadata.table.partitionSpecs","displayName":"metadata.table.partitionSpecs","description":"","defaultValue":null,"allowableValues":null,"required":false,"sensitive":false,"dynamic":true,"supportsEl":true,"identifiesControllerService":null,"hidden":false},"templateValue":"${metadata.table.partitionSpecs}","userEditable":false,"renderType":"text","renderOptions":{},"selected":true,"inputProperty":false,"containsConfigurationVariables":false,"sensitive":false,"required":false,"templateProperty":null,"hidden":false,"idKey":"7086adac-0163-1000-df0b-a9626acb04a6-55bf8fbf-583d-3948-fa01-fe32877e5106-metadata.table.partitionSpecs","processorNameTypeKey":"Update flow parameters-false-metadata.table.partitionSpecs","remoteProcessGroupProperty":false,"nameKey":"NiFi Flow-Update flow parameters-metadata.table.partitionSpecs"},{"processGroupName":"NiFi Flow","processorName":"Update flow parameters","processorId":"55bf8fbf-583d-3948-fa01-fe32877e5106","processGroupId":"7086adac-0163-1000-df0b-a9626acb04a6","processorType":"false","key":"metadata.table.partitionStructure","value":"${metadata.table.partitionStructure}","expressionProperties":null,"propertyDescriptor":{"name":"metadata.table.partitionStructure","displayName":null,"description":null,"defaultValue":null,"allowableValues":null,"required":null,"sensitive":null,"dynamic":null,"supportsEl":null,"identifiesControllerService":null,"hidden":false},"templateValue":"${metadata.table.partitionStructure}","userEditable":false,"renderType":"text","renderOptions":{},"selected":true,"inputProperty":false,"containsConfigurationVariables":false,"sensitive":false,"required":false,"templateProperty":null,"hidden":false,"idKey":"7086adac-0163-1000-df0b-a9626acb04a6-55bf8fbf-583d-3948-fa01-fe32877e5106-metadata.table.partitionStructure","processorNameTypeKey":"Update flow parameters-false-metadata.table.partitionStructure","remoteProcessGroupProperty":false,"nameKey":"NiFi Flow-Update flow parameters-metadata.table.partitionStructure"},{"processGroupName":"NiFi Flow","processorName":"Update flow parameters","processorId":"55bf8fbf-583d-3948-fa01-fe32877e5106","processGroupId":"7086adac-0163-1000-df0b-a9626acb04a6","processorType":"false","key":"metadata.table.targetFormat","value":"${metadata.table.targetFormat}","expressionProperties":null,"propertyDescriptor":{"name":"metadata.table.targetFormat","displayName":null,"description":null,"defaultValue":null,"allowableValues":null,"required":null,"sensitive":null,"dynamic":null,"supportsEl":null,"identifiesControllerService":null,"hidden":false},"templateValue":"${metadata.table.targetFormat}","userEditable":false,"renderType":"text","renderOptions":{},"selected":true,"inputProperty":false,"containsConfigurationVariables":false,"sensitive":false,"required":false,"templateProperty":null,"hidden":false,"idKey":"7086adac-0163-1000-df0b-a9626acb04a6-55bf8fbf-583d-3948-fa01-fe32877e5106-metadata.table.targetFormat","processorNameTypeKey":"Update flow parameters-false-metadata.table.targetFormat","remoteProcessGroupProperty":false,"nameKey":"NiFi Flow-Update flow parameters-metadata.table.targetFormat"},{"processGroupName":"NiFi Flow","processorName":"Update flow parameters","processorId":"55bf8fbf-583d-3948-fa01-fe32877e5106","processGroupId":"7086adac-0163-1000-df0b-a9626acb04a6","processorType":"false","key":"metadata.table.targetMergeStrategy","value":"${metadata.table.targetMergeStrategy}","expressionProperties":null,"propertyDescriptor":{"name":"metadata.table.targetMergeStrategy","displayName":"metadata.table.targetMergeStrategy","description":"","defaultValue":null,"allowableValues":null,"required":false,"sensitive":false,"dynamic":true,"supportsEl":true,"identifiesControllerService":null,"hidden":false},"templateValue":"${metadata.table.targetMergeStrategy}","userEditable":false,"renderType":"text","renderOptions":{},"selected":true,"inputProperty":false,"containsConfigurationVariables":false,"sensitive":false,"required":false,"templateProperty":null,"hidden":false,"idKey":"7086adac-0163-1000-df0b-a9626acb04a6-55bf8fbf-583d-3948-fa01-fe32877e5106-metadata.table.targetMergeStrategy","processorNameTypeKey":"Update flow parameters-false-metadata.table.targetMergeStrategy","remoteProcessGroupProperty":false,"nameKey":"NiFi Flow-Update flow parameters-metadata.table.targetMergeStrategy"},{"processGroupName":"NiFi Flow","processorName":"Update flow parameters","processorId":"55bf8fbf-583d-3948-fa01-fe32877e5106","processGroupId":"7086adac-0163-1000-df0b-a9626acb04a6","processorType":"false","key":"metadata.table.targetTblProperties","value":"${metadata.table.targetTblProperties}","expressionProperties":null,"propertyDescriptor":{"name":"metadata.table.targetTblProperties","displayName":"metadata.table.targetTblProperties","description":"","defaultValue":null,"allowableValues":null,"required":false,"sensitive":false,"dynamic":true,"supportsEl":true,"identifiesControllerService":null,"hidden":false},"templateValue":"${metadata.table.targetTblProperties}","userEditable":false,"renderType":"text","renderOptions":{},"selected":true,"inputProperty":false,"containsConfigurationVariables":false,"sensitive":false,"required":false,"templateProperty":null,"hidden":false,"idKey":"7086adac-0163-1000-df0b-a9626acb04a6-55bf8fbf-583d-3948-fa01-fe32877e5106-metadata.table.targetTblProperties","processorNameTypeKey":"Update flow parameters-false-metadata.table.targetTblProperties","remoteProcessGroupProperty":false,"nameKey":"NiFi Flow-Update flow parameters-metadata.table.targetTblProperties"},{"processGroupName":"NiFi Flow","processorName":"Update flow parameters","processorId":"55bf8fbf-583d-3948-fa01-fe32877e5106","processGroupId":"7086adac-0163-1000-df0b-a9626acb04a6","processorType":"false","key":"nifi.home","value":"${config.nifi.home}","expressionProperties":null,"propertyDescriptor":{"name":"nifi.home","displayName":"nifi.home","description":"","defaultValue":null,"allowableValues":null,"required":false,"sensitive":false,"dynamic":true,"supportsEl":true,"identifiesControllerService":null,"hidden":false},"templateValue":"${config.nifi.home}","userEditable":false,"renderType":"text","renderOptions":{},"selected":true,"inputProperty":false,"containsConfigurationVariables":false,"sensitive":false,"required":false,"templateProperty":null,"hidden":false,"idKey":"7086adac-0163-1000-df0b-a9626acb04a6-55bf8fbf-583d-3948-fa01-fe32877e5106-nifi.home","processorNameTypeKey":"Update flow parameters-false-nifi.home","remoteProcessGroupProperty":false,"nameKey":"NiFi Flow-Update flow parameters-nifi.home"},{"processGroupName":"NiFi Flow","processorName":"Update flow parameters","processorId":"55bf8fbf-583d-3948-fa01-fe32877e5106","processGroupId":"7086adac-0163-1000-df0b-a9626acb04a6","processorType":"false","key":"spark.version","value":"${config.spark.version}","expressionProperties":null,"propertyDescriptor":{"name":"spark.version","displayName":"spark.version","description":"","defaultValue":null,"allowableValues":null,"required":false,"sensitive":false,"dynamic":true,"supportsEl":true,"identifiesControllerService":null,"hidden":false},"templateValue":"${config.spark.version}","userEditable":false,"renderType":"text","renderOptions":{},"selected":true,"inputProperty":false,"containsConfigurationVariables":false,"sensitive":false,"required":false,"templateProperty":null,"hidden":false,"idKey":"7086adac-0163-1000-df0b-a9626acb04a6-55bf8fbf-583d-3948-fa01-fe32877e5106-spark.version","processorNameTypeKey":"Update flow parameters-false-spark.version","remoteProcessGroupProperty":false,"nameKey":"NiFi Flow-Update flow parameters-spark.version"}],"type":"false","name":"Update flow parameters","id":"55bf8fbf-583d-3948-fa01-fe32877e5106","groupName":"NiFi Flow","groupId":"7086adac-0163-1000-df0b-a9626acb04a6","inputProcessor":false,"userDefinedInputProcessor":false}],"inputProcessors":[],"remoteProcessGroups":null,"id":"35eaa612-0a46-45c2-982d-a8ed50bf6115","nifiTemplateId":"6e4b41b3-868c-4deb-981f-102f2f722313","templateName":"Data Transformation","updateDate":1526602779371,"createDate":1493312471069,"icon":"all_inclusive","iconColor":"#90CAF9","description":"Wrangle datasets and schedule","state":"ENABLED","defineTable":false,"reusableTemplate":false,"reusableTemplateConnections":[{"feedOutputPortName":"to-wrangler-cleanup-port","reusableTemplateInputPortName":"wrangler-cleanup-port","inputPortDisplayName":"wrangler-cleanup-port","reusableTemplateProcessGroupName":"data-transformation"},{"feedOutputPortName":"to-wrangler-port","reusableTemplateInputPortName":"wrangler-input-port","inputPortDisplayName":"wrangler-input-port","reusableTemplateProcessGroupName":"data-transformation"}],"registeredDatasourceDefinitions":[{"processorType":"com.thinkbiganalytics.nifi.v2.ingest.MergeTable","processorName":"Merge Table","processorId":"2c27d1ca-2313-3d79-91a5-e8c7c831f603","datasourceDefinition":{"processorType":"com.thinkbiganalytics.nifi.v2.ingest.MergeTable","connectionType":"DESTINATION","datasourcePropertyKeys":["Target schema","Target table"],"datasourceType":"HiveDatasource","identityString":"${Target schema}.${Target table}","description":null,"title":"${Target schema}.${Target table}"}}],"order":2,"templateOrder":null,"feedsCount":2,"templateTableOption":"DATA_TRANSFORMATION","timeBetweenStartingBatchJobs":1000,"stream":false,"allowPreconditions":false,"dataTransformation":true,"isStream":false}