<?xml version="1.0" ?>
<template encoding-version="1.0">
  <description></description>
  <groupId>a681f817-015c-1000-70eb-964babdbfc25</groupId>
  <name>S3 Standard Ingest</name>
  <snippet>
    <connections>
      <id>015c1009-904d-1833-0000-000000000000</id>
      <parentGroupId>a681f817-015c-1000-0000-000000000000</parentGroupId>
      <backPressureDataSizeThreshold>1 GB</backPressureDataSizeThreshold>
      <backPressureObjectThreshold>10000</backPressureObjectThreshold>
      <destination>
        <groupId>a681f817-015c-1000-0000-000000000000</groupId>
        <id>015c1008-904d-1833-0000-000000000000</id>
        <type>PROCESSOR</type>
      </destination>
      <flowFileExpiration>0 sec</flowFileExpiration>
      <labelIndex>1</labelIndex>
      <name></name>
      <selectedRelationships>success</selectedRelationships>
      <source>
        <groupId>a681f817-015c-1000-0000-000000000000</groupId>
        <id>73651c62-453c-1d3a-0000-000000000000</id>
        <type>PROCESSOR</type>
      </source>
      <zIndex>0</zIndex>
    </connections>
    <connections>
      <id>015c100b-904d-1833-0000-000000000000</id>
      <parentGroupId>a681f817-015c-1000-0000-000000000000</parentGroupId>
      <backPressureDataSizeThreshold>1 GB</backPressureDataSizeThreshold>
      <backPressureObjectThreshold>10000</backPressureObjectThreshold>
      <destination>
        <groupId>a681f817-015c-1000-0000-000000000000</groupId>
        <id>015c100a-904d-1833-0000-000000000000</id>
        <type>PROCESSOR</type>
      </destination>
      <flowFileExpiration>0 sec</flowFileExpiration>
      <labelIndex>1</labelIndex>
      <name></name>
      <selectedRelationships>success</selectedRelationships>
      <source>
        <groupId>a681f817-015c-1000-0000-000000000000</groupId>
        <id>015c1008-904d-1833-0000-000000000000</id>
        <type>PROCESSOR</type>
      </source>
      <zIndex>0</zIndex>
    </connections>
    <connections>
      <id>015c100c-904d-1833-0000-000000000000</id>
      <parentGroupId>a681f817-015c-1000-0000-000000000000</parentGroupId>
      <backPressureDataSizeThreshold>1 GB</backPressureDataSizeThreshold>
      <backPressureObjectThreshold>10000</backPressureObjectThreshold>
      <destination>
        <groupId>a681f817-015c-1000-0000-000000000000</groupId>
        <id>73651c62-4541-1d3a-0000-000000000000</id>
        <type>PROCESSOR</type>
      </destination>
      <flowFileExpiration>0 sec</flowFileExpiration>
      <labelIndex>1</labelIndex>
      <name></name>
      <selectedRelationships>merged</selectedRelationships>
      <source>
        <groupId>a681f817-015c-1000-0000-000000000000</groupId>
        <id>015c100a-904d-1833-0000-000000000000</id>
        <type>PROCESSOR</type>
      </source>
      <zIndex>0</zIndex>
    </connections>
    <connections>
      <id>73651c62-4542-1d3a-0000-000000000000</id>
      <parentGroupId>a681f817-015c-1000-0000-000000000000</parentGroupId>
      <backPressureDataSizeThreshold>1 GB</backPressureDataSizeThreshold>
      <backPressureObjectThreshold>10000</backPressureObjectThreshold>
      <destination>
        <groupId>a681f817-015c-1000-0000-000000000000</groupId>
        <id>73651c62-453a-1d3a-0000-000000000000</id>
        <type>PROCESSOR</type>
      </destination>
      <flowFileExpiration>0 sec</flowFileExpiration>
      <labelIndex>1</labelIndex>
      <name></name>
      <selectedRelationships>Success</selectedRelationships>
      <source>
        <groupId>a681f817-015c-1000-0000-000000000000</groupId>
        <id>73651c62-4539-1d3a-0000-000000000000</id>
        <type>PROCESSOR</type>
      </source>
      <zIndex>0</zIndex>
    </connections>
    <connections>
      <id>73651c62-4543-1d3a-0000-000000000000</id>
      <parentGroupId>a681f817-015c-1000-0000-000000000000</parentGroupId>
      <backPressureDataSizeThreshold>1 GB</backPressureDataSizeThreshold>
      <backPressureObjectThreshold>10000</backPressureObjectThreshold>
      <destination>
        <groupId>a681f817-015c-1000-0000-000000000000</groupId>
        <id>73651c62-4537-1d3a-0000-000000000000</id>
        <type>OUTPUT_PORT</type>
      </destination>
      <flowFileExpiration>0 sec</flowFileExpiration>
      <labelIndex>1</labelIndex>
      <name></name>
      <selectedRelationships>success</selectedRelationships>
      <source>
        <groupId>a681f817-015c-1000-0000-000000000000</groupId>
        <id>73651c62-453a-1d3a-0000-000000000000</id>
        <type>PROCESSOR</type>
      </source>
      <zIndex>0</zIndex>
    </connections>
    <connections>
      <id>73651c62-4545-1d3a-0000-000000000000</id>
      <parentGroupId>a681f817-015c-1000-0000-000000000000</parentGroupId>
      <backPressureDataSizeThreshold>1 GB</backPressureDataSizeThreshold>
      <backPressureObjectThreshold>10000</backPressureObjectThreshold>
      <destination>
        <groupId>a681f817-015c-1000-0000-000000000000</groupId>
        <id>73651c62-453d-1d3a-0000-000000000000</id>
        <type>PROCESSOR</type>
      </destination>
      <flowFileExpiration>0 sec</flowFileExpiration>
      <labelIndex>1</labelIndex>
      <name></name>
      <selectedRelationships>failure</selectedRelationships>
      <source>
        <groupId>a681f817-015c-1000-0000-000000000000</groupId>
        <id>73651c62-4540-1d3a-0000-000000000000</id>
        <type>PROCESSOR</type>
      </source>
      <zIndex>0</zIndex>
    </connections>
    <connections>
      <id>73651c62-4546-1d3a-0000-000000000000</id>
      <parentGroupId>a681f817-015c-1000-0000-000000000000</parentGroupId>
      <backPressureDataSizeThreshold>1 GB</backPressureDataSizeThreshold>
      <backPressureObjectThreshold>10000</backPressureObjectThreshold>
      <destination>
        <groupId>a681f817-015c-1000-0000-000000000000</groupId>
        <id>73651c62-4541-1d3a-0000-000000000000</id>
        <type>PROCESSOR</type>
      </destination>
      <flowFileExpiration>0 sec</flowFileExpiration>
      <labelIndex>1</labelIndex>
      <name></name>
      <selectedRelationships>success</selectedRelationships>
      <source>
        <groupId>a681f817-015c-1000-0000-000000000000</groupId>
        <id>73651c62-4540-1d3a-0000-000000000000</id>
        <type>PROCESSOR</type>
      </source>
      <zIndex>0</zIndex>
    </connections>
    <connections>
      <id>73651c62-4547-1d3a-0000-000000000000</id>
      <parentGroupId>a681f817-015c-1000-0000-000000000000</parentGroupId>
      <backPressureDataSizeThreshold>1 GB</backPressureDataSizeThreshold>
      <backPressureObjectThreshold>10000</backPressureObjectThreshold>
      <destination>
        <groupId>a681f817-015c-1000-0000-000000000000</groupId>
        <id>73651c62-4540-1d3a-0000-000000000000</id>
        <type>PROCESSOR</type>
      </destination>
      <flowFileExpiration>0 sec</flowFileExpiration>
      <labelIndex>1</labelIndex>
      <name></name>
      <selectedRelationships>success</selectedRelationships>
      <source>
        <groupId>a681f817-015c-1000-0000-000000000000</groupId>
        <id>73651c62-453f-1d3a-0000-000000000000</id>
        <type>PROCESSOR</type>
      </source>
      <zIndex>0</zIndex>
    </connections>
    <connections>
      <id>73651c62-4548-1d3a-0000-000000000000</id>
      <parentGroupId>a681f817-015c-1000-0000-000000000000</parentGroupId>
      <backPressureDataSizeThreshold>1 GB</backPressureDataSizeThreshold>
      <backPressureObjectThreshold>10000</backPressureObjectThreshold>
      <destination>
        <groupId>a681f817-015c-1000-0000-000000000000</groupId>
        <id>73651c62-453e-1d3a-0000-000000000000</id>
        <type>PROCESSOR</type>
      </destination>
      <flowFileExpiration>0 sec</flowFileExpiration>
      <labelIndex>1</labelIndex>
      <name></name>
      <selectedRelationships>nodata</selectedRelationships>
      <source>
        <groupId>a681f817-015c-1000-0000-000000000000</groupId>
        <id>73651c62-4540-1d3a-0000-000000000000</id>
        <type>PROCESSOR</type>
      </source>
      <zIndex>0</zIndex>
    </connections>
    <connections>
      <id>73651c62-454a-1d3a-0000-000000000000</id>
      <parentGroupId>a681f817-015c-1000-0000-000000000000</parentGroupId>
      <backPressureDataSizeThreshold>1 GB</backPressureDataSizeThreshold>
      <backPressureObjectThreshold>10000</backPressureObjectThreshold>
      <destination>
        <groupId>a681f817-015c-1000-0000-000000000000</groupId>
        <id>73651c62-4538-1d3a-0000-000000000000</id>
        <type>OUTPUT_PORT</type>
      </destination>
      <flowFileExpiration>0 sec</flowFileExpiration>
      <labelIndex>1</labelIndex>
      <name></name>
      <selectedRelationships>success</selectedRelationships>
      <source>
        <groupId>a681f817-015c-1000-0000-000000000000</groupId>
        <id>73651c62-4541-1d3a-0000-000000000000</id>
        <type>PROCESSOR</type>
      </source>
      <zIndex>0</zIndex>
    </connections>
    <controllerServices>
      <id>17aabfb7-015c-1000-0000-000000000000</id>
      <parentGroupId>a681f817-015c-1000-0000-000000000000</parentGroupId>
      <comments></comments>
      <descriptors>
        <entry>
          <key>default-credentials</key>
          <value>
            <name>default-credentials</name>
          </value>
        </entry>
        <entry>
          <key>Access Key</key>
          <value>
            <name>Access Key</name>
          </value>
        </entry>
        <entry>
          <key>Secret Key</key>
          <value>
            <name>Secret Key</name>
          </value>
        </entry>
        <entry>
          <key>Credentials File</key>
          <value>
            <name>Credentials File</name>
          </value>
        </entry>
        <entry>
          <key>profile-name</key>
          <value>
            <name>profile-name</name>
          </value>
        </entry>
        <entry>
          <key>anonymous-credentials</key>
          <value>
            <name>anonymous-credentials</name>
          </value>
        </entry>
        <entry>
          <key>Assume Role ARN</key>
          <value>
            <name>Assume Role ARN</name>
          </value>
        </entry>
        <entry>
          <key>Assume Role Session Name</key>
          <value>
            <name>Assume Role Session Name</name>
          </value>
        </entry>
        <entry>
          <key>Session Time</key>
          <value>
            <name>Session Time</name>
          </value>
        </entry>
        <entry>
          <key>assume-role-external-id</key>
          <value>
            <name>assume-role-external-id</name>
          </value>
        </entry>
      </descriptors>
      <name>AWSCredentialsProviderControllerService</name>
      <properties>
        <entry>
          <key>default-credentials</key>
          <value>false</value>
        </entry>
        <entry>
          <key>Access Key</key>
        </entry>
        <entry>
          <key>Secret Key</key>
        </entry>
        <entry>
          <key>Credentials File</key>
        </entry>
        <entry>
          <key>profile-name</key>
        </entry>
        <entry>
          <key>anonymous-credentials</key>
          <value>false</value>
        </entry>
        <entry>
          <key>Assume Role ARN</key>
        </entry>
        <entry>
          <key>Assume Role Session Name</key>
        </entry>
        <entry>
          <key>Session Time</key>
          <value>3600</value>
        </entry>
        <entry>
          <key>assume-role-external-id</key>
        </entry>
      </properties>
      <state>DISABLED</state>
      <type>org.apache.nifi.processors.aws.credentials.provider.service.AWSCredentialsProviderControllerService</type>
    </controllerServices>
    <controllerServices>
      <id>17aac011-015c-1000-0000-000000000000</id>
      <parentGroupId>a681f817-015c-1000-0000-000000000000</parentGroupId>
      <comments></comments>
      <descriptors>
        <entry>
          <key>Implementation</key>
          <value>
            <name>Implementation</name>
          </value>
        </entry>
        <entry>
          <key>rest-client-url</key>
          <value>
            <name>rest-client-url</name>
          </value>
        </entry>
        <entry>
          <key>client-username</key>
          <value>
            <name>client-username</name>
          </value>
        </entry>
        <entry>
          <key>client-password</key>
          <value>
            <name>client-password</name>
          </value>
        </entry>
        <entry>
          <key>SSL Context Service</key>
          <value>
            <identifiesControllerService>org.apache.nifi.ssl.SSLContextService</identifiesControllerService>
            <name>SSL Context Service</name>
          </value>
        </entry>
      </descriptors>
      <name>Kylo Metadata Service</name>
      <properties>
        <entry>
          <key>Implementation</key>
          <value>REMOTE</value>
        </entry>
        <entry>
          <key>rest-client-url</key>
          <value>http://localhost:8400/proxy/v1/metadata</value>
        </entry>
        <entry>
          <key>client-username</key>
          <value>dladmin</value>
        </entry>
        <entry>
          <key>client-password</key>
        </entry>
        <entry>
          <key>SSL Context Service</key>
        </entry>
      </properties>
      <state>DISABLED</state>
      <type>com.thinkbiganalytics.nifi.v2.core.metadata.MetadataProviderSelectorService</type>
    </controllerServices>
    <controllerServices>
      <id>17aae5a6-015c-1000-0000-000000000000</id>
      <parentGroupId>a681f817-015c-1000-0000-000000000000</parentGroupId>
      <comments></comments>
      <descriptors>
        <entry>
          <key>Database Connection URL</key>
          <value>
            <name>Database Connection URL</name>
          </value>
        </entry>
        <entry>
          <key>Database Driver Class Name</key>
          <value>
            <name>Database Driver Class Name</name>
          </value>
        </entry>
        <entry>
          <key>database-driver-locations</key>
          <value>
            <name>database-driver-locations</name>
          </value>
        </entry>
        <entry>
          <key>Database User</key>
          <value>
            <name>Database User</name>
          </value>
        </entry>
        <entry>
          <key>Password</key>
          <value>
            <name>Password</name>
          </value>
        </entry>
        <entry>
          <key>Max Wait Time</key>
          <value>
            <name>Max Wait Time</name>
          </value>
        </entry>
        <entry>
          <key>Max Total Connections</key>
          <value>
            <name>Max Total Connections</name>
          </value>
        </entry>
      </descriptors>
      <name>Source Database Connection</name>
      <properties>
        <entry>
          <key>Database Connection URL</key>
          <value>jdbc:mysql://kylo-cf-database.cnv1avajnwtb.us-east-1.rds.amazonaws.com:3306</value>
        </entry>
        <entry>
          <key>Database Driver Class Name</key>
          <value>org.mariadb.jdbc.Driver</value>
        </entry>
        <entry>
          <key>database-driver-locations</key>
        </entry>
        <entry>
          <key>Database User</key>
          <value>kylo</value>
        </entry>
        <entry>
          <key>Password</key>
        </entry>
        <entry>
          <key>Max Wait Time</key>
          <value>500 millis</value>
        </entry>
        <entry>
          <key>Max Total Connections</key>
          <value>8</value>
        </entry>
      </properties>
      <state>DISABLED</state>
      <type>org.apache.nifi.dbcp.DBCPConnectionPool</type>
    </controllerServices>
    <controllerServices>
      <id>17aae5ba-015c-1000-0000-000000000000</id>
      <parentGroupId>a681f817-015c-1000-0000-000000000000</parentGroupId>
      <comments></comments>
      <descriptors>
        <entry>
          <key>Spring Context Service</key>
          <value>
            <identifiesControllerService>com.thinkbiganalytics.nifi.core.api.spring.SpringContextService</identifiesControllerService>
            <name>Spring Context Service</name>
          </value>
        </entry>
      </descriptors>
      <name>Kylo Cleanup Service</name>
      <properties>
        <entry>
          <key>Spring Context Service</key>
          <value>17aae5c4-015c-1000-0000-000000000000</value>
        </entry>
      </properties>
      <state>DISABLED</state>
      <type>com.thinkbiganalytics.nifi.v2.core.cleanup.JmsCleanupEventService</type>
    </controllerServices>
    <controllerServices>
      <id>17aae5c4-015c-1000-0000-000000000000</id>
      <parentGroupId>a681f817-015c-1000-0000-000000000000</parentGroupId>
      <comments></comments>
      <descriptors>
        <entry>
          <key>Configuraton Classes</key>
          <value>
            <name>Configuraton Classes</name>
          </value>
        </entry>
      </descriptors>
      <name>SpringContextLoaderService</name>
      <properties>
        <entry>
          <key>Configuraton Classes</key>
        </entry>
      </properties>
      <state>DISABLED</state>
      <type>com.thinkbiganalytics.nifi.v2.core.spring.SpringContextLoaderService</type>
    </controllerServices>
    <labels>
      <id>73651c62-4536-1d3a-0000-000000000000</id>
      <parentGroupId>a681f817-015c-1000-0000-000000000000</parentGroupId>
      <position>
        <x>428.77887599800715</x>
        <y>751.8475235772203</y>
      </position>
      <height>172.5148162841797</height>
      <label>Cleanup</label>
      <style>
        <entry>
          <key>background-color</key>
          <value>#dbdbdb</value>
        </entry>
        <entry>
          <key>font-size</key>
          <value>18px</value>
        </entry>
      </style>
      <width>1538.88671875</width>
    </labels>
    <outputPorts>
      <id>73651c62-4537-1d3a-0000-000000000000</id>
      <parentGroupId>a681f817-015c-1000-0000-000000000000</parentGroupId>
      <position>
        <x>1650.7599804495787</x>
        <y>797.0017662889059</y>
      </position>
      <comments></comments>
      <concurrentlySchedulableTaskCount>1</concurrentlySchedulableTaskCount>
      <name>to-standard-cleanup-s3</name>
      <state>STOPPED</state>
      <type>OUTPUT_PORT</type>
      <validationErrors>'Port 'to-standard-cleanup-s3'' is invalid because Output connection for port 'to-standard-cleanup-s3' is not defined.</validationErrors>
    </outputPorts>
    <outputPorts>
      <id>73651c62-4538-1d3a-0000-000000000000</id>
      <parentGroupId>a681f817-015c-1000-0000-000000000000</parentGroupId>
      <position>
        <x>1969.744613467754</x>
        <y>527.4347330264045</y>
      </position>
      <comments></comments>
      <concurrentlySchedulableTaskCount>1</concurrentlySchedulableTaskCount>
      <name>to-reuseable-ingest-s3</name>
      <state>STOPPED</state>
      <type>OUTPUT_PORT</type>
      <validationErrors>'Port 'to-reuseable-ingest-s3'' is invalid because Output connection for port 'to-reuseable-ingest-s3' is not defined.</validationErrors>
    </outputPorts>
    <processors>
      <id>015c1008-904d-1833-0000-000000000000</id>
      <parentGroupId>a681f817-015c-1000-0000-000000000000</parentGroupId>
      <position>
        <x>391.18575624999903</x>
        <y>504.5855511718748</y>
      </position>
      <config>
        <bulletinLevel>WARN</bulletinLevel>
        <comments></comments>
        <concurrentlySchedulableTaskCount>1</concurrentlySchedulableTaskCount>
        <descriptors>
          <entry>
            <key>Delete Attributes Expression</key>
            <value>
              <name>Delete Attributes Expression</name>
            </value>
          </entry>
          <entry>
            <key>InputFolderName</key>
            <value>
              <name>InputFolderName</name>
            </value>
          </entry>
        </descriptors>
        <lossTolerant>false</lossTolerant>
        <penaltyDuration>30 sec</penaltyDuration>
        <properties>
          <entry>
            <key>Delete Attributes Expression</key>
          </entry>
          <entry>
            <key>InputFolderName</key>
            <value>${filename:substringBefore('/')}</value>
          </entry>
        </properties>
        <runDurationMillis>0</runDurationMillis>
        <schedulingPeriod>0 sec</schedulingPeriod>
        <schedulingStrategy>TIMER_DRIVEN</schedulingStrategy>
        <yieldDuration>1 sec</yieldDuration>
      </config>
      <name>UpdateAttribute</name>
      <relationships>
        <autoTerminate>false</autoTerminate>
        <name>success</name>
      </relationships>
      <style></style>
      <type>org.apache.nifi.processors.attributes.UpdateAttribute</type>
    </processors>
    <processors>
      <id>015c100a-904d-1833-0000-000000000000</id>
      <parentGroupId>a681f817-015c-1000-0000-000000000000</parentGroupId>
      <position>
        <x>762.7055462890617</x>
        <y>511.7856756835935</y>
      </position>
      <config>
        <bulletinLevel>WARN</bulletinLevel>
        <comments></comments>
        <concurrentlySchedulableTaskCount>1</concurrentlySchedulableTaskCount>
        <descriptors>
          <entry>
            <key>Merge Strategy</key>
            <value>
              <name>Merge Strategy</name>
            </value>
          </entry>
          <entry>
            <key>Merge Format</key>
            <value>
              <name>Merge Format</name>
            </value>
          </entry>
          <entry>
            <key>Attribute Strategy</key>
            <value>
              <name>Attribute Strategy</name>
            </value>
          </entry>
          <entry>
            <key>Correlation Attribute Name</key>
            <value>
              <name>Correlation Attribute Name</name>
            </value>
          </entry>
          <entry>
            <key>Minimum Number of Entries</key>
            <value>
              <name>Minimum Number of Entries</name>
            </value>
          </entry>
          <entry>
            <key>Maximum Number of Entries</key>
            <value>
              <name>Maximum Number of Entries</name>
            </value>
          </entry>
          <entry>
            <key>Minimum Group Size</key>
            <value>
              <name>Minimum Group Size</name>
            </value>
          </entry>
          <entry>
            <key>Maximum Group Size</key>
            <value>
              <name>Maximum Group Size</name>
            </value>
          </entry>
          <entry>
            <key>Max Bin Age</key>
            <value>
              <name>Max Bin Age</name>
            </value>
          </entry>
          <entry>
            <key>Maximum number of Bins</key>
            <value>
              <name>Maximum number of Bins</name>
            </value>
          </entry>
          <entry>
            <key>Delimiter Strategy</key>
            <value>
              <name>Delimiter Strategy</name>
            </value>
          </entry>
          <entry>
            <key>Header File</key>
            <value>
              <name>Header File</name>
            </value>
          </entry>
          <entry>
            <key>Footer File</key>
            <value>
              <name>Footer File</name>
            </value>
          </entry>
          <entry>
            <key>Demarcator File</key>
            <value>
              <name>Demarcator File</name>
            </value>
          </entry>
          <entry>
            <key>Compression Level</key>
            <value>
              <name>Compression Level</name>
            </value>
          </entry>
          <entry>
            <key>Keep Path</key>
            <value>
              <name>Keep Path</name>
            </value>
          </entry>
        </descriptors>
        <lossTolerant>false</lossTolerant>
        <penaltyDuration>30 sec</penaltyDuration>
        <properties>
          <entry>
            <key>Merge Strategy</key>
            <value>Bin-Packing Algorithm</value>
          </entry>
          <entry>
            <key>Merge Format</key>
            <value>Binary Concatenation</value>
          </entry>
          <entry>
            <key>Attribute Strategy</key>
            <value>Keep Only Common Attributes</value>
          </entry>
          <entry>
            <key>Correlation Attribute Name</key>
          </entry>
          <entry>
            <key>Minimum Number of Entries</key>
            <value>1</value>
          </entry>
          <entry>
            <key>Maximum Number of Entries</key>
          </entry>
          <entry>
            <key>Minimum Group Size</key>
            <value>0 B</value>
          </entry>
          <entry>
            <key>Maximum Group Size</key>
          </entry>
          <entry>
            <key>Max Bin Age</key>
          </entry>
          <entry>
            <key>Maximum number of Bins</key>
            <value>100</value>
          </entry>
          <entry>
            <key>Delimiter Strategy</key>
            <value>Filename</value>
          </entry>
          <entry>
            <key>Header File</key>
          </entry>
          <entry>
            <key>Footer File</key>
          </entry>
          <entry>
            <key>Demarcator File</key>
          </entry>
          <entry>
            <key>Compression Level</key>
            <value>1</value>
          </entry>
          <entry>
            <key>Keep Path</key>
            <value>false</value>
          </entry>
        </properties>
        <runDurationMillis>0</runDurationMillis>
        <schedulingPeriod>0 sec</schedulingPeriod>
        <schedulingStrategy>TIMER_DRIVEN</schedulingStrategy>
        <yieldDuration>1 sec</yieldDuration>
      </config>
      <name>MergeContent</name>
      <relationships>
        <autoTerminate>true</autoTerminate>
        <name>failure</name>
      </relationships>
      <relationships>
        <autoTerminate>false</autoTerminate>
        <name>merged</name>
      </relationships>
      <relationships>
        <autoTerminate>true</autoTerminate>
        <name>original</name>
      </relationships>
      <style></style>
      <type>org.apache.nifi.processors.standard.MergeContent</type>
    </processors>
    <processors>
      <id>73651c62-4539-1d3a-0000-000000000000</id>
      <parentGroupId>a681f817-015c-1000-0000-000000000000</parentGroupId>
      <position>
        <x>488.550839897543</x>
        <y>777.6318238167823</y>
      </position>
      <config>
        <bulletinLevel>WARN</bulletinLevel>
        <comments></comments>
        <concurrentlySchedulableTaskCount>1</concurrentlySchedulableTaskCount>
        <descriptors>
          <entry>
            <key>Feed Cleanup Event Service</key>
            <value>
              <identifiesControllerService>com.thinkbiganalytics.nifi.core.api.cleanup.CleanupEventService</identifiesControllerService>
              <name>Feed Cleanup Event Service</name>
            </value>
          </entry>
          <entry>
            <key>Metadata Provider Service</key>
            <value>
              <identifiesControllerService>com.thinkbiganalytics.nifi.core.api.metadata.MetadataProviderService</identifiesControllerService>
              <name>Metadata Provider Service</name>
            </value>
          </entry>
          <entry>
            <key>System feed category</key>
            <value>
              <name>System feed category</name>
            </value>
          </entry>
          <entry>
            <key>System feed name</key>
            <value>
              <name>System feed name</name>
            </value>
          </entry>
        </descriptors>
        <lossTolerant>false</lossTolerant>
        <penaltyDuration>30 sec</penaltyDuration>
        <properties>
          <entry>
            <key>Feed Cleanup Event Service</key>
            <value>17aae5ba-015c-1000-0000-000000000000</value>
          </entry>
          <entry>
            <key>Metadata Provider Service</key>
            <value>17aac011-015c-1000-0000-000000000000</value>
          </entry>
          <entry>
            <key>System feed category</key>
            <value>playground</value>
          </entry>
          <entry>
            <key>System feed name</key>
            <value>es_ingestion_test001</value>
          </entry>
        </properties>
        <runDurationMillis>0</runDurationMillis>
        <schedulingPeriod>0 sec</schedulingPeriod>
        <schedulingStrategy>TIMER_DRIVEN</schedulingStrategy>
        <yieldDuration>1 sec</yieldDuration>
      </config>
      <name>TriggerCleanup</name>
      <relationships>
        <autoTerminate>false</autoTerminate>
        <name>Success</name>
      </relationships>
      <style>
        <entry>
          <key>background-color</key>
          <value>#ff9900</value>
        </entry>
      </style>
      <type>com.thinkbiganalytics.nifi.v2.metadata.TriggerCleanup</type>
    </processors>
    <processors>
      <id>73651c62-453a-1d3a-0000-000000000000</id>
      <parentGroupId>a681f817-015c-1000-0000-000000000000</parentGroupId>
      <position>
        <x>1065.0840420509485</x>
        <y>773.9974836487572</y>
      </position>
      <config>
        <bulletinLevel>WARN</bulletinLevel>
        <comments></comments>
        <concurrentlySchedulableTaskCount>1</concurrentlySchedulableTaskCount>
        <descriptors>
          <entry>
            <key>Delete Attributes Expression</key>
            <value>
              <name>Delete Attributes Expression</name>
            </value>
          </entry>
          <entry>
            <key>category</key>
            <value>
              <name>category</name>
            </value>
          </entry>
          <entry>
            <key>feed</key>
            <value>
              <name>feed</name>
            </value>
          </entry>
          <entry>
            <key>hdfs.ingest.root</key>
            <value>
              <name>hdfs.ingest.root</name>
            </value>
          </entry>
          <entry>
            <key>hive.ingest.root</key>
            <value>
              <name>hive.ingest.root</name>
            </value>
          </entry>
          <entry>
            <key>hive.master.root</key>
            <value>
              <name>hive.master.root</name>
            </value>
          </entry>
          <entry>
            <key>hive.profile.root</key>
            <value>
              <name>hive.profile.root</name>
            </value>
          </entry>
        </descriptors>
        <lossTolerant>false</lossTolerant>
        <penaltyDuration>30 sec</penaltyDuration>
        <properties>
          <entry>
            <key>Delete Attributes Expression</key>
          </entry>
          <entry>
            <key>category</key>
            <value>playground</value>
          </entry>
          <entry>
            <key>feed</key>
            <value>es_ingestion_test001</value>
          </entry>
          <entry>
            <key>hdfs.ingest.root</key>
            <value>/etl</value>
          </entry>
          <entry>
            <key>hive.ingest.root</key>
            <value>/model.db</value>
          </entry>
          <entry>
            <key>hive.master.root</key>
            <value>/app/warehouse</value>
          </entry>
          <entry>
            <key>hive.profile.root</key>
            <value>/model.db</value>
          </entry>
        </properties>
        <runDurationMillis>0</runDurationMillis>
        <schedulingPeriod>0 sec</schedulingPeriod>
        <schedulingStrategy>TIMER_DRIVEN</schedulingStrategy>
        <yieldDuration>1 sec</yieldDuration>
      </config>
      <name>Initialize Cleanup Parameters</name>
      <relationships>
        <autoTerminate>false</autoTerminate>
        <name>success</name>
      </relationships>
      <style>
        <entry>
          <key>background-color</key>
          <value>#11f237</value>
        </entry>
      </style>
      <type>org.apache.nifi.processors.attributes.UpdateAttribute</type>
    </processors>
    <processors>
      <id>73651c62-453c-1d3a-0000-000000000000</id>
      <parentGroupId>a681f817-015c-1000-0000-000000000000</parentGroupId>
      <position>
        <x>0.0</x>
        <y>499.1725282614397</y>
      </position>
      <config>
        <bulletinLevel>WARN</bulletinLevel>
        <comments></comments>
        <concurrentlySchedulableTaskCount>1</concurrentlySchedulableTaskCount>
        <descriptors>
          <entry>
            <key>Bucket</key>
            <value>
              <name>Bucket</name>
            </value>
          </entry>
          <entry>
            <key>Region</key>
            <value>
              <name>Region</name>
            </value>
          </entry>
          <entry>
            <key>Access Key</key>
            <value>
              <name>Access Key</name>
            </value>
          </entry>
          <entry>
            <key>Secret Key</key>
            <value>
              <name>Secret Key</name>
            </value>
          </entry>
          <entry>
            <key>Credentials File</key>
            <value>
              <name>Credentials File</name>
            </value>
          </entry>
          <entry>
            <key>AWS Credentials Provider service</key>
            <value>
              <identifiesControllerService>org.apache.nifi.processors.aws.credentials.provider.service.AWSCredentialsProviderService</identifiesControllerService>
              <name>AWS Credentials Provider service</name>
            </value>
          </entry>
          <entry>
            <key>Communications Timeout</key>
            <value>
              <name>Communications Timeout</name>
            </value>
          </entry>
          <entry>
            <key>SSL Context Service</key>
            <value>
              <identifiesControllerService>org.apache.nifi.ssl.SSLContextService</identifiesControllerService>
              <name>SSL Context Service</name>
            </value>
          </entry>
          <entry>
            <key>Endpoint Override URL</key>
            <value>
              <name>Endpoint Override URL</name>
            </value>
          </entry>
          <entry>
            <key>Proxy Host</key>
            <value>
              <name>Proxy Host</name>
            </value>
          </entry>
          <entry>
            <key>Proxy Host Port</key>
            <value>
              <name>Proxy Host Port</name>
            </value>
          </entry>
          <entry>
            <key>delimiter</key>
            <value>
              <name>delimiter</name>
            </value>
          </entry>
          <entry>
            <key>prefix</key>
            <value>
              <name>prefix</name>
            </value>
          </entry>
        </descriptors>
        <lossTolerant>false</lossTolerant>
        <penaltyDuration>30 sec</penaltyDuration>
        <properties>
          <entry>
            <key>Bucket</key>
            <value>sean-test-input</value>
          </entry>
          <entry>
            <key>Region</key>
            <value>us-east-1</value>
          </entry>
          <entry>
            <key>Access Key</key>
          </entry>
          <entry>
            <key>Secret Key</key>
          </entry>
          <entry>
            <key>Credentials File</key>
          </entry>
          <entry>
            <key>AWS Credentials Provider service</key>
            <value>17aabfb7-015c-1000-0000-000000000000</value>
          </entry>
          <entry>
            <key>Communications Timeout</key>
            <value>30 secs</value>
          </entry>
          <entry>
            <key>SSL Context Service</key>
          </entry>
          <entry>
            <key>Endpoint Override URL</key>
          </entry>
          <entry>
            <key>Proxy Host</key>
          </entry>
          <entry>
            <key>Proxy Host Port</key>
          </entry>
          <entry>
            <key>delimiter</key>
          </entry>
          <entry>
            <key>prefix</key>
          </entry>
        </properties>
        <runDurationMillis>0</runDurationMillis>
        <schedulingPeriod>5 days</schedulingPeriod>
        <schedulingStrategy>TIMER_DRIVEN</schedulingStrategy>
        <yieldDuration>1 sec</yieldDuration>
      </config>
      <name>S3</name>
      <relationships>
        <autoTerminate>false</autoTerminate>
        <name>success</name>
      </relationships>
      <style>
        <entry>
          <key>background-color</key>
          <value>#ad9897</value>
        </entry>
      </style>
      <type>org.apache.nifi.processors.aws.s3.ListS3</type>
    </processors>
    <processors>
      <id>73651c62-453d-1d3a-0000-000000000000</id>
      <parentGroupId>a681f817-015c-1000-0000-000000000000</parentGroupId>
      <position>
        <x>1134.5433773136083</x>
        <y>0.0</y>
      </position>
      <config>
        <bulletinLevel>WARN</bulletinLevel>
        <comments></comments>
        <concurrentlySchedulableTaskCount>1</concurrentlySchedulableTaskCount>
        <descriptors>
          <entry>
            <key>Metadata Service</key>
            <value>
              <identifiesControllerService>com.thinkbiganalytics.nifi.core.api.metadata.MetadataProviderService</identifiesControllerService>
              <name>Metadata Service</name>
            </value>
          </entry>
          <entry>
            <key>System feed category</key>
            <value>
              <name>System feed category</name>
            </value>
          </entry>
          <entry>
            <key>System feed name</key>
            <value>
              <name>System feed name</name>
            </value>
          </entry>
          <entry>
            <key>High-Water Mark</key>
            <value>
              <name>High-Water Mark</name>
            </value>
          </entry>
          <entry>
            <key>High-Water Mark Value Property Name</key>
            <value>
              <name>High-Water Mark Value Property Name</name>
            </value>
          </entry>
          <entry>
            <key>Mode</key>
            <value>
              <name>Mode</name>
            </value>
          </entry>
          <entry>
            <key>Release All</key>
            <value>
              <name>Release All</name>
            </value>
          </entry>
        </descriptors>
        <lossTolerant>false</lossTolerant>
        <penaltyDuration>30 sec</penaltyDuration>
        <properties>
          <entry>
            <key>Metadata Service</key>
            <value>17aac011-015c-1000-0000-000000000000</value>
          </entry>
          <entry>
            <key>System feed category</key>
            <value>playground</value>
          </entry>
          <entry>
            <key>System feed name</key>
            <value>es_ingestion_test001</value>
          </entry>
          <entry>
            <key>High-Water Mark</key>
            <value>highWaterMark</value>
          </entry>
          <entry>
            <key>High-Water Mark Value Property Name</key>
            <value>water.mark</value>
          </entry>
          <entry>
            <key>Mode</key>
            <value>REJECT</value>
          </entry>
          <entry>
            <key>Release All</key>
            <value>true</value>
          </entry>
        </properties>
        <runDurationMillis>0</runDurationMillis>
        <schedulingPeriod>0 sec</schedulingPeriod>
        <schedulingStrategy>TIMER_DRIVEN</schedulingStrategy>
        <yieldDuration>1 sec</yieldDuration>
      </config>
      <name>Failed - Release Highwater Mark</name>
      <relationships>
        <autoTerminate>true</autoTerminate>
        <name>failure</name>
      </relationships>
      <relationships>
        <autoTerminate>true</autoTerminate>
        <name>success</name>
      </relationships>
      <style>
        <entry>
          <key>background-color</key>
          <value>#f21308</value>
        </entry>
      </style>
      <type>com.thinkbiganalytics.nifi.v2.core.watermark.ReleaseHighWaterMark</type>
    </processors>
    <processors>
      <id>73651c62-453e-1d3a-0000-000000000000</id>
      <parentGroupId>a681f817-015c-1000-0000-000000000000</parentGroupId>
      <position>
        <x>1741.113567743296</x>
        <y>261.5283412933349</y>
      </position>
      <config>
        <bulletinLevel>WARN</bulletinLevel>
        <comments></comments>
        <concurrentlySchedulableTaskCount>1</concurrentlySchedulableTaskCount>
        <descriptors>
          <entry>
            <key>Metadata Service</key>
            <value>
              <identifiesControllerService>com.thinkbiganalytics.nifi.core.api.metadata.MetadataProviderService</identifiesControllerService>
              <name>Metadata Service</name>
            </value>
          </entry>
          <entry>
            <key>System feed category</key>
            <value>
              <name>System feed category</name>
            </value>
          </entry>
          <entry>
            <key>System feed name</key>
            <value>
              <name>System feed name</name>
            </value>
          </entry>
          <entry>
            <key>High-Water Mark</key>
            <value>
              <name>High-Water Mark</name>
            </value>
          </entry>
          <entry>
            <key>High-Water Mark Value Property Name</key>
            <value>
              <name>High-Water Mark Value Property Name</name>
            </value>
          </entry>
          <entry>
            <key>Mode</key>
            <value>
              <name>Mode</name>
            </value>
          </entry>
          <entry>
            <key>Release All</key>
            <value>
              <name>Release All</name>
            </value>
          </entry>
        </descriptors>
        <lossTolerant>false</lossTolerant>
        <penaltyDuration>30 sec</penaltyDuration>
        <properties>
          <entry>
            <key>Metadata Service</key>
            <value>17aac011-015c-1000-0000-000000000000</value>
          </entry>
          <entry>
            <key>System feed category</key>
            <value>playground</value>
          </entry>
          <entry>
            <key>System feed name</key>
            <value>es_ingestion_test001</value>
          </entry>
          <entry>
            <key>High-Water Mark</key>
            <value>highWaterMark</value>
          </entry>
          <entry>
            <key>High-Water Mark Value Property Name</key>
            <value>water.mark</value>
          </entry>
          <entry>
            <key>Mode</key>
            <value>COMMIT</value>
          </entry>
          <entry>
            <key>Release All</key>
            <value>true</value>
          </entry>
        </properties>
        <runDurationMillis>0</runDurationMillis>
        <schedulingPeriod>0 sec</schedulingPeriod>
        <schedulingStrategy>TIMER_DRIVEN</schedulingStrategy>
        <yieldDuration>1 sec</yieldDuration>
      </config>
      <name>No Data - Release Highwater Mark</name>
      <relationships>
        <autoTerminate>true</autoTerminate>
        <name>failure</name>
      </relationships>
      <relationships>
        <autoTerminate>true</autoTerminate>
        <name>success</name>
      </relationships>
      <style>
        <entry>
          <key>background-color</key>
          <value>#f21308</value>
        </entry>
      </style>
      <type>com.thinkbiganalytics.nifi.v2.core.watermark.ReleaseHighWaterMark</type>
    </processors>
    <processors>
      <id>73651c62-453f-1d3a-0000-000000000000</id>
      <parentGroupId>a681f817-015c-1000-0000-000000000000</parentGroupId>
      <position>
        <x>486.31966254960525</x>
        <y>267.5176056427758</y>
      </position>
      <config>
        <bulletinLevel>WARN</bulletinLevel>
        <comments></comments>
        <concurrentlySchedulableTaskCount>1</concurrentlySchedulableTaskCount>
        <descriptors>
          <entry>
            <key>Metadata Service</key>
            <value>
              <identifiesControllerService>com.thinkbiganalytics.nifi.core.api.metadata.MetadataProviderService</identifiesControllerService>
              <name>Metadata Service</name>
            </value>
          </entry>
          <entry>
            <key>System feed category</key>
            <value>
              <name>System feed category</name>
            </value>
          </entry>
          <entry>
            <key>System feed name</key>
            <value>
              <name>System feed name</name>
            </value>
          </entry>
          <entry>
            <key>High-Water Mark</key>
            <value>
              <name>High-Water Mark</name>
            </value>
          </entry>
          <entry>
            <key>High-Water Mark Value Property Name</key>
            <value>
              <name>High-Water Mark Value Property Name</name>
            </value>
          </entry>
          <entry>
            <key>Active Water Mark Strategy</key>
            <value>
              <name>Active Water Mark Strategy</name>
            </value>
          </entry>
          <entry>
            <key>Max Yield Count</key>
            <value>
              <name>Max Yield Count</name>
            </value>
          </entry>
          <entry>
            <key>Initial Value</key>
            <value>
              <name>Initial Value</name>
            </value>
          </entry>
        </descriptors>
        <lossTolerant>false</lossTolerant>
        <penaltyDuration>30 sec</penaltyDuration>
        <properties>
          <entry>
            <key>Metadata Service</key>
            <value>4db2df80-015a-1000-0000-000000000000</value>
          </entry>
          <entry>
            <key>System feed category</key>
            <value>playground</value>
          </entry>
          <entry>
            <key>System feed name</key>
            <value>es_ingestion_test001</value>
          </entry>
          <entry>
            <key>High-Water Mark</key>
            <value>highWaterMark</value>
          </entry>
          <entry>
            <key>High-Water Mark Value Property Name</key>
            <value>water.mark</value>
          </entry>
          <entry>
            <key>Active Water Mark Strategy</key>
            <value>YIELD</value>
          </entry>
          <entry>
            <key>Max Yield Count</key>
            <value>50</value>
          </entry>
          <entry>
            <key>Initial Value</key>
            <value>1970-01-01T00:00:00</value>
          </entry>
        </properties>
        <runDurationMillis>0</runDurationMillis>
        <schedulingPeriod>0 sec</schedulingPeriod>
        <schedulingStrategy>TIMER_DRIVEN</schedulingStrategy>
        <yieldDuration>1 sec</yieldDuration>
      </config>
      <name>Database</name>
      <relationships>
        <autoTerminate>true</autoTerminate>
        <name>activeFailure</name>
      </relationships>
      <relationships>
        <autoTerminate>true</autoTerminate>
        <name>failure</name>
      </relationships>
      <relationships>
        <autoTerminate>false</autoTerminate>
        <name>success</name>
      </relationships>
      <style>
        <entry>
          <key>background-color</key>
          <value>#ad9897</value>
        </entry>
      </style>
      <type>com.thinkbiganalytics.nifi.v2.core.watermark.LoadHighWaterMark</type>
    </processors>
    <processors>
      <id>73651c62-4540-1d3a-0000-000000000000</id>
      <parentGroupId>a681f817-015c-1000-0000-000000000000</parentGroupId>
      <position>
        <x>1140.5649836217126</x>
        <y>263.2804088332095</y>
      </position>
      <config>
        <bulletinLevel>WARN</bulletinLevel>
        <comments></comments>
        <concurrentlySchedulableTaskCount>1</concurrentlySchedulableTaskCount>
        <descriptors>
          <entry>
            <key>Source Database Connection</key>
            <value>
              <identifiesControllerService>org.apache.nifi.dbcp.DBCPService</identifiesControllerService>
              <name>Source Database Connection</name>
            </value>
          </entry>
          <entry>
            <key>Metadata Service</key>
            <value>
              <identifiesControllerService>com.thinkbiganalytics.nifi.core.api.metadata.MetadataProviderService</identifiesControllerService>
              <name>Metadata Service</name>
            </value>
          </entry>
          <entry>
            <key>System feed category</key>
            <value>
              <name>System feed category</name>
            </value>
          </entry>
          <entry>
            <key>System feed name</key>
            <value>
              <name>System feed name</name>
            </value>
          </entry>
          <entry>
            <key>Source Table</key>
            <value>
              <name>Source Table</name>
            </value>
          </entry>
          <entry>
            <key>Source Fields</key>
            <value>
              <name>Source Fields</name>
            </value>
          </entry>
          <entry>
            <key>Load Strategy</key>
            <value>
              <name>Load Strategy</name>
            </value>
          </entry>
          <entry>
            <key>High-Water Mark Property Name</key>
            <value>
              <name>High-Water Mark Property Name</name>
            </value>
          </entry>
          <entry>
            <key>Date Field</key>
            <value>
              <name>Date Field</name>
            </value>
          </entry>
          <entry>
            <key>Overlap Period</key>
            <value>
              <name>Overlap Period</name>
            </value>
          </entry>
          <entry>
            <key>Max Wait Time</key>
            <value>
              <name>Max Wait Time</name>
            </value>
          </entry>
          <entry>
            <key>Backoff Period</key>
            <value>
              <name>Backoff Period</name>
            </value>
          </entry>
          <entry>
            <key>Minimum Time Unit</key>
            <value>
              <name>Minimum Time Unit</name>
            </value>
          </entry>
          <entry>
            <key>Output Type</key>
            <value>
              <name>Output Type</name>
            </value>
          </entry>
          <entry>
            <key>Output Delimiter</key>
            <value>
              <name>Output Delimiter</name>
            </value>
          </entry>
        </descriptors>
        <lossTolerant>false</lossTolerant>
        <penaltyDuration>30 sec</penaltyDuration>
        <properties>
          <entry>
            <key>Source Database Connection</key>
            <value>17aae5a6-015c-1000-0000-000000000000</value>
          </entry>
          <entry>
            <key>Metadata Service</key>
            <value>17aac011-015c-1000-0000-000000000000</value>
          </entry>
          <entry>
            <key>System feed category</key>
            <value>playground</value>
          </entry>
          <entry>
            <key>System feed name</key>
            <value>es_ingestion_test001</value>
          </entry>
          <entry>
            <key>Source Table</key>
            <value>NA</value>
          </entry>
          <entry>
            <key>Source Fields</key>
            <value>Code
Description</value>
          </entry>
          <entry>
            <key>Load Strategy</key>
            <value>FULL_LOAD</value>
          </entry>
          <entry>
            <key>High-Water Mark Property Name</key>
            <value>water.mark</value>
          </entry>
          <entry>
            <key>Date Field</key>
          </entry>
          <entry>
            <key>Overlap Period</key>
            <value>300 seconds</value>
          </entry>
          <entry>
            <key>Max Wait Time</key>
            <value>0 seconds</value>
          </entry>
          <entry>
            <key>Backoff Period</key>
            <value>300 seconds</value>
          </entry>
          <entry>
            <key>Minimum Time Unit</key>
            <value>NONE</value>
          </entry>
          <entry>
            <key>Output Type</key>
            <value>DELIMITED</value>
          </entry>
          <entry>
            <key>Output Delimiter</key>
            <value>,</value>
          </entry>
        </properties>
        <runDurationMillis>0</runDurationMillis>
        <schedulingPeriod>1 sec</schedulingPeriod>
        <schedulingStrategy>TIMER_DRIVEN</schedulingStrategy>
        <yieldDuration>1 sec</yieldDuration>
      </config>
      <name>Fetch RDBMS Data</name>
      <relationships>
        <autoTerminate>false</autoTerminate>
        <name>failure</name>
      </relationships>
      <relationships>
        <autoTerminate>false</autoTerminate>
        <name>nodata</name>
      </relationships>
      <relationships>
        <autoTerminate>false</autoTerminate>
        <name>success</name>
      </relationships>
      <style>
        <entry>
          <key>background-color</key>
          <value>#3cff00</value>
        </entry>
      </style>
      <type>com.thinkbiganalytics.nifi.v2.ingest.GetTableData</type>
    </processors>
    <processors>
      <id>73651c62-4541-1d3a-0000-000000000000</id>
      <parentGroupId>a681f817-015c-1000-0000-000000000000</parentGroupId>
      <position>
        <x>1164.4045986915735</x>
        <y>498.9461912293236</y>
      </position>
      <config>
        <bulletinLevel>WARN</bulletinLevel>
        <comments></comments>
        <concurrentlySchedulableTaskCount>1</concurrentlySchedulableTaskCount>
        <descriptors>
          <entry>
            <key>Delete Attributes Expression</key>
            <value>
              <name>Delete Attributes Expression</name>
            </value>
          </entry>
          <entry>
            <key>archiveId</key>
            <value>
              <name>archiveId</name>
            </value>
          </entry>
          <entry>
            <key>category</key>
            <value>
              <name>category</name>
            </value>
          </entry>
          <entry>
            <key>es.jar_url</key>
            <value>
              <name>es.jar_url</name>
            </value>
          </entry>
          <entry>
            <key>es.nodes</key>
            <value>
              <name>es.nodes</name>
            </value>
          </entry>
          <entry>
            <key>feed</key>
            <value>
              <name>feed</name>
            </value>
          </entry>
          <entry>
            <key>hdfs.ingest.root</key>
            <value>
              <name>hdfs.ingest.root</name>
            </value>
          </entry>
          <entry>
            <key>hive.ingest.root</key>
            <value>
              <name>hive.ingest.root</name>
            </value>
          </entry>
          <entry>
            <key>hive.master.root</key>
            <value>
              <name>hive.master.root</name>
            </value>
          </entry>
          <entry>
            <key>hive.profile.root</key>
            <value>
              <name>hive.profile.root</name>
            </value>
          </entry>
          <entry>
            <key>hiveS3Bucket</key>
            <value>
              <name>hiveS3Bucket</name>
            </value>
          </entry>
          <entry>
            <key>kylo.tmp.baseFolder</key>
            <value>
              <name>kylo.tmp.baseFolder</name>
            </value>
          </entry>
          <entry>
            <key>metadata.table.feedFieldStructure</key>
            <value>
              <name>metadata.table.feedFieldStructure</name>
            </value>
          </entry>
          <entry>
            <key>metadata.table.feedFormat</key>
            <value>
              <name>metadata.table.feedFormat</name>
            </value>
          </entry>
          <entry>
            <key>metadata.table.fieldIndexString</key>
            <value>
              <name>metadata.table.fieldIndexString</name>
            </value>
          </entry>
          <entry>
            <key>metadata.table.fieldPoliciesJson</key>
            <value>
              <name>metadata.table.fieldPoliciesJson</name>
            </value>
          </entry>
          <entry>
            <key>metadata.table.fieldStructure</key>
            <value>
              <name>metadata.table.fieldStructure</name>
            </value>
          </entry>
          <entry>
            <key>metadata.table.partitionSpecs</key>
            <value>
              <name>metadata.table.partitionSpecs</name>
            </value>
          </entry>
          <entry>
            <key>metadata.table.partitionStructure</key>
            <value>
              <name>metadata.table.partitionStructure</name>
            </value>
          </entry>
          <entry>
            <key>metadata.table.targetFormat</key>
            <value>
              <name>metadata.table.targetFormat</name>
            </value>
          </entry>
          <entry>
            <key>metadata.table.targetMergeStrategy</key>
            <value>
              <name>metadata.table.targetMergeStrategy</name>
            </value>
          </entry>
          <entry>
            <key>metadata.table.targetTblProperties</key>
            <value>
              <name>metadata.table.targetTblProperties</name>
            </value>
          </entry>
          <entry>
            <key>skipHeader</key>
            <value>
              <name>skipHeader</name>
            </value>
          </entry>
          <entry>
            <key>spark.input_folder</key>
            <value>
              <name>spark.input_folder</name>
            </value>
          </entry>
          <entry>
            <key>sqs.url</key>
            <value>
              <name>sqs.url</name>
            </value>
          </entry>
        </descriptors>
        <lossTolerant>false</lossTolerant>
        <penaltyDuration>30 sec</penaltyDuration>
        <properties>
          <entry>
            <key>Delete Attributes Expression</key>
          </entry>
          <entry>
            <key>archiveId</key>
            <value>${now():format('yyyyMMddHHmmss')}_${UUID()}</value>
          </entry>
          <entry>
            <key>category</key>
            <value>playground</value>
          </entry>
          <entry>
            <key>es.jar_url</key>
            <value>s3://aws-kylo-integration/kylo-0-8-0/jars/elasticsearch-hadoop-5.4.0.jar</value>
          </entry>
          <entry>
            <key>es.nodes</key>
            <value></value>
          </entry>
          <entry>
            <key>feed</key>
            <value>es_ingestion_test001</value>
          </entry>
          <entry>
            <key>hdfs.ingest.root</key>
            <value>/etl</value>
          </entry>
          <entry>
            <key>hive.ingest.root</key>
            <value>/model.db</value>
          </entry>
          <entry>
            <key>hive.master.root</key>
            <value>/app/warehouse</value>
          </entry>
          <entry>
            <key>hive.profile.root</key>
            <value>/model.db</value>
          </entry>
          <entry>
            <key>hiveS3Bucket</key>
            <value>sean-test-hive</value>
          </entry>
          <entry>
            <key>kylo.tmp.baseFolder</key>
            <value>/tmp/kylo-nifi</value>
          </entry>
          <entry>
            <key>metadata.table.feedFieldStructure</key>
            <value>Code|string||1|0|0
Description|string||0|0|0</value>
          </entry>
          <entry>
            <key>metadata.table.feedFormat</key>
            <value>ROW FORMAT SERDE 'org.apache.hadoop.hive.serde2.OpenCSVSerde'
 WITH SERDEPROPERTIES ( 'separatorChar' = ',' ,'escapeChar' = '\\' ,'quoteChar' = '\"') STORED AS TEXTFILE</value>
          </entry>
          <entry>
            <key>metadata.table.fieldIndexString</key>
            <value>Code,Description</value>
          </entry>
          <entry>
            <key>metadata.table.fieldPoliciesJson</key>
            <value>[{"profile":true,"index":true,"fieldName":"Code","feedFieldName":"Code","standardization":null,"validation":null,"partitionColumn":false},{"profile":true,"index":true,"fieldName":"Description","feedFieldName":"Description","standardization":null,"validation":null,"partitionColumn":false}]</value>
          </entry>
          <entry>
            <key>metadata.table.fieldStructure</key>
            <value>Code|string||1|0|0
Description|string||0|0|0</value>
          </entry>
          <entry>
            <key>metadata.table.partitionSpecs</key>
            <value></value>
          </entry>
          <entry>
            <key>metadata.table.partitionStructure</key>
            <value></value>
          </entry>
          <entry>
            <key>metadata.table.targetFormat</key>
            <value>${metadata.table.targetFormat}</value>
          </entry>
          <entry>
            <key>metadata.table.targetMergeStrategy</key>
            <value>SYNC</value>
          </entry>
          <entry>
            <key>metadata.table.targetTblProperties</key>
            <value></value>
          </entry>
          <entry>
            <key>skipHeader</key>
            <value>true</value>
          </entry>
          <entry>
            <key>spark.input_folder</key>
            <value>/tmp/kylo-nifi/spark</value>
          </entry>
          <entry>
            <key>sqs.url</key>
            <value> https://sqs.us-east-1.amazonaws.com/171699809974/thinkbig-nifi-index-registration</value>
          </entry>
        </properties>
        <runDurationMillis>0</runDurationMillis>
        <schedulingPeriod>0 sec</schedulingPeriod>
        <schedulingStrategy>TIMER_DRIVEN</schedulingStrategy>
        <yieldDuration>1 sec</yieldDuration>
      </config>
      <name>Initialize Feed Parameters</name>
      <relationships>
        <autoTerminate>false</autoTerminate>
        <name>success</name>
      </relationships>
      <style>
        <entry>
          <key>background-color</key>
          <value>#11f237</value>
        </entry>
      </style>
      <type>org.apache.nifi.processors.attributes.UpdateAttribute</type>
    </processors>
  </snippet>
  <timestamp>06/14/2017 12:25:07 UTC</timestamp>
</template>