<?xml version="1.0" ?>
<template encoding-version="1.0">
  <description></description>
  <groupId>b0245294-015b-1000-8f45-e664ff130d6d</groupId>
  <name>S3 Standard Ingest</name>
  <snippet>
    <connections>
      <id>015c1009-904d-1833-0000-000000000000</id>
      <parentGroupId>c75549dc-015c-1000-0000-000000000000</parentGroupId>
      <backPressureDataSizeThreshold>1 GB</backPressureDataSizeThreshold>
      <backPressureObjectThreshold>10000</backPressureObjectThreshold>
      <destination>
        <groupId>c75549dc-015c-1000-0000-000000000000</groupId>
        <id>015c1008-904d-1833-0000-000000000000</id>
        <type>PROCESSOR</type>
      </destination>
      <flowFileExpiration>0 sec</flowFileExpiration>
      <labelIndex>1</labelIndex>
      <name></name>
      <selectedRelationships>success</selectedRelationships>
      <source>
        <groupId>c75549dc-015c-1000-0000-000000000000</groupId>
        <id>73651c62-453c-1d3a-0000-000000000000</id>
        <type>PROCESSOR</type>
      </source>
      <zIndex>0</zIndex>
    </connections>
    <connections>
      <id>015c100b-904d-1833-0000-000000000000</id>
      <parentGroupId>c75549dc-015c-1000-0000-000000000000</parentGroupId>
      <backPressureDataSizeThreshold>1 GB</backPressureDataSizeThreshold>
      <backPressureObjectThreshold>10000</backPressureObjectThreshold>
      <destination>
        <groupId>c75549dc-015c-1000-0000-000000000000</groupId>
        <id>015c100a-904d-1833-0000-000000000000</id>
        <type>PROCESSOR</type>
      </destination>
      <flowFileExpiration>0 sec</flowFileExpiration>
      <labelIndex>1</labelIndex>
      <name></name>
      <selectedRelationships>success</selectedRelationships>
      <source>
        <groupId>c75549dc-015c-1000-0000-000000000000</groupId>
        <id>015c1008-904d-1833-0000-000000000000</id>
        <type>PROCESSOR</type>
      </source>
      <zIndex>0</zIndex>
    </connections>
    <connections>
      <id>015c100c-904d-1833-0000-000000000000</id>
      <parentGroupId>c75549dc-015c-1000-0000-000000000000</parentGroupId>
      <backPressureDataSizeThreshold>1 GB</backPressureDataSizeThreshold>
      <backPressureObjectThreshold>10000</backPressureObjectThreshold>
      <destination>
        <groupId>c75549dc-015c-1000-0000-000000000000</groupId>
        <id>73651c62-4541-1d3a-0000-000000000000</id>
        <type>PROCESSOR</type>
      </destination>
      <flowFileExpiration>0 sec</flowFileExpiration>
      <labelIndex>1</labelIndex>
      <name></name>
      <selectedRelationships>merged</selectedRelationships>
      <source>
        <groupId>c75549dc-015c-1000-0000-000000000000</groupId>
        <id>015c100a-904d-1833-0000-000000000000</id>
        <type>PROCESSOR</type>
      </source>
      <zIndex>0</zIndex>
    </connections>
    <connections>
      <id>73651c62-4542-1d3a-0000-000000000000</id>
      <parentGroupId>c75549dc-015c-1000-0000-000000000000</parentGroupId>
      <backPressureDataSizeThreshold>1 GB</backPressureDataSizeThreshold>
      <backPressureObjectThreshold>10000</backPressureObjectThreshold>
      <destination>
        <groupId>c75549dc-015c-1000-0000-000000000000</groupId>
        <id>73651c62-453a-1d3a-0000-000000000000</id>
        <type>PROCESSOR</type>
      </destination>
      <flowFileExpiration>0 sec</flowFileExpiration>
      <labelIndex>1</labelIndex>
      <name></name>
      <selectedRelationships>Success</selectedRelationships>
      <source>
        <groupId>c75549dc-015c-1000-0000-000000000000</groupId>
        <id>73651c62-4539-1d3a-0000-000000000000</id>
        <type>PROCESSOR</type>
      </source>
      <zIndex>0</zIndex>
    </connections>
    <connections>
      <id>73651c62-4543-1d3a-0000-000000000000</id>
      <parentGroupId>c75549dc-015c-1000-0000-000000000000</parentGroupId>
      <backPressureDataSizeThreshold>1 GB</backPressureDataSizeThreshold>
      <backPressureObjectThreshold>10000</backPressureObjectThreshold>
      <destination>
        <groupId>c75549dc-015c-1000-0000-000000000000</groupId>
        <id>73651c62-4537-1d3a-0000-000000000000</id>
        <type>OUTPUT_PORT</type>
      </destination>
      <flowFileExpiration>0 sec</flowFileExpiration>
      <labelIndex>1</labelIndex>
      <name></name>
      <selectedRelationships>success</selectedRelationships>
      <source>
        <groupId>c75549dc-015c-1000-0000-000000000000</groupId>
        <id>73651c62-453a-1d3a-0000-000000000000</id>
        <type>PROCESSOR</type>
      </source>
      <zIndex>0</zIndex>
    </connections>
    <connections>
      <id>73651c62-454a-1d3a-0000-000000000000</id>
      <parentGroupId>c75549dc-015c-1000-0000-000000000000</parentGroupId>
      <backPressureDataSizeThreshold>1 GB</backPressureDataSizeThreshold>
      <backPressureObjectThreshold>10000</backPressureObjectThreshold>
      <destination>
        <groupId>c75549dc-015c-1000-0000-000000000000</groupId>
        <id>73651c62-4538-1d3a-0000-000000000000</id>
        <type>OUTPUT_PORT</type>
      </destination>
      <flowFileExpiration>0 sec</flowFileExpiration>
      <labelIndex>1</labelIndex>
      <name></name>
      <selectedRelationships>success</selectedRelationships>
      <source>
        <groupId>c75549dc-015c-1000-0000-000000000000</groupId>
        <id>73651c62-4541-1d3a-0000-000000000000</id>
        <type>PROCESSOR</type>
      </source>
      <zIndex>0</zIndex>
    </connections>
    <controllerServices>
      <id>c1567139-015c-1000-0000-000000000000</id>
      <parentGroupId>b0245294-015b-1000-0000-000000000000</parentGroupId>
      <comments></comments>
      <descriptors>
        <entry>
          <key>profile-name</key>
          <value>
            <name>profile-name</name>
          </value>
        </entry>
        <entry>
          <key>Assume Role Session Name</key>
          <value>
            <name>Assume Role Session Name</name>
          </value>
        </entry>
        <entry>
          <key>Access Key</key>
          <value>
            <name>Access Key</name>
          </value>
        </entry>
        <entry>
          <key>Secret Key</key>
          <value>
            <name>Secret Key</name>
          </value>
        </entry>
        <entry>
          <key>Credentials File</key>
          <value>
            <name>Credentials File</name>
          </value>
        </entry>
        <entry>
          <key>default-credentials</key>
          <value>
            <name>default-credentials</name>
          </value>
        </entry>
        <entry>
          <key>Session Time</key>
          <value>
            <name>Session Time</name>
          </value>
        </entry>
        <entry>
          <key>assume-role-external-id</key>
          <value>
            <name>assume-role-external-id</name>
          </value>
        </entry>
        <entry>
          <key>Assume Role ARN</key>
          <value>
            <name>Assume Role ARN</name>
          </value>
        </entry>
        <entry>
          <key>anonymous-credentials</key>
          <value>
            <name>anonymous-credentials</name>
          </value>
        </entry>
      </descriptors>
      <name>AWSCredentialsProviderControllerService</name>
      <properties>
        <entry>
          <key>profile-name</key>
        </entry>
        <entry>
          <key>Assume Role Session Name</key>
        </entry>
        <entry>
          <key>Access Key</key>
        </entry>
        <entry>
          <key>Secret Key</key>
        </entry>
        <entry>
          <key>Credentials File</key>
        </entry>
        <entry>
          <key>default-credentials</key>
          <value>false</value>
        </entry>
        <entry>
          <key>Session Time</key>
          <value>3600</value>
        </entry>
        <entry>
          <key>assume-role-external-id</key>
        </entry>
        <entry>
          <key>Assume Role ARN</key>
        </entry>
        <entry>
          <key>anonymous-credentials</key>
          <value>false</value>
        </entry>
      </properties>
      <state>ENABLED</state>
      <type>org.apache.nifi.processors.aws.credentials.provider.service.AWSCredentialsProviderControllerService</type>
    </controllerServices>
    <controllerServices>
      <id>c15671b9-015c-1000-0000-000000000000</id>
      <parentGroupId>b0245294-015b-1000-0000-000000000000</parentGroupId>
      <comments></comments>
      <descriptors>
        <entry>
          <key>client-password</key>
          <value>
            <name>client-password</name>
          </value>
        </entry>
        <entry>
          <key>SSL Context Service</key>
          <value>
            <identifiesControllerService>org.apache.nifi.ssl.SSLContextService</identifiesControllerService>
            <name>SSL Context Service</name>
          </value>
        </entry>
        <entry>
          <key>client-username</key>
          <value>
            <name>client-username</name>
          </value>
        </entry>
        <entry>
          <key>Implementation</key>
          <value>
            <name>Implementation</name>
          </value>
        </entry>
        <entry>
          <key>rest-client-url</key>
          <value>
            <name>rest-client-url</name>
          </value>
        </entry>
      </descriptors>
      <name>Kylo Metadata Service</name>
      <properties>
        <entry>
          <key>client-password</key>
          <value></value>
        </entry>
        <entry>
          <key>SSL Context Service</key>
        </entry>
        <entry>
          <key>client-username</key>
          <value>dladmin</value>
        </entry>
        <entry>
          <key>Implementation</key>
          <value>REMOTE</value>
        </entry>
        <entry>
          <key>rest-client-url</key>
          <value>http://localhost:8400/proxy/v1/metadata</value>
        </entry>
      </properties>
      <state>ENABLED</state>
      <type>com.thinkbiganalytics.nifi.v2.core.metadata.MetadataProviderSelectorService</type>
    </controllerServices>
    <controllerServices>
      <id>c156af9b-015c-1000-0000-000000000000</id>
      <parentGroupId>b0245294-015b-1000-0000-000000000000</parentGroupId>
      <comments></comments>
      <descriptors>
        <entry>
          <key>Spring Context Service</key>
          <value>
            <identifiesControllerService>com.thinkbiganalytics.nifi.core.api.spring.SpringContextService</identifiesControllerService>
            <name>Spring Context Service</name>
          </value>
        </entry>
      </descriptors>
      <name>Kylo Cleanup Service</name>
      <properties>
        <entry>
          <key>Spring Context Service</key>
          <value>c156afa4-015c-1000-0000-000000000000</value>
        </entry>
      </properties>
      <state>ENABLED</state>
      <type>com.thinkbiganalytics.nifi.v2.core.cleanup.JmsCleanupEventService</type>
    </controllerServices>
    <controllerServices>
      <id>c156afa4-015c-1000-0000-000000000000</id>
      <parentGroupId>b0245294-015b-1000-0000-000000000000</parentGroupId>
      <comments></comments>
      <descriptors>
        <entry>
          <key>Configuraton Classes</key>
          <value>
            <name>Configuraton Classes</name>
          </value>
        </entry>
      </descriptors>
      <name>SpringContextLoaderService</name>
      <properties>
        <entry>
          <key>Configuraton Classes</key>
        </entry>
      </properties>
      <state>ENABLED</state>
      <type>com.thinkbiganalytics.nifi.v2.core.spring.SpringContextLoaderService</type>
    </controllerServices>
    <labels>
      <id>73651c62-4536-1d3a-0000-000000000000</id>
      <parentGroupId>c75549dc-015c-1000-0000-000000000000</parentGroupId>
      <position>
        <x>426.76947658394465</x>
        <y>246.64679707359323</y>
      </position>
      <height>172.5148162841797</height>
      <label>Cleanup</label>
      <style>
        <entry>
          <key>background-color</key>
          <value>#dbdbdb</value>
        </entry>
        <entry>
          <key>font-size</key>
          <value>18px</value>
        </entry>
      </style>
      <width>1538.88671875</width>
    </labels>
    <outputPorts>
      <id>73651c62-4537-1d3a-0000-000000000000</id>
      <parentGroupId>c75549dc-015c-1000-0000-000000000000</parentGroupId>
      <position>
        <x>1648.750581035516</x>
        <y>291.8010397852788</y>
      </position>
      <comments></comments>
      <concurrentlySchedulableTaskCount>1</concurrentlySchedulableTaskCount>
      <name>to-standard-cleanup-s3</name>
      <state>STOPPED</state>
      <type>OUTPUT_PORT</type>
      <validationErrors>'Port 'to-standard-cleanup-s3'' is invalid because Output connection for port 'to-standard-cleanup-s3' is not defined.</validationErrors>
    </outputPorts>
    <outputPorts>
      <id>73651c62-4538-1d3a-0000-000000000000</id>
      <parentGroupId>c75549dc-015c-1000-0000-000000000000</parentGroupId>
      <position>
        <x>1720.5804288974414</x>
        <y>46.34667742121496</y>
      </position>
      <comments></comments>
      <concurrentlySchedulableTaskCount>1</concurrentlySchedulableTaskCount>
      <name>to-reuseable-ingest-s3</name>
      <state>STOPPED</state>
      <type>OUTPUT_PORT</type>
      <validationErrors>'Port 'to-reuseable-ingest-s3'' is invalid because Output connection for port 'to-reuseable-ingest-s3' is not defined.</validationErrors>
    </outputPorts>
    <processors>
      <id>015c1008-904d-1833-0000-000000000000</id>
      <parentGroupId>c75549dc-015c-1000-0000-000000000000</parentGroupId>
      <position>
        <x>388.17635683593653</x>
        <y>0.38482466824757466</y>
      </position>
      <config>
        <bulletinLevel>WARN</bulletinLevel>
        <comments></comments>
        <concurrentlySchedulableTaskCount>1</concurrentlySchedulableTaskCount>
        <descriptors>
          <entry>
            <key>Delete Attributes Expression</key>
            <value>
              <name>Delete Attributes Expression</name>
            </value>
          </entry>
          <entry>
            <key>InputFolderName</key>
            <value>
              <name>InputFolderName</name>
            </value>
          </entry>
        </descriptors>
        <lossTolerant>false</lossTolerant>
        <penaltyDuration>30 sec</penaltyDuration>
        <properties>
          <entry>
            <key>Delete Attributes Expression</key>
          </entry>
          <entry>
            <key>InputFolderName</key>
            <value>${filename:substringBeforeLast('/')}</value>
          </entry>
        </properties>
        <runDurationMillis>0</runDurationMillis>
        <schedulingPeriod>0 sec</schedulingPeriod>
        <schedulingStrategy>TIMER_DRIVEN</schedulingStrategy>
        <yieldDuration>1 sec</yieldDuration>
      </config>
      <name>UpdateAttribute</name>
      <relationships>
        <autoTerminate>false</autoTerminate>
        <name>success</name>
      </relationships>
      <style></style>
      <type>org.apache.nifi.processors.attributes.UpdateAttribute</type>
    </processors>
    <processors>
      <id>015c100a-904d-1833-0000-000000000000</id>
      <parentGroupId>c75549dc-015c-1000-0000-000000000000</parentGroupId>
      <position>
        <x>775.6961468749992</x>
        <y>1.5849491799663156</y>
      </position>
      <config>
        <bulletinLevel>WARN</bulletinLevel>
        <comments></comments>
        <concurrentlySchedulableTaskCount>1</concurrentlySchedulableTaskCount>
        <descriptors>
          <entry>
            <key>Keep Path</key>
            <value>
              <name>Keep Path</name>
            </value>
          </entry>
          <entry>
            <key>Maximum Group Size</key>
            <value>
              <name>Maximum Group Size</name>
            </value>
          </entry>
          <entry>
            <key>Merge Strategy</key>
            <value>
              <name>Merge Strategy</name>
            </value>
          </entry>
          <entry>
            <key>Attribute Strategy</key>
            <value>
              <name>Attribute Strategy</name>
            </value>
          </entry>
          <entry>
            <key>Compression Level</key>
            <value>
              <name>Compression Level</name>
            </value>
          </entry>
          <entry>
            <key>Maximum Number of Entries</key>
            <value>
              <name>Maximum Number of Entries</name>
            </value>
          </entry>
          <entry>
            <key>Minimum Group Size</key>
            <value>
              <name>Minimum Group Size</name>
            </value>
          </entry>
          <entry>
            <key>Maximum number of Bins</key>
            <value>
              <name>Maximum number of Bins</name>
            </value>
          </entry>
          <entry>
            <key>Delimiter Strategy</key>
            <value>
              <name>Delimiter Strategy</name>
            </value>
          </entry>
          <entry>
            <key>Merge Format</key>
            <value>
              <name>Merge Format</name>
            </value>
          </entry>
          <entry>
            <key>Footer File</key>
            <value>
              <name>Footer File</name>
            </value>
          </entry>
          <entry>
            <key>Max Bin Age</key>
            <value>
              <name>Max Bin Age</name>
            </value>
          </entry>
          <entry>
            <key>Demarcator File</key>
            <value>
              <name>Demarcator File</name>
            </value>
          </entry>
          <entry>
            <key>Correlation Attribute Name</key>
            <value>
              <name>Correlation Attribute Name</name>
            </value>
          </entry>
          <entry>
            <key>Header File</key>
            <value>
              <name>Header File</name>
            </value>
          </entry>
          <entry>
            <key>Minimum Number of Entries</key>
            <value>
              <name>Minimum Number of Entries</name>
            </value>
          </entry>
        </descriptors>
        <lossTolerant>false</lossTolerant>
        <penaltyDuration>30 sec</penaltyDuration>
        <properties>
          <entry>
            <key>Keep Path</key>
            <value>false</value>
          </entry>
          <entry>
            <key>Maximum Group Size</key>
          </entry>
          <entry>
            <key>Merge Strategy</key>
            <value>Bin-Packing Algorithm</value>
          </entry>
          <entry>
            <key>Attribute Strategy</key>
            <value>Keep Only Common Attributes</value>
          </entry>
          <entry>
            <key>Compression Level</key>
            <value>1</value>
          </entry>
          <entry>
            <key>Maximum Number of Entries</key>
          </entry>
          <entry>
            <key>Minimum Group Size</key>
            <value>0 B</value>
          </entry>
          <entry>
            <key>Maximum number of Bins</key>
            <value>100</value>
          </entry>
          <entry>
            <key>Delimiter Strategy</key>
            <value>Filename</value>
          </entry>
          <entry>
            <key>Merge Format</key>
            <value>Binary Concatenation</value>
          </entry>
          <entry>
            <key>Footer File</key>
          </entry>
          <entry>
            <key>Max Bin Age</key>
          </entry>
          <entry>
            <key>Demarcator File</key>
          </entry>
          <entry>
            <key>Correlation Attribute Name</key>
          </entry>
          <entry>
            <key>Header File</key>
          </entry>
          <entry>
            <key>Minimum Number of Entries</key>
            <value>1</value>
          </entry>
        </properties>
        <runDurationMillis>0</runDurationMillis>
        <schedulingPeriod>0 sec</schedulingPeriod>
        <schedulingStrategy>TIMER_DRIVEN</schedulingStrategy>
        <yieldDuration>1 sec</yieldDuration>
      </config>
      <name>MergeContent</name>
      <relationships>
        <autoTerminate>true</autoTerminate>
        <name>failure</name>
      </relationships>
      <relationships>
        <autoTerminate>false</autoTerminate>
        <name>merged</name>
      </relationships>
      <relationships>
        <autoTerminate>true</autoTerminate>
        <name>original</name>
      </relationships>
      <style></style>
      <type>org.apache.nifi.processors.standard.MergeContent</type>
    </processors>
    <processors>
      <id>73651c62-4539-1d3a-0000-000000000000</id>
      <parentGroupId>c75549dc-015c-1000-0000-000000000000</parentGroupId>
      <position>
        <x>486.5414404834805</x>
        <y>272.4310973131553</y>
      </position>
      <config>
        <bulletinLevel>WARN</bulletinLevel>
        <comments></comments>
        <concurrentlySchedulableTaskCount>1</concurrentlySchedulableTaskCount>
        <descriptors>
          <entry>
            <key>Metadata Provider Service</key>
            <value>
              <identifiesControllerService>com.thinkbiganalytics.nifi.core.api.metadata.MetadataProviderService</identifiesControllerService>
              <name>Metadata Provider Service</name>
            </value>
          </entry>
          <entry>
            <key>System feed category</key>
            <value>
              <name>System feed category</name>
            </value>
          </entry>
          <entry>
            <key>Feed Cleanup Event Service</key>
            <value>
              <identifiesControllerService>com.thinkbiganalytics.nifi.core.api.cleanup.CleanupEventService</identifiesControllerService>
              <name>Feed Cleanup Event Service</name>
            </value>
          </entry>
          <entry>
            <key>System feed name</key>
            <value>
              <name>System feed name</name>
            </value>
          </entry>
        </descriptors>
        <lossTolerant>false</lossTolerant>
        <penaltyDuration>30 sec</penaltyDuration>
        <properties>
          <entry>
            <key>Metadata Provider Service</key>
            <value>c15671b9-015c-1000-0000-000000000000</value>
          </entry>
          <entry>
            <key>System feed category</key>
            <value>playground</value>
          </entry>
          <entry>
            <key>Feed Cleanup Event Service</key>
            <value>c156af9b-015c-1000-0000-000000000000</value>
          </entry>
          <entry>
            <key>System feed name</key>
            <value>es_ingestion_test001</value>
          </entry>
        </properties>
        <runDurationMillis>0</runDurationMillis>
        <schedulingPeriod>0 sec</schedulingPeriod>
        <schedulingStrategy>TIMER_DRIVEN</schedulingStrategy>
        <yieldDuration>1 sec</yieldDuration>
      </config>
      <name>TriggerCleanup</name>
      <relationships>
        <autoTerminate>false</autoTerminate>
        <name>Success</name>
      </relationships>
      <style>
        <entry>
          <key>background-color</key>
          <value>#ff9900</value>
        </entry>
      </style>
      <type>com.thinkbiganalytics.nifi.v2.metadata.TriggerCleanup</type>
    </processors>
    <processors>
      <id>73651c62-453a-1d3a-0000-000000000000</id>
      <parentGroupId>c75549dc-015c-1000-0000-000000000000</parentGroupId>
      <position>
        <x>1063.074642636886</x>
        <y>268.7967571451302</y>
      </position>
      <config>
        <bulletinLevel>WARN</bulletinLevel>
        <comments></comments>
        <concurrentlySchedulableTaskCount>1</concurrentlySchedulableTaskCount>
        <descriptors>
          <entry>
            <key>feed</key>
            <value>
              <name>feed</name>
            </value>
          </entry>
          <entry>
            <key>hive.profile.root</key>
            <value>
              <name>hive.profile.root</name>
            </value>
          </entry>
          <entry>
            <key>hdfs.ingest.root</key>
            <value>
              <name>hdfs.ingest.root</name>
            </value>
          </entry>
          <entry>
            <key>Delete Attributes Expression</key>
            <value>
              <name>Delete Attributes Expression</name>
            </value>
          </entry>
          <entry>
            <key>category</key>
            <value>
              <name>category</name>
            </value>
          </entry>
          <entry>
            <key>hive.ingest.root</key>
            <value>
              <name>hive.ingest.root</name>
            </value>
          </entry>
          <entry>
            <key>hive.master.root</key>
            <value>
              <name>hive.master.root</name>
            </value>
          </entry>
        </descriptors>
        <lossTolerant>false</lossTolerant>
        <penaltyDuration>30 sec</penaltyDuration>
        <properties>
          <entry>
            <key>feed</key>
            <value>es_ingestion_test001</value>
          </entry>
          <entry>
            <key>hive.profile.root</key>
            <value>/model.db</value>
          </entry>
          <entry>
            <key>hdfs.ingest.root</key>
            <value>/etl</value>
          </entry>
          <entry>
            <key>Delete Attributes Expression</key>
          </entry>
          <entry>
            <key>category</key>
            <value>playground</value>
          </entry>
          <entry>
            <key>hive.ingest.root</key>
            <value>/model.db</value>
          </entry>
          <entry>
            <key>hive.master.root</key>
            <value>/app/warehouse</value>
          </entry>
        </properties>
        <runDurationMillis>0</runDurationMillis>
        <schedulingPeriod>0 sec</schedulingPeriod>
        <schedulingStrategy>TIMER_DRIVEN</schedulingStrategy>
        <yieldDuration>1 sec</yieldDuration>
      </config>
      <name>Initialize Cleanup Parameters</name>
      <relationships>
        <autoTerminate>false</autoTerminate>
        <name>success</name>
      </relationships>
      <style>
        <entry>
          <key>background-color</key>
          <value>#11f237</value>
        </entry>
      </style>
      <type>org.apache.nifi.processors.attributes.UpdateAttribute</type>
    </processors>
    <processors>
      <id>73651c62-453c-1d3a-0000-000000000000</id>
      <parentGroupId>c75549dc-015c-1000-0000-000000000000</parentGroupId>
      <position>
        <x>0.0</x>
        <y>0.0</y>
      </position>
      <config>
        <bulletinLevel>WARN</bulletinLevel>
        <comments></comments>
        <concurrentlySchedulableTaskCount>1</concurrentlySchedulableTaskCount>
        <descriptors>
          <entry>
            <key>Proxy Host</key>
            <value>
              <name>Proxy Host</name>
            </value>
          </entry>
          <entry>
            <key>Access Key</key>
            <value>
              <name>Access Key</name>
            </value>
          </entry>
          <entry>
            <key>prefix</key>
            <value>
              <name>prefix</name>
            </value>
          </entry>
          <entry>
            <key>Endpoint Override URL</key>
            <value>
              <name>Endpoint Override URL</name>
            </value>
          </entry>
          <entry>
            <key>AWS Credentials Provider service</key>
            <value>
              <identifiesControllerService>org.apache.nifi.processors.aws.credentials.provider.service.AWSCredentialsProviderService</identifiesControllerService>
              <name>AWS Credentials Provider service</name>
            </value>
          </entry>
          <entry>
            <key>SSL Context Service</key>
            <value>
              <identifiesControllerService>org.apache.nifi.ssl.SSLContextService</identifiesControllerService>
              <name>SSL Context Service</name>
            </value>
          </entry>
          <entry>
            <key>Bucket</key>
            <value>
              <name>Bucket</name>
            </value>
          </entry>
          <entry>
            <key>delimiter</key>
            <value>
              <name>delimiter</name>
            </value>
          </entry>
          <entry>
            <key>Communications Timeout</key>
            <value>
              <name>Communications Timeout</name>
            </value>
          </entry>
          <entry>
            <key>Region</key>
            <value>
              <name>Region</name>
            </value>
          </entry>
          <entry>
            <key>Secret Key</key>
            <value>
              <name>Secret Key</name>
            </value>
          </entry>
          <entry>
            <key>Credentials File</key>
            <value>
              <name>Credentials File</name>
            </value>
          </entry>
          <entry>
            <key>Proxy Host Port</key>
            <value>
              <name>Proxy Host Port</name>
            </value>
          </entry>
        </descriptors>
        <lossTolerant>false</lossTolerant>
        <penaltyDuration>30 sec</penaltyDuration>
        <properties>
          <entry>
            <key>Proxy Host</key>
          </entry>
          <entry>
            <key>Access Key</key>
          </entry>
          <entry>
            <key>prefix</key>
          </entry>
          <entry>
            <key>Endpoint Override URL</key>
          </entry>
          <entry>
            <key>AWS Credentials Provider service</key>
            <value>c1567139-015c-1000-0000-000000000000</value>
          </entry>
          <entry>
            <key>SSL Context Service</key>
          </entry>
          <entry>
            <key>Bucket</key>
            <value>sean-test-input</value>
          </entry>
          <entry>
            <key>delimiter</key>
          </entry>
          <entry>
            <key>Communications Timeout</key>
            <value>30 secs</value>
          </entry>
          <entry>
            <key>Region</key>
            <value>us-east-1</value>
          </entry>
          <entry>
            <key>Secret Key</key>
          </entry>
          <entry>
            <key>Credentials File</key>
          </entry>
          <entry>
            <key>Proxy Host Port</key>
          </entry>
        </properties>
        <runDurationMillis>0</runDurationMillis>
        <schedulingPeriod>5 days</schedulingPeriod>
        <schedulingStrategy>TIMER_DRIVEN</schedulingStrategy>
        <yieldDuration>1 sec</yieldDuration>
      </config>
      <name>S3</name>
      <relationships>
        <autoTerminate>false</autoTerminate>
        <name>success</name>
      </relationships>
      <style>
        <entry>
          <key>background-color</key>
          <value>#ad9897</value>
        </entry>
      </style>
      <type>org.apache.nifi.processors.aws.s3.ListS3</type>
    </processors>
    <processors>
      <id>73651c62-4541-1d3a-0000-000000000000</id>
      <parentGroupId>c75549dc-015c-1000-0000-000000000000</parentGroupId>
      <position>
        <x>1174.005306699386</x>
        <y>6.583111210071365</y>
      </position>
      <config>
        <bulletinLevel>WARN</bulletinLevel>
        <comments></comments>
        <concurrentlySchedulableTaskCount>1</concurrentlySchedulableTaskCount>
        <descriptors>
          <entry>
            <key>hive.profile.root</key>
            <value>
              <name>hive.profile.root</name>
            </value>
          </entry>
          <entry>
            <key>spark.input_folder</key>
            <value>
              <name>spark.input_folder</name>
            </value>
          </entry>
          <entry>
            <key>config.s3ingest.es.jar_url</key>
            <value>
              <name>config.s3ingest.es.jar_url</name>
            </value>
          </entry>
          <entry>
            <key>config.s3ingest.sqs.url</key>
            <value>
              <name>config.s3ingest.sqs.url</name>
            </value>
          </entry>
          <entry>
            <key>hiveS3Bucket</key>
            <value>
              <name>hiveS3Bucket</name>
            </value>
          </entry>
          <entry>
            <key>archiveId</key>
            <value>
              <name>archiveId</name>
            </value>
          </entry>
          <entry>
            <key>metadata.table.fieldPoliciesJson</key>
            <value>
              <name>metadata.table.fieldPoliciesJson</name>
            </value>
          </entry>
          <entry>
            <key>Delete Attributes Expression</key>
            <value>
              <name>Delete Attributes Expression</name>
            </value>
          </entry>
          <entry>
            <key>metadata.table.targetTblProperties</key>
            <value>
              <name>metadata.table.targetTblProperties</name>
            </value>
          </entry>
          <entry>
            <key>kylo.tmp.baseFolder</key>
            <value>
              <name>kylo.tmp.baseFolder</name>
            </value>
          </entry>
          <entry>
            <key>metadata.table.feedFieldStructure</key>
            <value>
              <name>metadata.table.feedFieldStructure</name>
            </value>
          </entry>
          <entry>
            <key>metadata.table.partitionStructure</key>
            <value>
              <name>metadata.table.partitionStructure</name>
            </value>
          </entry>
          <entry>
            <key>config.s3ingest.es.nodes</key>
            <value>
              <name>config.s3ingest.es.nodes</name>
            </value>
          </entry>
          <entry>
            <key>hive.ingest.root</key>
            <value>
              <name>hive.ingest.root</name>
            </value>
          </entry>
          <entry>
            <key>hive.master.root</key>
            <value>
              <name>hive.master.root</name>
            </value>
          </entry>
          <entry>
            <key>metadata.table.fieldIndexString</key>
            <value>
              <name>metadata.table.fieldIndexString</name>
            </value>
          </entry>
          <entry>
            <key>metadata.table.targetFormat</key>
            <value>
              <name>metadata.table.targetFormat</name>
            </value>
          </entry>
          <entry>
            <key>metadata.table.fieldStructure</key>
            <value>
              <name>metadata.table.fieldStructure</name>
            </value>
          </entry>
          <entry>
            <key>skipHeader</key>
            <value>
              <name>skipHeader</name>
            </value>
          </entry>
          <entry>
            <key>metadata.table.partitionSpecs</key>
            <value>
              <name>metadata.table.partitionSpecs</name>
            </value>
          </entry>
          <entry>
            <key>feed</key>
            <value>
              <name>feed</name>
            </value>
          </entry>
          <entry>
            <key>hdfs.ingest.root</key>
            <value>
              <name>hdfs.ingest.root</name>
            </value>
          </entry>
          <entry>
            <key>category</key>
            <value>
              <name>category</name>
            </value>
          </entry>
          <entry>
            <key>metadata.table.targetMergeStrategy</key>
            <value>
              <name>metadata.table.targetMergeStrategy</name>
            </value>
          </entry>
          <entry>
            <key>metadata.table.feedFormat</key>
            <value>
              <name>metadata.table.feedFormat</name>
            </value>
          </entry>
        </descriptors>
        <lossTolerant>false</lossTolerant>
        <penaltyDuration>30 sec</penaltyDuration>
        <properties>
          <entry>
            <key>hive.profile.root</key>
            <value>/model.db</value>
          </entry>
          <entry>
            <key>spark.input_folder</key>
            <value>/tmp/kylo-nifi/spark</value>
          </entry>
          <entry>
            <key>config.s3ingest.es.jar_url</key>
            <value>${config.s3ingest.es.jar_url}</value>
          </entry>
          <entry>
            <key>config.s3ingest.sqs.url</key>
            <value>${config.s3ingest.sqs.url}</value>
          </entry>
          <entry>
            <key>hiveS3Bucket</key>
            <value>sean-test-hive</value>
          </entry>
          <entry>
            <key>archiveId</key>
            <value>${now():format('yyyyMMddHHmmss')}_${UUID()}</value>
          </entry>
          <entry>
            <key>metadata.table.fieldPoliciesJson</key>
            <value>[{"profile":true,"index":true,"fieldName":"Code","feedFieldName":"Code","standardization":null,"validation":null,"partitionColumn":false},{"profile":true,"index":true,"fieldName":"Description","feedFieldName":"Description","standardization":null,"validation":null,"partitionColumn":false}]</value>
          </entry>
          <entry>
            <key>Delete Attributes Expression</key>
          </entry>
          <entry>
            <key>metadata.table.targetTblProperties</key>
            <value></value>
          </entry>
          <entry>
            <key>kylo.tmp.baseFolder</key>
            <value>/tmp/kylo-nifi</value>
          </entry>
          <entry>
            <key>metadata.table.feedFieldStructure</key>
            <value>Code|string||1|0|0
Description|string||0|0|0</value>
          </entry>
          <entry>
            <key>metadata.table.partitionStructure</key>
            <value></value>
          </entry>
          <entry>
            <key>config.s3ingest.es.nodes</key>
            <value>${config.s3ingest.es.nodes}</value>
          </entry>
          <entry>
            <key>hive.ingest.root</key>
            <value>/model.db</value>
          </entry>
          <entry>
            <key>hive.master.root</key>
            <value>/app/warehouse</value>
          </entry>
          <entry>
            <key>metadata.table.fieldIndexString</key>
            <value>Code,Description</value>
          </entry>
          <entry>
            <key>metadata.table.targetFormat</key>
            <value>${metadata.table.targetFormat}</value>
          </entry>
          <entry>
            <key>metadata.table.fieldStructure</key>
            <value>Code|string||1|0|0
Description|string||0|0|0</value>
          </entry>
          <entry>
            <key>skipHeader</key>
            <value>true</value>
          </entry>
          <entry>
            <key>metadata.table.partitionSpecs</key>
            <value></value>
          </entry>
          <entry>
            <key>feed</key>
            <value>es_ingestion_test001</value>
          </entry>
          <entry>
            <key>hdfs.ingest.root</key>
            <value>/etl</value>
          </entry>
          <entry>
            <key>category</key>
            <value>playground</value>
          </entry>
          <entry>
            <key>metadata.table.targetMergeStrategy</key>
            <value>SYNC</value>
          </entry>
          <entry>
            <key>metadata.table.feedFormat</key>
            <value>ROW FORMAT SERDE 'org.apache.hadoop.hive.serde2.OpenCSVSerde'
 WITH SERDEPROPERTIES ( 'separatorChar' = ',' ,'escapeChar' = '\\' ,'quoteChar' = '\"') STORED AS TEXTFILE</value>
          </entry>
        </properties>
        <runDurationMillis>0</runDurationMillis>
        <schedulingPeriod>0 sec</schedulingPeriod>
        <schedulingStrategy>TIMER_DRIVEN</schedulingStrategy>
        <yieldDuration>1 sec</yieldDuration>
      </config>
      <name>Initialize Feed Parameters</name>
      <relationships>
        <autoTerminate>false</autoTerminate>
        <name>success</name>
      </relationships>
      <style>
        <entry>
          <key>background-color</key>
          <value>#11f237</value>
        </entry>
      </style>
      <type>org.apache.nifi.processors.attributes.UpdateAttribute</type>
    </processors>
  </snippet>
  <timestamp>06/22/2017 14:43:12 UTC</timestamp>
</template>