{"owner":{"displayName":"Data Lake Administrator","email":null,"enabled":true,"groups":["admin","user"],"systemName":"dladmin"},"allowedActions":{"actions":[{"systemName":"accessTemplate","actions":[{"systemName":"editTemplate"},{"systemName":"deleteTemplate"},{"systemName":"exportTemplate"},{"systemName":"createFeedFromTemplate"},{"systemName":"changeTemplatePermissions"}]}]},"roleMemberships":[],"properties":[{"processGroupName":"NiFi Flow","processorName":"S3","processorId":"73651c62-453c-1d3a-4735-6d32738b74b1","processGroupId":"d0436b85-015c-1000-b54d-c5134e9fe52b","processorType":"org.apache.nifi.processors.aws.s3.ListS3","key":"Bucket","value":"input-bucket","expressionProperties":null,"propertyDescriptor":{"name":"Bucket","displayName":"Bucket","description":"","defaultValue":null,"allowableValues":null,"required":true,"sensitive":false,"dynamic":false,"supportsEl":true,"identifiesControllerService":null},"templateValue":"input-bucket","userEditable":true,"renderType":"text","renderOptions":{},"selected":true,"inputProperty":true,"containsConfigurationVariables":false,"sensitive":false,"required":true,"templateProperty":null,"nameKey":"NiFi Flow-S3-Bucket","idKey":"d0436b85-015c-1000-b54d-c5134e9fe52b-73651c62-453c-1d3a-4735-6d32738b74b1-Bucket","processorNameTypeKey":"S3-org.apache.nifi.processors.aws.s3.ListS3-Bucket"},{"processGroupName":"NiFi Flow","processorName":"S3","processorId":"73651c62-453c-1d3a-4735-6d32738b74b1","processGroupId":"d0436b85-015c-1000-b54d-c5134e9fe52b","processorType":"org.apache.nifi.processors.aws.s3.ListS3","key":"Region","value":"us-east-1","expressionProperties":null,"propertyDescriptor":{"name":"Region","displayName":"Region","description":"","defaultValue":"us-west-2","allowableValues":[{"displayName":"us-gov-west-1","value":"us-gov-west-1","description":"us-gov-west-1"},{"displayName":"us-east-1","value":"us-east-1","description":"us-east-1"},{"displayName":"us-west-1","value":"us-west-1","description":"us-west-1"},{"displayName":"us-west-2","value":"us-west-2","description":"us-west-2"},{"displayName":"eu-west-1","value":"eu-west-1","description":"eu-west-1"},{"displayName":"eu-central-1","value":"eu-central-1","description":"eu-central-1"},{"displayName":"ap-southeast-1","value":"ap-southeast-1","description":"ap-southeast-1"},{"displayName":"ap-southeast-2","value":"ap-southeast-2","description":"ap-southeast-2"},{"displayName":"ap-northeast-1","value":"ap-northeast-1","description":"ap-northeast-1"},{"displayName":"ap-northeast-2","value":"ap-northeast-2","description":"ap-northeast-2"},{"displayName":"sa-east-1","value":"sa-east-1","description":"sa-east-1"},{"displayName":"cn-north-1","value":"cn-north-1","description":"cn-north-1"}],"required":true,"sensitive":false,"dynamic":false,"supportsEl":false,"identifiesControllerService":null},"templateValue":"us-east-1","userEditable":true,"renderType":"select","renderOptions":{},"selected":true,"inputProperty":true,"containsConfigurationVariables":false,"sensitive":false,"required":true,"templateProperty":null,"nameKey":"NiFi Flow-S3-Region","idKey":"d0436b85-015c-1000-b54d-c5134e9fe52b-73651c62-453c-1d3a-4735-6d32738b74b1-Region","processorNameTypeKey":"S3-org.apache.nifi.processors.aws.s3.ListS3-Region"},{"processGroupName":"NiFi Flow","processorName":"TriggerCleanup","processorId":"73651c62-4539-1d3a-4ccd-bcd1ea383035","processGroupId":"d0436b85-015c-1000-b54d-c5134e9fe52b","processorType":"com.thinkbiganalytics.nifi.v2.metadata.TriggerCleanup","key":"System feed category","value":"${metadata.category.systemName}","expressionProperties":null,"propertyDescriptor":{"name":"System feed category","displayName":"System feed category","description":"The category name of this feed. The default is to have this name automatically set when the feed is created. Normally you do not need to change the default value.","defaultValue":"${metadata.category.systemName}","allowableValues":null,"required":true,"sensitive":false,"dynamic":false,"supportsEl":false,"identifiesControllerService":null},"templateValue":"${metadata.category.systemName}","userEditable":false,"renderType":"text","renderOptions":{},"selected":true,"inputProperty":true,"containsConfigurationVariables":false,"sensitive":false,"required":true,"templateProperty":null,"nameKey":"NiFi Flow-TriggerCleanup-System feed category","idKey":"d0436b85-015c-1000-b54d-c5134e9fe52b-73651c62-4539-1d3a-4ccd-bcd1ea383035-System feed category","processorNameTypeKey":"TriggerCleanup-com.thinkbiganalytics.nifi.v2.metadata.TriggerCleanup-System feed category"},{"processGroupName":"NiFi Flow","processorName":"TriggerCleanup","processorId":"73651c62-4539-1d3a-4ccd-bcd1ea383035","processGroupId":"d0436b85-015c-1000-b54d-c5134e9fe52b","processorType":"com.thinkbiganalytics.nifi.v2.metadata.TriggerCleanup","key":"System feed name","value":"${metadata.systemFeedName}","expressionProperties":null,"propertyDescriptor":{"name":"System feed name","displayName":"System feed name","description":"The system name of this feed. The default is to have this name automatically set when the feed is created. Normally you do not need to change the default value.","defaultValue":"${metadata.systemFeedName}","allowableValues":null,"required":true,"sensitive":false,"dynamic":false,"supportsEl":false,"identifiesControllerService":null},"templateValue":"${metadata.systemFeedName}","userEditable":false,"renderType":"text","renderOptions":{},"selected":true,"inputProperty":true,"containsConfigurationVariables":false,"sensitive":false,"required":true,"templateProperty":null,"nameKey":"NiFi Flow-TriggerCleanup-System feed name","idKey":"d0436b85-015c-1000-b54d-c5134e9fe52b-73651c62-4539-1d3a-4ccd-bcd1ea383035-System feed name","processorNameTypeKey":"TriggerCleanup-com.thinkbiganalytics.nifi.v2.metadata.TriggerCleanup-System feed name"},{"processGroupName":"NiFi Flow","processorName":"Initialize Cleanup Parameters","processorId":"73651c62-453a-1d3a-84e3-9ac20347ed3a","processGroupId":"d0436b85-015c-1000-b54d-c5134e9fe52b","processorType":"org.apache.nifi.processors.attributes.UpdateAttribute","key":"category","value":"${metadata.category.systemName}","expressionProperties":null,"propertyDescriptor":{"name":"category","displayName":"category","description":"","defaultValue":null,"allowableValues":null,"required":false,"sensitive":false,"dynamic":true,"supportsEl":true,"identifiesControllerService":null},"templateValue":"${metadata.category.systemName}","userEditable":false,"renderType":"text","renderOptions":{},"selected":true,"inputProperty":false,"containsConfigurationVariables":false,"sensitive":false,"required":false,"templateProperty":null,"nameKey":"NiFi Flow-Initialize Cleanup Parameters-category","idKey":"d0436b85-015c-1000-b54d-c5134e9fe52b-73651c62-453a-1d3a-84e3-9ac20347ed3a-category","processorNameTypeKey":"Initialize Cleanup Parameters-org.apache.nifi.processors.attributes.UpdateAttribute-category"},{"processGroupName":"NiFi Flow","processorName":"Initialize Cleanup Parameters","processorId":"73651c62-453a-1d3a-84e3-9ac20347ed3a","processGroupId":"d0436b85-015c-1000-b54d-c5134e9fe52b","processorType":"org.apache.nifi.processors.attributes.UpdateAttribute","key":"feed","value":"${metadata.systemFeedName}","expressionProperties":null,"propertyDescriptor":{"name":"feed","displayName":"feed","description":"","defaultValue":null,"allowableValues":null,"required":false,"sensitive":false,"dynamic":true,"supportsEl":true,"identifiesControllerService":null},"templateValue":"${metadata.systemFeedName}","userEditable":false,"renderType":"text","renderOptions":{},"selected":true,"inputProperty":false,"containsConfigurationVariables":false,"sensitive":false,"required":false,"templateProperty":null,"nameKey":"NiFi Flow-Initialize Cleanup Parameters-feed","idKey":"d0436b85-015c-1000-b54d-c5134e9fe52b-73651c62-453a-1d3a-84e3-9ac20347ed3a-feed","processorNameTypeKey":"Initialize Cleanup Parameters-org.apache.nifi.processors.attributes.UpdateAttribute-feed"},{"processGroupName":"NiFi Flow","processorName":"Initialize Cleanup Parameters","processorId":"73651c62-453a-1d3a-84e3-9ac20347ed3a","processGroupId":"d0436b85-015c-1000-b54d-c5134e9fe52b","processorType":"org.apache.nifi.processors.attributes.UpdateAttribute","key":"hdfs.ingest.root","value":"${config.hdfs.ingest.root}","expressionProperties":null,"propertyDescriptor":{"name":"hdfs.ingest.root","displayName":"hdfs.ingest.root","description":"","defaultValue":null,"allowableValues":null,"required":false,"sensitive":false,"dynamic":true,"supportsEl":true,"identifiesControllerService":null},"templateValue":"${config.hdfs.ingest.root}","userEditable":false,"renderType":"text","renderOptions":{},"selected":true,"inputProperty":false,"containsConfigurationVariables":false,"sensitive":false,"required":false,"templateProperty":null,"nameKey":"NiFi Flow-Initialize Cleanup Parameters-hdfs.ingest.root","idKey":"d0436b85-015c-1000-b54d-c5134e9fe52b-73651c62-453a-1d3a-84e3-9ac20347ed3a-hdfs.ingest.root","processorNameTypeKey":"Initialize Cleanup Parameters-org.apache.nifi.processors.attributes.UpdateAttribute-hdfs.ingest.root"},{"processGroupName":"NiFi Flow","processorName":"Initialize Cleanup Parameters","processorId":"73651c62-453a-1d3a-84e3-9ac20347ed3a","processGroupId":"d0436b85-015c-1000-b54d-c5134e9fe52b","processorType":"org.apache.nifi.processors.attributes.UpdateAttribute","key":"hive.ingest.root","value":"${config.hive.ingest.root}","expressionProperties":null,"propertyDescriptor":{"name":"hive.ingest.root","displayName":"hive.ingest.root","description":"","defaultValue":null,"allowableValues":null,"required":false,"sensitive":false,"dynamic":true,"supportsEl":true,"identifiesControllerService":null},"templateValue":"${config.hive.ingest.root}","userEditable":false,"renderType":"text","renderOptions":{},"selected":true,"inputProperty":false,"containsConfigurationVariables":false,"sensitive":false,"required":false,"templateProperty":null,"nameKey":"NiFi Flow-Initialize Cleanup Parameters-hive.ingest.root","idKey":"d0436b85-015c-1000-b54d-c5134e9fe52b-73651c62-453a-1d3a-84e3-9ac20347ed3a-hive.ingest.root","processorNameTypeKey":"Initialize Cleanup Parameters-org.apache.nifi.processors.attributes.UpdateAttribute-hive.ingest.root"},{"processGroupName":"NiFi Flow","processorName":"Initialize Cleanup Parameters","processorId":"73651c62-453a-1d3a-84e3-9ac20347ed3a","processGroupId":"d0436b85-015c-1000-b54d-c5134e9fe52b","processorType":"org.apache.nifi.processors.attributes.UpdateAttribute","key":"hive.master.root","value":"${config.hive.master.root}","expressionProperties":null,"propertyDescriptor":{"name":"hive.master.root","displayName":"hive.master.root","description":"","defaultValue":null,"allowableValues":null,"required":false,"sensitive":false,"dynamic":true,"supportsEl":true,"identifiesControllerService":null},"templateValue":"${config.hive.master.root}","userEditable":false,"renderType":"text","renderOptions":{},"selected":true,"inputProperty":false,"containsConfigurationVariables":false,"sensitive":false,"required":false,"templateProperty":null,"nameKey":"NiFi Flow-Initialize Cleanup Parameters-hive.master.root","idKey":"d0436b85-015c-1000-b54d-c5134e9fe52b-73651c62-453a-1d3a-84e3-9ac20347ed3a-hive.master.root","processorNameTypeKey":"Initialize Cleanup Parameters-org.apache.nifi.processors.attributes.UpdateAttribute-hive.master.root"},{"processGroupName":"NiFi Flow","processorName":"Initialize Cleanup Parameters","processorId":"73651c62-453a-1d3a-84e3-9ac20347ed3a","processGroupId":"d0436b85-015c-1000-b54d-c5134e9fe52b","processorType":"org.apache.nifi.processors.attributes.UpdateAttribute","key":"hive.profile.root","value":"${config.hive.profile.root}","expressionProperties":null,"propertyDescriptor":{"name":"hive.profile.root","displayName":"hive.profile.root","description":"","defaultValue":null,"allowableValues":null,"required":false,"sensitive":false,"dynamic":true,"supportsEl":true,"identifiesControllerService":null},"templateValue":"${config.hive.profile.root}","userEditable":false,"renderType":"text","renderOptions":{},"selected":true,"inputProperty":false,"containsConfigurationVariables":false,"sensitive":false,"required":false,"templateProperty":null,"nameKey":"NiFi Flow-Initialize Cleanup Parameters-hive.profile.root","idKey":"d0436b85-015c-1000-b54d-c5134e9fe52b-73651c62-453a-1d3a-84e3-9ac20347ed3a-hive.profile.root","processorNameTypeKey":"Initialize Cleanup Parameters-org.apache.nifi.processors.attributes.UpdateAttribute-hive.profile.root"},{"processGroupName":"NiFi Flow","processorName":"Initialize Feed Parameters","processorId":"73651c62-4541-1d3a-bf41-dd21523258b7","processGroupId":"d0436b85-015c-1000-b54d-c5134e9fe52b","processorType":"org.apache.nifi.processors.attributes.UpdateAttribute","key":"category","value":"${metadata.category.systemName}","expressionProperties":null,"propertyDescriptor":{"name":"category","displayName":"category","description":"","defaultValue":null,"allowableValues":null,"required":false,"sensitive":false,"dynamic":true,"supportsEl":true,"identifiesControllerService":null},"templateValue":"${metadata.category.systemName}","userEditable":false,"renderType":"text","renderOptions":{},"selected":true,"inputProperty":false,"containsConfigurationVariables":false,"sensitive":false,"required":false,"templateProperty":null,"nameKey":"NiFi Flow-Initialize Feed Parameters-category","idKey":"d0436b85-015c-1000-b54d-c5134e9fe52b-73651c62-4541-1d3a-bf41-dd21523258b7-category","processorNameTypeKey":"Initialize Feed Parameters-org.apache.nifi.processors.attributes.UpdateAttribute-category"},{"processGroupName":"NiFi Flow","processorName":"Initialize Feed Parameters","processorId":"73651c62-4541-1d3a-bf41-dd21523258b7","processGroupId":"d0436b85-015c-1000-b54d-c5134e9fe52b","processorType":"org.apache.nifi.processors.attributes.UpdateAttribute","key":"config.s3ingest.es.jar_url","value":"${config.s3ingest.es.jar_url}","expressionProperties":null,"propertyDescriptor":{"name":"config.s3ingest.es.jar_url","displayName":"config.s3ingest.es.jar_url","description":"","defaultValue":null,"allowableValues":null,"required":false,"sensitive":false,"dynamic":true,"supportsEl":true,"identifiesControllerService":null},"templateValue":"${config.s3ingest.es.jar_url}","userEditable":false,"renderType":"text","renderOptions":{},"selected":true,"inputProperty":false,"containsConfigurationVariables":false,"sensitive":false,"required":false,"templateProperty":null,"nameKey":"NiFi Flow-Initialize Feed Parameters-config.s3ingest.es.jar_url","idKey":"d0436b85-015c-1000-b54d-c5134e9fe52b-73651c62-4541-1d3a-bf41-dd21523258b7-config.s3ingest.es.jar_url","processorNameTypeKey":"Initialize Feed Parameters-org.apache.nifi.processors.attributes.UpdateAttribute-config.s3ingest.es.jar_url"},{"processGroupName":"NiFi Flow","processorName":"Initialize Feed Parameters","processorId":"73651c62-4541-1d3a-bf41-dd21523258b7","processGroupId":"d0436b85-015c-1000-b54d-c5134e9fe52b","processorType":"org.apache.nifi.processors.attributes.UpdateAttribute","key":"config.s3ingest.es.nodes","value":"${config.s3ingest.es.nodes}","expressionProperties":null,"propertyDescriptor":{"name":"config.s3ingest.es.nodes","displayName":"config.s3ingest.es.nodes","description":"","defaultValue":null,"allowableValues":null,"required":false,"sensitive":false,"dynamic":true,"supportsEl":true,"identifiesControllerService":null},"templateValue":"${config.s3ingest.es.nodes}","userEditable":false,"renderType":"text","renderOptions":{},"selected":true,"inputProperty":false,"containsConfigurationVariables":false,"sensitive":false,"required":false,"templateProperty":null,"nameKey":"NiFi Flow-Initialize Feed Parameters-config.s3ingest.es.nodes","idKey":"d0436b85-015c-1000-b54d-c5134e9fe52b-73651c62-4541-1d3a-bf41-dd21523258b7-config.s3ingest.es.nodes","processorNameTypeKey":"Initialize Feed Parameters-org.apache.nifi.processors.attributes.UpdateAttribute-config.s3ingest.es.nodes"},{"processGroupName":"NiFi Flow","processorName":"Initialize Feed Parameters","processorId":"73651c62-4541-1d3a-bf41-dd21523258b7","processGroupId":"d0436b85-015c-1000-b54d-c5134e9fe52b","processorType":"org.apache.nifi.processors.attributes.UpdateAttribute","key":"config.s3ingest.sqs.url","value":"${config.s3ingest.sqs.url}","expressionProperties":null,"propertyDescriptor":{"name":"config.s3ingest.sqs.url","displayName":"config.s3ingest.sqs.url","description":"","defaultValue":null,"allowableValues":null,"required":false,"sensitive":false,"dynamic":true,"supportsEl":true,"identifiesControllerService":null},"templateValue":"${config.s3ingest.sqs.url}","userEditable":false,"renderType":"text","renderOptions":{},"selected":true,"inputProperty":false,"containsConfigurationVariables":false,"sensitive":false,"required":false,"templateProperty":null,"nameKey":"NiFi Flow-Initialize Feed Parameters-config.s3ingest.sqs.url","idKey":"d0436b85-015c-1000-b54d-c5134e9fe52b-73651c62-4541-1d3a-bf41-dd21523258b7-config.s3ingest.sqs.url","processorNameTypeKey":"Initialize Feed Parameters-org.apache.nifi.processors.attributes.UpdateAttribute-config.s3ingest.sqs.url"},{"processGroupName":"NiFi Flow","processorName":"Initialize Feed Parameters","processorId":"73651c62-4541-1d3a-bf41-dd21523258b7","processGroupId":"d0436b85-015c-1000-b54d-c5134e9fe52b","processorType":"org.apache.nifi.processors.attributes.UpdateAttribute","key":"feed","value":"${metadata.systemFeedName}","expressionProperties":null,"propertyDescriptor":{"name":"feed","displayName":"feed","description":"","defaultValue":null,"allowableValues":null,"required":false,"sensitive":false,"dynamic":true,"supportsEl":true,"identifiesControllerService":null},"templateValue":"${metadata.systemFeedName}","userEditable":false,"renderType":"text","renderOptions":{},"selected":true,"inputProperty":false,"containsConfigurationVariables":false,"sensitive":false,"required":false,"templateProperty":null,"nameKey":"NiFi Flow-Initialize Feed Parameters-feed","idKey":"d0436b85-015c-1000-b54d-c5134e9fe52b-73651c62-4541-1d3a-bf41-dd21523258b7-feed","processorNameTypeKey":"Initialize Feed Parameters-org.apache.nifi.processors.attributes.UpdateAttribute-feed"},{"processGroupName":"NiFi Flow","processorName":"Initialize Feed Parameters","processorId":"73651c62-4541-1d3a-bf41-dd21523258b7","processGroupId":"d0436b85-015c-1000-b54d-c5134e9fe52b","processorType":"org.apache.nifi.processors.attributes.UpdateAttribute","key":"hdfs.ingest.root","value":"${config.hdfs.ingest.root}","expressionProperties":null,"propertyDescriptor":{"name":"hdfs.ingest.root","displayName":"hdfs.ingest.root","description":"","defaultValue":null,"allowableValues":null,"required":false,"sensitive":false,"dynamic":true,"supportsEl":true,"identifiesControllerService":null},"templateValue":"${config.hdfs.ingest.root}","userEditable":false,"renderType":"text","renderOptions":{},"selected":true,"inputProperty":false,"containsConfigurationVariables":false,"sensitive":false,"required":false,"templateProperty":null,"nameKey":"NiFi Flow-Initialize Feed Parameters-hdfs.ingest.root","idKey":"d0436b85-015c-1000-b54d-c5134e9fe52b-73651c62-4541-1d3a-bf41-dd21523258b7-hdfs.ingest.root","processorNameTypeKey":"Initialize Feed Parameters-org.apache.nifi.processors.attributes.UpdateAttribute-hdfs.ingest.root"},{"processGroupName":"NiFi Flow","processorName":"Initialize Feed Parameters","processorId":"73651c62-4541-1d3a-bf41-dd21523258b7","processGroupId":"d0436b85-015c-1000-b54d-c5134e9fe52b","processorType":"org.apache.nifi.processors.attributes.UpdateAttribute","key":"hive.ingest.root","value":"${config.hive.ingest.root}","expressionProperties":null,"propertyDescriptor":{"name":"hive.ingest.root","displayName":"hive.ingest.root","description":"","defaultValue":null,"allowableValues":null,"required":false,"sensitive":false,"dynamic":true,"supportsEl":true,"identifiesControllerService":null},"templateValue":"${config.hive.ingest.root}","userEditable":false,"renderType":"text","renderOptions":{},"selected":true,"inputProperty":false,"containsConfigurationVariables":false,"sensitive":false,"required":false,"templateProperty":null,"nameKey":"NiFi Flow-Initialize Feed Parameters-hive.ingest.root","idKey":"d0436b85-015c-1000-b54d-c5134e9fe52b-73651c62-4541-1d3a-bf41-dd21523258b7-hive.ingest.root","processorNameTypeKey":"Initialize Feed Parameters-org.apache.nifi.processors.attributes.UpdateAttribute-hive.ingest.root"},{"processGroupName":"NiFi Flow","processorName":"Initialize Feed Parameters","processorId":"73651c62-4541-1d3a-bf41-dd21523258b7","processGroupId":"d0436b85-015c-1000-b54d-c5134e9fe52b","processorType":"org.apache.nifi.processors.attributes.UpdateAttribute","key":"hive.master.root","value":"${config.hive.master.root}","expressionProperties":null,"propertyDescriptor":{"name":"hive.master.root","displayName":"hive.master.root","description":"","defaultValue":null,"allowableValues":null,"required":false,"sensitive":false,"dynamic":true,"supportsEl":true,"identifiesControllerService":null},"templateValue":"${config.hive.master.root}","userEditable":false,"renderType":"text","renderOptions":{},"selected":true,"inputProperty":false,"containsConfigurationVariables":false,"sensitive":false,"required":false,"templateProperty":null,"nameKey":"NiFi Flow-Initialize Feed Parameters-hive.master.root","idKey":"d0436b85-015c-1000-b54d-c5134e9fe52b-73651c62-4541-1d3a-bf41-dd21523258b7-hive.master.root","processorNameTypeKey":"Initialize Feed Parameters-org.apache.nifi.processors.attributes.UpdateAttribute-hive.master.root"},{"processGroupName":"NiFi Flow","processorName":"Initialize Feed Parameters","processorId":"73651c62-4541-1d3a-bf41-dd21523258b7","processGroupId":"d0436b85-015c-1000-b54d-c5134e9fe52b","processorType":"org.apache.nifi.processors.attributes.UpdateAttribute","key":"hive.profile.root","value":"${config.hive.profile.root}","expressionProperties":null,"propertyDescriptor":{"name":"hive.profile.root","displayName":"hive.profile.root","description":"","defaultValue":null,"allowableValues":null,"required":false,"sensitive":false,"dynamic":true,"supportsEl":true,"identifiesControllerService":null},"templateValue":"${config.hive.profile.root}","userEditable":false,"renderType":"text","renderOptions":{},"selected":true,"inputProperty":false,"containsConfigurationVariables":false,"sensitive":false,"required":false,"templateProperty":null,"nameKey":"NiFi Flow-Initialize Feed Parameters-hive.profile.root","idKey":"d0436b85-015c-1000-b54d-c5134e9fe52b-73651c62-4541-1d3a-bf41-dd21523258b7-hive.profile.root","processorNameTypeKey":"Initialize Feed Parameters-org.apache.nifi.processors.attributes.UpdateAttribute-hive.profile.root"},{"processGroupName":"NiFi Flow","processorName":"Initialize Feed Parameters","processorId":"73651c62-4541-1d3a-bf41-dd21523258b7","processGroupId":"d0436b85-015c-1000-b54d-c5134e9fe52b","processorType":"org.apache.nifi.processors.attributes.UpdateAttribute","key":"hiveS3Bucket","value":"hive-bucket","expressionProperties":null,"propertyDescriptor":{"name":"hiveS3Bucket","displayName":"hiveS3Bucket","description":"","defaultValue":null,"allowableValues":null,"required":false,"sensitive":false,"dynamic":true,"supportsEl":true,"identifiesControllerService":null},"templateValue":"hive-bucket","userEditable":true,"renderType":"text","renderOptions":{},"selected":true,"inputProperty":false,"containsConfigurationVariables":false,"sensitive":false,"required":false,"templateProperty":null,"nameKey":"NiFi Flow-Initialize Feed Parameters-hiveS3Bucket","idKey":"d0436b85-015c-1000-b54d-c5134e9fe52b-73651c62-4541-1d3a-bf41-dd21523258b7-hiveS3Bucket","processorNameTypeKey":"Initialize Feed Parameters-org.apache.nifi.processors.attributes.UpdateAttribute-hiveS3Bucket"},{"processGroupName":"NiFi Flow","processorName":"Initialize Feed Parameters","processorId":"73651c62-4541-1d3a-bf41-dd21523258b7","processGroupId":"d0436b85-015c-1000-b54d-c5134e9fe52b","processorType":"org.apache.nifi.processors.attributes.UpdateAttribute","key":"metadata.table.feedFieldStructure","value":"${metadata.table.feedFieldStructure}","expressionProperties":null,"propertyDescriptor":{"name":"metadata.table.feedFieldStructure","displayName":"metadata.table.feedFieldStructure","description":"","defaultValue":null,"allowableValues":null,"required":false,"sensitive":false,"dynamic":true,"supportsEl":true,"identifiesControllerService":null},"templateValue":"${metadata.table.feedFieldStructure}","userEditable":false,"renderType":"text","renderOptions":{},"selected":true,"inputProperty":false,"containsConfigurationVariables":false,"sensitive":false,"required":false,"templateProperty":null,"nameKey":"NiFi Flow-Initialize Feed Parameters-metadata.table.feedFieldStructure","idKey":"d0436b85-015c-1000-b54d-c5134e9fe52b-73651c62-4541-1d3a-bf41-dd21523258b7-metadata.table.feedFieldStructure","processorNameTypeKey":"Initialize Feed Parameters-org.apache.nifi.processors.attributes.UpdateAttribute-metadata.table.feedFieldStructure"},{"processGroupName":"NiFi Flow","processorName":"Initialize Feed Parameters","processorId":"73651c62-4541-1d3a-bf41-dd21523258b7","processGroupId":"d0436b85-015c-1000-b54d-c5134e9fe52b","processorType":"org.apache.nifi.processors.attributes.UpdateAttribute","key":"metadata.table.feedFormat","value":"${metadata.table.feedFormat}","expressionProperties":null,"propertyDescriptor":{"name":"metadata.table.feedFormat","displayName":"metadata.table.feedFormat","description":"","defaultValue":null,"allowableValues":null,"required":false,"sensitive":false,"dynamic":true,"supportsEl":true,"identifiesControllerService":null},"templateValue":"${metadata.table.feedFormat}","userEditable":false,"renderType":"text","renderOptions":{},"selected":true,"inputProperty":false,"containsConfigurationVariables":false,"sensitive":false,"required":false,"templateProperty":null,"nameKey":"NiFi Flow-Initialize Feed Parameters-metadata.table.feedFormat","idKey":"d0436b85-015c-1000-b54d-c5134e9fe52b-73651c62-4541-1d3a-bf41-dd21523258b7-metadata.table.feedFormat","processorNameTypeKey":"Initialize Feed Parameters-org.apache.nifi.processors.attributes.UpdateAttribute-metadata.table.feedFormat"},{"processGroupName":"NiFi Flow","processorName":"Initialize Feed Parameters","processorId":"73651c62-4541-1d3a-bf41-dd21523258b7","processGroupId":"d0436b85-015c-1000-b54d-c5134e9fe52b","processorType":"org.apache.nifi.processors.attributes.UpdateAttribute","key":"metadata.table.fieldIndexString","value":"${metadata.table.fieldIndexString}","expressionProperties":null,"propertyDescriptor":{"name":"metadata.table.fieldIndexString","displayName":"metadata.table.fieldIndexString","description":"","defaultValue":null,"allowableValues":null,"required":false,"sensitive":false,"dynamic":true,"supportsEl":true,"identifiesControllerService":null},"templateValue":"${metadata.table.fieldIndexString}","userEditable":false,"renderType":"text","renderOptions":{},"selected":true,"inputProperty":false,"containsConfigurationVariables":false,"sensitive":false,"required":false,"templateProperty":null,"nameKey":"NiFi Flow-Initialize Feed Parameters-metadata.table.fieldIndexString","idKey":"d0436b85-015c-1000-b54d-c5134e9fe52b-73651c62-4541-1d3a-bf41-dd21523258b7-metadata.table.fieldIndexString","processorNameTypeKey":"Initialize Feed Parameters-org.apache.nifi.processors.attributes.UpdateAttribute-metadata.table.fieldIndexString"},{"processGroupName":"NiFi Flow","processorName":"Initialize Feed Parameters","processorId":"73651c62-4541-1d3a-bf41-dd21523258b7","processGroupId":"d0436b85-015c-1000-b54d-c5134e9fe52b","processorType":"org.apache.nifi.processors.attributes.UpdateAttribute","key":"metadata.table.fieldPoliciesJson","value":"${metadata.table.fieldPoliciesJson}","expressionProperties":null,"propertyDescriptor":{"name":"metadata.table.fieldPoliciesJson","displayName":"metadata.table.fieldPoliciesJson","description":"","defaultValue":null,"allowableValues":null,"required":false,"sensitive":false,"dynamic":true,"supportsEl":true,"identifiesControllerService":null},"templateValue":"${metadata.table.fieldPoliciesJson}","userEditable":false,"renderType":"text","renderOptions":{},"selected":true,"inputProperty":false,"containsConfigurationVariables":false,"sensitive":false,"required":false,"templateProperty":null,"nameKey":"NiFi Flow-Initialize Feed Parameters-metadata.table.fieldPoliciesJson","idKey":"d0436b85-015c-1000-b54d-c5134e9fe52b-73651c62-4541-1d3a-bf41-dd21523258b7-metadata.table.fieldPoliciesJson","processorNameTypeKey":"Initialize Feed Parameters-org.apache.nifi.processors.attributes.UpdateAttribute-metadata.table.fieldPoliciesJson"},{"processGroupName":"NiFi Flow","processorName":"Initialize Feed Parameters","processorId":"73651c62-4541-1d3a-bf41-dd21523258b7","processGroupId":"d0436b85-015c-1000-b54d-c5134e9fe52b","processorType":"org.apache.nifi.processors.attributes.UpdateAttribute","key":"metadata.table.fieldStructure","value":"${metadata.table.fieldStructure}","expressionProperties":null,"propertyDescriptor":{"name":"metadata.table.fieldStructure","displayName":"metadata.table.fieldStructure","description":"","defaultValue":null,"allowableValues":null,"required":false,"sensitive":false,"dynamic":true,"supportsEl":true,"identifiesControllerService":null},"templateValue":"${metadata.table.fieldStructure}","userEditable":false,"renderType":"text","renderOptions":{},"selected":true,"inputProperty":false,"containsConfigurationVariables":false,"sensitive":false,"required":false,"templateProperty":null,"nameKey":"NiFi Flow-Initialize Feed Parameters-metadata.table.fieldStructure","idKey":"d0436b85-015c-1000-b54d-c5134e9fe52b-73651c62-4541-1d3a-bf41-dd21523258b7-metadata.table.fieldStructure","processorNameTypeKey":"Initialize Feed Parameters-org.apache.nifi.processors.attributes.UpdateAttribute-metadata.table.fieldStructure"},{"processGroupName":"NiFi Flow","processorName":"Initialize Feed Parameters","processorId":"73651c62-4541-1d3a-bf41-dd21523258b7","processGroupId":"d0436b85-015c-1000-b54d-c5134e9fe52b","processorType":"org.apache.nifi.processors.attributes.UpdateAttribute","key":"metadata.table.partitionSpecs","value":"${metadata.table.partitionSpecs}","expressionProperties":null,"propertyDescriptor":{"name":"metadata.table.partitionSpecs","displayName":"metadata.table.partitionSpecs","description":"","defaultValue":null,"allowableValues":null,"required":false,"sensitive":false,"dynamic":true,"supportsEl":true,"identifiesControllerService":null},"templateValue":"${metadata.table.partitionSpecs}","userEditable":false,"renderType":"text","renderOptions":{},"selected":true,"inputProperty":false,"containsConfigurationVariables":false,"sensitive":false,"required":false,"templateProperty":null,"nameKey":"NiFi Flow-Initialize Feed Parameters-metadata.table.partitionSpecs","idKey":"d0436b85-015c-1000-b54d-c5134e9fe52b-73651c62-4541-1d3a-bf41-dd21523258b7-metadata.table.partitionSpecs","processorNameTypeKey":"Initialize Feed Parameters-org.apache.nifi.processors.attributes.UpdateAttribute-metadata.table.partitionSpecs"},{"processGroupName":"NiFi Flow","processorName":"Initialize Feed Parameters","processorId":"73651c62-4541-1d3a-bf41-dd21523258b7","processGroupId":"d0436b85-015c-1000-b54d-c5134e9fe52b","processorType":"org.apache.nifi.processors.attributes.UpdateAttribute","key":"metadata.table.partitionStructure","value":"${metadata.table.partitionStructure}","expressionProperties":null,"propertyDescriptor":{"name":"metadata.table.partitionStructure","displayName":"metadata.table.partitionStructure","description":"","defaultValue":null,"allowableValues":null,"required":false,"sensitive":false,"dynamic":true,"supportsEl":true,"identifiesControllerService":null},"templateValue":"${metadata.table.partitionStructure}","userEditable":false,"renderType":"text","renderOptions":{},"selected":true,"inputProperty":false,"containsConfigurationVariables":false,"sensitive":false,"required":false,"templateProperty":null,"nameKey":"NiFi Flow-Initialize Feed Parameters-metadata.table.partitionStructure","idKey":"d0436b85-015c-1000-b54d-c5134e9fe52b-73651c62-4541-1d3a-bf41-dd21523258b7-metadata.table.partitionStructure","processorNameTypeKey":"Initialize Feed Parameters-org.apache.nifi.processors.attributes.UpdateAttribute-metadata.table.partitionStructure"},{"processGroupName":"NiFi Flow","processorName":"Initialize Feed Parameters","processorId":"73651c62-4541-1d3a-bf41-dd21523258b7","processGroupId":"d0436b85-015c-1000-b54d-c5134e9fe52b","processorType":"org.apache.nifi.processors.attributes.UpdateAttribute","key":"metadata.table.targetFormat","value":"${metadata.table.targetFormat}","expressionProperties":null,"propertyDescriptor":{"name":"metadata.table.targetFormat","displayName":"metadata.table.targetFormat","description":"","defaultValue":null,"allowableValues":null,"required":false,"sensitive":false,"dynamic":true,"supportsEl":true,"identifiesControllerService":null},"templateValue":"${metadata.table.targetFormat}","userEditable":false,"renderType":"text","renderOptions":{},"selected":true,"inputProperty":false,"containsConfigurationVariables":false,"sensitive":false,"required":false,"templateProperty":null,"nameKey":"NiFi Flow-Initialize Feed Parameters-metadata.table.targetFormat","idKey":"d0436b85-015c-1000-b54d-c5134e9fe52b-73651c62-4541-1d3a-bf41-dd21523258b7-metadata.table.targetFormat","processorNameTypeKey":"Initialize Feed Parameters-org.apache.nifi.processors.attributes.UpdateAttribute-metadata.table.targetFormat"},{"processGroupName":"NiFi Flow","processorName":"Initialize Feed Parameters","processorId":"73651c62-4541-1d3a-bf41-dd21523258b7","processGroupId":"d0436b85-015c-1000-b54d-c5134e9fe52b","processorType":"org.apache.nifi.processors.attributes.UpdateAttribute","key":"metadata.table.targetMergeStrategy","value":"${metadata.table.targetMergeStrategy}","expressionProperties":null,"propertyDescriptor":{"name":"metadata.table.targetMergeStrategy","displayName":"metadata.table.targetMergeStrategy","description":"","defaultValue":null,"allowableValues":null,"required":false,"sensitive":false,"dynamic":true,"supportsEl":true,"identifiesControllerService":null},"templateValue":"${metadata.table.targetMergeStrategy}","userEditable":false,"renderType":"text","renderOptions":{},"selected":true,"inputProperty":false,"containsConfigurationVariables":false,"sensitive":false,"required":false,"templateProperty":null,"nameKey":"NiFi Flow-Initialize Feed Parameters-metadata.table.targetMergeStrategy","idKey":"d0436b85-015c-1000-b54d-c5134e9fe52b-73651c62-4541-1d3a-bf41-dd21523258b7-metadata.table.targetMergeStrategy","processorNameTypeKey":"Initialize Feed Parameters-org.apache.nifi.processors.attributes.UpdateAttribute-metadata.table.targetMergeStrategy"},{"processGroupName":"NiFi Flow","processorName":"Initialize Feed Parameters","processorId":"73651c62-4541-1d3a-bf41-dd21523258b7","processGroupId":"d0436b85-015c-1000-b54d-c5134e9fe52b","processorType":"org.apache.nifi.processors.attributes.UpdateAttribute","key":"metadata.table.targetTblProperties","value":"${metadata.table.targetTblProperties}","expressionProperties":null,"propertyDescriptor":{"name":"metadata.table.targetTblProperties","displayName":"metadata.table.targetTblProperties","description":"","defaultValue":null,"allowableValues":null,"required":false,"sensitive":false,"dynamic":true,"supportsEl":true,"identifiesControllerService":null},"templateValue":"${metadata.table.targetTblProperties}","userEditable":false,"renderType":"text","renderOptions":{},"selected":true,"inputProperty":false,"containsConfigurationVariables":false,"sensitive":false,"required":false,"templateProperty":null,"nameKey":"NiFi Flow-Initialize Feed Parameters-metadata.table.targetTblProperties","idKey":"d0436b85-015c-1000-b54d-c5134e9fe52b-73651c62-4541-1d3a-bf41-dd21523258b7-metadata.table.targetTblProperties","processorNameTypeKey":"Initialize Feed Parameters-org.apache.nifi.processors.attributes.UpdateAttribute-metadata.table.targetTblProperties"},{"processGroupName":"NiFi Flow","processorName":"Initialize Feed Parameters","processorId":"73651c62-4541-1d3a-bf41-dd21523258b7","processGroupId":"d0436b85-015c-1000-b54d-c5134e9fe52b","processorType":"org.apache.nifi.processors.attributes.UpdateAttribute","key":"skipHeader","value":"${metadata.options.skipHeader}","expressionProperties":null,"propertyDescriptor":{"name":"skipHeader","displayName":"skipHeader","description":"","defaultValue":null,"allowableValues":null,"required":false,"sensitive":false,"dynamic":true,"supportsEl":true,"identifiesControllerService":null},"templateValue":"${metadata.options.skipHeader}","userEditable":false,"renderType":"text","renderOptions":{},"selected":true,"inputProperty":false,"containsConfigurationVariables":false,"sensitive":false,"required":false,"templateProperty":null,"nameKey":"NiFi Flow-Initialize Feed Parameters-skipHeader","idKey":"d0436b85-015c-1000-b54d-c5134e9fe52b-73651c62-4541-1d3a-bf41-dd21523258b7-skipHeader","processorNameTypeKey":"Initialize Feed Parameters-org.apache.nifi.processors.attributes.UpdateAttribute-skipHeader"}],"nonInputProcessors":[{"properties":[{"processGroupName":"NiFi Flow","processorName":"Initialize Cleanup Parameters","processorId":"73651c62-453a-1d3a-84e3-9ac20347ed3a","processGroupId":"d0436b85-015c-1000-b54d-c5134e9fe52b","processorType":"org.apache.nifi.processors.attributes.UpdateAttribute","key":"category","value":"${metadata.category.systemName}","expressionProperties":null,"propertyDescriptor":{"name":"category","displayName":"category","description":"","defaultValue":null,"allowableValues":null,"required":false,"sensitive":false,"dynamic":true,"supportsEl":true,"identifiesControllerService":null},"templateValue":"${metadata.category.systemName}","userEditable":false,"renderType":"text","renderOptions":{},"selected":true,"inputProperty":false,"containsConfigurationVariables":false,"sensitive":false,"required":false,"templateProperty":null,"nameKey":"NiFi Flow-Initialize Cleanup Parameters-category","idKey":"d0436b85-015c-1000-b54d-c5134e9fe52b-73651c62-453a-1d3a-84e3-9ac20347ed3a-category","processorNameTypeKey":"Initialize Cleanup Parameters-org.apache.nifi.processors.attributes.UpdateAttribute-category"},{"processGroupName":"NiFi Flow","processorName":"Initialize Cleanup Parameters","processorId":"73651c62-453a-1d3a-84e3-9ac20347ed3a","processGroupId":"d0436b85-015c-1000-b54d-c5134e9fe52b","processorType":"org.apache.nifi.processors.attributes.UpdateAttribute","key":"feed","value":"${metadata.systemFeedName}","expressionProperties":null,"propertyDescriptor":{"name":"feed","displayName":"feed","description":"","defaultValue":null,"allowableValues":null,"required":false,"sensitive":false,"dynamic":true,"supportsEl":true,"identifiesControllerService":null},"templateValue":"${metadata.systemFeedName}","userEditable":false,"renderType":"text","renderOptions":{},"selected":true,"inputProperty":false,"containsConfigurationVariables":false,"sensitive":false,"required":false,"templateProperty":null,"nameKey":"NiFi Flow-Initialize Cleanup Parameters-feed","idKey":"d0436b85-015c-1000-b54d-c5134e9fe52b-73651c62-453a-1d3a-84e3-9ac20347ed3a-feed","processorNameTypeKey":"Initialize Cleanup Parameters-org.apache.nifi.processors.attributes.UpdateAttribute-feed"},{"processGroupName":"NiFi Flow","processorName":"Initialize Cleanup Parameters","processorId":"73651c62-453a-1d3a-84e3-9ac20347ed3a","processGroupId":"d0436b85-015c-1000-b54d-c5134e9fe52b","processorType":"org.apache.nifi.processors.attributes.UpdateAttribute","key":"hdfs.ingest.root","value":"${config.hdfs.ingest.root}","expressionProperties":null,"propertyDescriptor":{"name":"hdfs.ingest.root","displayName":"hdfs.ingest.root","description":"","defaultValue":null,"allowableValues":null,"required":false,"sensitive":false,"dynamic":true,"supportsEl":true,"identifiesControllerService":null},"templateValue":"${config.hdfs.ingest.root}","userEditable":false,"renderType":"text","renderOptions":{},"selected":true,"inputProperty":false,"containsConfigurationVariables":false,"sensitive":false,"required":false,"templateProperty":null,"nameKey":"NiFi Flow-Initialize Cleanup Parameters-hdfs.ingest.root","idKey":"d0436b85-015c-1000-b54d-c5134e9fe52b-73651c62-453a-1d3a-84e3-9ac20347ed3a-hdfs.ingest.root","processorNameTypeKey":"Initialize Cleanup Parameters-org.apache.nifi.processors.attributes.UpdateAttribute-hdfs.ingest.root"},{"processGroupName":"NiFi Flow","processorName":"Initialize Cleanup Parameters","processorId":"73651c62-453a-1d3a-84e3-9ac20347ed3a","processGroupId":"d0436b85-015c-1000-b54d-c5134e9fe52b","processorType":"org.apache.nifi.processors.attributes.UpdateAttribute","key":"hive.ingest.root","value":"${config.hive.ingest.root}","expressionProperties":null,"propertyDescriptor":{"name":"hive.ingest.root","displayName":"hive.ingest.root","description":"","defaultValue":null,"allowableValues":null,"required":false,"sensitive":false,"dynamic":true,"supportsEl":true,"identifiesControllerService":null},"templateValue":"${config.hive.ingest.root}","userEditable":false,"renderType":"text","renderOptions":{},"selected":true,"inputProperty":false,"containsConfigurationVariables":false,"sensitive":false,"required":false,"templateProperty":null,"nameKey":"NiFi Flow-Initialize Cleanup Parameters-hive.ingest.root","idKey":"d0436b85-015c-1000-b54d-c5134e9fe52b-73651c62-453a-1d3a-84e3-9ac20347ed3a-hive.ingest.root","processorNameTypeKey":"Initialize Cleanup Parameters-org.apache.nifi.processors.attributes.UpdateAttribute-hive.ingest.root"},{"processGroupName":"NiFi Flow","processorName":"Initialize Cleanup Parameters","processorId":"73651c62-453a-1d3a-84e3-9ac20347ed3a","processGroupId":"d0436b85-015c-1000-b54d-c5134e9fe52b","processorType":"org.apache.nifi.processors.attributes.UpdateAttribute","key":"hive.master.root","value":"${config.hive.master.root}","expressionProperties":null,"propertyDescriptor":{"name":"hive.master.root","displayName":"hive.master.root","description":"","defaultValue":null,"allowableValues":null,"required":false,"sensitive":false,"dynamic":true,"supportsEl":true,"identifiesControllerService":null},"templateValue":"${config.hive.master.root}","userEditable":false,"renderType":"text","renderOptions":{},"selected":true,"inputProperty":false,"containsConfigurationVariables":false,"sensitive":false,"required":false,"templateProperty":null,"nameKey":"NiFi Flow-Initialize Cleanup Parameters-hive.master.root","idKey":"d0436b85-015c-1000-b54d-c5134e9fe52b-73651c62-453a-1d3a-84e3-9ac20347ed3a-hive.master.root","processorNameTypeKey":"Initialize Cleanup Parameters-org.apache.nifi.processors.attributes.UpdateAttribute-hive.master.root"},{"processGroupName":"NiFi Flow","processorName":"Initialize Cleanup Parameters","processorId":"73651c62-453a-1d3a-84e3-9ac20347ed3a","processGroupId":"d0436b85-015c-1000-b54d-c5134e9fe52b","processorType":"org.apache.nifi.processors.attributes.UpdateAttribute","key":"hive.profile.root","value":"${config.hive.profile.root}","expressionProperties":null,"propertyDescriptor":{"name":"hive.profile.root","displayName":"hive.profile.root","description":"","defaultValue":null,"allowableValues":null,"required":false,"sensitive":false,"dynamic":true,"supportsEl":true,"identifiesControllerService":null},"templateValue":"${config.hive.profile.root}","userEditable":false,"renderType":"text","renderOptions":{},"selected":true,"inputProperty":false,"containsConfigurationVariables":false,"sensitive":false,"required":false,"templateProperty":null,"nameKey":"NiFi Flow-Initialize Cleanup Parameters-hive.profile.root","idKey":"d0436b85-015c-1000-b54d-c5134e9fe52b-73651c62-453a-1d3a-84e3-9ac20347ed3a-hive.profile.root","processorNameTypeKey":"Initialize Cleanup Parameters-org.apache.nifi.processors.attributes.UpdateAttribute-hive.profile.root"}],"type":"org.apache.nifi.processors.attributes.UpdateAttribute","name":"Initialize Cleanup Parameters","id":"73651c62-453a-1d3a-84e3-9ac20347ed3a","groupName":"NiFi Flow","groupId":"d0436b85-015c-1000-b54d-c5134e9fe52b","inputProcessor":false,"userDefinedInputProcessor":false},{"properties":[{"processGroupName":"NiFi Flow","processorName":"Initialize Feed Parameters","processorId":"73651c62-4541-1d3a-bf41-dd21523258b7","processGroupId":"d0436b85-015c-1000-b54d-c5134e9fe52b","processorType":"org.apache.nifi.processors.attributes.UpdateAttribute","key":"category","value":"${metadata.category.systemName}","expressionProperties":null,"propertyDescriptor":{"name":"category","displayName":"category","description":"","defaultValue":null,"allowableValues":null,"required":false,"sensitive":false,"dynamic":true,"supportsEl":true,"identifiesControllerService":null},"templateValue":"${metadata.category.systemName}","userEditable":false,"renderType":"text","renderOptions":{},"selected":true,"inputProperty":false,"containsConfigurationVariables":false,"sensitive":false,"required":false,"templateProperty":null,"nameKey":"NiFi Flow-Initialize Feed Parameters-category","idKey":"d0436b85-015c-1000-b54d-c5134e9fe52b-73651c62-4541-1d3a-bf41-dd21523258b7-category","processorNameTypeKey":"Initialize Feed Parameters-org.apache.nifi.processors.attributes.UpdateAttribute-category"},{"processGroupName":"NiFi Flow","processorName":"Initialize Feed Parameters","processorId":"73651c62-4541-1d3a-bf41-dd21523258b7","processGroupId":"d0436b85-015c-1000-b54d-c5134e9fe52b","processorType":"org.apache.nifi.processors.attributes.UpdateAttribute","key":"config.s3ingest.es.jar_url","value":"${config.s3ingest.es.jar_url}","expressionProperties":null,"propertyDescriptor":{"name":"config.s3ingest.es.jar_url","displayName":"config.s3ingest.es.jar_url","description":"","defaultValue":null,"allowableValues":null,"required":false,"sensitive":false,"dynamic":true,"supportsEl":true,"identifiesControllerService":null},"templateValue":"${config.s3ingest.es.jar_url}","userEditable":false,"renderType":"text","renderOptions":{},"selected":true,"inputProperty":false,"containsConfigurationVariables":false,"sensitive":false,"required":false,"templateProperty":null,"nameKey":"NiFi Flow-Initialize Feed Parameters-config.s3ingest.es.jar_url","idKey":"d0436b85-015c-1000-b54d-c5134e9fe52b-73651c62-4541-1d3a-bf41-dd21523258b7-config.s3ingest.es.jar_url","processorNameTypeKey":"Initialize Feed Parameters-org.apache.nifi.processors.attributes.UpdateAttribute-config.s3ingest.es.jar_url"},{"processGroupName":"NiFi Flow","processorName":"Initialize Feed Parameters","processorId":"73651c62-4541-1d3a-bf41-dd21523258b7","processGroupId":"d0436b85-015c-1000-b54d-c5134e9fe52b","processorType":"org.apache.nifi.processors.attributes.UpdateAttribute","key":"config.s3ingest.es.nodes","value":"${config.s3ingest.es.nodes}","expressionProperties":null,"propertyDescriptor":{"name":"config.s3ingest.es.nodes","displayName":"config.s3ingest.es.nodes","description":"","defaultValue":null,"allowableValues":null,"required":false,"sensitive":false,"dynamic":true,"supportsEl":true,"identifiesControllerService":null},"templateValue":"${config.s3ingest.es.nodes}","userEditable":false,"renderType":"text","renderOptions":{},"selected":true,"inputProperty":false,"containsConfigurationVariables":false,"sensitive":false,"required":false,"templateProperty":null,"nameKey":"NiFi Flow-Initialize Feed Parameters-config.s3ingest.es.nodes","idKey":"d0436b85-015c-1000-b54d-c5134e9fe52b-73651c62-4541-1d3a-bf41-dd21523258b7-config.s3ingest.es.nodes","processorNameTypeKey":"Initialize Feed Parameters-org.apache.nifi.processors.attributes.UpdateAttribute-config.s3ingest.es.nodes"},{"processGroupName":"NiFi Flow","processorName":"Initialize Feed Parameters","processorId":"73651c62-4541-1d3a-bf41-dd21523258b7","processGroupId":"d0436b85-015c-1000-b54d-c5134e9fe52b","processorType":"org.apache.nifi.processors.attributes.UpdateAttribute","key":"config.s3ingest.sqs.url","value":"${config.s3ingest.sqs.url}","expressionProperties":null,"propertyDescriptor":{"name":"config.s3ingest.sqs.url","displayName":"config.s3ingest.sqs.url","description":"","defaultValue":null,"allowableValues":null,"required":false,"sensitive":false,"dynamic":true,"supportsEl":true,"identifiesControllerService":null},"templateValue":"${config.s3ingest.sqs.url}","userEditable":false,"renderType":"text","renderOptions":{},"selected":true,"inputProperty":false,"containsConfigurationVariables":false,"sensitive":false,"required":false,"templateProperty":null,"nameKey":"NiFi Flow-Initialize Feed Parameters-config.s3ingest.sqs.url","idKey":"d0436b85-015c-1000-b54d-c5134e9fe52b-73651c62-4541-1d3a-bf41-dd21523258b7-config.s3ingest.sqs.url","processorNameTypeKey":"Initialize Feed Parameters-org.apache.nifi.processors.attributes.UpdateAttribute-config.s3ingest.sqs.url"},{"processGroupName":"NiFi Flow","processorName":"Initialize Feed Parameters","processorId":"73651c62-4541-1d3a-bf41-dd21523258b7","processGroupId":"d0436b85-015c-1000-b54d-c5134e9fe52b","processorType":"org.apache.nifi.processors.attributes.UpdateAttribute","key":"feed","value":"${metadata.systemFeedName}","expressionProperties":null,"propertyDescriptor":{"name":"feed","displayName":"feed","description":"","defaultValue":null,"allowableValues":null,"required":false,"sensitive":false,"dynamic":true,"supportsEl":true,"identifiesControllerService":null},"templateValue":"${metadata.systemFeedName}","userEditable":false,"renderType":"text","renderOptions":{},"selected":true,"inputProperty":false,"containsConfigurationVariables":false,"sensitive":false,"required":false,"templateProperty":null,"nameKey":"NiFi Flow-Initialize Feed Parameters-feed","idKey":"d0436b85-015c-1000-b54d-c5134e9fe52b-73651c62-4541-1d3a-bf41-dd21523258b7-feed","processorNameTypeKey":"Initialize Feed Parameters-org.apache.nifi.processors.attributes.UpdateAttribute-feed"},{"processGroupName":"NiFi Flow","processorName":"Initialize Feed Parameters","processorId":"73651c62-4541-1d3a-bf41-dd21523258b7","processGroupId":"d0436b85-015c-1000-b54d-c5134e9fe52b","processorType":"org.apache.nifi.processors.attributes.UpdateAttribute","key":"hdfs.ingest.root","value":"${config.hdfs.ingest.root}","expressionProperties":null,"propertyDescriptor":{"name":"hdfs.ingest.root","displayName":"hdfs.ingest.root","description":"","defaultValue":null,"allowableValues":null,"required":false,"sensitive":false,"dynamic":true,"supportsEl":true,"identifiesControllerService":null},"templateValue":"${config.hdfs.ingest.root}","userEditable":false,"renderType":"text","renderOptions":{},"selected":true,"inputProperty":false,"containsConfigurationVariables":false,"sensitive":false,"required":false,"templateProperty":null,"nameKey":"NiFi Flow-Initialize Feed Parameters-hdfs.ingest.root","idKey":"d0436b85-015c-1000-b54d-c5134e9fe52b-73651c62-4541-1d3a-bf41-dd21523258b7-hdfs.ingest.root","processorNameTypeKey":"Initialize Feed Parameters-org.apache.nifi.processors.attributes.UpdateAttribute-hdfs.ingest.root"},{"processGroupName":"NiFi Flow","processorName":"Initialize Feed Parameters","processorId":"73651c62-4541-1d3a-bf41-dd21523258b7","processGroupId":"d0436b85-015c-1000-b54d-c5134e9fe52b","processorType":"org.apache.nifi.processors.attributes.UpdateAttribute","key":"hive.ingest.root","value":"${config.hive.ingest.root}","expressionProperties":null,"propertyDescriptor":{"name":"hive.ingest.root","displayName":"hive.ingest.root","description":"","defaultValue":null,"allowableValues":null,"required":false,"sensitive":false,"dynamic":true,"supportsEl":true,"identifiesControllerService":null},"templateValue":"${config.hive.ingest.root}","userEditable":false,"renderType":"text","renderOptions":{},"selected":true,"inputProperty":false,"containsConfigurationVariables":false,"sensitive":false,"required":false,"templateProperty":null,"nameKey":"NiFi Flow-Initialize Feed Parameters-hive.ingest.root","idKey":"d0436b85-015c-1000-b54d-c5134e9fe52b-73651c62-4541-1d3a-bf41-dd21523258b7-hive.ingest.root","processorNameTypeKey":"Initialize Feed Parameters-org.apache.nifi.processors.attributes.UpdateAttribute-hive.ingest.root"},{"processGroupName":"NiFi Flow","processorName":"Initialize Feed Parameters","processorId":"73651c62-4541-1d3a-bf41-dd21523258b7","processGroupId":"d0436b85-015c-1000-b54d-c5134e9fe52b","processorType":"org.apache.nifi.processors.attributes.UpdateAttribute","key":"hive.master.root","value":"${config.hive.master.root}","expressionProperties":null,"propertyDescriptor":{"name":"hive.master.root","displayName":"hive.master.root","description":"","defaultValue":null,"allowableValues":null,"required":false,"sensitive":false,"dynamic":true,"supportsEl":true,"identifiesControllerService":null},"templateValue":"${config.hive.master.root}","userEditable":false,"renderType":"text","renderOptions":{},"selected":true,"inputProperty":false,"containsConfigurationVariables":false,"sensitive":false,"required":false,"templateProperty":null,"nameKey":"NiFi Flow-Initialize Feed Parameters-hive.master.root","idKey":"d0436b85-015c-1000-b54d-c5134e9fe52b-73651c62-4541-1d3a-bf41-dd21523258b7-hive.master.root","processorNameTypeKey":"Initialize Feed Parameters-org.apache.nifi.processors.attributes.UpdateAttribute-hive.master.root"},{"processGroupName":"NiFi Flow","processorName":"Initialize Feed Parameters","processorId":"73651c62-4541-1d3a-bf41-dd21523258b7","processGroupId":"d0436b85-015c-1000-b54d-c5134e9fe52b","processorType":"org.apache.nifi.processors.attributes.UpdateAttribute","key":"hive.profile.root","value":"${config.hive.profile.root}","expressionProperties":null,"propertyDescriptor":{"name":"hive.profile.root","displayName":"hive.profile.root","description":"","defaultValue":null,"allowableValues":null,"required":false,"sensitive":false,"dynamic":true,"supportsEl":true,"identifiesControllerService":null},"templateValue":"${config.hive.profile.root}","userEditable":false,"renderType":"text","renderOptions":{},"selected":true,"inputProperty":false,"containsConfigurationVariables":false,"sensitive":false,"required":false,"templateProperty":null,"nameKey":"NiFi Flow-Initialize Feed Parameters-hive.profile.root","idKey":"d0436b85-015c-1000-b54d-c5134e9fe52b-73651c62-4541-1d3a-bf41-dd21523258b7-hive.profile.root","processorNameTypeKey":"Initialize Feed Parameters-org.apache.nifi.processors.attributes.UpdateAttribute-hive.profile.root"},{"processGroupName":"NiFi Flow","processorName":"Initialize Feed Parameters","processorId":"73651c62-4541-1d3a-bf41-dd21523258b7","processGroupId":"d0436b85-015c-1000-b54d-c5134e9fe52b","processorType":"org.apache.nifi.processors.attributes.UpdateAttribute","key":"hiveS3Bucket","value":"hive-bucket","expressionProperties":null,"propertyDescriptor":{"name":"hiveS3Bucket","displayName":"hiveS3Bucket","description":"","defaultValue":null,"allowableValues":null,"required":false,"sensitive":false,"dynamic":true,"supportsEl":true,"identifiesControllerService":null},"templateValue":"hive-bucket","userEditable":true,"renderType":"text","renderOptions":{},"selected":true,"inputProperty":false,"containsConfigurationVariables":false,"sensitive":false,"required":false,"templateProperty":null,"nameKey":"NiFi Flow-Initialize Feed Parameters-hiveS3Bucket","idKey":"d0436b85-015c-1000-b54d-c5134e9fe52b-73651c62-4541-1d3a-bf41-dd21523258b7-hiveS3Bucket","processorNameTypeKey":"Initialize Feed Parameters-org.apache.nifi.processors.attributes.UpdateAttribute-hiveS3Bucket"},{"processGroupName":"NiFi Flow","processorName":"Initialize Feed Parameters","processorId":"73651c62-4541-1d3a-bf41-dd21523258b7","processGroupId":"d0436b85-015c-1000-b54d-c5134e9fe52b","processorType":"org.apache.nifi.processors.attributes.UpdateAttribute","key":"metadata.table.feedFieldStructure","value":"${metadata.table.feedFieldStructure}","expressionProperties":null,"propertyDescriptor":{"name":"metadata.table.feedFieldStructure","displayName":"metadata.table.feedFieldStructure","description":"","defaultValue":null,"allowableValues":null,"required":false,"sensitive":false,"dynamic":true,"supportsEl":true,"identifiesControllerService":null},"templateValue":"${metadata.table.feedFieldStructure}","userEditable":false,"renderType":"text","renderOptions":{},"selected":true,"inputProperty":false,"containsConfigurationVariables":false,"sensitive":false,"required":false,"templateProperty":null,"nameKey":"NiFi Flow-Initialize Feed Parameters-metadata.table.feedFieldStructure","idKey":"d0436b85-015c-1000-b54d-c5134e9fe52b-73651c62-4541-1d3a-bf41-dd21523258b7-metadata.table.feedFieldStructure","processorNameTypeKey":"Initialize Feed Parameters-org.apache.nifi.processors.attributes.UpdateAttribute-metadata.table.feedFieldStructure"},{"processGroupName":"NiFi Flow","processorName":"Initialize Feed Parameters","processorId":"73651c62-4541-1d3a-bf41-dd21523258b7","processGroupId":"d0436b85-015c-1000-b54d-c5134e9fe52b","processorType":"org.apache.nifi.processors.attributes.UpdateAttribute","key":"metadata.table.feedFormat","value":"${metadata.table.feedFormat}","expressionProperties":null,"propertyDescriptor":{"name":"metadata.table.feedFormat","displayName":"metadata.table.feedFormat","description":"","defaultValue":null,"allowableValues":null,"required":false,"sensitive":false,"dynamic":true,"supportsEl":true,"identifiesControllerService":null},"templateValue":"${metadata.table.feedFormat}","userEditable":false,"renderType":"text","renderOptions":{},"selected":true,"inputProperty":false,"containsConfigurationVariables":false,"sensitive":false,"required":false,"templateProperty":null,"nameKey":"NiFi Flow-Initialize Feed Parameters-metadata.table.feedFormat","idKey":"d0436b85-015c-1000-b54d-c5134e9fe52b-73651c62-4541-1d3a-bf41-dd21523258b7-metadata.table.feedFormat","processorNameTypeKey":"Initialize Feed Parameters-org.apache.nifi.processors.attributes.UpdateAttribute-metadata.table.feedFormat"},{"processGroupName":"NiFi Flow","processorName":"Initialize Feed Parameters","processorId":"73651c62-4541-1d3a-bf41-dd21523258b7","processGroupId":"d0436b85-015c-1000-b54d-c5134e9fe52b","processorType":"org.apache.nifi.processors.attributes.UpdateAttribute","key":"metadata.table.fieldIndexString","value":"${metadata.table.fieldIndexString}","expressionProperties":null,"propertyDescriptor":{"name":"metadata.table.fieldIndexString","displayName":"metadata.table.fieldIndexString","description":"","defaultValue":null,"allowableValues":null,"required":false,"sensitive":false,"dynamic":true,"supportsEl":true,"identifiesControllerService":null},"templateValue":"${metadata.table.fieldIndexString}","userEditable":false,"renderType":"text","renderOptions":{},"selected":true,"inputProperty":false,"containsConfigurationVariables":false,"sensitive":false,"required":false,"templateProperty":null,"nameKey":"NiFi Flow-Initialize Feed Parameters-metadata.table.fieldIndexString","idKey":"d0436b85-015c-1000-b54d-c5134e9fe52b-73651c62-4541-1d3a-bf41-dd21523258b7-metadata.table.fieldIndexString","processorNameTypeKey":"Initialize Feed Parameters-org.apache.nifi.processors.attributes.UpdateAttribute-metadata.table.fieldIndexString"},{"processGroupName":"NiFi Flow","processorName":"Initialize Feed Parameters","processorId":"73651c62-4541-1d3a-bf41-dd21523258b7","processGroupId":"d0436b85-015c-1000-b54d-c5134e9fe52b","processorType":"org.apache.nifi.processors.attributes.UpdateAttribute","key":"metadata.table.fieldPoliciesJson","value":"${metadata.table.fieldPoliciesJson}","expressionProperties":null,"propertyDescriptor":{"name":"metadata.table.fieldPoliciesJson","displayName":"metadata.table.fieldPoliciesJson","description":"","defaultValue":null,"allowableValues":null,"required":false,"sensitive":false,"dynamic":true,"supportsEl":true,"identifiesControllerService":null},"templateValue":"${metadata.table.fieldPoliciesJson}","userEditable":false,"renderType":"text","renderOptions":{},"selected":true,"inputProperty":false,"containsConfigurationVariables":false,"sensitive":false,"required":false,"templateProperty":null,"nameKey":"NiFi Flow-Initialize Feed Parameters-metadata.table.fieldPoliciesJson","idKey":"d0436b85-015c-1000-b54d-c5134e9fe52b-73651c62-4541-1d3a-bf41-dd21523258b7-metadata.table.fieldPoliciesJson","processorNameTypeKey":"Initialize Feed Parameters-org.apache.nifi.processors.attributes.UpdateAttribute-metadata.table.fieldPoliciesJson"},{"processGroupName":"NiFi Flow","processorName":"Initialize Feed Parameters","processorId":"73651c62-4541-1d3a-bf41-dd21523258b7","processGroupId":"d0436b85-015c-1000-b54d-c5134e9fe52b","processorType":"org.apache.nifi.processors.attributes.UpdateAttribute","key":"metadata.table.fieldStructure","value":"${metadata.table.fieldStructure}","expressionProperties":null,"propertyDescriptor":{"name":"metadata.table.fieldStructure","displayName":"metadata.table.fieldStructure","description":"","defaultValue":null,"allowableValues":null,"required":false,"sensitive":false,"dynamic":true,"supportsEl":true,"identifiesControllerService":null},"templateValue":"${metadata.table.fieldStructure}","userEditable":false,"renderType":"text","renderOptions":{},"selected":true,"inputProperty":false,"containsConfigurationVariables":false,"sensitive":false,"required":false,"templateProperty":null,"nameKey":"NiFi Flow-Initialize Feed Parameters-metadata.table.fieldStructure","idKey":"d0436b85-015c-1000-b54d-c5134e9fe52b-73651c62-4541-1d3a-bf41-dd21523258b7-metadata.table.fieldStructure","processorNameTypeKey":"Initialize Feed Parameters-org.apache.nifi.processors.attributes.UpdateAttribute-metadata.table.fieldStructure"},{"processGroupName":"NiFi Flow","processorName":"Initialize Feed Parameters","processorId":"73651c62-4541-1d3a-bf41-dd21523258b7","processGroupId":"d0436b85-015c-1000-b54d-c5134e9fe52b","processorType":"org.apache.nifi.processors.attributes.UpdateAttribute","key":"metadata.table.partitionSpecs","value":"${metadata.table.partitionSpecs}","expressionProperties":null,"propertyDescriptor":{"name":"metadata.table.partitionSpecs","displayName":"metadata.table.partitionSpecs","description":"","defaultValue":null,"allowableValues":null,"required":false,"sensitive":false,"dynamic":true,"supportsEl":true,"identifiesControllerService":null},"templateValue":"${metadata.table.partitionSpecs}","userEditable":false,"renderType":"text","renderOptions":{},"selected":true,"inputProperty":false,"containsConfigurationVariables":false,"sensitive":false,"required":false,"templateProperty":null,"nameKey":"NiFi Flow-Initialize Feed Parameters-metadata.table.partitionSpecs","idKey":"d0436b85-015c-1000-b54d-c5134e9fe52b-73651c62-4541-1d3a-bf41-dd21523258b7-metadata.table.partitionSpecs","processorNameTypeKey":"Initialize Feed Parameters-org.apache.nifi.processors.attributes.UpdateAttribute-metadata.table.partitionSpecs"},{"processGroupName":"NiFi Flow","processorName":"Initialize Feed Parameters","processorId":"73651c62-4541-1d3a-bf41-dd21523258b7","processGroupId":"d0436b85-015c-1000-b54d-c5134e9fe52b","processorType":"org.apache.nifi.processors.attributes.UpdateAttribute","key":"metadata.table.partitionStructure","value":"${metadata.table.partitionStructure}","expressionProperties":null,"propertyDescriptor":{"name":"metadata.table.partitionStructure","displayName":"metadata.table.partitionStructure","description":"","defaultValue":null,"allowableValues":null,"required":false,"sensitive":false,"dynamic":true,"supportsEl":true,"identifiesControllerService":null},"templateValue":"${metadata.table.partitionStructure}","userEditable":false,"renderType":"text","renderOptions":{},"selected":true,"inputProperty":false,"containsConfigurationVariables":false,"sensitive":false,"required":false,"templateProperty":null,"nameKey":"NiFi Flow-Initialize Feed Parameters-metadata.table.partitionStructure","idKey":"d0436b85-015c-1000-b54d-c5134e9fe52b-73651c62-4541-1d3a-bf41-dd21523258b7-metadata.table.partitionStructure","processorNameTypeKey":"Initialize Feed Parameters-org.apache.nifi.processors.attributes.UpdateAttribute-metadata.table.partitionStructure"},{"processGroupName":"NiFi Flow","processorName":"Initialize Feed Parameters","processorId":"73651c62-4541-1d3a-bf41-dd21523258b7","processGroupId":"d0436b85-015c-1000-b54d-c5134e9fe52b","processorType":"org.apache.nifi.processors.attributes.UpdateAttribute","key":"metadata.table.targetFormat","value":"${metadata.table.targetFormat}","expressionProperties":null,"propertyDescriptor":{"name":"metadata.table.targetFormat","displayName":"metadata.table.targetFormat","description":"","defaultValue":null,"allowableValues":null,"required":false,"sensitive":false,"dynamic":true,"supportsEl":true,"identifiesControllerService":null},"templateValue":"${metadata.table.targetFormat}","userEditable":false,"renderType":"text","renderOptions":{},"selected":true,"inputProperty":false,"containsConfigurationVariables":false,"sensitive":false,"required":false,"templateProperty":null,"nameKey":"NiFi Flow-Initialize Feed Parameters-metadata.table.targetFormat","idKey":"d0436b85-015c-1000-b54d-c5134e9fe52b-73651c62-4541-1d3a-bf41-dd21523258b7-metadata.table.targetFormat","processorNameTypeKey":"Initialize Feed Parameters-org.apache.nifi.processors.attributes.UpdateAttribute-metadata.table.targetFormat"},{"processGroupName":"NiFi Flow","processorName":"Initialize Feed Parameters","processorId":"73651c62-4541-1d3a-bf41-dd21523258b7","processGroupId":"d0436b85-015c-1000-b54d-c5134e9fe52b","processorType":"org.apache.nifi.processors.attributes.UpdateAttribute","key":"metadata.table.targetMergeStrategy","value":"${metadata.table.targetMergeStrategy}","expressionProperties":null,"propertyDescriptor":{"name":"metadata.table.targetMergeStrategy","displayName":"metadata.table.targetMergeStrategy","description":"","defaultValue":null,"allowableValues":null,"required":false,"sensitive":false,"dynamic":true,"supportsEl":true,"identifiesControllerService":null},"templateValue":"${metadata.table.targetMergeStrategy}","userEditable":false,"renderType":"text","renderOptions":{},"selected":true,"inputProperty":false,"containsConfigurationVariables":false,"sensitive":false,"required":false,"templateProperty":null,"nameKey":"NiFi Flow-Initialize Feed Parameters-metadata.table.targetMergeStrategy","idKey":"d0436b85-015c-1000-b54d-c5134e9fe52b-73651c62-4541-1d3a-bf41-dd21523258b7-metadata.table.targetMergeStrategy","processorNameTypeKey":"Initialize Feed Parameters-org.apache.nifi.processors.attributes.UpdateAttribute-metadata.table.targetMergeStrategy"},{"processGroupName":"NiFi Flow","processorName":"Initialize Feed Parameters","processorId":"73651c62-4541-1d3a-bf41-dd21523258b7","processGroupId":"d0436b85-015c-1000-b54d-c5134e9fe52b","processorType":"org.apache.nifi.processors.attributes.UpdateAttribute","key":"metadata.table.targetTblProperties","value":"${metadata.table.targetTblProperties}","expressionProperties":null,"propertyDescriptor":{"name":"metadata.table.targetTblProperties","displayName":"metadata.table.targetTblProperties","description":"","defaultValue":null,"allowableValues":null,"required":false,"sensitive":false,"dynamic":true,"supportsEl":true,"identifiesControllerService":null},"templateValue":"${metadata.table.targetTblProperties}","userEditable":false,"renderType":"text","renderOptions":{},"selected":true,"inputProperty":false,"containsConfigurationVariables":false,"sensitive":false,"required":false,"templateProperty":null,"nameKey":"NiFi Flow-Initialize Feed Parameters-metadata.table.targetTblProperties","idKey":"d0436b85-015c-1000-b54d-c5134e9fe52b-73651c62-4541-1d3a-bf41-dd21523258b7-metadata.table.targetTblProperties","processorNameTypeKey":"Initialize Feed Parameters-org.apache.nifi.processors.attributes.UpdateAttribute-metadata.table.targetTblProperties"},{"processGroupName":"NiFi Flow","processorName":"Initialize Feed Parameters","processorId":"73651c62-4541-1d3a-bf41-dd21523258b7","processGroupId":"d0436b85-015c-1000-b54d-c5134e9fe52b","processorType":"org.apache.nifi.processors.attributes.UpdateAttribute","key":"skipHeader","value":"${metadata.options.skipHeader}","expressionProperties":null,"propertyDescriptor":{"name":"skipHeader","displayName":"skipHeader","description":"","defaultValue":null,"allowableValues":null,"required":false,"sensitive":false,"dynamic":true,"supportsEl":true,"identifiesControllerService":null},"templateValue":"${metadata.options.skipHeader}","userEditable":false,"renderType":"text","renderOptions":{},"selected":true,"inputProperty":false,"containsConfigurationVariables":false,"sensitive":false,"required":false,"templateProperty":null,"nameKey":"NiFi Flow-Initialize Feed Parameters-skipHeader","idKey":"d0436b85-015c-1000-b54d-c5134e9fe52b-73651c62-4541-1d3a-bf41-dd21523258b7-skipHeader","processorNameTypeKey":"Initialize Feed Parameters-org.apache.nifi.processors.attributes.UpdateAttribute-skipHeader"}],"type":"org.apache.nifi.processors.attributes.UpdateAttribute","name":"Initialize Feed Parameters","id":"73651c62-4541-1d3a-bf41-dd21523258b7","groupName":"NiFi Flow","groupId":"d0436b85-015c-1000-b54d-c5134e9fe52b","inputProcessor":false,"userDefinedInputProcessor":false}],"inputProcessors":[{"properties":[{"processGroupName":"NiFi Flow","processorName":"S3","processorId":"73651c62-453c-1d3a-4735-6d32738b74b1","processGroupId":"d0436b85-015c-1000-b54d-c5134e9fe52b","processorType":"org.apache.nifi.processors.aws.s3.ListS3","key":"Bucket","value":"input-bucket","expressionProperties":null,"propertyDescriptor":{"name":"Bucket","displayName":"Bucket","description":"","defaultValue":null,"allowableValues":null,"required":true,"sensitive":false,"dynamic":false,"supportsEl":true,"identifiesControllerService":null},"templateValue":"input-bucket","userEditable":true,"renderType":"text","renderOptions":{},"selected":true,"inputProperty":true,"containsConfigurationVariables":false,"sensitive":false,"required":true,"templateProperty":null,"nameKey":"NiFi Flow-S3-Bucket","idKey":"d0436b85-015c-1000-b54d-c5134e9fe52b-73651c62-453c-1d3a-4735-6d32738b74b1-Bucket","processorNameTypeKey":"S3-org.apache.nifi.processors.aws.s3.ListS3-Bucket"},{"processGroupName":"NiFi Flow","processorName":"S3","processorId":"73651c62-453c-1d3a-4735-6d32738b74b1","processGroupId":"d0436b85-015c-1000-b54d-c5134e9fe52b","processorType":"org.apache.nifi.processors.aws.s3.ListS3","key":"Region","value":"us-east-1","expressionProperties":null,"propertyDescriptor":{"name":"Region","displayName":"Region","description":"","defaultValue":"us-west-2","allowableValues":[{"displayName":"us-gov-west-1","value":"us-gov-west-1","description":"us-gov-west-1"},{"displayName":"us-east-1","value":"us-east-1","description":"us-east-1"},{"displayName":"us-west-1","value":"us-west-1","description":"us-west-1"},{"displayName":"us-west-2","value":"us-west-2","description":"us-west-2"},{"displayName":"eu-west-1","value":"eu-west-1","description":"eu-west-1"},{"displayName":"eu-central-1","value":"eu-central-1","description":"eu-central-1"},{"displayName":"ap-southeast-1","value":"ap-southeast-1","description":"ap-southeast-1"},{"displayName":"ap-southeast-2","value":"ap-southeast-2","description":"ap-southeast-2"},{"displayName":"ap-northeast-1","value":"ap-northeast-1","description":"ap-northeast-1"},{"displayName":"ap-northeast-2","value":"ap-northeast-2","description":"ap-northeast-2"},{"displayName":"sa-east-1","value":"sa-east-1","description":"sa-east-1"},{"displayName":"cn-north-1","value":"cn-north-1","description":"cn-north-1"}],"required":true,"sensitive":false,"dynamic":false,"supportsEl":false,"identifiesControllerService":null},"templateValue":"us-east-1","userEditable":true,"renderType":"select","renderOptions":{},"selected":true,"inputProperty":true,"containsConfigurationVariables":false,"sensitive":false,"required":true,"templateProperty":null,"nameKey":"NiFi Flow-S3-Region","idKey":"d0436b85-015c-1000-b54d-c5134e9fe52b-73651c62-453c-1d3a-4735-6d32738b74b1-Region","processorNameTypeKey":"S3-org.apache.nifi.processors.aws.s3.ListS3-Region"}],"type":"org.apache.nifi.processors.aws.s3.ListS3","name":"S3","id":"73651c62-453c-1d3a-4735-6d32738b74b1","groupName":"NiFi Flow","groupId":"d0436b85-015c-1000-b54d-c5134e9fe52b","inputProcessor":true,"userDefinedInputProcessor":false}],"id":"7bb43055-2425-48e1-8d5d-cee227401a80","nifiTemplateId":"6b257a1a-30d7-4751-ac42-84658b879dce","templateName":"S3 Standard Ingest","updateDate":1498142915876,"createDate":1497897595511,"icon":"amazon","iconColor":"#FFCA28","description":null,"state":"ENABLED","defineTable":true,"reusableTemplate":false,"reusableTemplateConnections":[{"feedOutputPortName":"to-standard-cleanup-s3","reusableTemplateInputPortName":"Standard-Ingest-S3-Update-Cleanup","inputPortDisplayName":"Standard-Ingest-S3-Update-Cleanup"},{"feedOutputPortName":"to-reuseable-ingest-s3","reusableTemplateInputPortName":"Standard-Ingest-S3-Update","inputPortDisplayName":"Standard-Ingest-S3-Update"}],"registeredDatasourceDefinitions":[{"processorType":"com.thinkbiganalytics.nifi.v2.ingest.MergeTable","processorName":"Merge Table","processorId":"454a1d3a-1c7c-1365-5c4e-96b4cb1cdfab","datasourceDefinition":{"processorType":"com.thinkbiganalytics.nifi.v2.ingest.MergeTable","connectionType":"DESTINATION","datasourcePropertyKeys":["Target schema","Target table"],"datasourceType":"HiveDatasource","identityString":"${Target schema}.${Target table}","description":null,"title":"${Target schema}.${Target table}"}},{"processorType":"org.apache.nifi.processors.standard.PutFile","processorName":"Failed Flow","processorId":"454a1d3a-1c78-1365-4f5b-28061248e175","datasourceDefinition":{"processorType":"org.apache.nifi.processors.standard.PutFile","connectionType":"DESTINATION","datasourcePropertyKeys":["Directory"],"datasourceType":"DirectoryDatasource","identityString":"${Directory}","description":null,"title":"${Directory}"}}],"order":1,"templateOrder":null,"feedsCount":2,"configurationProperties":[],"stream":false,"sensitiveProperties":[],"allowPreconditions":false,"dataTransformation":false,"isStream":false}