{"owner":{"displayName":"Data Lake Administrator","email":null,"enabled":true,"groups":["admin","user"],"systemName":"dladmin"},"allowedActions":{"actions":[{"systemName":"accessFeed","actions":[{"systemName":"editFeedSummary"},{"systemName":"accessFeedDetails","actions":[{"systemName":"editFeedDetails"},{"systemName":"deleteFeed"},{"systemName":"enableFeed"},{"systemName":"exportFeed"}]},{"systemName":"accessFeedOperations"},{"systemName":"changeFeedPermissions"}]}]},"id":"e2e53d79-1d07-4ee7-b1d1-c91ec7f85e7e","feedId":"e2e53d79-1d07-4ee7-b1d1-c91ec7f85e7e","templateId":"f975a935-c216-4a66-b4d3-6d971ba3a2a2","inputProcessorType":"org.apache.nifi.processors.standard.GenerateFlowFile","inputProcessorName":"Do feed reindexing check","templateName":"History Reindex Text Service","properties":[{"processGroupName":"NiFi Flow","processorName":"Wait for indexed feed data deletion","processorId":"1979c5b3-2e15-39a1-d721-6c4963adc316","processGroupId":"04113893-dbee-1ff5-a081-faae3a9552cd","processorType":"org.apache.nifi.processors.standard.Wait","key":"expiration-duration","value":"15 min","expressionProperties":null,"propertyDescriptor":{"name":"expiration-duration","displayName":"Expiration Duration","description":"Indicates the duration after which waiting FlowFiles will be routed to the 'expired' relationship","defaultValue":"10 min","allowableValues":null,"required":true,"sensitive":false,"dynamic":false,"supportsEl":false,"identifiesControllerService":null},"templateValue":null,"userEditable":true,"renderType":"text","renderOptions":{},"selected":false,"inputProperty":false,"containsConfigurationVariables":false,"sensitive":false,"required":true,"templateProperty":null,"nameKey":"NiFi Flow-Wait for indexed feed data deletion-expiration-duration","idKey":"04113893-dbee-1ff5-a081-faae3a9552cd-1979c5b3-2e15-39a1-d721-6c4963adc316-expiration-duration","processorNameTypeKey":"Wait for indexed feed data deletion-org.apache.nifi.processors.standard.Wait-expiration-duration"},{"processGroupName":"NiFi Flow","processorName":"Wait for all partitions","processorId":"9b8d1157-fa77-3382-3519-72c630e70c9c","processGroupId":"04113893-dbee-1ff5-a081-faae3a9552cd","processorType":"org.apache.nifi.processors.standard.Wait","key":"expiration-duration","value":"180 min","expressionProperties":null,"propertyDescriptor":{"name":"expiration-duration","displayName":"Expiration Duration","description":"Indicates the duration after which waiting FlowFiles will be routed to the 'expired' relationship","defaultValue":"10 min","allowableValues":null,"required":true,"sensitive":false,"dynamic":false,"supportsEl":false,"identifiesControllerService":null},"templateValue":null,"userEditable":true,"renderType":"text","renderOptions":{},"selected":false,"inputProperty":false,"containsConfigurationVariables":false,"sensitive":false,"required":true,"templateProperty":null,"nameKey":"NiFi Flow-Wait for all partitions-expiration-duration","idKey":"04113893-dbee-1ff5-a081-faae3a9552cd-9b8d1157-fa77-3382-3519-72c630e70c9c-expiration-duration","processorNameTypeKey":"Wait for all partitions-org.apache.nifi.processors.standard.Wait-expiration-duration"}],"schedule":{"processorId":null,"schedulingPeriod":"10 min","schedulingStrategy":"TIMER_DRIVEN","concurrentTasks":1,"executionNode":null,"preconditions":null},"feedName":"History Reindex Text Service","systemFeedName":"history_reindex_text_service","description":"Reindex historical data for a feed","tags":[{"name":"search"},{"name":"reindex"},{"name":"historical processing"},{"name":"history"}],"category":{"owner":null,"allowedActions":null,"roleMemberships":[],"feedRoleMemberships":[],"id":"e4c7eac9-ffb7-4327-8041-16332e0bda59","name":"System","systemName":"system","icon":"cloud","iconColor":"#FFCA28","description":"System Data","allowIndexing":null,"securityGroups":null,"userFields":null,"userProperties":null,"relatedFeeds":0,"createDate":1515800611855,"updateDate":1516762114267},"table":{"fieldStructure":"","existingTableName":null,"tableSchema":{"name":null,"description":null,"charset":null,"properties":{},"fields":[],"schemaName":null,"databaseName":null,"id":"dbb29d2c-196f-4c7c-b0c2-8f3427366404"},"sourceTableSchema":{"name":"NA","description":null,"charset":null,"properties":{},"fields":[],"schemaName":null,"databaseName":null,"id":"f4117bcb-388a-4ed7-a20c-e982d5a67b0b"},"feedTableSchema":{"name":null,"description":null,"charset":null,"properties":{},"fields":[],"schemaName":null,"databaseName":null,"id":"7865240b-761f-449a-921f-ed522c2b0710"},"method":"SAMPLE_FILE","description":"","fieldPolicies":[],"partitions":[],"tableType":null,"incrementalDateField":null,"sourceTableIncrementalDateField":null,"options":{"compress":false,"auditLogging":true,"encrypt":false,"trackHistory":false,"compressionFormat":null},"feedFormat":"ROW FORMAT SERDE 'org.apache.hadoop.hive.serde2.OpenCSVSerde' WITH SERDEPROPERTIES ( 'separatorChar' = ',' ,'escapeChar' = '\\\\' ,'quoteChar' = '\"') STORED AS TEXTFILE","targetFormat":null,"targetTblProperties":"","targetMergeStrategy":"DEDUPE_AND_MERGE","fieldPoliciesJson":"[]","fieldIndexString":"","partitionStructure":"","partitionSpecs":"","fieldsString":"","sourceFields":"NA","sourceFieldsCommaString":"NA","feedFieldStructure":"","nullableFields":"","primaryKeyFields":"","sourceTargetFieldMap":{},"targetSourceFieldMap":{}},"createDate":1516762114267,"updateDate":1516762114267,"dataTransformation":{"chartViewModel":null,"datasourceIds":null,"dataTransformScript":null,"sql":null,"states":[]},"active":true,"state":"ENABLED","nifiProcessGroupId":"04113898-dbee-1ff5-968a-e80324619faf","options":{"skipHeader":false},"registeredTemplate":{"owner":{"displayName":"Data Lake Administrator","email":null,"enabled":true,"groups":["admin","user"],"systemName":"dladmin"},"allowedActions":{"actions":[{"systemName":"accessTemplate","actions":[{"systemName":"editTemplate"},{"systemName":"deleteTemplate"},{"systemName":"exportTemplate"},{"systemName":"createFeedFromTemplate"},{"systemName":"changeTemplatePermissions"}]}]},"roleMemberships":[],"feedRoleMemberships":[],"properties":[{"processGroupName":"NiFi Flow","processorName":"Get configured search engine","processorId":"abaf5da5-e728-356a-2847-9d373b217b90","processGroupId":"04113893-dbee-1ff5-a081-faae3a9552cd","processorType":"org.apache.nifi.processors.attributes.UpdateAttribute","key":"searchengine","value":"${config.search.engine}","expressionProperties":null,"propertyDescriptor":{"name":"searchengine","displayName":"searchengine","description":"","defaultValue":null,"allowableValues":null,"required":false,"sensitive":false,"dynamic":true,"supportsEl":true,"identifiesControllerService":null},"templateValue":"${config.search.engine}","userEditable":false,"renderType":"text","renderOptions":{},"selected":true,"inputProperty":false,"containsConfigurationVariables":false,"sensitive":false,"required":false,"templateProperty":null,"nameKey":"NiFi Flow-Get configured search engine-searchengine","idKey":"04113893-dbee-1ff5-a081-faae3a9552cd-abaf5da5-e728-356a-2847-9d373b217b90-searchengine","processorNameTypeKey":"Get configured search engine-org.apache.nifi.processors.attributes.UpdateAttribute-searchengine"},{"processGroupName":"NiFi Flow","processorName":"Wait for all partitions","processorId":"9b8d1157-fa77-3382-3519-72c630e70c9c","processGroupId":"04113893-dbee-1ff5-a081-faae3a9552cd","processorType":"org.apache.nifi.processors.standard.Wait","key":"expiration-duration","value":"180 min","expressionProperties":null,"propertyDescriptor":{"name":"expiration-duration","displayName":"Expiration Duration","description":"Indicates the duration after which waiting FlowFiles will be routed to the 'expired' relationship","defaultValue":"10 min","allowableValues":null,"required":true,"sensitive":false,"dynamic":false,"supportsEl":false,"identifiesControllerService":null},"templateValue":"180 min","userEditable":true,"renderType":"text","renderOptions":{},"selected":true,"inputProperty":false,"containsConfigurationVariables":false,"sensitive":false,"required":true,"templateProperty":null,"nameKey":"NiFi Flow-Wait for all partitions-expiration-duration","idKey":"04113893-dbee-1ff5-a081-faae3a9552cd-9b8d1157-fa77-3382-3519-72c630e70c9c-expiration-duration","processorNameTypeKey":"Wait for all partitions-org.apache.nifi.processors.standard.Wait-expiration-duration"},{"processGroupName":"NiFi Flow","processorName":"Wait for indexed feed data deletion","processorId":"1979c5b3-2e15-39a1-d721-6c4963adc316","processGroupId":"04113893-dbee-1ff5-a081-faae3a9552cd","processorType":"org.apache.nifi.processors.standard.Wait","key":"expiration-duration","value":"15 min","expressionProperties":null,"propertyDescriptor":{"name":"expiration-duration","displayName":"Expiration Duration","description":"Indicates the duration after which waiting FlowFiles will be routed to the 'expired' relationship","defaultValue":"10 min","allowableValues":null,"required":true,"sensitive":false,"dynamic":false,"supportsEl":false,"identifiesControllerService":null},"templateValue":"15 min","userEditable":true,"renderType":"text","renderOptions":{},"selected":true,"inputProperty":false,"containsConfigurationVariables":false,"sensitive":false,"required":true,"templateProperty":null,"nameKey":"NiFi Flow-Wait for indexed feed data deletion-expiration-duration","idKey":"04113893-dbee-1ff5-a081-faae3a9552cd-1979c5b3-2e15-39a1-d721-6c4963adc316-expiration-duration","processorNameTypeKey":"Wait for indexed feed data deletion-org.apache.nifi.processors.standard.Wait-expiration-duration"},{"processGroupName":"NiFi Flow","processorName":"[ES] Set indexed feed data deletion parameters","processorId":"8fd4178b-ee09-3570-9489-7f0bfc4774bf","processGroupId":"04113893-dbee-1ff5-a081-faae3a9552cd","processorType":"org.apache.nifi.processors.attributes.UpdateAttribute","key":"es.remote.url","value":"${config.search.es.rest.url}/kylo-data/_delete_by_query","expressionProperties":null,"propertyDescriptor":{"name":"es.remote.url","displayName":"es.remote.url","description":"","defaultValue":null,"allowableValues":null,"required":false,"sensitive":false,"dynamic":true,"supportsEl":true,"identifiesControllerService":null},"templateValue":"${config.search.es.rest.url}/kylo-data/_delete_by_query","userEditable":false,"renderType":"text","renderOptions":{},"selected":true,"inputProperty":false,"containsConfigurationVariables":false,"sensitive":false,"required":false,"templateProperty":null,"nameKey":"NiFi Flow-[ES] Set indexed feed data deletion parameters-es.remote.url","idKey":"04113893-dbee-1ff5-a081-faae3a9552cd-8fd4178b-ee09-3570-9489-7f0bfc4774bf-es.remote.url","processorNameTypeKey":"[ES] Set indexed feed data deletion parameters-org.apache.nifi.processors.attributes.UpdateAttribute-es.remote.url"},{"processGroupName":"NiFi Flow","processorName":"[Solr] Set indexed feed data deletion parameters","processorId":"889ea34d-9ce0-3811-a7cb-da191ab733bc","processGroupId":"04113893-dbee-1ff5-a081-faae3a9552cd","processorType":"org.apache.nifi.processors.attributes.UpdateAttribute","key":"solr.remote.url","value":"${config.http.solr.url}/solr/kylo-data/update?stream.body=<delete><query>kylo_schema:${category}</query><query>kylo_table:${feed}</query><query>kylo_collection=kylo-data</query></delete>&commit=true","expressionProperties":null,"propertyDescriptor":{"name":"solr.remote.url","displayName":"solr.remote.url","description":"","defaultValue":null,"allowableValues":null,"required":false,"sensitive":false,"dynamic":true,"supportsEl":true,"identifiesControllerService":null},"templateValue":"${config.http.solr.url}/solr/kylo-data/update?stream.body=<delete><query>kylo_schema:${category}</query><query>kylo_table:${feed}</query><query>kylo_collection=kylo-data</query></delete>&commit=true","userEditable":false,"renderType":"text","renderOptions":{},"selected":true,"inputProperty":false,"containsConfigurationVariables":false,"sensitive":false,"required":false,"templateProperty":null,"nameKey":"NiFi Flow-[Solr] Set indexed feed data deletion parameters-solr.remote.url","idKey":"04113893-dbee-1ff5-a081-faae3a9552cd-889ea34d-9ce0-3811-a7cb-da191ab733bc-solr.remote.url","processorNameTypeKey":"[Solr] Set indexed feed data deletion parameters-org.apache.nifi.processors.attributes.UpdateAttribute-solr.remote.url"}],"nonInputProcessors":null,"inputProcessors":[{"properties":[],"type":"org.apache.nifi.processors.standard.GenerateFlowFile","name":"Do feed reindexing check","id":"22d0fcd5-d63b-36ba-0000-000000000000","groupName":null,"groupId":"bb247522-bdb9-35cc-0000-000000000000","inputProcessor":true,"userDefinedInputProcessor":false}],"id":"f975a935-c216-4a66-b4d3-6d971ba3a2a2","nifiTemplateId":"180c4de0-b235-42d4-a150-80198d6366bb","templateName":"History Reindex Text Service","updateDate":1516762114267,"createDate":1516762025734,"icon":"alarm","iconColor":"#FF8A65","description":"History Reindex Text Service","state":"ENABLED","defineTable":false,"reusableTemplate":false,"reusableTemplateConnections":[],"registeredDatasourceDefinitions":[],"order":2,"templateOrder":null,"feedsCount":1,"templateTableOption":"NO_TABLE","timeBetweenStartingBatchJobs":1000,"stream":false,"allowPreconditions":false,"dataTransformation":false,"isStream":false},"allowIndexing":"Y","historyReindexingStatus":"NEVER_RUN","new":false,"categoryName":"System","categoryAndFeedDisplayName":"System.History Reindex Text Service","categoryId":"e4c7eac9-ffb7-4327-8041-16332e0bda59","systemCategoryName":"system","categoryIcon":"cloud","categoryIconColor":"#FFCA28","reusableFeed":false}