<?xml version="1.0" encoding="UTF-8" standalone="yes"?>
<template encoding-version="1.2">
    <description></description>
    <groupId>b054958f-015b-1000-acd2-7f208363c6a7</groupId>
    <name>stream-hbase-ingest</name>
    <snippet>
        <connections>
            <id>9405cab8-4164-3627-0000-000000000000</id>
            <parentGroupId>82356e74-b73c-3570-0000-000000000000</parentGroupId>
            <backPressureDataSizeThreshold>1 GB</backPressureDataSizeThreshold>
            <backPressureObjectThreshold>10000</backPressureObjectThreshold>
            <destination>
                <groupId>82356e74-b73c-3570-0000-000000000000</groupId>
                <id>ea744b77-8b20-36c7-0000-000000000000</id>
                <type>PROCESSOR</type>
            </destination>
            <flowFileExpiration>0 sec</flowFileExpiration>
            <labelIndex>1</labelIndex>
            <name></name>
            <source>
                <groupId>82356e74-b73c-3570-0000-000000000000</groupId>
                <id>3df833ed-5565-3b18-0000-000000000000</id>
                <type>INPUT_PORT</type>
            </source>
            <zIndex>0</zIndex>
        </connections>
        <connections>
            <id>ac43e27d-e7b5-3b81-0000-000000000000</id>
            <parentGroupId>82356e74-b73c-3570-0000-000000000000</parentGroupId>
            <backPressureDataSizeThreshold>1 GB</backPressureDataSizeThreshold>
            <backPressureObjectThreshold>10000</backPressureObjectThreshold>
            <destination>
                <groupId>82356e74-b73c-3570-0000-000000000000</groupId>
                <id>e91da3fb-8361-32f0-0000-000000000000</id>
                <type>PROCESSOR</type>
            </destination>
            <flowFileExpiration>0 sec</flowFileExpiration>
            <labelIndex>1</labelIndex>
            <name></name>
            <selectedRelationships>Initialize</selectedRelationships>
            <source>
                <groupId>82356e74-b73c-3570-0000-000000000000</groupId>
                <id>e04e1664-27cd-3443-0000-000000000000</id>
                <type>PROCESSOR</type>
            </source>
            <zIndex>0</zIndex>
        </connections>
        <connections>
            <id>ae9e918f-5438-3e0c-0000-000000000000</id>
            <parentGroupId>82356e74-b73c-3570-0000-000000000000</parentGroupId>
            <backPressureDataSizeThreshold>1 GB</backPressureDataSizeThreshold>
            <backPressureObjectThreshold>10000</backPressureObjectThreshold>
            <destination>
                <groupId>82356e74-b73c-3570-0000-000000000000</groupId>
                <id>ffe08f35-5b87-30a9-0000-000000000000</id>
                <type>PROCESSOR</type>
            </destination>
            <flowFileExpiration>0 sec</flowFileExpiration>
            <labelIndex>1</labelIndex>
            <name></name>
            <selectedRelationships>unmatched</selectedRelationships>
            <source>
                <groupId>82356e74-b73c-3570-0000-000000000000</groupId>
                <id>85af07af-4932-36bd-0000-000000000000</id>
                <type>PROCESSOR</type>
            </source>
            <zIndex>0</zIndex>
        </connections>
        <connections>
            <id>c725eaa7-53a8-3866-0000-000000000000</id>
            <parentGroupId>82356e74-b73c-3570-0000-000000000000</parentGroupId>
            <backPressureDataSizeThreshold>1 GB</backPressureDataSizeThreshold>
            <backPressureObjectThreshold>10000</backPressureObjectThreshold>
            <destination>
                <groupId>82356e74-b73c-3570-0000-000000000000</groupId>
                <id>39c12ead-a4d4-3edd-0000-000000000000</id>
                <type>PROCESSOR</type>
            </destination>
            <flowFileExpiration>0 sec</flowFileExpiration>
            <labelIndex>1</labelIndex>
            <name></name>
            <selectedRelationships>success</selectedRelationships>
            <source>
                <groupId>82356e74-b73c-3570-0000-000000000000</groupId>
                <id>d52aaf0f-675f-3a57-0000-000000000000</id>
                <type>PROCESSOR</type>
            </source>
            <zIndex>0</zIndex>
        </connections>
        <connections>
            <id>f19bc276-13cc-30d9-0000-000000000000</id>
            <parentGroupId>82356e74-b73c-3570-0000-000000000000</parentGroupId>
            <backPressureDataSizeThreshold>1 GB</backPressureDataSizeThreshold>
            <backPressureObjectThreshold>10000</backPressureObjectThreshold>
            <destination>
                <groupId>82356e74-b73c-3570-0000-000000000000</groupId>
                <id>85af07af-4932-36bd-0000-000000000000</id>
                <type>PROCESSOR</type>
            </destination>
            <flowFileExpiration>0 sec</flowFileExpiration>
            <labelIndex>1</labelIndex>
            <name></name>
            <selectedRelationships>success</selectedRelationships>
            <source>
                <groupId>82356e74-b73c-3570-0000-000000000000</groupId>
                <id>e04e1664-27cd-3443-0000-000000000000</id>
                <type>PROCESSOR</type>
            </source>
            <zIndex>0</zIndex>
        </connections>
        <connections>
            <id>1f989052-147c-3cfa-0000-000000000000</id>
            <parentGroupId>82356e74-b73c-3570-0000-000000000000</parentGroupId>
            <backPressureDataSizeThreshold>1 GB</backPressureDataSizeThreshold>
            <backPressureObjectThreshold>10000</backPressureObjectThreshold>
            <destination>
                <groupId>82356e74-b73c-3570-0000-000000000000</groupId>
                <id>e04e1664-27cd-3443-0000-000000000000</id>
                <type>PROCESSOR</type>
            </destination>
            <flowFileExpiration>0 sec</flowFileExpiration>
            <labelIndex>1</labelIndex>
            <name></name>
            <selectedRelationships>success</selectedRelationships>
            <source>
                <groupId>82356e74-b73c-3570-0000-000000000000</groupId>
                <id>ea744b77-8b20-36c7-0000-000000000000</id>
                <type>PROCESSOR</type>
            </source>
            <zIndex>0</zIndex>
        </connections>
        <connections>
            <id>33482191-94be-32a2-0000-000000000000</id>
            <parentGroupId>82356e74-b73c-3570-0000-000000000000</parentGroupId>
            <backPressureDataSizeThreshold>1 GB</backPressureDataSizeThreshold>
            <backPressureObjectThreshold>10000</backPressureObjectThreshold>
            <destination>
                <groupId>82356e74-b73c-3570-0000-000000000000</groupId>
                <id>a898ef63-2a21-3a8e-0000-000000000000</id>
                <type>PROCESSOR</type>
            </destination>
            <flowFileExpiration>0 sec</flowFileExpiration>
            <labelIndex>1</labelIndex>
            <name></name>
            <selectedRelationships>failure</selectedRelationships>
            <source>
                <groupId>82356e74-b73c-3570-0000-000000000000</groupId>
                <id>d52aaf0f-675f-3a57-0000-000000000000</id>
                <type>PROCESSOR</type>
            </source>
            <zIndex>0</zIndex>
        </connections>
        <connections>
            <id>3fbf29ea-fb53-3740-0000-000000000000</id>
            <parentGroupId>82356e74-b73c-3570-0000-000000000000</parentGroupId>
            <backPressureDataSizeThreshold>1 GB</backPressureDataSizeThreshold>
            <backPressureObjectThreshold>10000</backPressureObjectThreshold>
            <bends>
                <x>1474.4229071499135</x>
                <y>683.8051951562672</y>
            </bends>
            <bends>
                <x>1391.1125685979691</x>
                <y>870.1383404070191</y>
            </bends>
            <destination>
                <groupId>82356e74-b73c-3570-0000-000000000000</groupId>
                <id>e04e1664-27cd-3443-0000-000000000000</id>
                <type>PROCESSOR</type>
            </destination>
            <flowFileExpiration>0 sec</flowFileExpiration>
            <labelIndex>1</labelIndex>
            <name></name>
            <selectedRelationships>failure</selectedRelationships>
            <source>
                <groupId>82356e74-b73c-3570-0000-000000000000</groupId>
                <id>e04e1664-27cd-3443-0000-000000000000</id>
                <type>PROCESSOR</type>
            </source>
            <zIndex>0</zIndex>
        </connections>
        <connections>
            <id>509ee9ee-fbd9-3cce-0000-000000000000</id>
            <parentGroupId>82356e74-b73c-3570-0000-000000000000</parentGroupId>
            <backPressureDataSizeThreshold>1 GB</backPressureDataSizeThreshold>
            <backPressureObjectThreshold>10000</backPressureObjectThreshold>
            <destination>
                <groupId>82356e74-b73c-3570-0000-000000000000</groupId>
                <id>d8d5f242-d601-3d88-0000-000000000000</id>
                <type>PROCESSOR</type>
            </destination>
            <flowFileExpiration>0 sec</flowFileExpiration>
            <labelIndex>1</labelIndex>
            <name></name>
            <selectedRelationships>json</selectedRelationships>
            <source>
                <groupId>82356e74-b73c-3570-0000-000000000000</groupId>
                <id>85af07af-4932-36bd-0000-000000000000</id>
                <type>PROCESSOR</type>
            </source>
            <zIndex>0</zIndex>
        </connections>
        <connections>
            <id>718b218a-3ebf-366e-0000-000000000000</id>
            <parentGroupId>82356e74-b73c-3570-0000-000000000000</parentGroupId>
            <backPressureDataSizeThreshold>1 GB</backPressureDataSizeThreshold>
            <backPressureObjectThreshold>10000</backPressureObjectThreshold>
            <destination>
                <groupId>82356e74-b73c-3570-0000-000000000000</groupId>
                <id>d52aaf0f-675f-3a57-0000-000000000000</id>
                <type>PROCESSOR</type>
            </destination>
            <flowFileExpiration>0 sec</flowFileExpiration>
            <labelIndex>1</labelIndex>
            <name></name>
            <selectedRelationships>success</selectedRelationships>
            <source>
                <groupId>82356e74-b73c-3570-0000-000000000000</groupId>
                <id>e91da3fb-8361-32f0-0000-000000000000</id>
                <type>PROCESSOR</type>
            </source>
            <zIndex>0</zIndex>
        </connections>
        <controllerServices>
            <id>14dc2b07-058a-31fb-0000-000000000000</id>
            <parentGroupId>82356e74-b73c-3570-0000-000000000000</parentGroupId>
            <bundle>
                <artifact>kylo-nifi-hadoop-service-v1.2-nar</artifact>
                <group>default</group>
                <version>unversioned</version>
            </bundle>
            <comments></comments>
            <descriptors>
                <entry>
                    <key>Hadoop Configuration Resources</key>
                    <value>
                        <name>Hadoop Configuration Resources</name>
                    </value>
                </entry>
                <entry>
                    <key>Validation Query Timeout</key>
                    <value>
                        <name>Validation Query Timeout</name>
                    </value>
                </entry>
                <entry>
                    <key>Kerberos Keytab</key>
                    <value>
                        <name>Kerberos Keytab</name>
                    </value>
                </entry>
                <entry>
                    <key>Database Connection URL</key>
                    <value>
                        <name>Database Connection URL</name>
                    </value>
                </entry>
                <entry>
                    <key>Max Wait Time</key>
                    <value>
                        <name>Max Wait Time</name>
                    </value>
                </entry>
                <entry>
                    <key>Database Driver Class Name</key>
                    <value>
                        <name>Database Driver Class Name</name>
                    </value>
                </entry>
                <entry>
                    <key>Database User</key>
                    <value>
                        <name>Database User</name>
                    </value>
                </entry>
                <entry>
                    <key>Database Driver Jar Url</key>
                    <value>
                        <name>Database Driver Jar Url</name>
                    </value>
                </entry>
                <entry>
                    <key>Kerberos Principal</key>
                    <value>
                        <name>Kerberos Principal</name>
                    </value>
                </entry>
                <entry>
                    <key>Max Total Connections</key>
                    <value>
                        <name>Max Total Connections</name>
                    </value>
                </entry>
                <entry>
                    <key>Password</key>
                    <value>
                        <name>Password</name>
                    </value>
                </entry>
                <entry>
                    <key>Validation Query</key>
                    <value>
                        <name>Validation Query</name>
                    </value>
                </entry>
            </descriptors>
            <name>Hive Thrift Service</name>
            <persistsState>false</persistsState>
            <properties>
                <entry>
                    <key>Hadoop Configuration Resources</key>
                </entry>
                <entry>
                    <key>Validation Query Timeout</key>
                    <value>10 s</value>
                </entry>
                <entry>
                    <key>Kerberos Keytab</key>
                </entry>
                <entry>
                    <key>Database Connection URL</key>
                    <value>jdbc:hive2://localhost:10000/default</value>
                </entry>
                <entry>
                    <key>Max Wait Time</key>
                    <value>500 millis</value>
                </entry>
                <entry>
                    <key>Database Driver Class Name</key>
                    <value>org.apache.hive.jdbc.HiveDriver</value>
                </entry>
                <entry>
                    <key>Database User</key>
                    <value>nifi</value>
                </entry>
                <entry>
                    <key>Database Driver Jar Url</key>
                </entry>
                <entry>
                    <key>Kerberos Principal</key>
                </entry>
                <entry>
                    <key>Max Total Connections</key>
                    <value>8</value>
                </entry>
                <entry>
                    <key>Password</key>
                </entry>
                <entry>
                    <key>Validation Query</key>
                    <value>show tables 'test'</value>
                </entry>
            </properties>
            <state>ENABLED</state>
            <type>com.thinkbiganalytics.nifi.v2.thrift.ThriftConnectionPool</type>
        </controllerServices>
        <controllerServices>
            <id>22688390-3a7b-3efe-0000-000000000000</id>
            <parentGroupId>82356e74-b73c-3570-0000-000000000000</parentGroupId>
            <bundle>
                <artifact>nifi-hbase_1_1_2-client-service-nar</artifact>
                <group>org.apache.nifi</group>
                <version>1.5.0</version>
            </bundle>
            <comments></comments>
            <descriptors>
                <entry>
                    <key>Kerberos Keytab</key>
                    <value>
                        <name>Kerberos Keytab</name>
                    </value>
                </entry>
                <entry>
                    <key>ZooKeeper Quorum</key>
                    <value>
                        <name>ZooKeeper Quorum</name>
                    </value>
                </entry>
                <entry>
                    <key>ZooKeeper Client Port</key>
                    <value>
                        <name>ZooKeeper Client Port</name>
                    </value>
                </entry>
                <entry>
                    <key>ZooKeeper ZNode Parent</key>
                    <value>
                        <name>ZooKeeper ZNode Parent</name>
                    </value>
                </entry>
                <entry>
                    <key>Kerberos Principal</key>
                    <value>
                        <name>Kerberos Principal</name>
                    </value>
                </entry>
                <entry>
                    <key>HBase Client Retries</key>
                    <value>
                        <name>HBase Client Retries</name>
                    </value>
                </entry>
                <entry>
                    <key>Hadoop Configuration Files</key>
                    <value>
                        <name>Hadoop Configuration Files</name>
                    </value>
                </entry>
                <entry>
                    <key>Phoenix Client JAR Location</key>
                    <value>
                        <name>Phoenix Client JAR Location</name>
                    </value>
                </entry>
            </descriptors>
            <name>HBase_1_1_2_ClientService</name>
            <persistsState>false</persistsState>
            <properties>
                <entry>
                    <key>Kerberos Keytab</key>
                </entry>
                <entry>
                    <key>ZooKeeper Quorum</key>
                </entry>
                <entry>
                    <key>ZooKeeper Client Port</key>
                </entry>
                <entry>
                    <key>ZooKeeper ZNode Parent</key>
                </entry>
                <entry>
                    <key>Kerberos Principal</key>
                </entry>
                <entry>
                    <key>HBase Client Retries</key>
                    <value>1</value>
                </entry>
                <entry>
                    <key>Hadoop Configuration Files</key>
                    <value>/etc/hadoop/conf/core-site.xml,/etc/hadoop/conf/hdfs-site.xml,/etc/hbase/conf/hbase-site.xml</value>
                </entry>
                <entry>
                    <key>Phoenix Client JAR Location</key>
                </entry>
            </properties>
            <state>ENABLED</state>
            <type>org.apache.nifi.hbase.HBase_1_1_2_ClientService</type>
        </controllerServices>
        <controllerServices>
            <id>2ba62670-0360-353c-0000-000000000000</id>
            <parentGroupId>82356e74-b73c-3570-0000-000000000000</parentGroupId>
            <bundle>
                <artifact>kylo-nifi-core-service-v1.2-nar</artifact>
                <group>default</group>
                <version>unversioned</version>
            </bundle>
            <comments></comments>
            <descriptors>
                <entry>
                    <key>client-password</key>
                    <value>
                        <name>client-password</name>
                    </value>
                </entry>
                <entry>
                    <key>SSL Context Service</key>
                    <value>
                        <identifiesControllerService>org.apache.nifi.ssl.SSLContextService</identifiesControllerService>
                        <name>SSL Context Service</name>
                    </value>
                </entry>
                <entry>
                    <key>client-username</key>
                    <value>
                        <name>client-username</name>
                    </value>
                </entry>
                <entry>
                    <key>Spring Context Service</key>
                    <value>
                        <identifiesControllerService>com.thinkbiganalytics.nifi.core.api.spring.SpringContextService</identifiesControllerService>
                        <name>Spring Context Service</name>
                    </value>
                </entry>
                <entry>
                    <key>Implementation</key>
                    <value>
                        <name>Implementation</name>
                    </value>
                </entry>
                <entry>
                    <key>rest-client-url</key>
                    <value>
                        <name>rest-client-url</name>
                    </value>
                </entry>
            </descriptors>
            <name>Kylo Metadata Service</name>
            <persistsState>false</persistsState>
            <properties>
                <entry>
                    <key>client-password</key>
                    <value></value>
                </entry>
                <entry>
                    <key>SSL Context Service</key>
                </entry>
                <entry>
                    <key>client-username</key>
                    <value>dladmin</value>
                </entry>
                <entry>
                    <key>Spring Context Service</key>
                </entry>
                <entry>
                    <key>Implementation</key>
                    <value>REMOTE</value>
                </entry>
                <entry>
                    <key>rest-client-url</key>
                    <value>http://localhost:8400/proxy/v1/metadata</value>
                </entry>
            </properties>
            <state>ENABLED</state>
            <type>com.thinkbiganalytics.nifi.v2.core.metadata.MetadataProviderSelectorService</type>
        </controllerServices>
        <inputPorts>
            <id>3df833ed-5565-3b18-0000-000000000000</id>
            <parentGroupId>82356e74-b73c-3570-0000-000000000000</parentGroupId>
            <position>
                <x>0.0</x>
                <y>667.1416713112146</y>
            </position>
            <comments></comments>
            <concurrentlySchedulableTaskCount>1</concurrentlySchedulableTaskCount>
            <name>stream-hbase</name>
            <state>STOPPED</state>
            <transmitting>false</transmitting>
            <type>INPUT_PORT</type>
        </inputPorts>
        <processors>
            <id>85af07af-4932-36bd-0000-000000000000</id>
            <parentGroupId>82356e74-b73c-3570-0000-000000000000</parentGroupId>
            <position>
                <x>1485.4944565614855</x>
                <y>650.1397624664603</y>
            </position>
            <bundle>
                <artifact>nifi-standard-nar</artifact>
                <group>org.apache.nifi</group>
                <version>1.5.0</version>
            </bundle>
            <config>
                <bulletinLevel>WARN</bulletinLevel>
                <comments></comments>
                <concurrentlySchedulableTaskCount>1</concurrentlySchedulableTaskCount>
                <descriptors>
                    <entry>
                        <key>Routing Strategy</key>
                        <value>
                            <name>Routing Strategy</name>
                        </value>
                    </entry>
                    <entry>
                        <key>json</key>
                        <value>
                            <name>json</name>
                        </value>
                    </entry>
                </descriptors>
                <executionNode>ALL</executionNode>
                <lossTolerant>false</lossTolerant>
                <penaltyDuration>30 sec</penaltyDuration>
                <properties>
                    <entry>
                        <key>Routing Strategy</key>
                        <value>Route to Property name</value>
                    </entry>
                    <entry>
                        <key>json</key>
                        <value>${'Is JSON?':equals( 'true' )}</value>
                    </entry>
                </properties>
                <runDurationMillis>0</runDurationMillis>
                <schedulingPeriod>0 sec</schedulingPeriod>
                <schedulingStrategy>TIMER_DRIVEN</schedulingStrategy>
                <yieldDuration>1 sec</yieldDuration>
            </config>
            <name>JSON?</name>
            <relationships>
                <autoTerminate>false</autoTerminate>
                <name>json</name>
            </relationships>
            <relationships>
                <autoTerminate>false</autoTerminate>
                <name>unmatched</name>
            </relationships>
            <state>STOPPED</state>
            <style/>
            <type>org.apache.nifi.processors.standard.RouteOnAttribute</type>
        </processors>
        <processors>
            <id>a898ef63-2a21-3a8e-0000-000000000000</id>
            <parentGroupId>82356e74-b73c-3570-0000-000000000000</parentGroupId>
            <position>
                <x>1571.2629557831583</x>
                <y>214.63244230460964</y>
            </position>
            <bundle>
                <artifact>kylo-nifi-core-v1.2-nar</artifact>
                <group>default</group>
                <version>unversioned</version>
            </bundle>
            <config>
                <bulletinLevel>WARN</bulletinLevel>
                <comments></comments>
                <concurrentlySchedulableTaskCount>1</concurrentlySchedulableTaskCount>
                <descriptors>
                    <entry>
                        <key>System feed category</key>
                        <value>
                            <name>System feed category</name>
                        </value>
                    </entry>
                    <entry>
                        <key>Initialization Result</key>
                        <value>
                            <name>Initialization Result</name>
                        </value>
                    </entry>
                    <entry>
                        <key>System feed name</key>
                        <value>
                            <name>System feed name</name>
                        </value>
                    </entry>
                    <entry>
                        <key>Metadata Service</key>
                        <value>
                            <identifiesControllerService>com.thinkbiganalytics.nifi.core.api.metadata.MetadataProviderService</identifiesControllerService>
                            <name>Metadata Service</name>
                        </value>
                    </entry>
                </descriptors>
                <executionNode>ALL</executionNode>
                <lossTolerant>false</lossTolerant>
                <penaltyDuration>30 sec</penaltyDuration>
                <properties>
                    <entry>
                        <key>System feed category</key>
                        <value>${category}</value>
                    </entry>
                    <entry>
                        <key>Initialization Result</key>
                        <value>FAILURE</value>
                    </entry>
                    <entry>
                        <key>System feed name</key>
                        <value>${feed}</value>
                    </entry>
                    <entry>
                        <key>Metadata Service</key>
                        <value>2ba62670-0360-353c-0000-000000000000</value>
                    </entry>
                </properties>
                <runDurationMillis>0</runDurationMillis>
                <schedulingPeriod>0 sec</schedulingPeriod>
                <schedulingStrategy>TIMER_DRIVEN</schedulingStrategy>
                <yieldDuration>1 sec</yieldDuration>
            </config>
            <name>Registration Failed</name>
            <relationships>
                <autoTerminate>true</autoTerminate>
                <name>failure</name>
            </relationships>
            <relationships>
                <autoTerminate>true</autoTerminate>
                <name>success</name>
            </relationships>
            <state>STOPPED</state>
            <style/>
            <type>com.thinkbiganalytics.nifi.v2.init.CompleteInitializeFeed</type>
        </processors>
        <processors>
            <id>d52aaf0f-675f-3a57-0000-000000000000</id>
            <parentGroupId>82356e74-b73c-3570-0000-000000000000</parentGroupId>
            <position>
                <x>1008.8776299728884</x>
                <y>209.43753230699053</y>
            </position>
            <bundle>
                <artifact>kylo-nifi-core-v1.2-nar</artifact>
                <group>default</group>
                <version>unversioned</version>
            </bundle>
            <config>
                <bulletinLevel>WARN</bulletinLevel>
                <comments></comments>
                <concurrentlySchedulableTaskCount>1</concurrentlySchedulableTaskCount>
                <descriptors>
                    <entry>
                        <key>Statement</key>
                        <value>
                            <name>Statement</name>
                        </value>
                    </entry>
                    <entry>
                        <key>Database Connection Pooling Service</key>
                        <value>
                            <identifiesControllerService>com.thinkbiganalytics.nifi.v2.thrift.ThriftService</identifiesControllerService>
                            <name>Database Connection Pooling Service</name>
                        </value>
                    </entry>
                </descriptors>
                <executionNode>ALL</executionNode>
                <lossTolerant>false</lossTolerant>
                <penaltyDuration>30 sec</penaltyDuration>
                <properties>
                    <entry>
                        <key>Statement</key>
                        <value>${hive.hbase.schema}</value>
                    </entry>
                    <entry>
                        <key>Database Connection Pooling Service</key>
                        <value>14dc2b07-058a-31fb-0000-000000000000</value>
                    </entry>
                </properties>
                <runDurationMillis>0</runDurationMillis>
                <schedulingPeriod>0 sec</schedulingPeriod>
                <schedulingStrategy>TIMER_DRIVEN</schedulingStrategy>
                <yieldDuration>1 sec</yieldDuration>
            </config>
            <name>Create Hive-HBase table</name>
            <relationships>
                <autoTerminate>false</autoTerminate>
                <name>failure</name>
            </relationships>
            <relationships>
                <autoTerminate>false</autoTerminate>
                <name>success</name>
            </relationships>
            <state>STOPPED</state>
            <style/>
            <type>com.thinkbiganalytics.nifi.v2.thrift.ExecuteHQLStatement</type>
        </processors>
        <processors>
            <id>d8d5f242-d601-3d88-0000-000000000000</id>
            <parentGroupId>82356e74-b73c-3570-0000-000000000000</parentGroupId>
            <position>
                <x>2029.8577091796137</x>
                <y>530.620568005015</y>
            </position>
            <bundle>
                <artifact>nifi-hbase-nar</artifact>
                <group>org.apache.nifi</group>
                <version>1.5.0</version>
            </bundle>
            <config>
                <bulletinLevel>WARN</bulletinLevel>
                <comments></comments>
                <concurrentlySchedulableTaskCount>1</concurrentlySchedulableTaskCount>
                <descriptors>
                    <entry>
                        <key>Row Identifier</key>
                        <value>
                            <name>Row Identifier</name>
                        </value>
                    </entry>
                    <entry>
                        <key>Table Name</key>
                        <value>
                            <name>Table Name</name>
                        </value>
                    </entry>
                    <entry>
                        <key>Row Identifier Encoding Strategy</key>
                        <value>
                            <name>Row Identifier Encoding Strategy</name>
                        </value>
                    </entry>
                    <entry>
                        <key>Row Identifier Field Name</key>
                        <value>
                            <name>Row Identifier Field Name</name>
                        </value>
                    </entry>
                    <entry>
                        <key>Complex Field Strategy</key>
                        <value>
                            <name>Complex Field Strategy</name>
                        </value>
                    </entry>
                    <entry>
                        <key>Batch Size</key>
                        <value>
                            <name>Batch Size</name>
                        </value>
                    </entry>
                    <entry>
                        <key>Column Family</key>
                        <value>
                            <name>Column Family</name>
                        </value>
                    </entry>
                    <entry>
                        <key>Field Encoding Strategy</key>
                        <value>
                            <name>Field Encoding Strategy</name>
                        </value>
                    </entry>
                    <entry>
                        <key>HBase Client Service</key>
                        <value>
                            <identifiesControllerService>org.apache.nifi.hbase.HBaseClientService</identifiesControllerService>
                            <name>HBase Client Service</name>
                        </value>
                    </entry>
                    <entry>
                        <key>timestamp</key>
                        <value>
                            <name>timestamp</name>
                        </value>
                    </entry>
                </descriptors>
                <executionNode>ALL</executionNode>
                <lossTolerant>false</lossTolerant>
                <penaltyDuration>30 sec</penaltyDuration>
                <properties>
                    <entry>
                        <key>Row Identifier</key>
                        <value>${flow.counter}</value>
                    </entry>
                    <entry>
                        <key>Table Name</key>
                        <value>${category}.${feed}</value>
                    </entry>
                    <entry>
                        <key>Row Identifier Encoding Strategy</key>
                        <value>String</value>
                    </entry>
                    <entry>
                        <key>Row Identifier Field Name</key>
                    </entry>
                    <entry>
                        <key>Complex Field Strategy</key>
                        <value>Text</value>
                    </entry>
                    <entry>
                        <key>Batch Size</key>
                        <value>25</value>
                    </entry>
                    <entry>
                        <key>Column Family</key>
                        <value>cf1</value>
                    </entry>
                    <entry>
                        <key>Field Encoding Strategy</key>
                        <value>String</value>
                    </entry>
                    <entry>
                        <key>HBase Client Service</key>
                        <value>22688390-3a7b-3efe-0000-000000000000</value>
                    </entry>
                    <entry>
                        <key>timestamp</key>
                    </entry>
                </properties>
                <runDurationMillis>0</runDurationMillis>
                <schedulingPeriod>0 sec</schedulingPeriod>
                <schedulingStrategy>TIMER_DRIVEN</schedulingStrategy>
                <yieldDuration>1 sec</yieldDuration>
            </config>
            <name>Put HBase JSON</name>
            <relationships>
                <autoTerminate>true</autoTerminate>
                <name>failure</name>
            </relationships>
            <relationships>
                <autoTerminate>true</autoTerminate>
                <name>success</name>
            </relationships>
            <state>STOPPED</state>
            <style/>
            <type>org.apache.nifi.hbase.PutHBaseJSON</type>
        </processors>
        <processors>
            <id>e04e1664-27cd-3443-0000-000000000000</id>
            <parentGroupId>82356e74-b73c-3570-0000-000000000000</parentGroupId>
            <position>
                <x>1019.4229071499135</x>
                <y>643.8051951562663</y>
            </position>
            <bundle>
                <artifact>kylo-nifi-core-v1.2-nar</artifact>
                <group>default</group>
                <version>unversioned</version>
            </bundle>
            <config>
                <bulletinLevel>WARN</bulletinLevel>
                <comments></comments>
                <concurrentlySchedulableTaskCount>1</concurrentlySchedulableTaskCount>
                <descriptors>
                    <entry>
                        <key>System feed category</key>
                        <value>
                            <name>System feed category</name>
                        </value>
                    </entry>
                    <entry>
                        <key>Initialization Retry Delay (seconds)</key>
                        <value>
                            <name>Initialization Retry Delay (seconds)</name>
                        </value>
                    </entry>
                    <entry>
                        <key>Clone initialization flowfile</key>
                        <value>
                            <name>Clone initialization flowfile</name>
                        </value>
                    </entry>
                    <entry>
                        <key>Max Initialization Attempts</key>
                        <value>
                            <name>Max Initialization Attempts</name>
                        </value>
                    </entry>
                    <entry>
                        <key>Initialization Failure Strategy</key>
                        <value>
                            <name>Initialization Failure Strategy</name>
                        </value>
                    </entry>
                    <entry>
                        <key>System feed name</key>
                        <value>
                            <name>System feed name</name>
                        </value>
                    </entry>
                    <entry>
                        <key>Metadata Service</key>
                        <value>
                            <identifiesControllerService>com.thinkbiganalytics.nifi.core.api.metadata.MetadataProviderService</identifiesControllerService>
                            <name>Metadata Service</name>
                        </value>
                    </entry>
                    <entry>
                        <key>Use re-initialization flow</key>
                        <value>
                            <name>Use re-initialization flow</name>
                        </value>
                    </entry>
                </descriptors>
                <executionNode>ALL</executionNode>
                <lossTolerant>false</lossTolerant>
                <penaltyDuration>30 sec</penaltyDuration>
                <properties>
                    <entry>
                        <key>System feed category</key>
                        <value>${category}</value>
                    </entry>
                    <entry>
                        <key>Initialization Retry Delay (seconds)</key>
                        <value>60</value>
                    </entry>
                    <entry>
                        <key>Clone initialization flowfile</key>
                        <value>true</value>
                    </entry>
                    <entry>
                        <key>Max Initialization Attempts</key>
                        <value>5</value>
                    </entry>
                    <entry>
                        <key>Initialization Failure Strategy</key>
                        <value>RETRY</value>
                    </entry>
                    <entry>
                        <key>System feed name</key>
                        <value>${feed}</value>
                    </entry>
                    <entry>
                        <key>Metadata Service</key>
                        <value>2ba62670-0360-353c-0000-000000000000</value>
                    </entry>
                    <entry>
                        <key>Use re-initialization flow</key>
                        <value>false</value>
                    </entry>
                </properties>
                <runDurationMillis>0</runDurationMillis>
                <schedulingPeriod>0 sec</schedulingPeriod>
                <schedulingStrategy>TIMER_DRIVEN</schedulingStrategy>
                <yieldDuration>1 sec</yieldDuration>
            </config>
            <name>InitializeFeed</name>
            <relationships>
                <autoTerminate>false</autoTerminate>
                <name>failure</name>
            </relationships>
            <relationships>
                <autoTerminate>false</autoTerminate>
                <name>Initialize</name>
            </relationships>
            <relationships>
                <autoTerminate>true</autoTerminate>
                <name>Re-Initialize</name>
            </relationships>
            <relationships>
                <autoTerminate>false</autoTerminate>
                <name>success</name>
            </relationships>
            <state>STOPPED</state>
            <style/>
            <type>com.thinkbiganalytics.nifi.v2.init.InitializeFeed</type>
        </processors>
        <processors>
            <id>e91da3fb-8361-32f0-0000-000000000000</id>
            <parentGroupId>82356e74-b73c-3570-0000-000000000000</parentGroupId>
            <position>
                <x>1016.2560959298476</x>
                <y>428.09283417565143</y>
            </position>
            <bundle>
                <artifact>nifi-groovyx-nar</artifact>
                <group>org.apache.nifi</group>
                <version>1.5.0</version>
            </bundle>
            <config>
                <bulletinLevel>WARN</bulletinLevel>
                <comments></comments>
                <concurrentlySchedulableTaskCount>1</concurrentlySchedulableTaskCount>
                <descriptors>
                    <entry>
                        <key>groovyx-script-body</key>
                        <value>
                            <name>groovyx-script-body</name>
                        </value>
                    </entry>
                    <entry>
                        <key>groovyx-failure-strategy</key>
                        <value>
                            <name>groovyx-failure-strategy</name>
                        </value>
                    </entry>
                    <entry>
                        <key>groovyx-additional-classpath</key>
                        <value>
                            <name>groovyx-additional-classpath</name>
                        </value>
                    </entry>
                    <entry>
                        <key>groovyx-script-file</key>
                        <value>
                            <name>groovyx-script-file</name>
                        </value>
                    </entry>
                </descriptors>
                <executionNode>ALL</executionNode>
                <lossTolerant>false</lossTolerant>
                <penaltyDuration>30 sec</penaltyDuration>
                <properties>
                    <entry>
                        <key>groovyx-script-body</key>
                        <value>

   import groovy.json.JsonSlurper

   flowFile = session.get()
   if(!flowFile)return

   def engine = new groovy.text.SimpleTemplateEngine()
   def text = flowFile.read().getText("UTF-8")
   def binding = []
   def templateScript = ''
   if (flowFile.getAttribute('Is JSON?') == 'true') {

      def jsonSlurper = new JsonSlurper()
      def result = jsonSlurper.parseText(text) 

      def fields = result.keySet().collect {"`"+it+"` string"}.join(',')
      def mappings = result.keySet().collect {"cf1:"+it}.join(',')

      templateScript = 'CREATE TABLE IF NOT EXISTS $category.$feed (key int, $fields) STORED BY \'org.apache.hadoop.hive.hbase.HBaseStorageHandler\' WITH SERDEPROPERTIES ("hbase.columns.mapping" = ":key,$mappings") TBLPROPERTIES("hbase.table.name" = "$category.$feed", "hbase.mapred.output.outputtable" = "$category.$feed");'
      binding = ["category":flowFile.getAttribute('category'),"feed":flowFile.getAttribute('feed'),"mappings":mappings,"fields":fields];

   } else {
      templateScript = 'CREATE TABLE IF NOT EXISTS $category.$feed (key int, value string) STORED BY \'org.apache.hadoop.hive.hbase.HBaseStorageHandler\' WITH SERDEPROPERTIES ("hbase.columns.mapping" = ":key,cf1:val") TBLPROPERTIES("hbase.table.name" = "$category.$feed", "hbase.mapred.output.outputtable" = "$category.$feed");'
      binding = ["category":flowFile.getAttribute('category'),"feed":flowFile.getAttribute('feed')];
   }

   def template = engine.createTemplate(templateScript).make(binding)
   flowFile.putAttribute('hive.hbase.schema', template.toString())

   flowFile.transfer(REL_SUCCESS) </value>
                    </entry>
                    <entry>
                        <key>groovyx-failure-strategy</key>
                        <value>rollback</value>
                    </entry>
                    <entry>
                        <key>groovyx-additional-classpath</key>
                    </entry>
                    <entry>
                        <key>groovyx-script-file</key>
                    </entry>
                </properties>
                <runDurationMillis>0</runDurationMillis>
                <schedulingPeriod>0 sec</schedulingPeriod>
                <schedulingStrategy>TIMER_DRIVEN</schedulingStrategy>
                <yieldDuration>1 sec</yieldDuration>
            </config>
            <name>Create Table DDL</name>
            <relationships>
                <autoTerminate>true</autoTerminate>
                <name>failure</name>
            </relationships>
            <relationships>
                <autoTerminate>false</autoTerminate>
                <name>success</name>
            </relationships>
            <state>STOPPED</state>
            <style/>
            <type>org.apache.nifi.processors.groovyx.ExecuteGroovyScript</type>
        </processors>
        <processors>
            <id>ea744b77-8b20-36c7-0000-000000000000</id>
            <parentGroupId>82356e74-b73c-3570-0000-000000000000</parentGroupId>
            <position>
                <x>454.19617483648244</x>
                <y>647.5737921445441</y>
            </position>
            <bundle>
                <artifact>nifi-update-attribute-nar</artifact>
                <group>org.apache.nifi</group>
                <version>1.5.0</version>
            </bundle>
            <config>
                <bulletinLevel>WARN</bulletinLevel>
                <comments></comments>
                <concurrentlySchedulableTaskCount>1</concurrentlySchedulableTaskCount>
                <descriptors>
                    <entry>
                        <key>Delete Attributes Expression</key>
                        <value>
                            <name>Delete Attributes Expression</name>
                        </value>
                    </entry>
                    <entry>
                        <key>flow.counter</key>
                        <value>
                            <name>flow.counter</name>
                        </value>
                    </entry>
                    <entry>
                        <key>Store State</key>
                        <value>
                            <name>Store State</name>
                        </value>
                    </entry>
                    <entry>
                        <key>Stateful Variables Initial Value</key>
                        <value>
                            <name>Stateful Variables Initial Value</name>
                        </value>
                    </entry>
                </descriptors>
                <executionNode>ALL</executionNode>
                <lossTolerant>false</lossTolerant>
                <penaltyDuration>30 sec</penaltyDuration>
                <properties>
                    <entry>
                        <key>Delete Attributes Expression</key>
                    </entry>
                    <entry>
                        <key>flow.counter</key>
                        <value>${getStateValue("flow.counter"):plus(1)}</value>
                    </entry>
                    <entry>
                        <key>Store State</key>
                        <value>Store state locally</value>
                    </entry>
                    <entry>
                        <key>Stateful Variables Initial Value</key>
                        <value>-1</value>
                    </entry>
                </properties>
                <runDurationMillis>2000</runDurationMillis>
                <schedulingPeriod>0 sec</schedulingPeriod>
                <schedulingStrategy>TIMER_DRIVEN</schedulingStrategy>
                <yieldDuration>1 sec</yieldDuration>
            </config>
            <name>Increment Flow Counter</name>
            <relationships>
                <autoTerminate>true</autoTerminate>
                <name>set state fail</name>
            </relationships>
            <relationships>
                <autoTerminate>false</autoTerminate>
                <name>success</name>
            </relationships>
            <state>STOPPED</state>
            <style/>
            <type>org.apache.nifi.processors.attributes.UpdateAttribute</type>
        </processors>
        <processors>
            <id>ffe08f35-5b87-30a9-0000-000000000000</id>
            <parentGroupId>82356e74-b73c-3570-0000-000000000000</parentGroupId>
            <position>
                <x>2029.255356722953</x>
                <y>776.2384034855102</y>
            </position>
            <bundle>
                <artifact>nifi-hbase-nar</artifact>
                <group>org.apache.nifi</group>
                <version>1.5.0</version>
            </bundle>
            <config>
                <bulletinLevel>WARN</bulletinLevel>
                <comments></comments>
                <concurrentlySchedulableTaskCount>1</concurrentlySchedulableTaskCount>
                <descriptors>
                    <entry>
                        <key>Row Identifier</key>
                        <value>
                            <name>Row Identifier</name>
                        </value>
                    </entry>
                    <entry>
                        <key>Table Name</key>
                        <value>
                            <name>Table Name</name>
                        </value>
                    </entry>
                    <entry>
                        <key>Row Identifier Encoding Strategy</key>
                        <value>
                            <name>Row Identifier Encoding Strategy</name>
                        </value>
                    </entry>
                    <entry>
                        <key>Batch Size</key>
                        <value>
                            <name>Batch Size</name>
                        </value>
                    </entry>
                    <entry>
                        <key>Column Family</key>
                        <value>
                            <name>Column Family</name>
                        </value>
                    </entry>
                    <entry>
                        <key>Column Qualifier</key>
                        <value>
                            <name>Column Qualifier</name>
                        </value>
                    </entry>
                    <entry>
                        <key>HBase Client Service</key>
                        <value>
                            <identifiesControllerService>org.apache.nifi.hbase.HBaseClientService</identifiesControllerService>
                            <name>HBase Client Service</name>
                        </value>
                    </entry>
                    <entry>
                        <key>timestamp</key>
                        <value>
                            <name>timestamp</name>
                        </value>
                    </entry>
                </descriptors>
                <executionNode>ALL</executionNode>
                <lossTolerant>false</lossTolerant>
                <penaltyDuration>30 sec</penaltyDuration>
                <properties>
                    <entry>
                        <key>Row Identifier</key>
                        <value>${flow.counter}</value>
                    </entry>
                    <entry>
                        <key>Table Name</key>
                        <value>${category}.${feed}</value>
                    </entry>
                    <entry>
                        <key>Row Identifier Encoding Strategy</key>
                        <value>String</value>
                    </entry>
                    <entry>
                        <key>Batch Size</key>
                        <value>25</value>
                    </entry>
                    <entry>
                        <key>Column Family</key>
                        <value>cf1</value>
                    </entry>
                    <entry>
                        <key>Column Qualifier</key>
                        <value>val</value>
                    </entry>
                    <entry>
                        <key>HBase Client Service</key>
                        <value>22688390-3a7b-3efe-0000-000000000000</value>
                    </entry>
                    <entry>
                        <key>timestamp</key>
                    </entry>
                </properties>
                <runDurationMillis>0</runDurationMillis>
                <schedulingPeriod>0 sec</schedulingPeriod>
                <schedulingStrategy>TIMER_DRIVEN</schedulingStrategy>
                <yieldDuration>1 sec</yieldDuration>
            </config>
            <name>Put HBase Cell</name>
            <relationships>
                <autoTerminate>true</autoTerminate>
                <name>failure</name>
            </relationships>
            <relationships>
                <autoTerminate>true</autoTerminate>
                <name>success</name>
            </relationships>
            <state>STOPPED</state>
            <style/>
            <type>org.apache.nifi.hbase.PutHBaseCell</type>
        </processors>
        <processors>
            <id>39c12ead-a4d4-3edd-0000-000000000000</id>
            <parentGroupId>82356e74-b73c-3570-0000-000000000000</parentGroupId>
            <position>
                <x>1008.2361816596908</x>
                <y>0.0</y>
            </position>
            <bundle>
                <artifact>kylo-nifi-core-v1.2-nar</artifact>
                <group>default</group>
                <version>unversioned</version>
            </bundle>
            <config>
                <bulletinLevel>WARN</bulletinLevel>
                <comments></comments>
                <concurrentlySchedulableTaskCount>1</concurrentlySchedulableTaskCount>
                <descriptors>
                    <entry>
                        <key>System feed category</key>
                        <value>
                            <name>System feed category</name>
                        </value>
                    </entry>
                    <entry>
                        <key>Initialization Result</key>
                        <value>
                            <name>Initialization Result</name>
                        </value>
                    </entry>
                    <entry>
                        <key>System feed name</key>
                        <value>
                            <name>System feed name</name>
                        </value>
                    </entry>
                    <entry>
                        <key>Metadata Service</key>
                        <value>
                            <identifiesControllerService>com.thinkbiganalytics.nifi.core.api.metadata.MetadataProviderService</identifiesControllerService>
                            <name>Metadata Service</name>
                        </value>
                    </entry>
                </descriptors>
                <executionNode>ALL</executionNode>
                <lossTolerant>false</lossTolerant>
                <penaltyDuration>30 sec</penaltyDuration>
                <properties>
                    <entry>
                        <key>System feed category</key>
                        <value>${category}</value>
                    </entry>
                    <entry>
                        <key>Initialization Result</key>
                        <value>SUCCESSFUL</value>
                    </entry>
                    <entry>
                        <key>System feed name</key>
                        <value>${feed}</value>
                    </entry>
                    <entry>
                        <key>Metadata Service</key>
                        <value>2ba62670-0360-353c-0000-000000000000</value>
                    </entry>
                </properties>
                <runDurationMillis>0</runDurationMillis>
                <schedulingPeriod>0 sec</schedulingPeriod>
                <schedulingStrategy>TIMER_DRIVEN</schedulingStrategy>
                <yieldDuration>1 sec</yieldDuration>
            </config>
            <name>Registration Complete</name>
            <relationships>
                <autoTerminate>true</autoTerminate>
                <name>failure</name>
            </relationships>
            <relationships>
                <autoTerminate>true</autoTerminate>
                <name>success</name>
            </relationships>
            <state>STOPPED</state>
            <style/>
            <type>com.thinkbiganalytics.nifi.v2.init.CompleteInitializeFeed</type>
        </processors>
    </snippet>
    <timestamp>03/28/2018 01:24:21 UTC</timestamp>
</template>
