<?xml version="1.0" ?>
<template encoding-version="1.1">
  <description></description>
  <groupId>b054958f-015b-1000-acd2-7f208363c6a7</groupId>
  <name>Kafka Notifier Service</name>
  <snippet>
    <connections>
      <id>f6f3a2cf-e87f-3615-0000-000000000000</id>
      <parentGroupId>82356e74-b73c-3570-0000-000000000000</parentGroupId>
      <backPressureDataSizeThreshold>1 GB</backPressureDataSizeThreshold>
      <backPressureObjectThreshold>10000</backPressureObjectThreshold>
      <destination>
        <groupId>82356e74-b73c-3570-0000-000000000000</groupId>
        <id>14b9223a-23d4-32a9-0000-000000000000</id>
        <type>PROCESSOR</type>
      </destination>
      <flowFileExpiration>0 sec</flowFileExpiration>
      <labelIndex>1</labelIndex>
      <name></name>
      <selectedRelationships>failure</selectedRelationships>
      <source>
        <groupId>82356e74-b73c-3570-0000-000000000000</groupId>
        <id>0f305346-a646-3324-0000-000000000000</id>
        <type>PROCESSOR</type>
      </source>
      <zIndex>0</zIndex>
    </connections>
    <connections>
      <id>31a38c3a-eb81-3728-0000-000000000000</id>
      <parentGroupId>82356e74-b73c-3570-0000-000000000000</parentGroupId>
      <backPressureDataSizeThreshold>1 GB</backPressureDataSizeThreshold>
      <backPressureObjectThreshold>10000</backPressureObjectThreshold>
      <destination>
        <groupId>82356e74-b73c-3570-0000-000000000000</groupId>
        <id>0f305346-a646-3324-0000-000000000000</id>
        <type>PROCESSOR</type>
      </destination>
      <flowFileExpiration>0 sec</flowFileExpiration>
      <labelIndex>1</labelIndex>
      <name></name>
      <selectedRelationships>success</selectedRelationships>
      <source>
        <groupId>82356e74-b73c-3570-0000-000000000000</groupId>
        <id>f15b1543-2a9f-331b-0000-000000000000</id>
        <type>PROCESSOR</type>
      </source>
      <zIndex>0</zIndex>
    </connections>
    <connections>
      <id>5c5a52ae-b5c2-391f-0000-000000000000</id>
      <parentGroupId>82356e74-b73c-3570-0000-000000000000</parentGroupId>
      <backPressureDataSizeThreshold>1 GB</backPressureDataSizeThreshold>
      <backPressureObjectThreshold>10000</backPressureObjectThreshold>
      <destination>
        <groupId>82356e74-b73c-3570-0000-000000000000</groupId>
        <id>db7bbf78-94d8-3c22-0000-000000000000</id>
        <type>PROCESSOR</type>
      </destination>
      <flowFileExpiration>0 sec</flowFileExpiration>
      <labelIndex>1</labelIndex>
      <name></name>
      <selectedRelationships>success</selectedRelationships>
      <source>
        <groupId>82356e74-b73c-3570-0000-000000000000</groupId>
        <id>0f305346-a646-3324-0000-000000000000</id>
        <type>PROCESSOR</type>
      </source>
      <zIndex>0</zIndex>
    </connections>
    <controllerServices>
      <id>8b23834f-fe80-3275-0000-000000000000</id>
      <parentGroupId>82356e74-b73c-3570-0000-000000000000</parentGroupId>
      <bundle>
        <artifact>nifi-distributed-cache-services-nar</artifact>
        <group>org.apache.nifi</group>
        <version>1.3.0</version>
      </bundle>
      <comments></comments>
      <descriptors>
        <entry>
          <key>SSL Context Service</key>
          <value>
            <identifiesControllerService>org.apache.nifi.ssl.SSLContextService</identifiesControllerService>
            <name>SSL Context Service</name>
          </value>
        </entry>
        <entry>
          <key>Server Port</key>
          <value>
            <name>Server Port</name>
          </value>
        </entry>
        <entry>
          <key>Server Hostname</key>
          <value>
            <name>Server Hostname</name>
          </value>
        </entry>
        <entry>
          <key>Communications Timeout</key>
          <value>
            <name>Communications Timeout</name>
          </value>
        </entry>
      </descriptors>
      <name>DistributedMapCacheClientService</name>
      <persistsState>false</persistsState>
      <properties>
        <entry>
          <key>SSL Context Service</key>
        </entry>
        <entry>
          <key>Server Port</key>
          <value>4557</value>
        </entry>
        <entry>
          <key>Server Hostname</key>
          <value>localhost</value>
        </entry>
        <entry>
          <key>Communications Timeout</key>
          <value>30 secs</value>
        </entry>
      </properties>
      <state>ENABLED</state>
      <type>org.apache.nifi.distributed.cache.client.DistributedMapCacheClientService</type>
    </controllerServices>
    <processors>
      <id>db7bbf78-94d8-3c22-0000-000000000000</id>
      <parentGroupId>82356e74-b73c-3570-0000-000000000000</parentGroupId>
      <position>
        <x>0.0</x>
        <y>479.060732852146</y>
      </position>
      <bundle>
        <artifact>nifi-standard-nar</artifact>
        <group>org.apache.nifi</group>
        <version>1.3.0</version>
      </bundle>
      <config>
        <bulletinLevel>WARN</bulletinLevel>
        <comments></comments>
        <concurrentlySchedulableTaskCount>1</concurrentlySchedulableTaskCount>
        <descriptors>
          <entry>
            <key>Log prefix</key>
            <value>
              <name>Log prefix</name>
            </value>
          </entry>
          <entry>
            <key>Log Level</key>
            <value>
              <name>Log Level</name>
            </value>
          </entry>
          <entry>
            <key>Attributes to Ignore</key>
            <value>
              <name>Attributes to Ignore</name>
            </value>
          </entry>
          <entry>
            <key>Attributes to Log</key>
            <value>
              <name>Attributes to Log</name>
            </value>
          </entry>
          <entry>
            <key>Log Payload</key>
            <value>
              <name>Log Payload</name>
            </value>
          </entry>
        </descriptors>
        <executionNode>ALL</executionNode>
        <lossTolerant>false</lossTolerant>
        <penaltyDuration>30 sec</penaltyDuration>
        <properties>
          <entry>
            <key>Log prefix</key>
          </entry>
          <entry>
            <key>Log Level</key>
            <value>info</value>
          </entry>
          <entry>
            <key>Attributes to Ignore</key>
          </entry>
          <entry>
            <key>Attributes to Log</key>
          </entry>
          <entry>
            <key>Log Payload</key>
            <value>false</value>
          </entry>
        </properties>
        <runDurationMillis>0</runDurationMillis>
        <schedulingPeriod>0 sec</schedulingPeriod>
        <schedulingStrategy>TIMER_DRIVEN</schedulingStrategy>
        <yieldDuration>1 sec</yieldDuration>
      </config>
      <name>Log Success</name>
      <relationships>
        <autoTerminate>true</autoTerminate>
        <name>success</name>
      </relationships>
      <style></style>
      <type>org.apache.nifi.processors.standard.LogAttribute</type>
    </processors>
    <processors>
      <id>f15b1543-2a9f-331b-0000-000000000000</id>
      <parentGroupId>82356e74-b73c-3570-0000-000000000000</parentGroupId>
      <position>
        <x>421.29574252122893</x>
        <y>0.0</y>
      </position>
      <bundle>
        <artifact>nifi-kafka-0-10-nar</artifact>
        <group>org.apache.nifi</group>
        <version>1.3.0</version>
      </bundle>
      <config>
        <bulletinLevel>WARN</bulletinLevel>
        <comments></comments>
        <concurrentlySchedulableTaskCount>1</concurrentlySchedulableTaskCount>
        <descriptors>
          <entry>
            <key>max.poll.records</key>
            <value>
              <name>max.poll.records</name>
            </value>
          </entry>
          <entry>
            <key>group.id</key>
            <value>
              <name>group.id</name>
            </value>
          </entry>
          <entry>
            <key>bootstrap.servers</key>
            <value>
              <name>bootstrap.servers</name>
            </value>
          </entry>
          <entry>
            <key>topic_type</key>
            <value>
              <name>topic_type</name>
            </value>
          </entry>
          <entry>
            <key>sasl.kerberos.principal</key>
            <value>
              <name>sasl.kerberos.principal</name>
            </value>
          </entry>
          <entry>
            <key>sasl.kerberos.service.name</key>
            <value>
              <name>sasl.kerberos.service.name</name>
            </value>
          </entry>
          <entry>
            <key>security.protocol</key>
            <value>
              <name>security.protocol</name>
            </value>
          </entry>
          <entry>
            <key>ssl.context.service</key>
            <value>
              <identifiesControllerService>org.apache.nifi.ssl.SSLContextService</identifiesControllerService>
              <name>ssl.context.service</name>
            </value>
          </entry>
          <entry>
            <key>max-uncommit-offset-wait</key>
            <value>
              <name>max-uncommit-offset-wait</name>
            </value>
          </entry>
          <entry>
            <key>sasl.kerberos.keytab</key>
            <value>
              <name>sasl.kerberos.keytab</name>
            </value>
          </entry>
          <entry>
            <key>topic</key>
            <value>
              <name>topic</name>
            </value>
          </entry>
          <entry>
            <key>message-demarcator</key>
            <value>
              <name>message-demarcator</name>
            </value>
          </entry>
          <entry>
            <key>key-attribute-encoding</key>
            <value>
              <name>key-attribute-encoding</name>
            </value>
          </entry>
          <entry>
            <key>auto.offset.reset</key>
            <value>
              <name>auto.offset.reset</name>
            </value>
          </entry>
        </descriptors>
        <executionNode>ALL</executionNode>
        <lossTolerant>false</lossTolerant>
        <penaltyDuration>30 sec</penaltyDuration>
        <properties>
          <entry>
            <key>max.poll.records</key>
            <value>10000</value>
          </entry>
          <entry>
            <key>group.id</key>
            <value>groupA</value>
          </entry>
          <entry>
            <key>bootstrap.servers</key>
            <value>sandbox.kylo.io:6667</value>
          </entry>
          <entry>
            <key>topic_type</key>
            <value>names</value>
          </entry>
          <entry>
            <key>sasl.kerberos.principal</key>
          </entry>
          <entry>
            <key>sasl.kerberos.service.name</key>
          </entry>
          <entry>
            <key>security.protocol</key>
            <value>PLAINTEXT</value>
          </entry>
          <entry>
            <key>ssl.context.service</key>
          </entry>
          <entry>
            <key>max-uncommit-offset-wait</key>
            <value>1 secs</value>
          </entry>
          <entry>
            <key>sasl.kerberos.keytab</key>
          </entry>
          <entry>
            <key>topic</key>
            <value>topicB</value>
          </entry>
          <entry>
            <key>message-demarcator</key>
          </entry>
          <entry>
            <key>key-attribute-encoding</key>
            <value>utf-8</value>
          </entry>
          <entry>
            <key>auto.offset.reset</key>
            <value>latest</value>
          </entry>
        </properties>
        <runDurationMillis>0</runDurationMillis>
        <schedulingPeriod>0 sec</schedulingPeriod>
        <schedulingStrategy>TIMER_DRIVEN</schedulingStrategy>
        <yieldDuration>1 sec</yieldDuration>
      </config>
      <name>ConsumeKafka_0_10</name>
      <relationships>
        <autoTerminate>false</autoTerminate>
        <name>success</name>
      </relationships>
      <style></style>
      <type>org.apache.nifi.processors.kafka.pubsub.ConsumeKafka_0_10</type>
    </processors>
    <processors>
      <id>0f305346-a646-3324-0000-000000000000</id>
      <parentGroupId>82356e74-b73c-3570-0000-000000000000</parentGroupId>
      <position>
        <x>409.8145484682086</x>
        <y>233.82535715068343</y>
      </position>
      <bundle>
        <artifact>nifi-standard-nar</artifact>
        <group>org.apache.nifi</group>
        <version>1.3.0</version>
      </bundle>
      <config>
        <bulletinLevel>WARN</bulletinLevel>
        <comments></comments>
        <concurrentlySchedulableTaskCount>1</concurrentlySchedulableTaskCount>
        <descriptors>
          <entry>
            <key>signal-counter-delta</key>
            <value>
              <name>signal-counter-delta</name>
            </value>
          </entry>
          <entry>
            <key>distributed-cache-service</key>
            <value>
              <identifiesControllerService>org.apache.nifi.distributed.cache.client.AtomicDistributedMapCacheClient</identifiesControllerService>
              <name>distributed-cache-service</name>
            </value>
          </entry>
          <entry>
            <key>signal-buffer-count</key>
            <value>
              <name>signal-buffer-count</name>
            </value>
          </entry>
          <entry>
            <key>release-signal-id</key>
            <value>
              <name>release-signal-id</name>
            </value>
          </entry>
          <entry>
            <key>signal-counter-name</key>
            <value>
              <name>signal-counter-name</name>
            </value>
          </entry>
          <entry>
            <key>attribute-cache-regex</key>
            <value>
              <name>attribute-cache-regex</name>
            </value>
          </entry>
        </descriptors>
        <executionNode>ALL</executionNode>
        <lossTolerant>false</lossTolerant>
        <penaltyDuration>30 sec</penaltyDuration>
        <properties>
          <entry>
            <key>signal-counter-delta</key>
            <value>1</value>
          </entry>
          <entry>
            <key>distributed-cache-service</key>
            <value>8b23834f-fe80-3275-0000-000000000000</value>
          </entry>
          <entry>
            <key>signal-buffer-count</key>
            <value>5000</value>
          </entry>
          <entry>
            <key>release-signal-id</key>
            <value>${kafka.key}</value>
          </entry>
          <entry>
            <key>signal-counter-name</key>
            <value>default</value>
          </entry>
          <entry>
            <key>attribute-cache-regex</key>
          </entry>
        </properties>
        <runDurationMillis>0</runDurationMillis>
        <schedulingPeriod>0 sec</schedulingPeriod>
        <schedulingStrategy>TIMER_DRIVEN</schedulingStrategy>
        <yieldDuration>1 sec</yieldDuration>
      </config>
      <name>Notify</name>
      <relationships>
        <autoTerminate>false</autoTerminate>
        <name>failure</name>
      </relationships>
      <relationships>
        <autoTerminate>false</autoTerminate>
        <name>success</name>
      </relationships>
      <style></style>
      <type>org.apache.nifi.processors.standard.Notify</type>
    </processors>
    <processors>
      <id>14b9223a-23d4-32a9-0000-000000000000</id>
      <parentGroupId>82356e74-b73c-3570-0000-000000000000</parentGroupId>
      <position>
        <x>423.53339266157354</x>
        <y>473.24475830537403</y>
      </position>
      <bundle>
        <artifact>nifi-standard-nar</artifact>
        <group>org.apache.nifi</group>
        <version>1.3.0</version>
      </bundle>
      <config>
        <bulletinLevel>WARN</bulletinLevel>
        <comments></comments>
        <concurrentlySchedulableTaskCount>1</concurrentlySchedulableTaskCount>
        <descriptors>
          <entry>
            <key>Log prefix</key>
            <value>
              <name>Log prefix</name>
            </value>
          </entry>
          <entry>
            <key>Log Level</key>
            <value>
              <name>Log Level</name>
            </value>
          </entry>
          <entry>
            <key>Attributes to Ignore</key>
            <value>
              <name>Attributes to Ignore</name>
            </value>
          </entry>
          <entry>
            <key>Attributes to Log</key>
            <value>
              <name>Attributes to Log</name>
            </value>
          </entry>
          <entry>
            <key>Log Payload</key>
            <value>
              <name>Log Payload</name>
            </value>
          </entry>
        </descriptors>
        <executionNode>ALL</executionNode>
        <lossTolerant>false</lossTolerant>
        <penaltyDuration>30 sec</penaltyDuration>
        <properties>
          <entry>
            <key>Log prefix</key>
          </entry>
          <entry>
            <key>Log Level</key>
            <value>info</value>
          </entry>
          <entry>
            <key>Attributes to Ignore</key>
          </entry>
          <entry>
            <key>Attributes to Log</key>
          </entry>
          <entry>
            <key>Log Payload</key>
            <value>false</value>
          </entry>
        </properties>
        <runDurationMillis>0</runDurationMillis>
        <schedulingPeriod>0 sec</schedulingPeriod>
        <schedulingStrategy>TIMER_DRIVEN</schedulingStrategy>
        <yieldDuration>1 sec</yieldDuration>
      </config>
      <name>Log Failure</name>
      <relationships>
        <autoTerminate>true</autoTerminate>
        <name>success</name>
      </relationships>
      <style></style>
      <type>org.apache.nifi.processors.standard.LogAttribute</type>
    </processors>
  </snippet>
  <timestamp>07/20/2017 19:41:21 UTC</timestamp>
</template>