{"owner":{"displayName":"Data Lake Administrator","email":null,"enabled":true,"groups":["admin","user"],"systemName":"dladmin"},"allowedActions":{"actions":[{"systemName":"accessTemplate","actions":[{"systemName":"editTemplate"},{"systemName":"deleteTemplate"},{"systemName":"exportTemplate"},{"systemName":"createFeedFromTemplate"},{"systemName":"changeTemplatePermissions"}]}]},"roleMemberships":[],"feedRoleMemberships":[],"properties":[],"nonInputProcessors":[],"inputProcessors":[],"id":"634116ea-f124-4283-a2b2-26d628204c73","nifiTemplateId":"45de9944-7917-41af-aa28-29ad9730a75a","templateName":"Kafka Notifier Service","updateDate":1504051888195,"createDate":1500579806499,"icon":"markunread_mailbox","iconColor":"#AB47BC","description":null,"state":"DISABLED","defineTable":false,"reusableTemplate":false,"reusableTemplateConnections":[],"registeredDatasourceDefinitions":[],"order":6,"templateOrder":null,"feedsCount":1,"templateTableOption":"NO_TABLE","timeBetweenStartingBatchJobs":1000,"stream":true,"allowPreconditions":false,"dataTransformation":false,"isStream":true}