<?xml version="1.0" ?>
<template encoding-version="1.0">
  <description></description>
  <groupId>7c664aaf-3d33-447e-89d1-457b0feb68e9</groupId>
  <name>Data Confidence Invalid Records</name>
  <snippet>
    <connections>
      <id>ab834135-deb6-1ade-0000-000000000000</id>
      <parentGroupId>7c664aaf-3d33-447e-0000-000000000000</parentGroupId>
      <backPressureDataSizeThreshold>0 MB</backPressureDataSizeThreshold>
      <backPressureObjectThreshold>0</backPressureObjectThreshold>
      <destination>
        <groupId>7c664aaf-3d33-447e-0000-000000000000</groupId>
        <id>2c83f81f-0158-1000-0000-000000000000</id>
        <type>PROCESSOR</type>
      </destination>
      <flowFileExpiration>0 sec</flowFileExpiration>
      <labelIndex>1</labelIndex>
      <name></name>
      <selectedRelationships>success</selectedRelationships>
      <source>
        <groupId>7c664aaf-3d33-447e-0000-000000000000</groupId>
        <id>2c83f81e-0158-1000-0000-000000000000</id>
        <type>PROCESSOR</type>
      </source>
      <zIndex>0</zIndex>
    </connections>
    <connections>
      <id>01581001-d440-1a1e-0000-000000000000</id>
      <parentGroupId>7c664aaf-3d33-447e-0000-000000000000</parentGroupId>
      <backPressureDataSizeThreshold>0 MB</backPressureDataSizeThreshold>
      <backPressureObjectThreshold>0</backPressureObjectThreshold>
      <destination>
        <groupId>7c664aaf-3d33-447e-0000-000000000000</groupId>
        <id>2c83f81d-0158-1000-0000-000000000000</id>
        <type>PROCESSOR</type>
      </destination>
      <flowFileExpiration>0 sec</flowFileExpiration>
      <labelIndex>1</labelIndex>
      <name></name>
      <selectedRelationships>failure</selectedRelationships>
      <selectedRelationships>success</selectedRelationships>
      <source>
        <groupId>7c664aaf-3d33-447e-0000-000000000000</groupId>
        <id>2c83f81f-0158-1000-0000-000000000000</id>
        <type>PROCESSOR</type>
      </source>
      <zIndex>0</zIndex>
    </connections>
    <connections>
      <id>1f4c4468-b172-13b0-0000-000000000000</id>
      <parentGroupId>7c664aaf-3d33-447e-0000-000000000000</parentGroupId>
      <backPressureDataSizeThreshold>1 GB</backPressureDataSizeThreshold>
      <backPressureObjectThreshold>10000</backPressureObjectThreshold>
      <destination>
        <groupId>7c664aaf-3d33-447e-0000-000000000000</groupId>
        <id>1f4c4467-b172-13b0-0000-000000000000</id>
        <type>PROCESSOR</type>
      </destination>
      <flowFileExpiration>0 sec</flowFileExpiration>
      <labelIndex>1</labelIndex>
      <name></name>
      <selectedRelationships>Success</selectedRelationships>
      <source>
        <groupId>7c664aaf-3d33-447e-0000-000000000000</groupId>
        <id>01581000-66f5-1a1e-0000-000000000000</id>
        <type>PROCESSOR</type>
      </source>
      <zIndex>0</zIndex>
    </connections>
    <connections>
      <id>1f4c4469-b172-13b0-0000-000000000000</id>
      <parentGroupId>7c664aaf-3d33-447e-0000-000000000000</parentGroupId>
      <backPressureDataSizeThreshold>1 GB</backPressureDataSizeThreshold>
      <backPressureObjectThreshold>10000</backPressureObjectThreshold>
      <destination>
        <groupId>7c664aaf-3d33-447e-0000-000000000000</groupId>
        <id>1f4c4466-b172-13b0-0000-000000000000</id>
        <type>PROCESSOR</type>
      </destination>
      <flowFileExpiration>0 sec</flowFileExpiration>
      <labelIndex>1</labelIndex>
      <name></name>
      <selectedRelationships>matched</selectedRelationships>
      <source>
        <groupId>7c664aaf-3d33-447e-0000-000000000000</groupId>
        <id>1f4c4467-b172-13b0-0000-000000000000</id>
        <type>PROCESSOR</type>
      </source>
      <zIndex>0</zIndex>
    </connections>
    <connections>
      <id>1f4c446a-b172-13b0-0000-000000000000</id>
      <parentGroupId>7c664aaf-3d33-447e-0000-000000000000</parentGroupId>
      <backPressureDataSizeThreshold>1 GB</backPressureDataSizeThreshold>
      <backPressureObjectThreshold>10000</backPressureObjectThreshold>
      <destination>
        <groupId>7c664aaf-3d33-447e-0000-000000000000</groupId>
        <id>2c83f81e-0158-1000-0000-000000000000</id>
        <type>PROCESSOR</type>
      </destination>
      <flowFileExpiration>0 sec</flowFileExpiration>
      <labelIndex>1</labelIndex>
      <name></name>
      <selectedRelationships>success</selectedRelationships>
      <source>
        <groupId>7c664aaf-3d33-447e-0000-000000000000</groupId>
        <id>1f4c4466-b172-13b0-0000-000000000000</id>
        <type>PROCESSOR</type>
      </source>
      <zIndex>0</zIndex>
    </connections>
    <controllerServices>
      <id>81b8d7a8-8039-41ac-0000-000000000000</id>
      <parentGroupId>7c664aaf-3d33-447e-0000-000000000000</parentGroupId>
      <comments></comments>
      <descriptors>
        <entry>
          <key>Hadoop Configuration Resources</key>
          <value>
            <name>Hadoop Configuration Resources</name>
          </value>
        </entry>
        <entry>
          <key>Kerberos Keytab</key>
          <value>
            <name>Kerberos Keytab</name>
          </value>
        </entry>
        <entry>
          <key>Database Connection URL</key>
          <value>
            <name>Database Connection URL</name>
          </value>
        </entry>
        <entry>
          <key>Max Wait Time</key>
          <value>
            <name>Max Wait Time</name>
          </value>
        </entry>
        <entry>
          <key>Database Driver Class Name</key>
          <value>
            <name>Database Driver Class Name</name>
          </value>
        </entry>
        <entry>
          <key>Database User</key>
          <value>
            <name>Database User</name>
          </value>
        </entry>
        <entry>
          <key>Database Driver Jar Url</key>
          <value>
            <name>Database Driver Jar Url</name>
          </value>
        </entry>
        <entry>
          <key>Kerberos Principal</key>
          <value>
            <name>Kerberos Principal</name>
          </value>
        </entry>
        <entry>
          <key>Max Total Connections</key>
          <value>
            <name>Max Total Connections</name>
          </value>
        </entry>
        <entry>
          <key>Password</key>
          <value>
            <name>Password</name>
          </value>
        </entry>
        <entry>
          <key>Validation Query</key>
          <value>
            <name>Validation Query</name>
          </value>
        </entry>
      </descriptors>
      <name>Hive Thrift Service</name>
      <properties>
        <entry>
          <key>Hadoop Configuration Resources</key>
        </entry>
        <entry>
          <key>Kerberos Keytab</key>
        </entry>
        <entry>
          <key>Database Connection URL</key>
          <value>jdbc:hive2://localhost:10000/default</value>
        </entry>
        <entry>
          <key>Max Wait Time</key>
          <value>500 millis</value>
        </entry>
        <entry>
          <key>Database Driver Class Name</key>
          <value>org.apache.hive.jdbc.HiveDriver</value>
        </entry>
        <entry>
          <key>Database User</key>
          <value>nifi</value>
        </entry>
        <entry>
          <key>Database Driver Jar Url</key>
        </entry>
        <entry>
          <key>Kerberos Principal</key>
        </entry>
        <entry>
          <key>Max Total Connections</key>
          <value>8</value>
        </entry>
        <entry>
          <key>Password</key>
        </entry>
        <entry>
          <key>Validation Query</key>
          <value>show tables 'test'</value>
        </entry>
      </properties>
      <state>ENABLED</state>
      <type>com.thinkbiganalytics.nifi.v2.thrift.ThriftConnectionPool</type>
    </controllerServices>
    <controllerServices>
      <id>002bfd3c-3d3c-4a31-0000-000000000000</id>
      <parentGroupId>7c664aaf-3d33-447e-0000-000000000000</parentGroupId>
      <comments></comments>
      <descriptors>
        <entry>
          <key>Configuraton Classes</key>
          <value>
            <name>Configuraton Classes</name>
          </value>
        </entry>
      </descriptors>
      <name>SpringContextLoaderService</name>
      <properties>
        <entry>
          <key>Configuraton Classes</key>
        </entry>
      </properties>
      <state>ENABLED</state>
      <type>com.thinkbiganalytics.nifi.v2.core.spring.SpringContextLoaderService</type>
    </controllerServices>
    <controllerServices>
      <id>1f4c444c-b172-13b0-0000-000000000000</id>
      <parentGroupId>7c664aaf-3d33-447e-0000-000000000000</parentGroupId>
      <comments></comments>
      <descriptors>
        <entry>
          <key>Spring Context Service</key>
          <value>
            <identifiesControllerService>com.thinkbiganalytics.nifi.core.api.spring.SpringContextService</identifiesControllerService>
            <name>Spring Context Service</name>
          </value>
        </entry>
      </descriptors>
      <name>JmsFeedPreconditionEventService</name>
      <properties>
        <entry>
          <key>Spring Context Service</key>
          <value>002bfd3c-3d3c-4a31-0000-000000000000</value>
        </entry>
      </properties>
      <state>ENABLED</state>
      <type>com.thinkbiganalytics.nifi.v2.core.precondition.JmsFeedPreconditionEventService</type>
    </controllerServices>
    <controllerServices>
      <id>30c2c746-ad7d-457f-0000-000000000000</id>
      <parentGroupId>7c664aaf-3d33-447e-0000-000000000000</parentGroupId>
      <comments></comments>
      <descriptors>
        <entry>
          <key>client-password</key>
          <value>
            <name>client-password</name>
          </value>
        </entry>
        <entry>
          <key>SSL Context Service</key>
          <value>
            <identifiesControllerService>org.apache.nifi.ssl.SSLContextService</identifiesControllerService>
            <name>SSL Context Service</name>
          </value>
        </entry>
        <entry>
          <key>client-username</key>
          <value>
            <name>client-username</name>
          </value>
        </entry>
        <entry>
          <key>Implementation</key>
          <value>
            <name>Implementation</name>
          </value>
        </entry>
        <entry>
          <key>rest-client-url</key>
          <value>
            <name>rest-client-url</name>
          </value>
        </entry>
      </descriptors>
      <name>Think Big Metadata Service</name>
      <properties>
        <entry>
          <key>client-password</key>
        </entry>
        <entry>
          <key>SSL Context Service</key>
        </entry>
        <entry>
          <key>client-username</key>
          <value>dladmin</value>
        </entry>
        <entry>
          <key>Implementation</key>
          <value>REMOTE</value>
        </entry>
        <entry>
          <key>rest-client-url</key>
          <value>http://localhost:8400/proxy/metadata</value>
        </entry>
      </properties>
      <state>ENABLED</state>
      <type>com.thinkbiganalytics.nifi.v2.core.metadata.MetadataProviderSelectorService</type>
    </controllerServices>
    <processors>
      <id>01581000-66f5-1a1e-0000-000000000000</id>
      <parentGroupId>7c664aaf-3d33-447e-0000-000000000000</parentGroupId>
      <position>
        <x>14.374509084756198</x>
        <y>2.919846695463775</y>
      </position>
      <config>
        <bulletinLevel>WARN</bulletinLevel>
        <comments></comments>
        <concurrentlySchedulableTaskCount>1</concurrentlySchedulableTaskCount>
        <descriptors>
          <entry>
            <key>System feed category</key>
            <value>
              <name>System feed category</name>
            </value>
          </entry>
          <entry>
            <key>Matching Execution Context Keys</key>
            <value>
              <name>Matching Execution Context Keys</name>
            </value>
          </entry>
          <entry>
            <key>Feed Precondition Event Service</key>
            <value>
              <identifiesControllerService>com.thinkbiganalytics.nifi.core.api.precondition.FeedPreconditionEventService</identifiesControllerService>
              <name>Feed Precondition Event Service</name>
            </value>
          </entry>
          <entry>
            <key>System feed name</key>
            <value>
              <name>System feed name</name>
            </value>
          </entry>
          <entry>
            <key>Metadata Service</key>
            <value>
              <identifiesControllerService>com.thinkbiganalytics.nifi.core.api.metadata.MetadataProviderService</identifiesControllerService>
              <name>Metadata Service</name>
            </value>
          </entry>
        </descriptors>
        <lossTolerant>false</lossTolerant>
        <penaltyDuration>30 sec</penaltyDuration>
        <properties>
          <entry>
            <key>System feed category</key>
            <value>${metadata.category.systemName}</value>
          </entry>
          <entry>
            <key>Matching Execution Context Keys</key>
            <value>export.kylo</value>
          </entry>
          <entry>
            <key>Feed Precondition Event Service</key>
            <value>1f4c444c-b172-13b0-0000-000000000000</value>
          </entry>
          <entry>
            <key>System feed name</key>
            <value>${metadata.systemFeedName}</value>
          </entry>
          <entry>
            <key>Metadata Service</key>
            <value>30c2c746-ad7d-457f-0000-000000000000</value>
          </entry>
        </properties>
        <runDurationMillis>0</runDurationMillis>
        <schedulingPeriod>0 sec</schedulingPeriod>
        <schedulingStrategy>TIMER_DRIVEN</schedulingStrategy>
        <yieldDuration>1 sec</yieldDuration>
      </config>
      <name>TriggerFeed</name>
      <relationships>
        <autoTerminate>false</autoTerminate>
        <name>Success</name>
      </relationships>
      <style></style>
      <type>com.thinkbiganalytics.nifi.v2.metadata.TriggerFeed</type>
    </processors>
    <processors>
      <id>1f4c4466-b172-13b0-0000-000000000000</id>
      <parentGroupId>7c664aaf-3d33-447e-0000-000000000000</parentGroupId>
      <position>
        <x>1181.1805258120366</x>
        <y>0.0</y>
      </position>
      <config>
        <bulletinLevel>WARN</bulletinLevel>
        <comments></comments>
        <concurrentlySchedulableTaskCount>1</concurrentlySchedulableTaskCount>
        <descriptors>
          <entry>
            <key>feed</key>
            <value>
              <name>feed</name>
            </value>
          </entry>
          <entry>
            <key>Delete Attributes Expression</key>
            <value>
              <name>Delete Attributes Expression</name>
            </value>
          </entry>
          <entry>
            <key>invalidThresholdPercentage</key>
            <value>
              <name>invalidThresholdPercentage</name>
            </value>
          </entry>
          <entry>
            <key>category</key>
            <value>
              <name>category</name>
            </value>
          </entry>
          <entry>
            <key>tb.jobType</key>
            <value>
              <name>tb.jobType</name>
            </value>
          </entry>
        </descriptors>
        <lossTolerant>false</lossTolerant>
        <penaltyDuration>30 sec</penaltyDuration>
        <properties>
          <entry>
            <key>feed</key>
            <value>${feedToValidate:substringAfter('.')}</value>
          </entry>
          <entry>
            <key>Delete Attributes Expression</key>
          </entry>
          <entry>
            <key>invalidThresholdPercentage</key>
            <value>5</value>
          </entry>
          <entry>
            <key>category</key>
            <value>${feedToValidate:substringBefore('.')}</value>
          </entry>
          <entry>
            <key>tb.jobType</key>
            <value>check</value>
          </entry>
        </properties>
        <runDurationMillis>0</runDurationMillis>
        <schedulingPeriod>15 sec</schedulingPeriod>
        <schedulingStrategy>TIMER_DRIVEN</schedulingStrategy>
        <yieldDuration>1 sec</yieldDuration>
      </config>
      <name>Initialize Parameters</name>
      <relationships>
        <autoTerminate>false</autoTerminate>
        <name>success</name>
      </relationships>
      <style></style>
      <type>org.apache.nifi.processors.attributes.UpdateAttribute</type>
    </processors>
    <processors>
      <id>1f4c4467-b172-13b0-0000-000000000000</id>
      <parentGroupId>7c664aaf-3d33-447e-0000-000000000000</parentGroupId>
      <position>
        <x>590.9342030209591</x>
        <y>3.908105635115362</y>
      </position>
      <config>
        <bulletinLevel>WARN</bulletinLevel>
        <comments></comments>
        <concurrentlySchedulableTaskCount>1</concurrentlySchedulableTaskCount>
        <descriptors>
          <entry>
            <key>Destination</key>
            <value>
              <name>Destination</name>
            </value>
          </entry>
          <entry>
            <key>Return Type</key>
            <value>
              <name>Return Type</name>
            </value>
          </entry>
          <entry>
            <key>Null Value Representation</key>
            <value>
              <name>Null Value Representation</name>
            </value>
          </entry>
          <entry>
            <key>feedToValidate</key>
            <value>
              <name>feedToValidate</name>
            </value>
          </entry>
          <entry>
            <key>Path Not Found Behavior</key>
            <value>
              <name>Path Not Found Behavior</name>
            </value>
          </entry>
        </descriptors>
        <lossTolerant>false</lossTolerant>
        <penaltyDuration>30 sec</penaltyDuration>
        <properties>
          <entry>
            <key>Destination</key>
            <value>flowfile-attribute</value>
          </entry>
          <entry>
            <key>Return Type</key>
            <value>scalar</value>
          </entry>
          <entry>
            <key>Null Value Representation</key>
            <value>empty string</value>
          </entry>
          <entry>
            <key>feedToValidate</key>
            <value>$.dependentFeedNames[0]</value>
          </entry>
          <entry>
            <key>Path Not Found Behavior</key>
            <value>ignore</value>
          </entry>
        </properties>
        <runDurationMillis>0</runDurationMillis>
        <schedulingPeriod>0 sec</schedulingPeriod>
        <schedulingStrategy>TIMER_DRIVEN</schedulingStrategy>
        <yieldDuration>1 sec</yieldDuration>
      </config>
      <name>Get Feed Name to Validate</name>
      <relationships>
        <autoTerminate>true</autoTerminate>
        <name>failure</name>
      </relationships>
      <relationships>
        <autoTerminate>false</autoTerminate>
        <name>matched</name>
      </relationships>
      <relationships>
        <autoTerminate>true</autoTerminate>
        <name>unmatched</name>
      </relationships>
      <style></style>
      <type>org.apache.nifi.processors.standard.EvaluateJsonPath</type>
    </processors>
    <processors>
      <id>2c83f81d-0158-1000-0000-000000000000</id>
      <parentGroupId>7c664aaf-3d33-447e-0000-000000000000</parentGroupId>
      <position>
        <x>1185.1285848617554</x>
        <y>253.96227100382112</y>
      </position>
      <config>
        <bulletinLevel>WARN</bulletinLevel>
        <comments></comments>
        <concurrentlySchedulableTaskCount>1</concurrentlySchedulableTaskCount>
        <descriptors>
          <entry>
            <key>Destination</key>
            <value>
              <name>Destination</name>
            </value>
          </entry>
          <entry>
            <key>checkData.validationCheck</key>
            <value>
              <name>checkData.validationCheck</name>
            </value>
          </entry>
          <entry>
            <key>Return Type</key>
            <value>
              <name>Return Type</name>
            </value>
          </entry>
          <entry>
            <key>checkData.validationMessage</key>
            <value>
              <name>checkData.validationMessage</name>
            </value>
          </entry>
          <entry>
            <key>processingDate</key>
            <value>
              <name>processingDate</name>
            </value>
          </entry>
          <entry>
            <key>invalidCount</key>
            <value>
              <name>invalidCount</name>
            </value>
          </entry>
          <entry>
            <key>Null Value Representation</key>
            <value>
              <name>Null Value Representation</name>
            </value>
          </entry>
          <entry>
            <key>invalidPercent</key>
            <value>
              <name>invalidPercent</name>
            </value>
          </entry>
          <entry>
            <key>totalCount</key>
            <value>
              <name>totalCount</name>
            </value>
          </entry>
          <entry>
            <key>Path Not Found Behavior</key>
            <value>
              <name>Path Not Found Behavior</name>
            </value>
          </entry>
        </descriptors>
        <lossTolerant>false</lossTolerant>
        <penaltyDuration>30 sec</penaltyDuration>
        <properties>
          <entry>
            <key>Destination</key>
            <value>flowfile-attribute</value>
          </entry>
          <entry>
            <key>checkData.validationCheck</key>
            <value>$.valid</value>
          </entry>
          <entry>
            <key>Return Type</key>
            <value>auto-detect</value>
          </entry>
          <entry>
            <key>checkData.validationMessage</key>
            <value>$.validation_message</value>
          </entry>
          <entry>
            <key>processingDate</key>
            <value>$.processing_dttm</value>
          </entry>
          <entry>
            <key>invalidCount</key>
            <value>$.invalid_count</value>
          </entry>
          <entry>
            <key>Null Value Representation</key>
            <value>empty string</value>
          </entry>
          <entry>
            <key>invalidPercent</key>
            <value>$.invalid_pct</value>
          </entry>
          <entry>
            <key>totalCount</key>
            <value>$.total_count</value>
          </entry>
          <entry>
            <key>Path Not Found Behavior</key>
            <value>ignore</value>
          </entry>
        </properties>
        <runDurationMillis>0</runDurationMillis>
        <schedulingPeriod>0 sec</schedulingPeriod>
        <schedulingStrategy>TIMER_DRIVEN</schedulingStrategy>
        <yieldDuration>1 sec</yieldDuration>
      </config>
      <name>Apply Validation Results to Flow</name>
      <relationships>
        <autoTerminate>true</autoTerminate>
        <name>failure</name>
      </relationships>
      <relationships>
        <autoTerminate>true</autoTerminate>
        <name>matched</name>
      </relationships>
      <relationships>
        <autoTerminate>true</autoTerminate>
        <name>unmatched</name>
      </relationships>
      <style></style>
      <type>org.apache.nifi.processors.standard.EvaluateJsonPath</type>
    </processors>
    <processors>
      <id>2c83f81e-0158-1000-0000-000000000000</id>
      <parentGroupId>7c664aaf-3d33-447e-0000-000000000000</parentGroupId>
      <position>
        <x>0.0</x>
        <y>259.57911513338377</y>
      </position>
      <config>
        <bulletinLevel>WARN</bulletinLevel>
        <comments></comments>
        <concurrentlySchedulableTaskCount>1</concurrentlySchedulableTaskCount>
        <descriptors>
          <entry>
            <key>SQL select query</key>
            <value>
              <name>SQL select query</name>
            </value>
          </entry>
          <entry>
            <key>Max Wait Time</key>
            <value>
              <name>Max Wait Time</name>
            </value>
          </entry>
          <entry>
            <key>Database Connection Pooling Service</key>
            <value>
              <identifiesControllerService>com.thinkbiganalytics.nifi.v2.thrift.ThriftService</identifiesControllerService>
              <name>Database Connection Pooling Service</name>
            </value>
          </entry>
        </descriptors>
        <lossTolerant>false</lossTolerant>
        <penaltyDuration>30 sec</penaltyDuration>
        <properties>
          <entry>
            <key>SQL select query</key>
            <value>select x.invalid_count, y.total_count, x.invalid_count/y.total_count as invalid_pct, CASE WHEN (x.invalid_count/y.total_count)*100 &gt;= ${invalidThresholdPercentage} then 'false' else 'true' end as valid,
                                       CASE WHEN (x.invalid_count/y.total_count)*100 &gt;= ${invalidThresholdPercentage} then  concat('Invalid. The data has  ', (x.invalid_count/y.total_count)*100,'% of the rows invalid.  This is above the threshold of ','${invalidThresholdPercentage}%' ) else concat('Valid.  This job has passed validation with ',  (x.invalid_count/y.total_count)*100,'% of the rows invalid.  This is below the threshold of ${invalidThresholdPercentage}%') end as validation_message, x.processing_dttm
from (
       select  metricvalue as invalid_count, 'INVALID_COUNT' as type, m.max_date as processing_dttm from ${category}.${feed}_profile
       inner join (SELECT MAX(processing_dttm) as max_date from ${category}.${feed}_profile) m on m.max_date = processing_dttm
       where columnname = '(ALL)'
       and metrictype = 'INVALID_COUNT'
     ) x
  inner join (
               select  metricvalue as total_count, 'TOTAL_COUNT' as type,m.max_date as processing_dttm from ${category}.${feed}_profile
               inner join (SELECT MAX(processing_dttm) as max_date from ${category}.${feed}_profile) m on m.max_date = processing_dttm
               where columnname = '(ALL)'
               and metrictype = 'TOTAL_COUNT') y on y.processing_dttm = x.processing_dttm</value>
          </entry>
          <entry>
            <key>Max Wait Time</key>
            <value>0 seconds</value>
          </entry>
          <entry>
            <key>Database Connection Pooling Service</key>
            <value>81b8d7a8-8039-41ac-0000-000000000000</value>
          </entry>
        </properties>
        <runDurationMillis>0</runDurationMillis>
        <schedulingPeriod>0 sec</schedulingPeriod>
        <schedulingStrategy>TIMER_DRIVEN</schedulingStrategy>
        <yieldDuration>1 sec</yieldDuration>
      </config>
      <name>Execute Validation Query</name>
      <relationships>
        <autoTerminate>true</autoTerminate>
        <name>failure</name>
      </relationships>
      <relationships>
        <autoTerminate>false</autoTerminate>
        <name>success</name>
      </relationships>
      <style></style>
      <type>com.thinkbiganalytics.nifi.v2.thrift.ExecuteHQL</type>
    </processors>
    <processors>
      <id>2c83f81f-0158-1000-0000-000000000000</id>
      <parentGroupId>7c664aaf-3d33-447e-0000-000000000000</parentGroupId>
      <position>
        <x>594.1110830307006</x>
        <y>250.21749317179</y>
      </position>
      <config>
        <bulletinLevel>WARN</bulletinLevel>
        <comments></comments>
        <concurrentlySchedulableTaskCount>1</concurrentlySchedulableTaskCount>
        <descriptors>
          <entry>
            <key>JSON container options</key>
            <value>
              <name>JSON container options</name>
            </value>
          </entry>
          <entry>
            <key>Wrap Single Record</key>
            <value>
              <name>Wrap Single Record</name>
            </value>
          </entry>
          <entry>
            <key>Avro schema</key>
            <value>
              <name>Avro schema</name>
            </value>
          </entry>
        </descriptors>
        <lossTolerant>false</lossTolerant>
        <penaltyDuration>30 sec</penaltyDuration>
        <properties>
          <entry>
            <key>JSON container options</key>
            <value>array</value>
          </entry>
          <entry>
            <key>Wrap Single Record</key>
            <value>false</value>
          </entry>
          <entry>
            <key>Avro schema</key>
          </entry>
        </properties>
        <runDurationMillis>0</runDurationMillis>
        <schedulingPeriod>0 sec</schedulingPeriod>
        <schedulingStrategy>TIMER_DRIVEN</schedulingStrategy>
        <yieldDuration>1 sec</yieldDuration>
      </config>
      <name>Convert Query Results to JSON</name>
      <relationships>
        <autoTerminate>false</autoTerminate>
        <name>failure</name>
      </relationships>
      <relationships>
        <autoTerminate>false</autoTerminate>
        <name>success</name>
      </relationships>
      <style></style>
      <type>org.apache.nifi.processors.avro.ConvertAvroToJSON</type>
    </processors>
  </snippet>
  <timestamp>11/04/2016 03:19:49 UTC</timestamp>
</template>