{"properties":[{"processGroupName":"NiFi Flow","processorName":"TriggerFeed","processorId":"01581000-66f5-1a1e-0000-000000000000","processGroupId":"7c664aaf-3d33-447e-0000-000000000000","processorType":"com.thinkbiganalytics.nifi.v2.metadata.TriggerFeed","key":"System feed category","value":"${metadata.category.systemName}","templateValue":"${metadata.category.systemName}","userEditable":false,"expressionProperties":null,"propertyDescriptor":{"name":"System feed category","displayName":null,"description":null,"defaultValue":null,"allowableValues":null,"required":null,"sensitive":null,"dynamic":null,"supportsEl":null,"identifiesControllerService":null},"renderType":"text","renderOptions":{},"selected":true,"inputProperty":true,"templateProperty":null,"idKey":"7c664aaf-3d33-447e-0000-000000000000-01581000-66f5-1a1e-0000-000000000000-System feed category","nameKey":"NiFi Flow-TriggerFeed-System feed category"},{"processGroupName":"NiFi Flow","processorName":"TriggerFeed","processorId":"01581000-66f5-1a1e-0000-000000000000","processGroupId":"7c664aaf-3d33-447e-0000-000000000000","processorType":"com.thinkbiganalytics.nifi.v2.metadata.TriggerFeed","key":"System feed name","value":"${metadata.systemFeedName}","templateValue":"${metadata.systemFeedName}","userEditable":false,"expressionProperties":null,"propertyDescriptor":{"name":"System feed name","displayName":null,"description":null,"defaultValue":null,"allowableValues":null,"required":null,"sensitive":null,"dynamic":null,"supportsEl":null,"identifiesControllerService":null},"renderType":"text","renderOptions":{},"selected":true,"inputProperty":true,"templateProperty":null,"idKey":"7c664aaf-3d33-447e-0000-000000000000-01581000-66f5-1a1e-0000-000000000000-System feed name","nameKey":"NiFi Flow-TriggerFeed-System feed name"},{"processGroupName":"NiFi Flow","processorName":"Initialize Parameters","processorId":"1f4c4466-b172-13b0-0000-000000000000","processGroupId":"7c664aaf-3d33-447e-0000-000000000000","processorType":"org.apache.nifi.processors.attributes.UpdateAttribute","key":"invalidThresholdPercentage","value":"5","templateValue":"5","userEditable":true,"expressionProperties":null,"propertyDescriptor":{"name":"invalidThresholdPercentage","displayName":null,"description":null,"defaultValue":null,"allowableValues":null,"required":null,"sensitive":null,"dynamic":null,"supportsEl":null,"identifiesControllerService":null},"renderType":"text","renderOptions":{},"selected":true,"inputProperty":false,"templateProperty":null,"idKey":"7c664aaf-3d33-447e-0000-000000000000-1f4c4466-b172-13b0-0000-000000000000-invalidThresholdPercentage","nameKey":"NiFi Flow-Initialize Parameters-invalidThresholdPercentage"}],"nonInputProcessors":null,"inputProcessors":[{"type":"com.thinkbiganalytics.nifi.v2.metadata.TriggerFeed","name":"TriggerFeed","id":"01581000-66f5-1a1e-0000-000000000000","groupName":"NiFi Flow","groupId":"7c664aaf-3d33-447e-0000-000000000000","inputProcessor":true,"userDefinedInputProcessor":false,"properties":[{"processGroupName":"NiFi Flow","processorName":"TriggerFeed","processorId":"01581000-66f5-1a1e-0000-000000000000","processGroupId":"7c664aaf-3d33-447e-0000-000000000000","processorType":"com.thinkbiganalytics.nifi.v2.metadata.TriggerFeed","key":"System feed category","value":"${metadata.category.systemName}","templateValue":"${metadata.category.systemName}","userEditable":false,"expressionProperties":null,"propertyDescriptor":{"name":"System feed category","displayName":null,"description":null,"defaultValue":null,"allowableValues":null,"required":null,"sensitive":null,"dynamic":null,"supportsEl":null,"identifiesControllerService":null},"renderType":"text","renderOptions":{},"selected":true,"inputProperty":true,"templateProperty":null,"idKey":"7c664aaf-3d33-447e-0000-000000000000-01581000-66f5-1a1e-0000-000000000000-System feed category","nameKey":"NiFi Flow-TriggerFeed-System feed category"},{"processGroupName":"NiFi Flow","processorName":"TriggerFeed","processorId":"01581000-66f5-1a1e-0000-000000000000","processGroupId":"7c664aaf-3d33-447e-0000-000000000000","processorType":"com.thinkbiganalytics.nifi.v2.metadata.TriggerFeed","key":"System feed name","value":"${metadata.systemFeedName}","templateValue":"${metadata.systemFeedName}","userEditable":false,"expressionProperties":null,"propertyDescriptor":{"name":"System feed name","displayName":null,"description":null,"defaultValue":null,"allowableValues":null,"required":null,"sensitive":null,"dynamic":null,"supportsEl":null,"identifiesControllerService":null},"renderType":"text","renderOptions":{},"selected":true,"inputProperty":true,"templateProperty":null,"idKey":"7c664aaf-3d33-447e-0000-000000000000-01581000-66f5-1a1e-0000-000000000000-System feed name","nameKey":"NiFi Flow-TriggerFeed-System feed name"}]}],"id":"4b6bb4c3-fbcb-4861-aa59-e0f25cde3e3b","nifiTemplateId":"ad8af34e-ce09-4ba2-befd-dd43cd065e50","templateName":"Data Confidence Invalid Records","updateDate":1478237618742,"createDate":1466629796656,"icon":"highlight","iconColor":"#66BB6A","description":"Data Confidence Check - Invalid record count percentage","defineTable":false,"reusableTemplate":false,"reusableTemplateConnections":[],"allowPreconditions":true,"dataTransformation":false}