{"properties":[{"processGroupName":"NiFi Flow","processorName":"UpdateAttribute","processorId":"fda33577-bc43-4071-9632-d1403efca7a8","processGroupId":"a9eb5347-9116-418a-b369-ca6d3adc94d1","processorType":"org.apache.nifi.processors.attributes.UpdateAttribute","key":"category","value":"SystemCategoryName","templateValue":"SystemCategoryName","userEditable":true,"expressionProperties":null,"propertyDescriptor":{"name":"category","displayName":"category","description":"","defaultValue":null,"allowableValues":null,"required":false,"sensitive":false,"dynamic":true,"supportsEl":true,"identifiesControllerService":null},"renderType":"text","selected":true,"inputProperty":false,"templateProperty":null,"nameKey":"NiFi Flow-UpdateAttribute-category","idKey":"a9eb5347-9116-418a-b369-ca6d3adc94d1-fda33577-bc43-4071-9632-d1403efca7a8-category"},{"processGroupName":"NiFi Flow","processorName":"UpdateAttribute","processorId":"fda33577-bc43-4071-9632-d1403efca7a8","processGroupId":"a9eb5347-9116-418a-b369-ca6d3adc94d1","processorType":"org.apache.nifi.processors.attributes.UpdateAttribute","key":"feed","value":"SystemFeedName","templateValue":"SystemFeedName","userEditable":true,"expressionProperties":null,"propertyDescriptor":{"name":"feed","displayName":"feed","description":"","defaultValue":null,"allowableValues":null,"required":false,"sensitive":false,"dynamic":true,"supportsEl":true,"identifiesControllerService":null},"renderType":"text","selected":true,"inputProperty":false,"templateProperty":null,"nameKey":"NiFi Flow-UpdateAttribute-feed","idKey":"a9eb5347-9116-418a-b369-ca6d3adc94d1-fda33577-bc43-4071-9632-d1403efca7a8-feed"},{"processGroupName":"NiFi Flow","processorName":"UpdateAttribute","processorId":"fda33577-bc43-4071-9632-d1403efca7a8","processGroupId":"a9eb5347-9116-418a-b369-ca6d3adc94d1","processorType":"org.apache.nifi.processors.attributes.UpdateAttribute","key":"invalidThresholdPercentage","value":"5","templateValue":"5","userEditable":true,"expressionProperties":null,"propertyDescriptor":{"name":"invalidThresholdPercentage","displayName":"invalidThresholdPercentage","description":"","defaultValue":null,"allowableValues":null,"required":false,"sensitive":false,"dynamic":true,"supportsEl":true,"identifiesControllerService":null},"renderType":"number","selected":true,"inputProperty":false,"templateProperty":null,"nameKey":"NiFi Flow-UpdateAttribute-invalidThresholdPercentage","idKey":"a9eb5347-9116-418a-b369-ca6d3adc94d1-fda33577-bc43-4071-9632-d1403efca7a8-invalidThresholdPercentage"}],"id":"8b9e7bce-0d14-438c-bd08-ccfb431403ef","nifiTemplateId":"b57f5d85-6695-4451-9f78-803e4212da81","templateName":"Data Confidence Invalid Records","updateDate":1463425947000,"createDate":1463425947000,"icon":"highlight","iconColor":"#66BB6A","description":"Data Confidence Check - Invalid record count percentage","defineTable":false,"reusableTemplate":false,"reusableTemplateConnections":[],"allowPreconditions":false,"dataTransformation":false}