{"properties":[{"processGroupName":"NiFi Flow","processorName":"UpdateAttribute","processorId":"20969ba0-f802-4a93-bb3a-d3492736b68b","processGroupId":"95243ecd-edfd-4e3a-9f67-85316dfe1436","processorType":"org.apache.nifi.processors.attributes.UpdateAttribute","key":"category","value":"SystemCategoryName","templateValue":"SystemCategoryName","userEditable":true,"expressionProperties":null,"propertyDescriptor":{"name":"category","displayName":"category","description":"","defaultValue":null,"allowableValues":null,"required":false,"sensitive":false,"dynamic":true,"supportsEl":true,"identifiesControllerService":null},"renderType":"text","selected":true,"inputProperty":false,"templateProperty":null,"nameKey":"NiFi Flow-UpdateAttribute-category","idKey":"95243ecd-edfd-4e3a-9f67-85316dfe1436-20969ba0-f802-4a93-bb3a-d3492736b68b-category"},{"processGroupName":"NiFi Flow","processorName":"UpdateAttribute","processorId":"20969ba0-f802-4a93-bb3a-d3492736b68b","processGroupId":"95243ecd-edfd-4e3a-9f67-85316dfe1436","processorType":"org.apache.nifi.processors.attributes.UpdateAttribute","key":"feed","value":"SystemFeedName","templateValue":"SystemFeedName","userEditable":true,"expressionProperties":null,"propertyDescriptor":{"name":"feed","displayName":"feed","description":"","defaultValue":null,"allowableValues":null,"required":false,"sensitive":false,"dynamic":true,"supportsEl":true,"identifiesControllerService":null},"renderType":"text","selected":true,"inputProperty":false,"templateProperty":null,"nameKey":"NiFi Flow-UpdateAttribute-feed","idKey":"95243ecd-edfd-4e3a-9f67-85316dfe1436-20969ba0-f802-4a93-bb3a-d3492736b68b-feed"},{"processGroupName":"NiFi Flow","processorName":"UpdateAttribute","processorId":"20969ba0-f802-4a93-bb3a-d3492736b68b","processGroupId":"95243ecd-edfd-4e3a-9f67-85316dfe1436","processorType":"org.apache.nifi.processors.attributes.UpdateAttribute","key":"invalidThresholdPercentage","value":"5","templateValue":"5","userEditable":true,"expressionProperties":null,"propertyDescriptor":{"name":"invalidThresholdPercentage","displayName":"invalidThresholdPercentage","description":"","defaultValue":null,"allowableValues":null,"required":false,"sensitive":false,"dynamic":true,"supportsEl":true,"identifiesControllerService":null},"renderType":"number","selected":true,"inputProperty":false,"templateProperty":null,"nameKey":"NiFi Flow-UpdateAttribute-invalidThresholdPercentage","idKey":"95243ecd-edfd-4e3a-9f67-85316dfe1436-20969ba0-f802-4a93-bb3a-d3492736b68b-invalidThresholdPercentage"}],"id":"0774d6b3-96ae-4a02-8a24-ad011e6d3020","nifiTemplateId":"dc6e7e27-a9d6-4d90-a05e-33b5ea13a0af","templateName":"Data Confidence Invalid Records","updateDate":1467208227525,"createDate":1466548826018,"icon":"highlight","iconColor":"#66BB6A","description":"Data Confidence Check - Invalid record count percentage","defineTable":false,"reusableTemplate":false,"reusableTemplateConnections":[],"allowPreconditions":false,"dataTransformation":false}